  0
SECTION
  2
HEADER
  9
$ACADVER
  1
AC1018
  9
$HANDSEED
  5
FFFFFFFF
  9
$ANGBASE
  50
0.0
  9
$ANGDIR
  70
1
  9
$MEASUREMENT
  70
1
  9
$INSUNITS
  70
4
  0
ENDSEC
  0
SECTION
  2
TABLES
  0
TABLE
  2
APPID
  5
1
330
0
100
AcDbSymbolTable
 70
1
  0
APPID
  5
2
330
1
100
AcDbSymbolTableRecord
100
AcDbRegAppTableRecord
  2
ACAD
 70
0
  0
ENDTAB
  0
TABLE
  2
LTYPE
  5
3
330
0
100
AcDbSymbolTable
 70
6
  0
LTYPE
  5
4
330
3
100
AcDbSymbolTableRecord
100
AcDbLinetypeTableRecord
  2
ByBlock
 70
0
  3

 72
65
 73
0
 40
0
  0
LTYPE
  5
5
330
3
100
AcDbSymbolTableRecord
100
AcDbLinetypeTableRecord
  2
ByLayer
 70
0
  3

 72
65
 73
0
 40
0
  0
LTYPE
  5
6
330
3
100
AcDbSymbolTableRecord
100
AcDbLinetypeTableRecord
  2
CONTINUOUS
 70
0
  3
Solid line
 72
65
 73
0
 40
0
  0
LTYPE
  5
7
330
3
100
AcDbSymbolTableRecord
100
AcDbLinetypeTableRecord
  2
DASHDOT
 70
0
  3
Dash Dot ____ _ ____ _
 72
65
 73
4
 40
2
 49
1.25
 74
0
 49
-0.25
 74
0
 49
0.25
 74
0
 49
-0.25
 74
0
  0
LTYPE
  5
8
330
3
100
AcDbSymbolTableRecord
100
AcDbLinetypeTableRecord
  2
DASHED
 70
0
  3
Dashed __ __ __ __ __
 72
65
 73
2
 40
0.75
 49
0.5
 74
0
 49
-0.25
 74
0
  0
LTYPE
  5
9
330
3
100
AcDbSymbolTableRecord
100
AcDbLinetypeTableRecord
  2
DOTTED
 70
0
  3
Dotted .  .  .  .
 72
65
 73
2
 40
0.2
 49
0.0
 74
0
 49
-0.2
 74
0
  0
ENDTAB
  0
TABLE
  2
STYLE
  5
A
330
0
100
AcDbSymbolTable
 70
4
  0
STYLE
  5
B
330
A
100
AcDbSymbolTableRecord
100
AcDbTextStyleTableRecord
  2
KICAD
 70
0
 40
0
 41
1
 42
1
 50
0
 71
0
  3
isocp.shx
  0
STYLE
  5
C
330
A
100
AcDbSymbolTableRecord
100
AcDbTextStyleTableRecord
  2
KICADB
 70
0
 40
0
 41
1
 42
1
 50
0
 71
0
  3
isocp.shx
  0
STYLE
  5
D
330
A
100
AcDbSymbolTableRecord
100
AcDbTextStyleTableRecord
  2
KICADI
 70
0
 40
0
 41
1
 42
1
 50
15
 71
0
  3
isocp.shx
  0
STYLE
  5
E
330
A
100
AcDbSymbolTableRecord
100
AcDbTextStyleTableRecord
  2
KICADBI
 70
0
 40
0
 41
1
 42
1
 50
15
 71
0
  3
isocp.shx
  0
ENDTAB
  0
TABLE
  2
LAYER
  5
F
330
0
100
AcDbSymbolTable
 70
10
  0
LAYER
  5
12
330
F
100
AcDbSymbolTableRecord
100
AcDbLayerTableRecord
  2
0
 70
0
 62
7
  6
CONTINUOUS
390
10
  0
LAYER
  5
13
330
F
100
AcDbSymbolTableRecord
100
AcDbLayerTableRecord
  2
F.Cu
 70
0
 62
13
420
13120564
  6
CONTINUOUS
390
10
  0
LAYER
  5
14
330
F
100
AcDbSymbolTableRecord
100
AcDbLayerTableRecord
  2
B.Cu
 70
0
 62
153
420
5078980
  6
CONTINUOUS
390
10
  0
LAYER
  5
15
330
F
100
AcDbSymbolTableRecord
100
AcDbLayerTableRecord
  2
F.Paste
 70
0
 62
253
420
11837594
  6
CONTINUOUS
390
10
  0
LAYER
  5
16
330
F
100
AcDbSymbolTableRecord
100
AcDbLayerTableRecord
  2
B.Paste
 70
0
 62
132
420
49858
  6
CONTINUOUS
390
10
  0
LAYER
  5
17
330
F
100
AcDbSymbolTableRecord
100
AcDbLayerTableRecord
  2
F.Silkscreen
 70
0
 62
41
420
15920545
  6
CONTINUOUS
390
10
  0
LAYER
  5
18
330
F
100
AcDbSymbolTableRecord
100
AcDbLayerTableRecord
  2
B.Silkscreen
 70
0
 62
31
420
15250087
  6
CONTINUOUS
390
10
  0
LAYER
  5
19
330
F
100
AcDbSymbolTableRecord
100
AcDbLayerTableRecord
  2
F.Mask
 70
0
 62
201
420
14181631
  6
CONTINUOUS
390
10
  0
LAYER
  5
1A
330
F
100
AcDbSymbolTableRecord
100
AcDbLayerTableRecord
  2
B.Mask
 70
0
 62
4
420
196590
  6
CONTINUOUS
390
10
  0
LAYER
  5
1B
330
F
100
AcDbSymbolTableRecord
100
AcDbLayerTableRecord
  2
Edge.Cuts
 70
0
 62
254
420
13685453
  6
CONTINUOUS
390
10
  0
ENDTAB
  0
TABLE
  2
VPORT
  5
1C
330
0
100
AcDbSymbolTable
 70
0
  0
ENDTAB
  0
TABLE
  2
VIEW
  5
1D
330
0
100
AcDbSymbolTable
 70
0
  0
ENDTAB
  0
TABLE
  2
UCS
  5
1E
330
0
100
AcDbSymbolTable
 70
0
  0
ENDTAB
  0
TABLE
  2
DIMSTYLE
  5
1F
330
0
100
AcDbSymbolTable
 70
1
100
AcDbDimStyleTable
 71
0
  0
DIMSTYLE
105
20
330
1F
100
AcDbSymbolTableRecord
100
AcDbDimStyleTableRecord
  2
Standard
 70
0
  0
ENDTAB
  0
TABLE
  2
BLOCK_RECORD
  5
21
330
0
100
AcDbSymbolTable
 70
3
  0
BLOCK_RECORD
  5
22
330
21
100
AcDbSymbolTableRecord
100
AcDbBlockTableRecord
  2
*Model_Space
340
25
 70
0
280
1
281
0
  0
BLOCK_RECORD
  5
23
330
21
100
AcDbSymbolTableRecord
100
AcDbBlockTableRecord
  2
*Paper_Space
340
26
 70
0
280
1
281
0
  0
BLOCK_RECORD
  5
24
330
21
100
AcDbSymbolTableRecord
100
AcDbBlockTableRecord
  2
*Paper_Space0
340
27
 70
0
280
1
281
0
  0
ENDTAB
  0
ENDSEC
  0
SECTION
  2
BLOCKS
  0
BLOCK
  5
2B
330
22
100
AcDbEntity
  8
0
100
AcDbBlockBegin
  2
*Model_Space
 70
0
 10
0.0
 20
0.0
 30
0.0
  3
*Model_Space
  1

  0
ENDBLK
  5
2A
330
22
100
AcDbEntity
  8
0
100
AcDbBlockEnd
  0
BLOCK
  5
2D
330
23
100
AcDbEntity
 67
1
  8
0
100
AcDbBlockBegin
  2
*Paper_Space
 70
0
 10
0.0
 20
0.0
 30
0.0
  3
*Paper_Space
  1

  0
ENDBLK
  5
2C
330
23
100
AcDbEntity
 67
1
  8
0
100
AcDbBlockEnd
  0
BLOCK
  5
2F
330
24
100
AcDbEntity
 67
1
  8
0
100
AcDbBlockBegin
  2
*Paper_Space0
 70
0
 10
0.0
 20
0.0
 30
0.0
  3
*Paper_Space0
  1

  0
ENDBLK
  5
2E
330
24
100
AcDbEntity
 67
1
  8
0
100
AcDbBlockEnd
  0
ENDSEC
  0
SECTION
  2
ENTITIES
  0
LINE
  5
30
330
22
100
AcDbEntity
  8
F.Silkscreen
  6
CONTINUOUS
100
AcDbLine
 10
136.8695989999999938
 20
-72.0375449999999944
 30
0
 11
136.8734660000000076
 21
-72.0569849999999974
 31
0
  0
LINE
  5
31
330
22
100
AcDbEntity
  8
F.Silkscreen
  6
CONTINUOUS
100
AcDbLine
 10
136.8734660000000076
 20
-72.0569849999999974
 30
0
 11
136.8734660000000076
 21
-72.7646579999999972
 31
0
  0
LINE
  5
32
330
22
100
AcDbEntity
  8
F.Silkscreen
  6
CONTINUOUS
100
AcDbLine
 10
136.8734660000000076
 20
-72.7646579999999972
 30
0
 11
136.9067499999999882
 21
-72.8312269999999984
 31
0
  0
LINE
  5
33
330
22
100
AcDbEntity
  8
F.Silkscreen
  6
CONTINUOUS
100
AcDbLine
 10
136.9067499999999882
 20
-72.8312269999999984
 30
0
 11
136.9374249999999904
 21
-72.8619020000000006
 31
0
  0
LINE
  5
34
330
22
100
AcDbEntity
  8
F.Silkscreen
  6
CONTINUOUS
100
AcDbLine
 10
136.9374249999999904
 20
-72.8619020000000006
 30
0
 11
137.0039919999999825
 21
-72.8951849999999979
 31
0
  0
LINE
  5
35
330
22
100
AcDbEntity
  8
F.Silkscreen
  6
CONTINUOUS
100
AcDbLine
 10
137.0039919999999825
 20
-72.8951849999999979
 30
0
 11
137.1493409999999926
 21
-72.8951849999999979
 31
0
  0
LINE
  5
36
330
22
100
AcDbEntity
  8
F.Silkscreen
  6
CONTINUOUS
100
AcDbLine
 10
137.1493409999999926
 20
-72.8951849999999979
 30
0
 11
137.2159079999999847
 21
-72.8619010000000031
 31
0
  0
LINE
  5
37
330
22
100
AcDbEntity
  8
F.Silkscreen
  6
CONTINUOUS
100
AcDbLine
 10
137.2159079999999847
 20
-72.8619010000000031
 30
0
 11
137.2465819999999894
 21
-72.8312260000000009
 31
0
  0
LINE
  5
38
330
22
100
AcDbEntity
  8
F.Silkscreen
  6
CONTINUOUS
100
AcDbLine
 10
137.2465819999999894
 20
-72.8312260000000009
 30
0
 11
137.2798659999999984
 21
-72.7646599999999921
 31
0
  0
LINE
  5
39
330
22
100
AcDbEntity
  8
F.Silkscreen
  6
CONTINUOUS
100
AcDbLine
 10
137.2798659999999984
 20
-72.7646599999999921
 30
0
 11
137.2798659999999984
 21
-72.0569849999999974
 31
0
  0
LINE
  5
3A
330
22
100
AcDbEntity
  8
F.Silkscreen
  6
CONTINUOUS
100
AcDbLine
 10
137.2798659999999984
 20
-72.0569849999999974
 30
0
 11
137.2837329999999838
 21
-72.0375449999999944
 31
0
  0
LINE
  5
3B
330
22
100
AcDbEntity
  8
F.Silkscreen
  6
CONTINUOUS
100
AcDbLine
 10
137.2837329999999838
 20
-72.0375449999999944
 30
0
 11
137.3112260000000049
 21
-72.0100520000000017
 31
0
  0
LINE
  5
3C
330
22
100
AcDbEntity
  8
F.Silkscreen
  6
CONTINUOUS
100
AcDbLine
 10
137.3112260000000049
 20
-72.0100520000000017
 30
0
 11
137.3501059999999825
 21
-72.0100520000000017
 31
0
  0
LINE
  5
3D
330
22
100
AcDbEntity
  8
F.Silkscreen
  6
CONTINUOUS
100
AcDbLine
 10
137.3501059999999825
 20
-72.0100520000000017
 30
0
 11
137.3775990000000036
 21
-72.0375449999999944
 31
0
  0
LINE
  5
3E
330
22
100
AcDbEntity
  8
F.Silkscreen
  6
CONTINUOUS
100
AcDbLine
 10
137.3775990000000036
 20
-72.0375449999999944
 30
0
 11
137.381465999999989
 21
-72.0569849999999974
 31
0
  0
LINE
  5
3F
330
22
100
AcDbEntity
  8
F.Silkscreen
  6
CONTINUOUS
100
AcDbLine
 10
137.381465999999989
 20
-72.0569849999999974
 30
0
 11
137.381465999999989
 21
-72.7766519999999986
 31
0
  0
LINE
  5
40
330
22
100
AcDbEntity
  8
F.Silkscreen
  6
CONTINUOUS
100
AcDbLine
 10
137.381465999999989
 20
-72.7766519999999986
 30
0
 11
137.3809689999999932
 21
-72.7791479999999922
 31
0
  0
LINE
  5
41
330
22
100
AcDbEntity
  8
F.Silkscreen
  6
CONTINUOUS
100
AcDbLine
 10
137.3809689999999932
 20
-72.7791479999999922
 30
0
 11
137.3813379999999995
 21
-72.7802539999999993
 31
0
  0
LINE
  5
42
330
22
100
AcDbEntity
  8
F.Silkscreen
  6
CONTINUOUS
100
AcDbLine
 10
137.3813379999999995
 20
-72.7802539999999993
 30
0
 11
137.3791860000000042
 21
-72.7881089999999915
 31
0
  0
LINE
  5
43
330
22
100
AcDbEntity
  8
F.Silkscreen
  6
CONTINUOUS
100
AcDbLine
 10
137.3791860000000042
 20
-72.7881089999999915
 30
0
 11
137.3775990000000036
 21
-72.7960920000000016
 31
0
  0
LINE
  5
44
330
22
100
AcDbEntity
  8
F.Silkscreen
  6
CONTINUOUS
100
AcDbLine
 10
137.3775990000000036
 20
-72.7960920000000016
 30
0
 11
137.3767749999999808
 21
-72.7969149999999985
 31
0
  0
LINE
  5
45
330
22
100
AcDbEntity
  8
F.Silkscreen
  6
CONTINUOUS
100
AcDbLine
 10
137.3767749999999808
 20
-72.7969149999999985
 30
0
 11
137.3761030000000005
 21
-72.7993709999999936
 31
0
  0
LINE
  5
46
330
22
100
AcDbEntity
  8
F.Silkscreen
  6
CONTINUOUS
100
AcDbLine
 10
137.3761030000000005
 20
-72.7993709999999936
 30
0
 11
137.333769999999987
 21
-72.8840359999999947
 31
0
  0
LINE
  5
47
330
22
100
AcDbEntity
  8
F.Silkscreen
  6
CONTINUOUS
100
AcDbLine
 10
137.333769999999987
 20
-72.8840359999999947
 30
0
 11
137.3287789999999973
 21
-72.8904649999999918
 31
0
  0
LINE
  5
48
330
22
100
AcDbEntity
  8
F.Silkscreen
  6
CONTINUOUS
100
AcDbLine
 10
137.3287789999999973
 20
-72.8904649999999918
 30
0
 11
137.3242549999999937
 21
-72.8972380000000015
 31
0
  0
LINE
  5
49
330
22
100
AcDbEntity
  8
F.Silkscreen
  6
CONTINUOUS
100
AcDbLine
 10
137.3242549999999937
 20
-72.8972380000000015
 30
0
 11
137.2819209999999828
 21
-72.9395729999999958
 31
0
  0
LINE
  5
4A
330
22
100
AcDbEntity
  8
F.Silkscreen
  6
CONTINUOUS
100
AcDbLine
 10
137.2819209999999828
 20
-72.9395729999999958
 30
0
 11
137.2751480000000015
 21
-72.9440979999999968
 31
0
  0
LINE
  5
4B
330
22
100
AcDbEntity
  8
F.Silkscreen
  6
CONTINUOUS
100
AcDbLine
 10
137.2751480000000015
 20
-72.9440979999999968
 30
0
 11
137.2687180000000069
 21
-72.9490890000000007
 31
0
  0
LINE
  5
4C
330
22
100
AcDbEntity
  8
F.Silkscreen
  6
CONTINUOUS
100
AcDbLine
 10
137.2687180000000069
 20
-72.9490890000000007
 30
0
 11
137.1840509999999824
 21
-72.991422
 31
0
  0
LINE
  5
4D
330
22
100
AcDbEntity
  8
F.Silkscreen
  6
CONTINUOUS
100
AcDbLine
 10
137.1840509999999824
 20
-72.991422
 30
0
 11
137.1815959999999848
 21
-72.9920939999999945
 31
0
  0
LINE
  5
4E
330
22
100
AcDbEntity
  8
F.Silkscreen
  6
CONTINUOUS
100
AcDbLine
 10
137.1815959999999848
 20
-72.9920939999999945
 30
0
 11
137.1807729999999879
 21
-72.9929180000000031
 31
0
  0
LINE
  5
4F
330
22
100
AcDbEntity
  8
F.Silkscreen
  6
CONTINUOUS
100
AcDbLine
 10
137.1807729999999879
 20
-72.9929180000000031
 30
0
 11
137.1727860000000021
 21
-72.9945060000000012
 31
0
  0
LINE
  5
50
330
22
100
AcDbEntity
  8
F.Silkscreen
  6
CONTINUOUS
100
AcDbLine
 10
137.1727860000000021
 20
-72.9945060000000012
 30
0
 11
137.1649339999999881
 21
-72.996656999999999
 31
0
  0
LINE
  5
51
330
22
100
AcDbEntity
  8
F.Silkscreen
  6
CONTINUOUS
100
AcDbLine
 10
137.1649339999999881
 20
-72.996656999999999
 30
0
 11
137.1638279999999952
 21
-72.9962879999999927
 31
0
  0
LINE
  5
52
330
22
100
AcDbEntity
  8
F.Silkscreen
  6
CONTINUOUS
100
AcDbLine
 10
137.1638279999999952
 20
-72.9962879999999927
 30
0
 11
137.1613329999999848
 21
-72.9967850000000027
 31
0
  0
LINE
  5
53
330
22
100
AcDbEntity
  8
F.Silkscreen
  6
CONTINUOUS
100
AcDbLine
 10
137.1613329999999848
 20
-72.9967850000000027
 30
0
 11
136.9919999999999902
 21
-72.9967850000000027
 31
0
  0
LINE
  5
54
330
22
100
AcDbEntity
  8
F.Silkscreen
  6
CONTINUOUS
100
AcDbLine
 10
136.9919999999999902
 20
-72.9967850000000027
 30
0
 11
136.9895039999999824
 21
-72.9962879999999927
 31
0
  0
LINE
  5
55
330
22
100
AcDbEntity
  8
F.Silkscreen
  6
CONTINUOUS
100
AcDbLine
 10
136.9895039999999824
 20
-72.9962879999999927
 30
0
 11
136.9883989999999869
 21
-72.996656999999999
 31
0
  0
LINE
  5
56
330
22
100
AcDbEntity
  8
F.Silkscreen
  6
CONTINUOUS
100
AcDbLine
 10
136.9883989999999869
 20
-72.996656999999999
 30
0
 11
136.9805450000000064
 21
-72.9945060000000012
 31
0
  0
LINE
  5
57
330
22
100
AcDbEntity
  8
F.Silkscreen
  6
CONTINUOUS
100
AcDbLine
 10
136.9805450000000064
 20
-72.9945060000000012
 30
0
 11
136.9725599999999872
 21
-72.9929180000000031
 31
0
  0
LINE
  5
58
330
22
100
AcDbEntity
  8
F.Silkscreen
  6
CONTINUOUS
100
AcDbLine
 10
136.9725599999999872
 20
-72.9929180000000031
 30
0
 11
136.9717359999999928
 21
-72.9920939999999945
 31
0
  0
LINE
  5
59
330
22
100
AcDbEntity
  8
F.Silkscreen
  6
CONTINUOUS
100
AcDbLine
 10
136.9717359999999928
 20
-72.9920939999999945
 30
0
 11
136.9692809999999952
 21
-72.991422
 31
0
  0
LINE
  5
5A
330
22
100
AcDbEntity
  8
F.Silkscreen
  6
CONTINUOUS
100
AcDbLine
 10
136.9692809999999952
 20
-72.991422
 30
0
 11
136.8846149999999966
 21
-72.9490890000000007
 31
0
  0
LINE
  5
5B
330
22
100
AcDbEntity
  8
F.Silkscreen
  6
CONTINUOUS
100
AcDbLine
 10
136.8846149999999966
 20
-72.9490890000000007
 30
0
 11
136.8781819999999811
 21
-72.9440960000000018
 31
0
  0
LINE
  5
5C
330
22
100
AcDbEntity
  8
F.Silkscreen
  6
CONTINUOUS
100
AcDbLine
 10
136.8781819999999811
 20
-72.9440960000000018
 30
0
 11
136.8714119999999923
 21
-72.9395729999999958
 31
0
  0
LINE
  5
5D
330
22
100
AcDbEntity
  8
F.Silkscreen
  6
CONTINUOUS
100
AcDbLine
 10
136.8714119999999923
 20
-72.9395729999999958
 30
0
 11
136.8290790000000072
 21
-72.897238999999999
 31
0
  0
LINE
  5
5E
330
22
100
AcDbEntity
  8
F.Silkscreen
  6
CONTINUOUS
100
AcDbLine
 10
136.8290790000000072
 20
-72.897238999999999
 30
0
 11
136.8245569999999987
 21
-72.8904709999999909
 31
0
  0
LINE
  5
5F
330
22
100
AcDbEntity
  8
F.Silkscreen
  6
CONTINUOUS
100
AcDbLine
 10
136.8245569999999987
 20
-72.8904709999999909
 30
0
 11
136.8195629999999881
 21
-72.8840369999999922
 31
0
  0
LINE
  5
60
330
22
100
AcDbEntity
  8
F.Silkscreen
  6
CONTINUOUS
100
AcDbLine
 10
136.8195629999999881
 20
-72.8840369999999922
 30
0
 11
136.7772290000000055
 21
-72.7993709999999936
 31
0
  0
LINE
  5
61
330
22
100
AcDbEntity
  8
F.Silkscreen
  6
CONTINUOUS
100
AcDbLine
 10
136.7772290000000055
 20
-72.7993709999999936
 30
0
 11
136.7765559999999994
 21
-72.7969149999999985
 31
0
  0
LINE
  5
62
330
22
100
AcDbEntity
  8
F.Silkscreen
  6
CONTINUOUS
100
AcDbLine
 10
136.7765559999999994
 20
-72.7969149999999985
 30
0
 11
136.7757330000000024
 21
-72.7960920000000016
 31
0
  0
LINE
  5
63
330
22
100
AcDbEntity
  8
F.Silkscreen
  6
CONTINUOUS
100
AcDbLine
 10
136.7757330000000024
 20
-72.7960920000000016
 30
0
 11
136.7741450000000043
 21
-72.7881089999999915
 31
0
  0
LINE
  5
64
330
22
100
AcDbEntity
  8
F.Silkscreen
  6
CONTINUOUS
100
AcDbLine
 10
136.7741450000000043
 20
-72.7881089999999915
 30
0
 11
136.7719940000000065
 21
-72.7802539999999993
 31
0
  0
LINE
  5
65
330
22
100
AcDbEntity
  8
F.Silkscreen
  6
CONTINUOUS
100
AcDbLine
 10
136.7719940000000065
 20
-72.7802539999999993
 30
0
 11
136.7723619999999869
 21
-72.7791479999999922
 31
0
  0
LINE
  5
66
330
22
100
AcDbEntity
  8
F.Silkscreen
  6
CONTINUOUS
100
AcDbLine
 10
136.7723619999999869
 20
-72.7791479999999922
 30
0
 11
136.7718659999999886
 21
-72.7766519999999986
 31
0
  0
LINE
  5
67
330
22
100
AcDbEntity
  8
F.Silkscreen
  6
CONTINUOUS
100
AcDbLine
 10
136.7718659999999886
 20
-72.7766519999999986
 30
0
 11
136.7718659999999886
 21
-72.0569849999999974
 31
0
  0
LINE
  5
68
330
22
100
AcDbEntity
  8
F.Silkscreen
  6
CONTINUOUS
100
AcDbLine
 10
136.7718659999999886
 20
-72.0569849999999974
 30
0
 11
136.7757330000000024
 21
-72.0375449999999944
 31
0
  0
LINE
  5
69
330
22
100
AcDbEntity
  8
F.Silkscreen
  6
CONTINUOUS
100
AcDbLine
 10
136.7757330000000024
 20
-72.0375449999999944
 30
0
 11
136.8032259999999951
 21
-72.0100520000000017
 31
0
  0
LINE
  5
6A
330
22
100
AcDbEntity
  8
F.Silkscreen
  6
CONTINUOUS
100
AcDbLine
 10
136.8032259999999951
 20
-72.0100520000000017
 30
0
 11
136.8421060000000011
 21
-72.0100520000000017
 31
0
  0
LINE
  5
6B
330
22
100
AcDbEntity
  8
F.Silkscreen
  6
CONTINUOUS
100
AcDbLine
 10
136.8421060000000011
 20
-72.0100520000000017
 30
0
 11
136.8695989999999938
 21
-72.0375449999999944
 31
0
  0
LINE
  5
6C
330
22
100
AcDbEntity
  8
F.Silkscreen
  6
CONTINUOUS
100
AcDbLine
 10
137.9798759999999902
 20
-72.0100520000000017
 30
0
 11
137.9851060000000018
 21
-72.0100520000000017
 31
0
  0
LINE
  5
6D
330
22
100
AcDbEntity
  8
F.Silkscreen
  6
CONTINUOUS
100
AcDbLine
 10
137.9851060000000018
 20
-72.0100520000000017
 30
0
 11
137.9955649999999991
 21
-72.0205109999999991
 31
0
  0
LINE
  5
6E
330
22
100
AcDbEntity
  8
F.Silkscreen
  6
CONTINUOUS
100
AcDbLine
 10
137.9955649999999991
 20
-72.0205109999999991
 30
0
 11
138.0078749999999843
 21
-72.0287179999999978
 31
0
  0
LINE
  5
6F
330
22
100
AcDbEntity
  8
F.Silkscreen
  6
CONTINUOUS
100
AcDbLine
 10
138.0078749999999843
 20
-72.0287179999999978
 30
0
 11
138.0088999999999828
 21
-72.0338459999999969
 31
0
  0
LINE
  5
70
330
22
100
AcDbEntity
  8
F.Silkscreen
  6
CONTINUOUS
100
AcDbLine
 10
138.0088999999999828
 20
-72.0338459999999969
 30
0
 11
138.0125989999999945
 21
-72.0375449999999944
 31
0
  0
LINE
  5
71
330
22
100
AcDbEntity
  8
F.Silkscreen
  6
CONTINUOUS
100
AcDbLine
 10
138.0125989999999945
 20
-72.0375449999999944
 30
0
 11
138.0164659999999799
 21
-72.0569849999999974
 31
0
  0
LINE
  5
72
330
22
100
AcDbEntity
  8
F.Silkscreen
  6
CONTINUOUS
100
AcDbLine
 10
138.0164659999999799
 20
-72.0569849999999974
 30
0
 11
138.0164659999999799
 21
-72.8951849999999979
 31
0
  0
LINE
  5
73
330
22
100
AcDbEntity
  8
F.Silkscreen
  6
CONTINUOUS
100
AcDbLine
 10
138.0164659999999799
 20
-72.8951849999999979
 30
0
 11
138.2196659999999895
 21
-72.8951849999999979
 31
0
  0
LINE
  5
74
330
22
100
AcDbEntity
  8
F.Silkscreen
  6
CONTINUOUS
100
AcDbLine
 10
138.2196659999999895
 20
-72.8951849999999979
 30
0
 11
138.2391059999999925
 21
-72.8990519999999975
 31
0
  0
LINE
  5
75
330
22
100
AcDbEntity
  8
F.Silkscreen
  6
CONTINUOUS
100
AcDbLine
 10
138.2391059999999925
 20
-72.8990519999999975
 30
0
 11
138.2665989999999852
 21
-72.9265449999999902
 31
0
  0
LINE
  5
76
330
22
100
AcDbEntity
  8
F.Silkscreen
  6
CONTINUOUS
100
AcDbLine
 10
138.2665989999999852
 20
-72.9265449999999902
 30
0
 11
138.2665989999999852
 21
-72.9654249999999962
 31
0
  0
LINE
  5
77
330
22
100
AcDbEntity
  8
F.Silkscreen
  6
CONTINUOUS
100
AcDbLine
 10
138.2665989999999852
 20
-72.9654249999999962
 30
0
 11
138.2391059999999925
 21
-72.9929180000000031
 31
0
  0
LINE
  5
78
330
22
100
AcDbEntity
  8
F.Silkscreen
  6
CONTINUOUS
100
AcDbLine
 10
138.2391059999999925
 20
-72.9929180000000031
 30
0
 11
138.2196659999999895
 21
-72.9967850000000027
 31
0
  0
LINE
  5
79
330
22
100
AcDbEntity
  8
F.Silkscreen
  6
CONTINUOUS
100
AcDbLine
 10
138.2196659999999895
 20
-72.9967850000000027
 30
0
 11
137.7116659999999797
 21
-72.9967850000000027
 31
0
  0
LINE
  5
7A
330
22
100
AcDbEntity
  8
F.Silkscreen
  6
CONTINUOUS
100
AcDbLine
 10
137.7116659999999797
 20
-72.9967850000000027
 30
0
 11
137.6922260000000051
 21
-72.9929180000000031
 31
0
  0
LINE
  5
7B
330
22
100
AcDbEntity
  8
F.Silkscreen
  6
CONTINUOUS
100
AcDbLine
 10
137.6922260000000051
 20
-72.9929180000000031
 30
0
 11
137.664732999999984
 21
-72.9654249999999962
 31
0
  0
LINE
  5
7C
330
22
100
AcDbEntity
  8
F.Silkscreen
  6
CONTINUOUS
100
AcDbLine
 10
137.664732999999984
 20
-72.9654249999999962
 30
0
 11
137.664732999999984
 21
-72.9265449999999902
 31
0
  0
LINE
  5
7D
330
22
100
AcDbEntity
  8
F.Silkscreen
  6
CONTINUOUS
100
AcDbLine
 10
137.664732999999984
 20
-72.9265449999999902
 30
0
 11
137.6922260000000051
 21
-72.8990519999999975
 31
0
  0
LINE
  5
7E
330
22
100
AcDbEntity
  8
F.Silkscreen
  6
CONTINUOUS
100
AcDbLine
 10
137.6922260000000051
 20
-72.8990519999999975
 30
0
 11
137.7116659999999797
 21
-72.8951849999999979
 31
0
  0
LINE
  5
7F
330
22
100
AcDbEntity
  8
F.Silkscreen
  6
CONTINUOUS
100
AcDbLine
 10
137.7116659999999797
 20
-72.8951849999999979
 30
0
 11
137.9148659999999893
 21
-72.8951849999999979
 31
0
  0
LINE
  5
80
330
22
100
AcDbEntity
  8
F.Silkscreen
  6
CONTINUOUS
100
AcDbLine
 10
137.9148659999999893
 20
-72.8951849999999979
 30
0
 11
137.9148659999999893
 21
-72.2219599999999957
 31
0
  0
LINE
  5
81
330
22
100
AcDbEntity
  8
F.Silkscreen
  6
CONTINUOUS
100
AcDbLine
 10
137.9148659999999893
 20
-72.2219599999999957
 30
0
 11
137.832254000000006
 21
-72.3045729999999907
 31
0
  0
LINE
  5
82
330
22
100
AcDbEntity
  8
F.Silkscreen
  6
CONTINUOUS
100
AcDbLine
 10
137.832254000000006
 20
-72.3045729999999907
 30
0
 11
137.8254809999999964
 21
-72.3090979999999917
 31
0
  0
LINE
  5
83
330
22
100
AcDbEntity
  8
F.Silkscreen
  6
CONTINUOUS
100
AcDbLine
 10
137.8254809999999964
 20
-72.3090979999999917
 30
0
 11
137.8190510000000017
 21
-72.3140889999999956
 31
0
  0
LINE
  5
84
330
22
100
AcDbEntity
  8
F.Silkscreen
  6
CONTINUOUS
100
AcDbLine
 10
137.8190510000000017
 20
-72.3140889999999956
 30
0
 11
137.7343840000000057
 21
-72.3564219999999949
 31
0
  0
LINE
  5
85
330
22
100
AcDbEntity
  8
F.Silkscreen
  6
CONTINUOUS
100
AcDbLine
 10
137.7343840000000057
 20
-72.3564219999999949
 30
0
 11
137.715266999999983
 21
-72.3616569999999939
 31
0
  0
LINE
  5
86
330
22
100
AcDbEntity
  8
F.Silkscreen
  6
CONTINUOUS
100
AcDbLine
 10
137.715266999999983
 20
-72.3616569999999939
 30
0
 11
137.6783810000000017
 21
-72.3493619999999993
 31
0
  0
LINE
  5
87
330
22
100
AcDbEntity
  8
F.Silkscreen
  6
CONTINUOUS
100
AcDbLine
 10
137.6783810000000017
 20
-72.3493619999999993
 30
0
 11
137.6609939999999881
 21
-72.3145859999999914
 31
0
  0
LINE
  5
88
330
22
100
AcDbEntity
  8
F.Silkscreen
  6
CONTINUOUS
100
AcDbLine
 10
137.6609939999999881
 20
-72.3145859999999914
 30
0
 11
137.6732889999999827
 21
-72.2776999999999958
 31
0
  0
LINE
  5
89
330
22
100
AcDbEntity
  8
F.Silkscreen
  6
CONTINUOUS
100
AcDbLine
 10
137.6732889999999827
 20
-72.2776999999999958
 30
0
 11
137.6889479999999821
 21
-72.2655479999999955
 31
0
  0
LINE
  5
8A
330
22
100
AcDbEntity
  8
F.Silkscreen
  6
CONTINUOUS
100
AcDbLine
 10
137.6889479999999821
 20
-72.2655479999999955
 30
0
 11
137.7662410000000079
 21
-72.226900999999998
 31
0
  0
LINE
  5
8B
330
22
100
AcDbEntity
  8
F.Silkscreen
  6
CONTINUOUS
100
AcDbLine
 10
137.7662410000000079
 20
-72.226900999999998
 30
0
 11
137.8415200000000027
 21
-72.1516209999999916
 31
0
  0
LINE
  5
8C
330
22
100
AcDbEntity
  8
F.Silkscreen
  6
CONTINUOUS
100
AcDbLine
 10
137.8415200000000027
 20
-72.1516209999999916
 30
0
 11
137.9233979999999917
 21
-72.028806000000003
 31
0
  0
LINE
  5
8D
330
22
100
AcDbEntity
  8
F.Silkscreen
  6
CONTINUOUS
100
AcDbLine
 10
137.9233979999999917
 20
-72.028806000000003
 30
0
 11
137.9373989999999992
 21
-72.0147759999999977
 31
0
  0
LINE
  5
8E
330
22
100
AcDbEntity
  8
F.Silkscreen
  6
CONTINUOUS
100
AcDbLine
 10
137.9373989999999992
 20
-72.0147759999999977
 30
0
 11
137.9425269999999841
 21
-72.0137500000000017
 31
0
  0
LINE
  5
8F
330
22
100
AcDbEntity
  8
F.Silkscreen
  6
CONTINUOUS
100
AcDbLine
 10
137.9425269999999841
 20
-72.0137500000000017
 30
0
 11
137.9462259999999958
 21
-72.0100520000000017
 31
0
  0
LINE
  5
90
330
22
100
AcDbEntity
  8
F.Silkscreen
  6
CONTINUOUS
100
AcDbLine
 10
137.9462259999999958
 20
-72.0100520000000017
 30
0
 11
137.9610199999999907
 21
-72.0100520000000017
 31
0
  0
LINE
  5
91
330
22
100
AcDbEntity
  8
F.Silkscreen
  6
CONTINUOUS
100
AcDbLine
 10
137.9610199999999907
 20
-72.0100520000000017
 30
0
 11
137.9755250000000046
 21
-72.0071509999999932
 31
0
  0
LINE
  5
92
330
22
100
AcDbEntity
  8
F.Silkscreen
  6
CONTINUOUS
100
AcDbLine
 10
137.9755250000000046
 20
-72.0071509999999932
 30
0
 11
137.9798759999999902
 21
-72.0100520000000017
 31
0
  0
LINE
  5
93
330
22
100
AcDbEntity
  8
F.Silkscreen
  6
CONTINUOUS
100
AcDbLine
 10
136.6714859999999874
 20
-69.8854979999999983
 30
0
 11
136.6958349999999882
 21
-69.9017309999999981
 31
0
  0
LINE
  5
94
330
22
100
AcDbEntity
  8
F.Silkscreen
  6
CONTINUOUS
100
AcDbLine
 10
136.6958349999999882
 20
-69.9017309999999981
 30
0
 11
136.7121180000000038
 21
-69.9260459999999995
 31
0
  0
LINE
  5
95
330
22
100
AcDbEntity
  8
F.Silkscreen
  6
CONTINUOUS
100
AcDbLine
 10
136.7121180000000038
 20
-69.9260459999999995
 30
0
 11
136.7178569999999809
 21
-69.954740000000001
 31
0
  0
LINE
  5
96
330
22
100
AcDbEntity
  8
F.Silkscreen
  6
CONTINUOUS
100
AcDbLine
 10
136.7178569999999809
 20
-69.954740000000001
 30
0
 11
136.7121779999999944
 21
-69.9834479999999957
 31
0
  0
LINE
  5
97
330
22
100
AcDbEntity
  8
F.Silkscreen
  6
CONTINUOUS
100
AcDbLine
 10
136.7121779999999944
 20
-69.9834479999999957
 30
0
 11
136.7052610000000072
 21
-69.9964219999999955
 31
0
  0
LINE
  5
98
330
22
100
AcDbEntity
  8
F.Silkscreen
  6
CONTINUOUS
100
AcDbLine
 10
136.7052610000000072
 20
-69.9964219999999955
 30
0
 11
136.3996630000000039
 21
-70.4548190000000005
 31
0
  0
LINE
  5
99
330
22
100
AcDbEntity
  8
F.Silkscreen
  6
CONTINUOUS
100
AcDbLine
 10
136.3996630000000039
 20
-70.4548190000000005
 30
0
 11
136.7052610000000072
 21
-70.9132159999999914
 31
0
  0
LINE
  5
9A
330
22
100
AcDbEntity
  8
F.Silkscreen
  6
CONTINUOUS
100
AcDbLine
 10
136.7052610000000072
 20
-70.9132159999999914
 30
0
 11
136.7121779999999944
 21
-70.9261899999999912
 31
0
  0
LINE
  5
9B
330
22
100
AcDbEntity
  8
F.Silkscreen
  6
CONTINUOUS
100
AcDbLine
 10
136.7121779999999944
 20
-70.9261899999999912
 30
0
 11
136.7178569999999809
 21
-70.954898
 31
0
  0
LINE
  5
9C
330
22
100
AcDbEntity
  8
F.Silkscreen
  6
CONTINUOUS
100
AcDbLine
 10
136.7178569999999809
 20
-70.954898
 30
0
 11
136.7121180000000038
 21
-70.9835920000000016
 31
0
  0
LINE
  5
9D
330
22
100
AcDbEntity
  8
F.Silkscreen
  6
CONTINUOUS
100
AcDbLine
 10
136.7121180000000038
 20
-70.9835920000000016
 30
0
 11
136.6958349999999882
 21
-71.007907000000003
 31
0
  0
LINE
  5
9E
330
22
100
AcDbEntity
  8
F.Silkscreen
  6
CONTINUOUS
100
AcDbLine
 10
136.6958349999999882
 20
-71.007907000000003
 30
0
 11
136.6714859999999874
 21
-71.0241400000000027
 31
0
  0
LINE
  5
9F
330
22
100
AcDbEntity
  8
F.Silkscreen
  6
CONTINUOUS
100
AcDbLine
 10
136.6714859999999874
 20
-71.0241400000000027
 30
0
 11
136.6427779999999927
 21
-71.0298190000000034
 31
0
  0
LINE
  5
A0
330
22
100
AcDbEntity
  8
F.Silkscreen
  6
CONTINUOUS
100
AcDbLine
 10
136.6427779999999927
 20
-71.0298190000000034
 30
0
 11
136.6140839999999912
 21
-71.0240799999999979
 31
0
  0
LINE
  5
A1
330
22
100
AcDbEntity
  8
F.Silkscreen
  6
CONTINUOUS
100
AcDbLine
 10
136.6140839999999912
 20
-71.0240799999999979
 30
0
 11
136.5897689999999898
 21
-71.0077969999999965
 31
0
  0
LINE
  5
A2
330
22
100
AcDbEntity
  8
F.Silkscreen
  6
CONTINUOUS
100
AcDbLine
 10
136.5897689999999898
 20
-71.0077969999999965
 30
0
 11
136.5804530000000057
 21
-70.996420999999998
 31
0
  0
LINE
  5
A3
330
22
100
AcDbEntity
  8
F.Silkscreen
  6
CONTINUOUS
100
AcDbLine
 10
136.5804530000000057
 20
-70.996420999999998
 30
0
 11
136.3095239999999819
 21
-70.5900269999999921
 31
0
  0
LINE
  5
A4
330
22
100
AcDbEntity
  8
F.Silkscreen
  6
CONTINUOUS
100
AcDbLine
 10
136.3095239999999819
 20
-70.5900269999999921
 30
0
 11
136.0385949999999866
 21
-70.996420999999998
 31
0
  0
LINE
  5
A5
330
22
100
AcDbEntity
  8
F.Silkscreen
  6
CONTINUOUS
100
AcDbLine
 10
136.0385949999999866
 20
-70.996420999999998
 30
0
 11
136.0292790000000025
 21
-71.0077969999999965
 31
0
  0
LINE
  5
A6
330
22
100
AcDbEntity
  8
F.Silkscreen
  6
CONTINUOUS
100
AcDbLine
 10
136.0292790000000025
 20
-71.0077969999999965
 30
0
 11
136.0049640000000011
 21
-71.0240799999999979
 31
0
  0
LINE
  5
A7
330
22
100
AcDbEntity
  8
F.Silkscreen
  6
CONTINUOUS
100
AcDbLine
 10
136.0049640000000011
 20
-71.0240799999999979
 30
0
 11
135.9762699999999995
 21
-71.0298190000000034
 31
0
  0
LINE
  5
A8
330
22
100
AcDbEntity
  8
F.Silkscreen
  6
CONTINUOUS
100
AcDbLine
 10
135.9762699999999995
 20
-71.0298190000000034
 30
0
 11
135.9475620000000049
 21
-71.0241400000000027
 31
0
  0
LINE
  5
A9
330
22
100
AcDbEntity
  8
F.Silkscreen
  6
CONTINUOUS
100
AcDbLine
 10
135.9475620000000049
 20
-71.0241400000000027
 30
0
 11
135.9232130000000041
 21
-71.007907000000003
 31
0
  0
LINE
  5
AA
330
22
100
AcDbEntity
  8
F.Silkscreen
  6
CONTINUOUS
100
AcDbLine
 10
135.9232130000000041
 20
-71.007907000000003
 30
0
 11
135.9069299999999885
 21
-70.9835920000000016
 31
0
  0
LINE
  5
AB
330
22
100
AcDbEntity
  8
F.Silkscreen
  6
CONTINUOUS
100
AcDbLine
 10
135.9069299999999885
 20
-70.9835920000000016
 30
0
 11
135.901190999999983
 21
-70.954898
 31
0
  0
LINE
  5
AC
330
22
100
AcDbEntity
  8
F.Silkscreen
  6
CONTINUOUS
100
AcDbLine
 10
135.901190999999983
 20
-70.954898
 30
0
 11
135.9068699999999978
 21
-70.9261899999999912
 31
0
  0
LINE
  5
AD
330
22
100
AcDbEntity
  8
F.Silkscreen
  6
CONTINUOUS
100
AcDbLine
 10
135.9068699999999978
 20
-70.9261899999999912
 30
0
 11
135.913786999999985
 21
-70.9132170000000031
 31
0
  0
LINE
  5
AE
330
22
100
AcDbEntity
  8
F.Silkscreen
  6
CONTINUOUS
100
AcDbLine
 10
135.913786999999985
 20
-70.9132170000000031
 30
0
 11
136.2193849999999884
 21
-70.4548190000000005
 31
0
  0
LINE
  5
AF
330
22
100
AcDbEntity
  8
F.Silkscreen
  6
CONTINUOUS
100
AcDbLine
 10
136.2193849999999884
 20
-70.4548190000000005
 30
0
 11
135.913786999999985
 21
-69.996420999999998
 31
0
  0
LINE
  5
B0
330
22
100
AcDbEntity
  8
F.Silkscreen
  6
CONTINUOUS
100
AcDbLine
 10
135.913786999999985
 20
-69.996420999999998
 30
0
 11
135.9068699999999978
 21
-69.9834479999999957
 31
0
  0
LINE
  5
B1
330
22
100
AcDbEntity
  8
F.Silkscreen
  6
CONTINUOUS
100
AcDbLine
 10
135.9068699999999978
 20
-69.9834479999999957
 30
0
 11
135.901190999999983
 21
-69.954740000000001
 31
0
  0
LINE
  5
B2
330
22
100
AcDbEntity
  8
F.Silkscreen
  6
CONTINUOUS
100
AcDbLine
 10
135.901190999999983
 20
-69.954740000000001
 30
0
 11
135.9069299999999885
 21
-69.9260459999999995
 31
0
  0
LINE
  5
B3
330
22
100
AcDbEntity
  8
F.Silkscreen
  6
CONTINUOUS
100
AcDbLine
 10
135.9069299999999885
 20
-69.9260459999999995
 30
0
 11
135.9232130000000041
 21
-69.9017309999999981
 31
0
  0
LINE
  5
B4
330
22
100
AcDbEntity
  8
F.Silkscreen
  6
CONTINUOUS
100
AcDbLine
 10
135.9232130000000041
 20
-69.9017309999999981
 30
0
 11
135.9475620000000049
 21
-69.8854979999999983
 31
0
  0
LINE
  5
B5
330
22
100
AcDbEntity
  8
F.Silkscreen
  6
CONTINUOUS
100
AcDbLine
 10
135.9475620000000049
 20
-69.8854979999999983
 30
0
 11
135.9762699999999995
 21
-69.8798189999999977
 31
0
  0
LINE
  5
B6
330
22
100
AcDbEntity
  8
F.Silkscreen
  6
CONTINUOUS
100
AcDbLine
 10
135.9762699999999995
 20
-69.8798189999999977
 30
0
 11
136.0049640000000011
 21
-69.8855580000000032
 31
0
  0
LINE
  5
B7
330
22
100
AcDbEntity
  8
F.Silkscreen
  6
CONTINUOUS
100
AcDbLine
 10
136.0049640000000011
 20
-69.8855580000000032
 30
0
 11
136.0292790000000025
 21
-69.9018409999999903
 31
0
  0
LINE
  5
B8
330
22
100
AcDbEntity
  8
F.Silkscreen
  6
CONTINUOUS
100
AcDbLine
 10
136.0292790000000025
 20
-69.9018409999999903
 30
0
 11
136.0385949999999866
 21
-69.9132170000000031
 31
0
  0
LINE
  5
B9
330
22
100
AcDbEntity
  8
F.Silkscreen
  6
CONTINUOUS
100
AcDbLine
 10
136.0385949999999866
 20
-69.9132170000000031
 30
0
 11
136.3095239999999819
 21
-70.3196099999999973
 31
0
  0
LINE
  5
BA
330
22
100
AcDbEntity
  8
F.Silkscreen
  6
CONTINUOUS
100
AcDbLine
 10
136.3095239999999819
 20
-70.3196099999999973
 30
0
 11
136.5804530000000057
 21
-69.9132170000000031
 31
0
  0
LINE
  5
BB
330
22
100
AcDbEntity
  8
F.Silkscreen
  6
CONTINUOUS
100
AcDbLine
 10
136.5804530000000057
 20
-69.9132170000000031
 30
0
 11
136.5897689999999898
 21
-69.9018409999999903
 31
0
  0
LINE
  5
BC
330
22
100
AcDbEntity
  8
F.Silkscreen
  6
CONTINUOUS
100
AcDbLine
 10
136.5897689999999898
 20
-69.9018409999999903
 30
0
 11
136.6140839999999912
 21
-69.8855580000000032
 31
0
  0
LINE
  5
BD
330
22
100
AcDbEntity
  8
F.Silkscreen
  6
CONTINUOUS
100
AcDbLine
 10
136.6140839999999912
 20
-69.8855580000000032
 30
0
 11
136.6427779999999927
 21
-69.8798189999999977
 31
0
  0
LINE
  5
BE
330
22
100
AcDbEntity
  8
F.Silkscreen
  6
CONTINUOUS
100
AcDbLine
 10
136.6427779999999927
 20
-69.8798189999999977
 30
0
 11
136.6714859999999874
 21
-69.8854979999999983
 31
0
  0
LINE
  5
BF
330
22
100
AcDbEntity
  8
F.Silkscreen
  6
CONTINUOUS
100
AcDbLine
 10
138.752726999999993
 20
-69.8812599999999975
 30
0
 11
138.7552159999999901
 21
-69.8822909999999951
 31
0
  0
LINE
  5
C0
330
22
100
AcDbEntity
  8
F.Silkscreen
  6
CONTINUOUS
100
AcDbLine
 10
138.7552159999999901
 20
-69.8822909999999951
 30
0
 11
138.7579039999999964
 21
-69.882481999999996
 31
0
  0
LINE
  5
C1
330
22
100
AcDbEntity
  8
F.Silkscreen
  6
CONTINUOUS
100
AcDbLine
 10
138.7579039999999964
 20
-69.882481999999996
 30
0
 11
138.7716360000000009
 21
-69.8877370000000013
 31
0
  0
LINE
  5
C2
330
22
100
AcDbEntity
  8
F.Silkscreen
  6
CONTINUOUS
100
AcDbLine
 10
138.7716360000000009
 20
-69.8877370000000013
 30
0
 11
138.8668739999999957
 21
-69.9353559999999987
 31
0
  0
LINE
  5
C3
330
22
100
AcDbEntity
  8
F.Silkscreen
  6
CONTINUOUS
100
AcDbLine
 10
138.8668739999999957
 20
-69.9353559999999987
 30
0
 11
138.87317299999998
 21
-69.939319999999995
 31
0
  0
LINE
  5
C4
330
22
100
AcDbEntity
  8
F.Silkscreen
  6
CONTINUOUS
100
AcDbLine
 10
138.87317299999998
 20
-69.939319999999995
 30
0
 11
138.8750009999999975
 21
-69.9400779999999997
 31
0
  0
LINE
  5
C5
330
22
100
AcDbEntity
  8
F.Silkscreen
  6
CONTINUOUS
100
AcDbLine
 10
138.8750009999999975
 20
-69.9400779999999997
 30
0
 11
138.8770570000000077
 21
-69.9417660000000012
 31
0
  0
LINE
  5
C6
330
22
100
AcDbEntity
  8
F.Silkscreen
  6
CONTINUOUS
100
AcDbLine
 10
138.8770570000000077
 20
-69.9417660000000012
 30
0
 11
138.8793169999999861
 21
-69.9431879999999921
 31
0
  0
LINE
  5
C7
330
22
100
AcDbEntity
  8
F.Silkscreen
  6
CONTINUOUS
100
AcDbLine
 10
138.8793169999999861
 20
-69.9431879999999921
 30
0
 11
138.8806160000000034
 21
-69.9446859999999901
 31
0
  0
LINE
  5
C8
330
22
100
AcDbEntity
  8
F.Silkscreen
  6
CONTINUOUS
100
AcDbLine
 10
138.8806160000000034
 20
-69.9446859999999901
 30
0
 11
138.8863659999999811
 21
-69.9494049999999987
 31
0
  0
LINE
  5
C9
330
22
100
AcDbEntity
  8
F.Silkscreen
  6
CONTINUOUS
100
AcDbLine
 10
138.8863659999999811
 20
-69.9494049999999987
 30
0
 11
138.9816040000000044
 21
-70.0446429999999935
 31
0
  0
LINE
  5
CA
330
22
100
AcDbEntity
  8
F.Silkscreen
  6
CONTINUOUS
100
AcDbLine
 10
138.9816040000000044
 20
-70.0446429999999935
 30
0
 11
138.9909319999999866
 21
-70.0560079999999914
 31
0
  0
LINE
  5
CB
330
22
100
AcDbEntity
  8
F.Silkscreen
  6
CONTINUOUS
100
AcDbLine
 10
138.9909319999999866
 20
-70.0560079999999914
 30
0
 11
138.9930659999999989
 21
-70.0611609999999985
 31
0
  0
LINE
  5
CC
330
22
100
AcDbEntity
  8
F.Silkscreen
  6
CONTINUOUS
100
AcDbLine
 10
138.9930659999999989
 20
-70.0611609999999985
 30
0
 11
138.9963850000000036
 21
-70.0656400000000019
 31
0
  0
LINE
  5
CD
330
22
100
AcDbEntity
  8
F.Silkscreen
  6
CONTINUOUS
100
AcDbLine
 10
138.9963850000000036
 20
-70.0656400000000019
 30
0
 11
139.0013319999999908
 21
-70.0794860000000028
 31
0
  0
LINE
  5
CE
330
22
100
AcDbEntity
  8
F.Silkscreen
  6
CONTINUOUS
100
AcDbLine
 10
139.0013319999999908
 20
-70.0794860000000028
 30
0
 11
139.0489509999999882
 21
-70.2699619999999925
 31
0
  0
LINE
  5
CF
330
22
100
AcDbEntity
  8
F.Silkscreen
  6
CONTINUOUS
100
AcDbLine
 10
139.0489509999999882
 20
-70.2699619999999925
 30
0
 11
139.0493260000000078
 21
-70.2724979999999988
 31
0
  0
LINE
  5
D0
330
22
100
AcDbEntity
  8
F.Silkscreen
  6
CONTINUOUS
100
AcDbLine
 10
139.0493260000000078
 20
-70.2724979999999988
 30
0
 11
139.0497489999999914
 21
-70.2735199999999907
 31
0
  0
LINE
  5
D1
330
22
100
AcDbEntity
  8
F.Silkscreen
  6
CONTINUOUS
100
AcDbLine
 10
139.0497489999999914
 20
-70.2735199999999907
 30
0
 11
139.0502909999999872
 21
-70.2790320000000008
 31
0
  0
LINE
  5
D2
330
22
100
AcDbEntity
  8
F.Silkscreen
  6
CONTINUOUS
100
AcDbLine
 10
139.0502909999999872
 20
-70.2790320000000008
 30
0
 11
139.0511009999999885
 21
-70.2845059999999933
 31
0
  0
LINE
  5
D3
330
22
100
AcDbEntity
  8
F.Silkscreen
  6
CONTINUOUS
100
AcDbLine
 10
139.0511009999999885
 20
-70.2845059999999933
 30
0
 11
139.0509380000000021
 21
-70.2855979999999931
 31
0
  0
LINE
  5
D4
330
22
100
AcDbEntity
  8
F.Silkscreen
  6
CONTINUOUS
100
AcDbLine
 10
139.0509380000000021
 20
-70.2855979999999931
 30
0
 11
139.0511899999999912
 21
-70.2881519999999966
 31
0
  0
LINE
  5
D5
330
22
100
AcDbEntity
  8
F.Silkscreen
  6
CONTINUOUS
100
AcDbLine
 10
139.0511899999999912
 20
-70.2881519999999966
 30
0
 11
139.0511899999999912
 21
-70.6214849999999927
 31
0
  0
LINE
  5
D6
330
22
100
AcDbEntity
  8
F.Silkscreen
  6
CONTINUOUS
100
AcDbLine
 10
139.0511899999999912
 20
-70.6214849999999927
 30
0
 11
139.0509380000000021
 21
-70.6240379999999988
 31
0
  0
LINE
  5
D7
330
22
100
AcDbEntity
  8
F.Silkscreen
  6
CONTINUOUS
100
AcDbLine
 10
139.0509380000000021
 20
-70.6240379999999988
 30
0
 11
139.0511009999999885
 21
-70.6251309999999961
 31
0
  0
LINE
  5
D8
330
22
100
AcDbEntity
  8
F.Silkscreen
  6
CONTINUOUS
100
AcDbLine
 10
139.0511009999999885
 20
-70.6251309999999961
 30
0
 11
139.0502909999999872
 21
-70.6306039999999911
 31
0
  0
LINE
  5
D9
330
22
100
AcDbEntity
  8
F.Silkscreen
  6
CONTINUOUS
100
AcDbLine
 10
139.0502909999999872
 20
-70.6306039999999911
 30
0
 11
139.0497489999999914
 21
-70.6361169999999987
 31
0
  0
LINE
  5
DA
330
22
100
AcDbEntity
  8
F.Silkscreen
  6
CONTINUOUS
100
AcDbLine
 10
139.0497489999999914
 20
-70.6361169999999987
 30
0
 11
139.0493260000000078
 21
-70.6371379999999931
 31
0
  0
LINE
  5
DB
330
22
100
AcDbEntity
  8
F.Silkscreen
  6
CONTINUOUS
100
AcDbLine
 10
139.0493260000000078
 20
-70.6371379999999931
 30
0
 11
139.0489509999999882
 21
-70.6396749999999969
 31
0
  0
LINE
  5
DC
330
22
100
AcDbEntity
  8
F.Silkscreen
  6
CONTINUOUS
100
AcDbLine
 10
139.0489509999999882
 20
-70.6396749999999969
 30
0
 11
139.0013319999999908
 21
-70.8301510000000007
 31
0
  0
LINE
  5
DD
330
22
100
AcDbEntity
  8
F.Silkscreen
  6
CONTINUOUS
100
AcDbLine
 10
139.0013319999999908
 20
-70.8301510000000007
 30
0
 11
138.9963850000000036
 21
-70.8439970000000017
 31
0
  0
LINE
  5
DE
330
22
100
AcDbEntity
  8
F.Silkscreen
  6
CONTINUOUS
100
AcDbLine
 10
138.9963850000000036
 20
-70.8439970000000017
 30
0
 11
138.9930650000000014
 21
-70.8484759999999909
 31
0
  0
LINE
  5
DF
330
22
100
AcDbEntity
  8
F.Silkscreen
  6
CONTINUOUS
100
AcDbLine
 10
138.9930650000000014
 20
-70.8484759999999909
 30
0
 11
138.9909319999999866
 21
-70.8536280000000005
 31
0
  0
LINE
  5
E0
330
22
100
AcDbEntity
  8
F.Silkscreen
  6
CONTINUOUS
100
AcDbLine
 10
138.9909319999999866
 20
-70.8536280000000005
 30
0
 11
138.9816050000000018
 21
-70.8649929999999983
 31
0
  0
LINE
  5
E1
330
22
100
AcDbEntity
  8
F.Silkscreen
  6
CONTINUOUS
100
AcDbLine
 10
138.9816050000000018
 20
-70.8649929999999983
 30
0
 11
138.8863659999999811
 21
-70.9602330000000023
 31
0
  0
LINE
  5
E2
330
22
100
AcDbEntity
  8
F.Silkscreen
  6
CONTINUOUS
100
AcDbLine
 10
138.8863659999999811
 20
-70.9602330000000023
 30
0
 11
138.8806160000000034
 21
-70.9649509999999992
 31
0
  0
LINE
  5
E3
330
22
100
AcDbEntity
  8
F.Silkscreen
  6
CONTINUOUS
100
AcDbLine
 10
138.8806160000000034
 20
-70.9649509999999992
 30
0
 11
138.8793169999999861
 21
-70.9664499999999947
 31
0
  0
LINE
  5
E4
330
22
100
AcDbEntity
  8
F.Silkscreen
  6
CONTINUOUS
100
AcDbLine
 10
138.8793169999999861
 20
-70.9664499999999947
 30
0
 11
138.8770570000000077
 21
-70.9678710000000024
 31
0
  0
LINE
  5
E5
330
22
100
AcDbEntity
  8
F.Silkscreen
  6
CONTINUOUS
100
AcDbLine
 10
138.8770570000000077
 20
-70.9678710000000024
 30
0
 11
138.8750009999999975
 21
-70.9695600000000013
 31
0
  0
LINE
  5
E6
330
22
100
AcDbEntity
  8
F.Silkscreen
  6
CONTINUOUS
100
AcDbLine
 10
138.8750009999999975
 20
-70.9695600000000013
 30
0
 11
138.87317299999998
 21
-70.9703169999999943
 31
0
  0
LINE
  5
E7
330
22
100
AcDbEntity
  8
F.Silkscreen
  6
CONTINUOUS
100
AcDbLine
 10
138.87317299999998
 20
-70.9703169999999943
 30
0
 11
138.8668739999999957
 21
-70.9742820000000023
 31
0
  0
LINE
  5
E8
330
22
100
AcDbEntity
  8
F.Silkscreen
  6
CONTINUOUS
100
AcDbLine
 10
138.8668739999999957
 20
-70.9742820000000023
 30
0
 11
138.7716360000000009
 21
-71.0219009999999997
 31
0
  0
LINE
  5
E9
330
22
100
AcDbEntity
  8
F.Silkscreen
  6
CONTINUOUS
100
AcDbLine
 10
138.7716360000000009
 20
-71.0219009999999997
 30
0
 11
138.7579039999999964
 21
-71.0271559999999909
 31
0
  0
LINE
  5
EA
330
22
100
AcDbEntity
  8
F.Silkscreen
  6
CONTINUOUS
100
AcDbLine
 10
138.7579039999999964
 20
-71.0271559999999909
 30
0
 11
138.7552159999999901
 21
-71.0273459999999943
 31
0
  0
LINE
  5
EB
330
22
100
AcDbEntity
  8
F.Silkscreen
  6
CONTINUOUS
100
AcDbLine
 10
138.7552159999999901
 20
-71.0273459999999943
 30
0
 11
138.752726999999993
 21
-71.0283780000000036
 31
0
  0
LINE
  5
EC
330
22
100
AcDbEntity
  8
F.Silkscreen
  6
CONTINUOUS
100
AcDbLine
 10
138.752726999999993
 20
-71.0283780000000036
 30
0
 11
138.7380949999999871
 21
-71.0298190000000034
 31
0
  0
LINE
  5
ED
330
22
100
AcDbEntity
  8
F.Silkscreen
  6
CONTINUOUS
100
AcDbLine
 10
138.7380949999999871
 20
-71.0298190000000034
 30
0
 11
138.5476189999999974
 21
-71.0298190000000034
 31
0
  0
LINE
  5
EE
330
22
100
AcDbEntity
  8
F.Silkscreen
  6
CONTINUOUS
100
AcDbLine
 10
138.5476189999999974
 20
-71.0298190000000034
 30
0
 11
138.5329869999999914
 21
-71.0283780000000036
 31
0
  0
LINE
  5
EF
330
22
100
AcDbEntity
  8
F.Silkscreen
  6
CONTINUOUS
100
AcDbLine
 10
138.5329869999999914
 20
-71.0283780000000036
 30
0
 11
138.5304979999999944
 21
-71.0273469999999918
 31
0
  0
LINE
  5
F0
330
22
100
AcDbEntity
  8
F.Silkscreen
  6
CONTINUOUS
100
AcDbLine
 10
138.5304979999999944
 20
-71.0273469999999918
 30
0
 11
138.5278089999999906
 21
-71.0271559999999909
 31
0
  0
LINE
  5
F1
330
22
100
AcDbEntity
  8
F.Silkscreen
  6
CONTINUOUS
100
AcDbLine
 10
138.5278089999999906
 20
-71.0271559999999909
 30
0
 11
138.5140779999999836
 21
-71.0219009999999997
 31
0
  0
LINE
  5
F2
330
22
100
AcDbEntity
  8
F.Silkscreen
  6
CONTINUOUS
100
AcDbLine
 10
138.5140779999999836
 20
-71.0219009999999997
 30
0
 11
138.4188399999999888
 21
-70.9742820000000023
 31
0
  0
LINE
  5
F3
330
22
100
AcDbEntity
  8
F.Silkscreen
  6
CONTINUOUS
100
AcDbLine
 10
138.4188399999999888
 20
-70.9742820000000023
 30
0
 11
138.4125449999999944
 21
-70.9703190000000035
 31
0
  0
LINE
  5
F4
330
22
100
AcDbEntity
  8
F.Silkscreen
  6
CONTINUOUS
100
AcDbLine
 10
138.4125449999999944
 20
-70.9703190000000035
 30
0
 11
138.410712999999987
 21
-70.9695609999999988
 31
0
  0
LINE
  5
F5
330
22
100
AcDbEntity
  8
F.Silkscreen
  6
CONTINUOUS
100
AcDbLine
 10
138.410712999999987
 20
-70.9695609999999988
 30
0
 11
138.4086509999999919
 21
-70.9678689999999932
 31
0
  0
LINE
  5
F6
330
22
100
AcDbEntity
  8
F.Silkscreen
  6
CONTINUOUS
100
AcDbLine
 10
138.4086509999999919
 20
-70.9678689999999932
 30
0
 11
138.4063969999999983
 21
-70.9664499999999947
 31
0
  0
LINE
  5
F7
330
22
100
AcDbEntity
  8
F.Silkscreen
  6
CONTINUOUS
100
AcDbLine
 10
138.4063969999999983
 20
-70.9664499999999947
 30
0
 11
138.4050979999999811
 21
-70.9649529999999942
 31
0
  0
LINE
  5
F8
330
22
100
AcDbEntity
  8
F.Silkscreen
  6
CONTINUOUS
100
AcDbLine
 10
138.4050979999999811
 20
-70.9649529999999942
 30
0
 11
138.3993480000000034
 21
-70.9602330000000023
 31
0
  0
LINE
  5
F9
330
22
100
AcDbEntity
  8
F.Silkscreen
  6
CONTINUOUS
100
AcDbLine
 10
138.3993480000000034
 20
-70.9602330000000023
 30
0
 11
138.3041099999999801
 21
-70.8649939999999958
 31
0
  0
LINE
  5
FA
330
22
100
AcDbEntity
  8
F.Silkscreen
  6
CONTINUOUS
100
AcDbLine
 10
138.3041099999999801
 20
-70.8649939999999958
 30
0
 11
138.2947819999999979
 21
-70.8536280000000005
 31
0
  0
LINE
  5
FB
330
22
100
AcDbEntity
  8
F.Silkscreen
  6
CONTINUOUS
100
AcDbLine
 10
138.2947819999999979
 20
-70.8536280000000005
 30
0
 11
138.2926479999999856
 21
-70.8484759999999909
 31
0
  0
LINE
  5
FC
330
22
100
AcDbEntity
  8
F.Silkscreen
  6
CONTINUOUS
100
AcDbLine
 10
138.2926479999999856
 20
-70.8484759999999909
 30
0
 11
138.2893289999999809
 21
-70.8439970000000017
 31
0
  0
LINE
  5
FD
330
22
100
AcDbEntity
  8
F.Silkscreen
  6
CONTINUOUS
100
AcDbLine
 10
138.2893289999999809
 20
-70.8439970000000017
 30
0
 11
138.2843819999999937
 21
-70.8301510000000007
 31
0
  0
LINE
  5
FE
330
22
100
AcDbEntity
  8
F.Silkscreen
  6
CONTINUOUS
100
AcDbLine
 10
138.2843819999999937
 20
-70.8301510000000007
 30
0
 11
138.2367629999999963
 21
-70.6396749999999969
 31
0
  0
LINE
  5
FF
330
22
100
AcDbEntity
  8
F.Silkscreen
  6
CONTINUOUS
100
AcDbLine
 10
138.2367629999999963
 20
-70.6396749999999969
 30
0
 11
138.2363870000000077
 21
-70.6371379999999931
 31
0
  0
LINE
  5
100
330
22
100
AcDbEntity
  8
F.Silkscreen
  6
CONTINUOUS
100
AcDbLine
 10
138.2363870000000077
 20
-70.6371379999999931
 30
0
 11
138.2359649999999931
 21
-70.6361169999999987
 31
0
  0
LINE
  5
101
330
22
100
AcDbEntity
  8
F.Silkscreen
  6
CONTINUOUS
100
AcDbLine
 10
138.2359649999999931
 20
-70.6361169999999987
 30
0
 11
138.2354219999999998
 21
-70.6306039999999911
 31
0
  0
LINE
  5
102
330
22
100
AcDbEntity
  8
F.Silkscreen
  6
CONTINUOUS
100
AcDbLine
 10
138.2354219999999998
 20
-70.6306039999999911
 30
0
 11
138.234612999999996
 21
-70.6251309999999961
 31
0
  0
LINE
  5
103
330
22
100
AcDbEntity
  8
F.Silkscreen
  6
CONTINUOUS
100
AcDbLine
 10
138.234612999999996
 20
-70.6251309999999961
 30
0
 11
138.2347749999999849
 21
-70.6240379999999988
 31
0
  0
LINE
  5
104
330
22
100
AcDbEntity
  8
F.Silkscreen
  6
CONTINUOUS
100
AcDbLine
 10
138.2347749999999849
 20
-70.6240379999999988
 30
0
 11
138.2345239999999933
 21
-70.6214849999999927
 31
0
  0
LINE
  5
105
330
22
100
AcDbEntity
  8
F.Silkscreen
  6
CONTINUOUS
100
AcDbLine
 10
138.2345239999999933
 20
-70.6214849999999927
 30
0
 11
138.2345239999999933
 21
-70.2881519999999966
 31
0
  0
LINE
  5
106
330
22
100
AcDbEntity
  8
F.Silkscreen
  6
CONTINUOUS
100
AcDbLine
 10
138.2345239999999933
 20
-70.2881519999999966
 30
0
 11
138.2347749999999849
 21
-70.2855979999999931
 31
0
  0
LINE
  5
107
330
22
100
AcDbEntity
  8
F.Silkscreen
  6
CONTINUOUS
100
AcDbLine
 10
138.2347749999999849
 20
-70.2855979999999931
 30
0
 11
138.234612999999996
 21
-70.2845059999999933
 31
0
  0
LINE
  5
108
330
22
100
AcDbEntity
  8
F.Silkscreen
  6
CONTINUOUS
100
AcDbLine
 10
138.234612999999996
 20
-70.2845059999999933
 30
0
 11
138.2354219999999998
 21
-70.2790320000000008
 31
0
  0
LINE
  5
109
330
22
100
AcDbEntity
  8
F.Silkscreen
  6
CONTINUOUS
100
AcDbLine
 10
138.2354219999999998
 20
-70.2790320000000008
 30
0
 11
138.2359649999999931
 21
-70.2735199999999907
 31
0
  0
LINE
  5
10A
330
22
100
AcDbEntity
  8
F.Silkscreen
  6
CONTINUOUS
100
AcDbLine
 10
138.2359649999999931
 20
-70.2735199999999907
 30
0
 11
138.2363870000000077
 21
-70.2724979999999988
 31
0
  0
LINE
  5
10B
330
22
100
AcDbEntity
  8
F.Silkscreen
  6
CONTINUOUS
100
AcDbLine
 10
138.2363870000000077
 20
-70.2724979999999988
 30
0
 11
138.2367629999999963
 21
-70.2699619999999925
 31
0
  0
LINE
  5
10C
330
22
100
AcDbEntity
  8
F.Silkscreen
  6
CONTINUOUS
100
AcDbLine
 10
138.2367629999999963
 20
-70.2699619999999925
 30
0
 11
138.2843819999999937
 21
-70.0794860000000028
 31
0
  0
LINE
  5
10D
330
22
100
AcDbEntity
  8
F.Silkscreen
  6
CONTINUOUS
100
AcDbLine
 10
138.2843819999999937
 20
-70.0794860000000028
 30
0
 11
138.2893289999999809
 21
-70.0656400000000019
 31
0
  0
LINE
  5
10E
330
22
100
AcDbEntity
  8
F.Silkscreen
  6
CONTINUOUS
100
AcDbLine
 10
138.2893289999999809
 20
-70.0656400000000019
 30
0
 11
138.2926489999999831
 21
-70.0611579999999918
 31
0
  0
LINE
  5
10F
330
22
100
AcDbEntity
  8
F.Silkscreen
  6
CONTINUOUS
100
AcDbLine
 10
138.2926489999999831
 20
-70.0611579999999918
 30
0
 11
138.2947829999999954
 21
-70.0560079999999914
 31
0
  0
LINE
  5
110
330
22
100
AcDbEntity
  8
F.Silkscreen
  6
CONTINUOUS
100
AcDbLine
 10
138.2947829999999954
 20
-70.0560079999999914
 30
0
 11
138.3041099999999801
 21
-70.0446429999999935
 31
0
  0
LINE
  5
111
330
22
100
AcDbEntity
  8
F.Silkscreen
  6
CONTINUOUS
100
AcDbLine
 10
138.3041099999999801
 20
-70.0446429999999935
 30
0
 11
138.3993480000000034
 21
-69.9494049999999987
 31
0
  0
LINE
  5
112
330
22
100
AcDbEntity
  8
F.Silkscreen
  6
CONTINUOUS
100
AcDbLine
 10
138.3993480000000034
 20
-69.9494049999999987
 30
0
 11
138.4050979999999811
 21
-69.9446839999999952
 31
0
  0
LINE
  5
113
330
22
100
AcDbEntity
  8
F.Silkscreen
  6
CONTINUOUS
100
AcDbLine
 10
138.4050979999999811
 20
-69.9446839999999952
 30
0
 11
138.4063969999999983
 21
-69.9431879999999921
 31
0
  0
LINE
  5
114
330
22
100
AcDbEntity
  8
F.Silkscreen
  6
CONTINUOUS
100
AcDbLine
 10
138.4063969999999983
 20
-69.9431879999999921
 30
0
 11
138.4086509999999919
 21
-69.9417679999999962
 31
0
  0
LINE
  5
115
330
22
100
AcDbEntity
  8
F.Silkscreen
  6
CONTINUOUS
100
AcDbLine
 10
138.4086509999999919
 20
-69.9417679999999962
 30
0
 11
138.410712999999987
 21
-69.9400770000000023
 31
0
  0
LINE
  5
116
330
22
100
AcDbEntity
  8
F.Silkscreen
  6
CONTINUOUS
100
AcDbLine
 10
138.410712999999987
 20
-69.9400770000000023
 30
0
 11
138.4125449999999944
 21
-69.9393180000000001
 31
0
  0
LINE
  5
117
330
22
100
AcDbEntity
  8
F.Silkscreen
  6
CONTINUOUS
100
AcDbLine
 10
138.4125449999999944
 20
-69.9393180000000001
 30
0
 11
138.4188399999999888
 21
-69.9353559999999987
 31
0
  0
LINE
  5
118
330
22
100
AcDbEntity
  8
F.Silkscreen
  6
CONTINUOUS
100
AcDbLine
 10
138.4188399999999888
 20
-69.9353559999999987
 30
0
 11
138.5140779999999836
 21
-69.8877370000000013
 31
0
  0
LINE
  5
119
330
22
100
AcDbEntity
  8
F.Silkscreen
  6
CONTINUOUS
100
AcDbLine
 10
138.5140779999999836
 20
-69.8877370000000013
 30
0
 11
138.5278089999999906
 21
-69.882481999999996
 31
0
  0
LINE
  5
11A
330
22
100
AcDbEntity
  8
F.Silkscreen
  6
CONTINUOUS
100
AcDbLine
 10
138.5278089999999906
 20
-69.882481999999996
 30
0
 11
138.5304979999999944
 21
-69.8822899999999976
 31
0
  0
LINE
  5
11B
330
22
100
AcDbEntity
  8
F.Silkscreen
  6
CONTINUOUS
100
AcDbLine
 10
138.5304979999999944
 20
-69.8822899999999976
 30
0
 11
138.5329869999999914
 21
-69.8812599999999975
 31
0
  0
LINE
  5
11C
330
22
100
AcDbEntity
  8
F.Silkscreen
  6
CONTINUOUS
100
AcDbLine
 10
138.5329869999999914
 20
-69.8812599999999975
 30
0
 11
138.5476189999999974
 21
-69.8798189999999977
 31
0
  0
LINE
  5
11D
330
22
100
AcDbEntity
  8
F.Silkscreen
  6
CONTINUOUS
100
AcDbLine
 10
138.5476189999999974
 20
-69.8798189999999977
 30
0
 11
138.7380949999999871
 21
-69.8798189999999977
 31
0
  0
LINE
  5
11E
330
22
100
AcDbEntity
  8
F.Silkscreen
  6
CONTINUOUS
100
AcDbLine
 10
138.7380949999999871
 20
-69.8798189999999977
 30
0
 11
138.752726999999993
 21
-69.8812599999999975
 31
0
  0
LINE
  5
11F
330
22
100
AcDbEntity
  8
F.Silkscreen
  6
CONTINUOUS
100
AcDbLine
 10
138.4968079999999873
 20
-70.0640769999999975
 30
0
 11
138.4248649999999827
 21
-70.1360189999999903
 31
0
  0
LINE
  5
120
330
22
100
AcDbEntity
  8
F.Silkscreen
  6
CONTINUOUS
100
AcDbLine
 10
138.4248649999999827
 20
-70.1360189999999903
 30
0
 11
138.384523999999999
 21
-70.297386000000003
 31
0
  0
LINE
  5
121
330
22
100
AcDbEntity
  8
F.Silkscreen
  6
CONTINUOUS
100
AcDbLine
 10
138.384523999999999
 20
-70.297386000000003
 30
0
 11
138.384523999999999
 21
-70.6122510000000005
 31
0
  0
LINE
  5
122
330
22
100
AcDbEntity
  8
F.Silkscreen
  6
CONTINUOUS
100
AcDbLine
 10
138.384523999999999
 20
-70.6122510000000005
 30
0
 11
138.4248649999999827
 21
-70.7736170000000016
 31
0
  0
LINE
  5
123
330
22
100
AcDbEntity
  8
F.Silkscreen
  6
CONTINUOUS
100
AcDbLine
 10
138.4248649999999827
 20
-70.7736170000000016
 30
0
 11
138.4968079999999873
 21
-70.8455610000000036
 31
0
  0
LINE
  5
124
330
22
100
AcDbEntity
  8
F.Silkscreen
  6
CONTINUOUS
100
AcDbLine
 10
138.4968079999999873
 20
-70.8455610000000036
 30
0
 11
138.5653240000000039
 21
-70.8798189999999977
 31
0
  0
LINE
  5
125
330
22
100
AcDbEntity
  8
F.Silkscreen
  6
CONTINUOUS
100
AcDbLine
 10
138.5653240000000039
 20
-70.8798189999999977
 30
0
 11
138.7203899999999805
 21
-70.8798189999999977
 31
0
  0
LINE
  5
126
330
22
100
AcDbEntity
  8
F.Silkscreen
  6
CONTINUOUS
100
AcDbLine
 10
138.7203899999999805
 20
-70.8798189999999977
 30
0
 11
138.7889049999999997
 21
-70.8455610000000036
 31
0
  0
LINE
  5
127
330
22
100
AcDbEntity
  8
F.Silkscreen
  6
CONTINUOUS
100
AcDbLine
 10
138.7889049999999997
 20
-70.8455610000000036
 30
0
 11
138.8608480000000043
 21
-70.7736170000000016
 31
0
  0
LINE
  5
128
330
22
100
AcDbEntity
  8
F.Silkscreen
  6
CONTINUOUS
100
AcDbLine
 10
138.8608480000000043
 20
-70.7736170000000016
 30
0
 11
138.9011899999999855
 21
-70.6122510000000005
 31
0
  0
LINE
  5
129
330
22
100
AcDbEntity
  8
F.Silkscreen
  6
CONTINUOUS
100
AcDbLine
 10
138.9011899999999855
 20
-70.6122510000000005
 30
0
 11
138.9011899999999855
 21
-70.297386000000003
 31
0
  0
LINE
  5
12A
330
22
100
AcDbEntity
  8
F.Silkscreen
  6
CONTINUOUS
100
AcDbLine
 10
138.9011899999999855
 20
-70.297386000000003
 30
0
 11
138.8608480000000043
 21
-70.1360189999999903
 31
0
  0
LINE
  5
12B
330
22
100
AcDbEntity
  8
F.Silkscreen
  6
CONTINUOUS
100
AcDbLine
 10
138.8608480000000043
 20
-70.1360189999999903
 30
0
 11
138.7889059999999972
 21
-70.0640769999999975
 31
0
  0
LINE
  5
12C
330
22
100
AcDbEntity
  8
F.Silkscreen
  6
CONTINUOUS
100
AcDbLine
 10
138.7889059999999972
 20
-70.0640769999999975
 30
0
 11
138.7203899999999805
 21
-70.0298190000000034
 31
0
  0
LINE
  5
12D
330
22
100
AcDbEntity
  8
F.Silkscreen
  6
CONTINUOUS
100
AcDbLine
 10
138.7203899999999805
 20
-70.0298190000000034
 30
0
 11
138.5653240000000039
 21
-70.0298190000000034
 31
0
  0
LINE
  5
12E
330
22
100
AcDbEntity
  8
F.Silkscreen
  6
CONTINUOUS
100
AcDbLine
 10
138.5653240000000039
 20
-70.0298190000000034
 30
0
 11
138.4968079999999873
 21
-70.0640769999999975
 31
0
  0
LINE
  5
12F
330
22
100
AcDbEntity
  8
F.Silkscreen
  6
CONTINUOUS
100
AcDbLine
 10
137.7049409999999909
 20
-69.8821030000000007
 30
0
 11
137.7102859999999964
 21
-69.8824829999999935
 31
0
  0
LINE
  5
130
330
22
100
AcDbEntity
  8
F.Silkscreen
  6
CONTINUOUS
100
AcDbLine
 10
137.7102859999999964
 20
-69.8824829999999935
 30
0
 11
137.7186959999999942
 21
-69.8866879999999924
 31
0
  0
LINE
  5
131
330
22
100
AcDbEntity
  8
F.Silkscreen
  6
CONTINUOUS
100
AcDbLine
 10
137.7186959999999942
 20
-69.8866879999999924
 30
0
 11
137.7276180000000068
 21
-69.8896620000000013
 31
0
  0
LINE
  5
132
330
22
100
AcDbEntity
  8
F.Silkscreen
  6
CONTINUOUS
100
AcDbLine
 10
137.7276180000000068
 20
-69.8896620000000013
 30
0
 11
137.7316649999999925
 21
-69.8931719999999927
 31
0
  0
LINE
  5
133
330
22
100
AcDbEntity
  8
F.Silkscreen
  6
CONTINUOUS
100
AcDbLine
 10
137.7316649999999925
 20
-69.8931719999999927
 30
0
 11
137.7364589999999964
 21
-69.8955689999999947
 31
0
  0
LINE
  5
134
330
22
100
AcDbEntity
  8
F.Silkscreen
  6
CONTINUOUS
100
AcDbLine
 10
137.7364589999999964
 20
-69.8955689999999947
 30
0
 11
137.742621999999983
 21
-69.9026739999999904
 31
0
  0
LINE
  5
135
330
22
100
AcDbEntity
  8
F.Silkscreen
  6
CONTINUOUS
100
AcDbLine
 10
137.742621999999983
 20
-69.9026739999999904
 30
0
 11
137.7497259999999812
 21
-69.9088359999999938
 31
0
  0
LINE
  5
136
330
22
100
AcDbEntity
  8
F.Silkscreen
  6
CONTINUOUS
100
AcDbLine
 10
137.7497259999999812
 20
-69.9088359999999938
 30
0
 11
137.7521209999999883
 21
-69.9136269999999911
 31
0
  0
LINE
  5
137
330
22
100
AcDbEntity
  8
F.Silkscreen
  6
CONTINUOUS
100
AcDbLine
 10
137.7521209999999883
 20
-69.9136269999999911
 30
0
 11
137.7556329999999889
 21
-69.9176760000000002
 31
0
  0
LINE
  5
138
330
22
100
AcDbEntity
  8
F.Silkscreen
  6
CONTINUOUS
100
AcDbLine
 10
137.7556329999999889
 20
-69.9176760000000002
 30
0
 11
137.7616270000000043
 21
-69.9311019999999957
 31
0
  0
LINE
  5
139
330
22
100
AcDbEntity
  8
F.Silkscreen
  6
CONTINUOUS
100
AcDbLine
 10
137.7616270000000043
 20
-69.9311019999999957
 30
0
 11
138.0949599999999862
 21
-70.9311019999999957
 31
0
  0
LINE
  5
13A
330
22
100
AcDbEntity
  8
F.Silkscreen
  6
CONTINUOUS
100
AcDbLine
 10
138.0949599999999862
 20
-70.9311019999999957
 30
0
 11
138.0982199999999978
 21
-70.9454379999999958
 31
0
  0
LINE
  5
13B
330
22
100
AcDbEntity
  8
F.Silkscreen
  6
CONTINUOUS
100
AcDbLine
 10
138.0982199999999978
 20
-70.9454379999999958
 30
0
 11
138.096145000000007
 21
-70.9746279999999956
 31
0
  0
LINE
  5
13C
330
22
100
AcDbEntity
  8
F.Silkscreen
  6
CONTINUOUS
100
AcDbLine
 10
138.096145000000007
 20
-70.9746279999999956
 30
0
 11
138.0830589999999916
 21
-71.0008019999999931
 31
0
  0
LINE
  5
13D
330
22
100
AcDbEntity
  8
F.Silkscreen
  6
CONTINUOUS
100
AcDbLine
 10
138.0830589999999916
 20
-71.0008019999999931
 30
0
 11
138.0609509999999887
 21
-71.0199759999999998
 31
0
  0
LINE
  5
13E
330
22
100
AcDbEntity
  8
F.Silkscreen
  6
CONTINUOUS
100
AcDbLine
 10
138.0609509999999887
 20
-71.0199759999999998
 30
0
 11
138.033188999999993
 21
-71.0292299999999983
 31
0
  0
LINE
  5
13F
330
22
100
AcDbEntity
  8
F.Silkscreen
  6
CONTINUOUS
100
AcDbLine
 10
138.033188999999993
 20
-71.0292299999999983
 30
0
 11
138.0039989999999932
 21
-71.0271549999999934
 31
0
  0
LINE
  5
140
330
22
100
AcDbEntity
  8
F.Silkscreen
  6
CONTINUOUS
100
AcDbLine
 10
138.0039989999999932
 20
-71.0271549999999934
 30
0
 11
137.9778259999999932
 21
-71.0140679999999946
 31
0
  0
LINE
  5
141
330
22
100
AcDbEntity
  8
F.Silkscreen
  6
CONTINUOUS
100
AcDbLine
 10
137.9778259999999932
 20
-71.0140679999999946
 30
0
 11
137.9586520000000007
 21
-70.9919610000000034
 31
0
  0
LINE
  5
142
330
22
100
AcDbEntity
  8
F.Silkscreen
  6
CONTINUOUS
100
AcDbLine
 10
137.9586520000000007
 20
-70.9919610000000034
 30
0
 11
137.9526579999999853
 21
-70.9785359999999912
 31
0
  0
LINE
  5
143
330
22
100
AcDbEntity
  8
F.Silkscreen
  6
CONTINUOUS
100
AcDbLine
 10
137.9526579999999853
 20
-70.9785359999999912
 30
0
 11
137.8745140000000049
 21
-70.744103999999993
 31
0
  0
LINE
  5
144
330
22
100
AcDbEntity
  8
F.Silkscreen
  6
CONTINUOUS
100
AcDbLine
 10
137.8745140000000049
 20
-70.744103999999993
 30
0
 11
137.5064380000000028
 21
-70.744103999999993
 31
0
  0
LINE
  5
145
330
22
100
AcDbEntity
  8
F.Silkscreen
  6
CONTINUOUS
100
AcDbLine
 10
137.5064380000000028
 20
-70.744103999999993
 30
0
 11
137.428293999999994
 21
-70.9785359999999912
 31
0
  0
LINE
  5
146
330
22
100
AcDbEntity
  8
F.Silkscreen
  6
CONTINUOUS
100
AcDbLine
 10
137.428293999999994
 20
-70.9785359999999912
 30
0
 11
137.422300000000007
 21
-70.9919620000000009
 31
0
  0
LINE
  5
147
330
22
100
AcDbEntity
  8
F.Silkscreen
  6
CONTINUOUS
100
AcDbLine
 10
137.422300000000007
 20
-70.9919620000000009
 30
0
 11
137.4031259999999861
 21
-71.0140689999999921
 31
0
  0
LINE
  5
148
330
22
100
AcDbEntity
  8
F.Silkscreen
  6
CONTINUOUS
100
AcDbLine
 10
137.4031259999999861
 20
-71.0140689999999921
 30
0
 11
137.3769529999999861
 21
-71.0271549999999934
 31
0
  0
LINE
  5
149
330
22
100
AcDbEntity
  8
F.Silkscreen
  6
CONTINUOUS
100
AcDbLine
 10
137.3769529999999861
 20
-71.0271549999999934
 30
0
 11
137.3477629999999863
 21
-71.0292299999999983
 31
0
  0
LINE
  5
14A
330
22
100
AcDbEntity
  8
F.Silkscreen
  6
CONTINUOUS
100
AcDbLine
 10
137.3477629999999863
 20
-71.0292299999999983
 30
0
 11
137.3199999999999932
 21
-71.0199759999999998
 31
0
  0
LINE
  5
14B
330
22
100
AcDbEntity
  8
F.Silkscreen
  6
CONTINUOUS
100
AcDbLine
 10
137.3199999999999932
 20
-71.0199759999999998
 30
0
 11
137.2978929999999878
 21
-71.0008019999999931
 31
0
  0
LINE
  5
14C
330
22
100
AcDbEntity
  8
F.Silkscreen
  6
CONTINUOUS
100
AcDbLine
 10
137.2978929999999878
 20
-71.0008019999999931
 30
0
 11
137.2848070000000007
 21
-70.9746289999999931
 31
0
  0
LINE
  5
14D
330
22
100
AcDbEntity
  8
F.Silkscreen
  6
CONTINUOUS
100
AcDbLine
 10
137.2848070000000007
 20
-70.9746289999999931
 30
0
 11
137.2827319999999816
 21
-70.9454389999999933
 31
0
  0
LINE
  5
14E
330
22
100
AcDbEntity
  8
F.Silkscreen
  6
CONTINUOUS
100
AcDbLine
 10
137.2827319999999816
 20
-70.9454389999999933
 30
0
 11
137.2859919999999931
 21
-70.9311019999999957
 31
0
  0
LINE
  5
14F
330
22
100
AcDbEntity
  8
F.Silkscreen
  6
CONTINUOUS
100
AcDbLine
 10
137.2859919999999931
 20
-70.9311019999999957
 30
0
 11
137.6193250000000035
 21
-69.9311019999999957
 31
0
  0
LINE
  5
150
330
22
100
AcDbEntity
  8
F.Silkscreen
  6
CONTINUOUS
100
AcDbLine
 10
137.6193250000000035
 20
-69.9311019999999957
 30
0
 11
137.6253189999999904
 21
-69.9176769999999976
 31
0
  0
LINE
  5
151
330
22
100
AcDbEntity
  8
F.Silkscreen
  6
CONTINUOUS
100
AcDbLine
 10
137.6253189999999904
 20
-69.9176769999999976
 30
0
 11
137.6288289999999961
 21
-69.9136290000000002
 31
0
  0
LINE
  5
152
330
22
100
AcDbEntity
  8
F.Silkscreen
  6
CONTINUOUS
100
AcDbLine
 10
137.6288289999999961
 20
-69.9136290000000002
 30
0
 11
137.6312259999999981
 21
-69.9088359999999938
 31
0
  0
LINE
  5
153
330
22
100
AcDbEntity
  8
F.Silkscreen
  6
CONTINUOUS
100
AcDbLine
 10
137.6312259999999981
 20
-69.9088359999999938
 30
0
 11
137.6383339999999862
 21
-69.9026700000000005
 31
0
  0
LINE
  5
154
330
22
100
AcDbEntity
  8
F.Silkscreen
  6
CONTINUOUS
100
AcDbLine
 10
137.6383339999999862
 20
-69.9026700000000005
 30
0
 11
137.6444929999999829
 21
-69.8955699999999922
 31
0
  0
LINE
  5
155
330
22
100
AcDbEntity
  8
F.Silkscreen
  6
CONTINUOUS
100
AcDbLine
 10
137.6444929999999829
 20
-69.8955699999999922
 30
0
 11
137.6492819999999995
 21
-69.8931749999999994
 31
0
  0
LINE
  5
156
330
22
100
AcDbEntity
  8
F.Silkscreen
  6
CONTINUOUS
100
AcDbLine
 10
137.6492819999999995
 20
-69.8931749999999994
 30
0
 11
137.6533330000000035
 21
-69.8896620000000013
 31
0
  0
LINE
  5
157
330
22
100
AcDbEntity
  8
F.Silkscreen
  6
CONTINUOUS
100
AcDbLine
 10
137.6533330000000035
 20
-69.8896620000000013
 30
0
 11
137.66225799999998
 21
-69.8866869999999949
 31
0
  0
LINE
  5
158
330
22
100
AcDbEntity
  8
F.Silkscreen
  6
CONTINUOUS
100
AcDbLine
 10
137.66225799999998
 20
-69.8866869999999949
 30
0
 11
137.6706659999999829
 21
-69.8824829999999935
 31
0
  0
LINE
  5
159
330
22
100
AcDbEntity
  8
F.Silkscreen
  6
CONTINUOUS
100
AcDbLine
 10
137.6706659999999829
 20
-69.8824829999999935
 30
0
 11
137.6760099999999909
 21
-69.8821030000000007
 31
0
  0
LINE
  5
15A
330
22
100
AcDbEntity
  8
F.Silkscreen
  6
CONTINUOUS
100
AcDbLine
 10
137.6760099999999909
 20
-69.8821030000000007
 30
0
 11
137.6810959999999966
 21
-69.8804080000000027
 31
0
  0
LINE
  5
15B
330
22
100
AcDbEntity
  8
F.Silkscreen
  6
CONTINUOUS
100
AcDbLine
 10
137.6810959999999966
 20
-69.8804080000000027
 30
0
 11
137.6904759999999897
 21
-69.8810739999999981
 31
0
  0
LINE
  5
15C
330
22
100
AcDbEntity
  8
F.Silkscreen
  6
CONTINUOUS
100
AcDbLine
 10
137.6904759999999897
 20
-69.8810739999999981
 30
0
 11
137.6998559999999827
 21
-69.8804080000000027
 31
0
  0
LINE
  5
15D
330
22
100
AcDbEntity
  8
F.Silkscreen
  6
CONTINUOUS
100
AcDbLine
 10
137.6998559999999827
 20
-69.8804080000000027
 30
0
 11
137.7049409999999909
 21
-69.8821030000000007
 31
0
  0
LINE
  5
15E
330
22
100
AcDbEntity
  8
F.Silkscreen
  6
CONTINUOUS
100
AcDbLine
 10
137.5564379999999858
 20
-70.5941040000000015
 30
0
 11
137.8245139999999935
 21
-70.5941040000000015
 31
0
  0
LINE
  5
15F
330
22
100
AcDbEntity
  8
F.Silkscreen
  6
CONTINUOUS
100
AcDbLine
 10
137.8245139999999935
 20
-70.5941040000000015
 30
0
 11
137.6904759999999897
 21
-70.1919889999999924
 31
0
  0
LINE
  5
160
330
22
100
AcDbEntity
  8
F.Silkscreen
  6
CONTINUOUS
100
AcDbLine
 10
137.6904759999999897
 20
-70.1919889999999924
 30
0
 11
137.5564379999999858
 21
-70.5941040000000015
 31
0
  0
LINE
  5
161
330
22
100
AcDbEntity
  8
F.Silkscreen
  6
CONTINUOUS
100
AcDbLine
 10
137.0654779999999846
 20
-69.8924590000000023
 30
0
 11
137.0861699999999814
 21
-69.9131509999999992
 31
0
  0
LINE
  5
162
330
22
100
AcDbEntity
  8
F.Silkscreen
  6
CONTINUOUS
100
AcDbLine
 10
137.0861699999999814
 20
-69.9131509999999992
 30
0
 11
137.0973689999999863
 21
-69.9401869999999946
 31
0
  0
LINE
  5
163
330
22
100
AcDbEntity
  8
F.Silkscreen
  6
CONTINUOUS
100
AcDbLine
 10
137.0973689999999863
 20
-69.9401869999999946
 30
0
 11
137.0988099999999861
 21
-69.9548190000000005
 31
0
  0
LINE
  5
164
330
22
100
AcDbEntity
  8
F.Silkscreen
  6
CONTINUOUS
100
AcDbLine
 10
137.0988099999999861
 20
-69.9548190000000005
 30
0
 11
137.0988099999999861
 21
-70.9548190000000005
 31
0
  0
LINE
  5
165
330
22
100
AcDbEntity
  8
F.Silkscreen
  6
CONTINUOUS
100
AcDbLine
 10
137.0988099999999861
 20
-70.9548190000000005
 30
0
 11
137.0973689999999863
 21
-70.9694509999999923
 31
0
  0
LINE
  5
166
330
22
100
AcDbEntity
  8
F.Silkscreen
  6
CONTINUOUS
100
AcDbLine
 10
137.0973689999999863
 20
-70.9694509999999923
 30
0
 11
137.0861699999999814
 21
-70.9964870000000019
 31
0
  0
LINE
  5
167
330
22
100
AcDbEntity
  8
F.Silkscreen
  6
CONTINUOUS
100
AcDbLine
 10
137.0861699999999814
 20
-70.9964870000000019
 30
0
 11
137.0654779999999846
 21
-71.0171789999999987
 31
0
  0
LINE
  5
168
330
22
100
AcDbEntity
  8
F.Silkscreen
  6
CONTINUOUS
100
AcDbLine
 10
137.0654779999999846
 20
-71.0171789999999987
 30
0
 11
137.0384420000000034
 21
-71.0283780000000036
 31
0
  0
LINE
  5
169
330
22
100
AcDbEntity
  8
F.Silkscreen
  6
CONTINUOUS
100
AcDbLine
 10
137.0384420000000034
 20
-71.0283780000000036
 30
0
 11
137.0091779999999915
 21
-71.0283780000000036
 31
0
  0
LINE
  5
16A
330
22
100
AcDbEntity
  8
F.Silkscreen
  6
CONTINUOUS
100
AcDbLine
 10
137.0091779999999915
 20
-71.0283780000000036
 30
0
 11
136.9821419999999819
 21
-71.0171789999999987
 31
0
  0
LINE
  5
16B
330
22
100
AcDbEntity
  8
F.Silkscreen
  6
CONTINUOUS
100
AcDbLine
 10
136.9821419999999819
 20
-71.0171789999999987
 30
0
 11
136.961449999999985
 21
-70.9964870000000019
 31
0
  0
LINE
  5
16C
330
22
100
AcDbEntity
  8
F.Silkscreen
  6
CONTINUOUS
100
AcDbLine
 10
136.961449999999985
 20
-70.9964870000000019
 30
0
 11
136.9502509999999802
 21
-70.9694509999999923
 31
0
  0
LINE
  5
16D
330
22
100
AcDbEntity
  8
F.Silkscreen
  6
CONTINUOUS
100
AcDbLine
 10
136.9502509999999802
 20
-70.9694509999999923
 30
0
 11
136.9488099999999804
 21
-70.9548190000000005
 31
0
  0
LINE
  5
16E
330
22
100
AcDbEntity
  8
F.Silkscreen
  6
CONTINUOUS
100
AcDbLine
 10
136.9488099999999804
 20
-70.9548190000000005
 30
0
 11
136.9488099999999804
 21
-69.9548190000000005
 31
0
  0
LINE
  5
16F
330
22
100
AcDbEntity
  8
F.Silkscreen
  6
CONTINUOUS
100
AcDbLine
 10
136.9488099999999804
 20
-69.9548190000000005
 30
0
 11
136.9502509999999802
 21
-69.9401869999999946
 31
0
  0
LINE
  5
170
330
22
100
AcDbEntity
  8
F.Silkscreen
  6
CONTINUOUS
100
AcDbLine
 10
136.9502509999999802
 20
-69.9401869999999946
 30
0
 11
136.961449999999985
 21
-69.9131509999999992
 31
0
  0
LINE
  5
171
330
22
100
AcDbEntity
  8
F.Silkscreen
  6
CONTINUOUS
100
AcDbLine
 10
136.961449999999985
 20
-69.9131509999999992
 30
0
 11
136.9821419999999819
 21
-69.8924590000000023
 31
0
  0
LINE
  5
172
330
22
100
AcDbEntity
  8
F.Silkscreen
  6
CONTINUOUS
100
AcDbLine
 10
136.9821419999999819
 20
-69.8924590000000023
 30
0
 11
137.0091779999999915
 21
-69.8812599999999975
 31
0
  0
LINE
  5
173
330
22
100
AcDbEntity
  8
F.Silkscreen
  6
CONTINUOUS
100
AcDbLine
 10
137.0091779999999915
 20
-69.8812599999999975
 30
0
 11
137.0384420000000034
 21
-69.8812599999999975
 31
0
  0
LINE
  5
174
330
22
100
AcDbEntity
  8
F.Silkscreen
  6
CONTINUOUS
100
AcDbLine
 10
137.0384420000000034
 20
-69.8812599999999975
 30
0
 11
137.0654779999999846
 21
-69.8924590000000023
 31
0
  0
LINE
  5
175
330
22
100
AcDbEntity
  8
F.Silkscreen
  6
CONTINUOUS
100
AcDbLine
 10
142.0242999999999824
 20
-58.0173039999999958
 30
0
 11
142.0586659999999881
 21
-58.0516699999999943
 31
0
  0
LINE
  5
176
330
22
100
AcDbEntity
  8
F.Silkscreen
  6
CONTINUOUS
100
AcDbLine
 10
142.0586659999999881
 20
-58.0516699999999943
 30
0
 11
142.0635000000000048
 21
-58.0759699999999981
 31
0
  0
LINE
  5
177
330
22
100
AcDbEntity
  8
F.Silkscreen
  6
CONTINUOUS
100
AcDbLine
 10
142.0635000000000048
 20
-58.0759699999999981
 30
0
 11
142.0635000000000048
 21
-59.4374099999999999
 31
0
  0
LINE
  5
178
330
22
100
AcDbEntity
  8
F.Silkscreen
  6
CONTINUOUS
100
AcDbLine
 10
142.0635000000000048
 20
-59.4374099999999999
 30
0
 11
144.4000000000000057
 21
-59.4374099999999999
 31
0
  0
LINE
  5
179
330
22
100
AcDbEntity
  8
F.Silkscreen
  6
CONTINUOUS
100
AcDbLine
 10
144.4000000000000057
 20
-59.4374099999999999
 30
0
 11
144.4219989999999996
 21
-59.4417860000000005
 31
0
  0
LINE
  5
17A
330
22
100
AcDbEntity
  8
F.Silkscreen
  6
CONTINUOUS
100
AcDbLine
 10
144.4219989999999996
 20
-59.4417860000000005
 30
0
 11
144.6680539999999837
 21
-59.4628629999999987
 31
0
  0
LINE
  5
17B
330
22
100
AcDbEntity
  8
F.Silkscreen
  6
CONTINUOUS
100
AcDbLine
 10
144.6680539999999837
 20
-59.4628629999999987
 30
0
 11
144.9297420000000045
 21
-59.5193820000000002
 31
0
  0
LINE
  5
17C
330
22
100
AcDbEntity
  8
F.Silkscreen
  6
CONTINUOUS
100
AcDbLine
 10
144.9297420000000045
 20
-59.5193820000000002
 30
0
 11
145.182140000000004
 21
-59.6086569999999938
 31
0
  0
LINE
  5
17D
330
22
100
AcDbEntity
  8
F.Silkscreen
  6
CONTINUOUS
100
AcDbLine
 10
145.182140000000004
 20
-59.6086569999999938
 30
0
 11
145.421166999999997
 21
-59.7292449999999988
 31
0
  0
LINE
  5
17E
330
22
100
AcDbEntity
  8
F.Silkscreen
  6
CONTINUOUS
100
AcDbLine
 10
145.421166999999997
 20
-59.7292449999999988
 30
0
 11
145.6429550000000006
 21
-59.8791960000000003
 31
0
  0
LINE
  5
17F
330
22
100
AcDbEntity
  8
F.Silkscreen
  6
CONTINUOUS
100
AcDbLine
 10
145.6429550000000006
 20
-59.8791960000000003
 30
0
 11
145.8439170000000047
 21
-60.0560829999999939
 31
0
  0
LINE
  5
180
330
22
100
AcDbEntity
  8
F.Silkscreen
  6
CONTINUOUS
100
AcDbLine
 10
145.8439170000000047
 20
-60.0560829999999939
 30
0
 11
146.0208039999999983
 21
-60.257044999999998
 31
0
  0
LINE
  5
181
330
22
100
AcDbEntity
  8
F.Silkscreen
  6
CONTINUOUS
100
AcDbLine
 10
146.0208039999999983
 20
-60.257044999999998
 30
0
 11
146.1707549999999856
 21
-60.4788329999999945
 31
0
  0
LINE
  5
182
330
22
100
AcDbEntity
  8
F.Silkscreen
  6
CONTINUOUS
100
AcDbLine
 10
146.1707549999999856
 20
-60.4788329999999945
 30
0
 11
146.2913429999999835
 21
-60.7178599999999946
 31
0
  0
LINE
  5
183
330
22
100
AcDbEntity
  8
F.Silkscreen
  6
CONTINUOUS
100
AcDbLine
 10
146.2913429999999835
 20
-60.7178599999999946
 30
0
 11
146.3806179999999983
 21
-60.9702579999999941
 31
0
  0
LINE
  5
184
330
22
100
AcDbEntity
  8
F.Silkscreen
  6
CONTINUOUS
100
AcDbLine
 10
146.3806179999999983
 20
-60.9702579999999941
 30
0
 11
146.437137000000007
 21
-61.2319460000000007
 31
0
  0
LINE
  5
185
330
22
100
AcDbEntity
  8
F.Silkscreen
  6
CONTINUOUS
100
AcDbLine
 10
146.437137000000007
 20
-61.2319460000000007
 30
0
 11
146.4579549999999983
 21
-61.4749889999999937
 31
0
  0
LINE
  5
186
330
22
100
AcDbEntity
  8
F.Silkscreen
  6
CONTINUOUS
100
AcDbLine
 10
146.4579549999999983
 20
-61.4749889999999937
 30
0
 11
146.4586659999999938
 21
-61.4756999999999962
 31
0
  0
LINE
  5
187
330
22
100
AcDbEntity
  8
F.Silkscreen
  6
CONTINUOUS
100
AcDbLine
 10
146.4586659999999938
 20
-61.4756999999999962
 30
0
 11
146.463499999999982
 21
-61.5
 31
0
  0
LINE
  5
188
330
22
100
AcDbEntity
  8
F.Silkscreen
  6
CONTINUOUS
100
AcDbLine
 10
146.463499999999982
 20
-61.5
 30
0
 11
146.463499999999982
 21
-78.5
 31
0
  0
LINE
  5
189
330
22
100
AcDbEntity
  8
F.Silkscreen
  6
CONTINUOUS
100
AcDbLine
 10
146.463499999999982
 20
-78.5
 30
0
 11
146.4586659999999938
 21
-78.5242999999999967
 31
0
  0
LINE
  5
18A
330
22
100
AcDbEntity
  8
F.Silkscreen
  6
CONTINUOUS
100
AcDbLine
 10
146.4586659999999938
 20
-78.5242999999999967
 30
0
 11
146.4583889999999826
 21
-78.5245759999999962
 31
0
  0
LINE
  5
18B
330
22
100
AcDbEntity
  8
F.Silkscreen
  6
CONTINUOUS
100
AcDbLine
 10
146.4583889999999826
 20
-78.5245759999999962
 30
0
 11
146.4423769999999934
 21
-78.7688839999999999
 31
0
  0
LINE
  5
18C
330
22
100
AcDbEntity
  8
F.Silkscreen
  6
CONTINUOUS
100
AcDbLine
 10
146.4423769999999934
 20
-78.7688839999999999
 30
0
 11
146.3898079999999879
 21
-79.0331669999999917
 31
0
  0
LINE
  5
18D
330
22
100
AcDbEntity
  8
F.Silkscreen
  6
CONTINUOUS
100
AcDbLine
 10
146.3898079999999879
 20
-79.0331669999999917
 30
0
 11
146.3031919999999957
 21
-79.2883279999999928
 31
0
  0
LINE
  5
18E
330
22
100
AcDbEntity
  8
F.Silkscreen
  6
CONTINUOUS
100
AcDbLine
 10
146.3031919999999957
 20
-79.2883279999999928
 30
0
 11
146.1840129999999931
 21
-79.5300000000000011
 31
0
  0
LINE
  5
18F
330
22
100
AcDbEntity
  8
F.Silkscreen
  6
CONTINUOUS
100
AcDbLine
 10
146.1840129999999931
 20
-79.5300000000000011
 30
0
 11
146.0343079999999816
 21
-79.7540489999999949
 31
0
  0
LINE
  5
190
330
22
100
AcDbEntity
  8
F.Silkscreen
  6
CONTINUOUS
100
AcDbLine
 10
146.0343079999999816
 20
-79.7540489999999949
 30
0
 11
145.8566399999999987
 21
-79.9566399999999931
 31
0
  0
LINE
  5
191
330
22
100
AcDbEntity
  8
F.Silkscreen
  6
CONTINUOUS
100
AcDbLine
 10
145.8566399999999987
 20
-79.9566399999999931
 30
0
 11
145.6540489999999863
 21
-80.1343079999999901
 31
0
  0
LINE
  5
192
330
22
100
AcDbEntity
  8
F.Silkscreen
  6
CONTINUOUS
100
AcDbLine
 10
145.6540489999999863
 20
-80.1343079999999901
 30
0
 11
145.4300000000000068
 21
-80.2840130000000016
 31
0
  0
LINE
  5
193
330
22
100
AcDbEntity
  8
F.Silkscreen
  6
CONTINUOUS
100
AcDbLine
 10
145.4300000000000068
 20
-80.2840130000000016
 30
0
 11
145.1883279999999843
 21
-80.40319199999999
 31
0
  0
LINE
  5
194
330
22
100
AcDbEntity
  8
F.Silkscreen
  6
CONTINUOUS
100
AcDbLine
 10
145.1883279999999843
 20
-80.40319199999999
 30
0
 11
144.9331669999999974
 21
-80.4898079999999965
 31
0
  0
LINE
  5
195
330
22
100
AcDbEntity
  8
F.Silkscreen
  6
CONTINUOUS
100
AcDbLine
 10
144.9331669999999974
 20
-80.4898079999999965
 30
0
 11
144.6688839999999914
 21
-80.5423770000000019
 31
0
  0
LINE
  5
196
330
22
100
AcDbEntity
  8
F.Silkscreen
  6
CONTINUOUS
100
AcDbLine
 10
144.6688839999999914
 20
-80.5423770000000019
 30
0
 11
144.4245760000000018
 21
-80.5583889999999911
 31
0
  0
LINE
  5
197
330
22
100
AcDbEntity
  8
F.Silkscreen
  6
CONTINUOUS
100
AcDbLine
 10
144.4245760000000018
 20
-80.5583889999999911
 30
0
 11
144.4242999999999881
 21
-80.5586660000000023
 31
0
  0
LINE
  5
198
330
22
100
AcDbEntity
  8
F.Silkscreen
  6
CONTINUOUS
100
AcDbLine
 10
144.4242999999999881
 20
-80.5586660000000023
 30
0
 11
144.4000000000000057
 21
-80.5634999999999906
 31
0
  0
LINE
  5
199
330
22
100
AcDbEntity
  8
F.Silkscreen
  6
CONTINUOUS
100
AcDbLine
 10
144.4000000000000057
 20
-80.5634999999999906
 30
0
 11
130.5999999999999943
 21
-80.5634999999999906
 31
0
  0
LINE
  5
19A
330
22
100
AcDbEntity
  8
F.Silkscreen
  6
CONTINUOUS
100
AcDbLine
 10
130.5999999999999943
 20
-80.5634999999999906
 30
0
 11
130.5756999999999834
 21
-80.5586660000000023
 31
0
  0
LINE
  5
19B
330
22
100
AcDbEntity
  8
F.Silkscreen
  6
CONTINUOUS
100
AcDbLine
 10
130.5756999999999834
 20
-80.5586660000000023
 30
0
 11
130.574986999999993
 21
-80.5579529999999977
 31
0
  0
LINE
  5
19C
330
22
100
AcDbEntity
  8
F.Silkscreen
  6
CONTINUOUS
100
AcDbLine
 10
130.574986999999993
 20
-80.5579529999999977
 30
0
 11
130.3319510000000037
 21
-80.5371090000000009
 31
0
  0
LINE
  5
19D
330
22
100
AcDbEntity
  8
F.Silkscreen
  6
CONTINUOUS
100
AcDbLine
 10
130.3319510000000037
 20
-80.5371090000000009
 30
0
 11
130.0702770000000044
 21
-80.4805690000000027
 31
0
  0
LINE
  5
19E
330
22
100
AcDbEntity
  8
F.Silkscreen
  6
CONTINUOUS
100
AcDbLine
 10
130.0702770000000044
 20
-80.4805690000000027
 30
0
 11
129.817892999999998
 21
-80.3912789999999973
 31
0
  0
LINE
  5
19F
330
22
100
AcDbEntity
  8
F.Silkscreen
  6
CONTINUOUS
100
AcDbLine
 10
129.817892999999998
 20
-80.3912789999999973
 30
0
 11
129.5788809999999955
 21
-80.2706840000000028
 31
0
  0
LINE
  5
1A0
330
22
100
AcDbEntity
  8
F.Silkscreen
  6
CONTINUOUS
100
AcDbLine
 10
129.5788809999999955
 20
-80.2706840000000028
 30
0
 11
129.35710499999999
 21
-80.1207319999999896
 31
0
  0
LINE
  5
1A1
330
22
100
AcDbEntity
  8
F.Silkscreen
  6
CONTINUOUS
100
AcDbLine
 10
129.35710499999999
 20
-80.1207319999999896
 30
0
 11
129.1561509999999942
 21
-79.9438490000000002
 31
0
  0
LINE
  5
1A2
330
22
100
AcDbEntity
  8
F.Silkscreen
  6
CONTINUOUS
100
AcDbLine
 10
129.1561509999999942
 20
-79.9438490000000002
 30
0
 11
128.9792679999999905
 21
-79.7428949999999901
 31
0
  0
LINE
  5
1A3
330
22
100
AcDbEntity
  8
F.Silkscreen
  6
CONTINUOUS
100
AcDbLine
 10
128.9792679999999905
 20
-79.7428949999999901
 30
0
 11
128.8293160000000057
 21
-79.5211189999999988
 31
0
  0
LINE
  5
1A4
330
22
100
AcDbEntity
  8
F.Silkscreen
  6
CONTINUOUS
100
AcDbLine
 10
128.8293160000000057
 20
-79.5211189999999988
 30
0
 11
128.708720999999997
 21
-79.2821069999999963
 31
0
  0
LINE
  5
1A5
330
22
100
AcDbEntity
  8
F.Silkscreen
  6
CONTINUOUS
100
AcDbLine
 10
128.708720999999997
 20
-79.2821069999999963
 30
0
 11
128.6194309999999916
 21
-79.02972299999999
 31
0
  0
LINE
  5
1A6
330
22
100
AcDbEntity
  8
F.Silkscreen
  6
CONTINUOUS
100
AcDbLine
 10
128.6194309999999916
 20
-79.02972299999999
 30
0
 11
128.5628910000000076
 21
-78.7680489999999907
 31
0
  0
LINE
  5
1A7
330
22
100
AcDbEntity
  8
F.Silkscreen
  6
CONTINUOUS
100
AcDbLine
 10
128.5628910000000076
 20
-78.7680489999999907
 30
0
 11
128.5420459999999991
 21
-78.5250119999999896
 31
0
  0
LINE
  5
1A8
330
22
100
AcDbEntity
  8
F.Silkscreen
  6
CONTINUOUS
100
AcDbLine
 10
128.5420459999999991
 20
-78.5250119999999896
 30
0
 11
128.5413340000000062
 21
-78.5242999999999967
 31
0
  0
LINE
  5
1A9
330
22
100
AcDbEntity
  8
F.Silkscreen
  6
CONTINUOUS
100
AcDbLine
 10
128.5413340000000062
 20
-78.5242999999999967
 30
0
 11
128.5364999999999895
 21
-78.5
 31
0
  0
LINE
  5
1AA
330
22
100
AcDbEntity
  8
F.Silkscreen
  6
CONTINUOUS
100
AcDbLine
 10
128.5364999999999895
 20
-78.5
 30
0
 11
128.5364999999999895
 21
-61.5
 31
0
  0
LINE
  5
1AB
330
22
100
AcDbEntity
  8
F.Silkscreen
  6
CONTINUOUS
100
AcDbLine
 10
128.5364999999999895
 20
-61.5
 30
0
 11
128.5413340000000062
 21
-61.4756999999999962
 31
0
  0
LINE
  5
1AC
330
22
100
AcDbEntity
  8
F.Silkscreen
  6
CONTINUOUS
100
AcDbLine
 10
128.5413340000000062
 20
-61.4756999999999962
 30
0
 11
128.5420440000000042
 21
-61.4749889999999937
 31
0
  0
LINE
  5
1AD
330
22
100
AcDbEntity
  8
F.Silkscreen
  6
CONTINUOUS
100
AcDbLine
 10
128.5420440000000042
 20
-61.4749889999999937
 30
0
 11
128.562862999999993
 21
-61.2319460000000007
 31
0
  0
LINE
  5
1AE
330
22
100
AcDbEntity
  8
F.Silkscreen
  6
CONTINUOUS
100
AcDbLine
 10
128.562862999999993
 20
-61.2319460000000007
 30
0
 11
128.6193820000000017
 21
-60.9702579999999941
 31
0
  0
LINE
  5
1AF
330
22
100
AcDbEntity
  8
F.Silkscreen
  6
CONTINUOUS
100
AcDbLine
 10
128.6193820000000017
 20
-60.9702579999999941
 30
0
 11
128.7086569999999881
 21
-60.7178599999999946
 31
0
  0
LINE
  5
1B0
330
22
100
AcDbEntity
  8
F.Silkscreen
  6
CONTINUOUS
100
AcDbLine
 10
128.7086569999999881
 20
-60.7178599999999946
 30
0
 11
128.829244999999986
 21
-60.4788329999999945
 31
0
  0
LINE
  5
1B1
330
22
100
AcDbEntity
  8
F.Silkscreen
  6
CONTINUOUS
100
AcDbLine
 10
128.829244999999986
 20
-60.4788329999999945
 30
0
 11
128.9791960000000017
 21
-60.257044999999998
 31
0
  0
LINE
  5
1B2
330
22
100
AcDbEntity
  8
F.Silkscreen
  6
CONTINUOUS
100
AcDbLine
 10
128.9791960000000017
 20
-60.257044999999998
 30
0
 11
129.1560829999999953
 21
-60.0560829999999939
 31
0
  0
LINE
  5
1B3
330
22
100
AcDbEntity
  8
F.Silkscreen
  6
CONTINUOUS
100
AcDbLine
 10
129.1560829999999953
 20
-60.0560829999999939
 30
0
 11
129.3570449999999994
 21
-59.8791960000000003
 31
0
  0
LINE
  5
1B4
330
22
100
AcDbEntity
  8
F.Silkscreen
  6
CONTINUOUS
100
AcDbLine
 10
129.3570449999999994
 20
-59.8791960000000003
 30
0
 11
129.578833000000003
 21
-59.7292449999999988
 31
0
  0
LINE
  5
1B5
330
22
100
AcDbEntity
  8
F.Silkscreen
  6
CONTINUOUS
100
AcDbLine
 10
129.578833000000003
 20
-59.7292449999999988
 30
0
 11
129.817859999999996
 21
-59.6086569999999938
 31
0
  0
LINE
  5
1B6
330
22
100
AcDbEntity
  8
F.Silkscreen
  6
CONTINUOUS
100
AcDbLine
 10
129.817859999999996
 20
-59.6086569999999938
 30
0
 11
130.0702579999999955
 21
-59.5193820000000002
 31
0
  0
LINE
  5
1B7
330
22
100
AcDbEntity
  8
F.Silkscreen
  6
CONTINUOUS
100
AcDbLine
 10
130.0702579999999955
 20
-59.5193820000000002
 30
0
 11
130.3319459999999879
 21
-59.4628629999999987
 31
0
  0
LINE
  5
1B8
330
22
100
AcDbEntity
  8
F.Silkscreen
  6
CONTINUOUS
100
AcDbLine
 10
130.3319459999999879
 20
-59.4628629999999987
 30
0
 11
130.578000000000003
 21
-59.4417860000000005
 31
0
  0
LINE
  5
1B9
330
22
100
AcDbEntity
  8
F.Silkscreen
  6
CONTINUOUS
100
AcDbLine
 10
130.578000000000003
 20
-59.4417860000000005
 30
0
 11
130.5999999999999943
 21
-59.4374099999999999
 31
0
  0
LINE
  5
1BA
330
22
100
AcDbEntity
  8
F.Silkscreen
  6
CONTINUOUS
100
AcDbLine
 10
130.5999999999999943
 20
-59.4374099999999999
 30
0
 11
132.9364999999999952
 21
-59.4374099999999999
 31
0
  0
LINE
  5
1BB
330
22
100
AcDbEntity
  8
F.Silkscreen
  6
CONTINUOUS
100
AcDbLine
 10
132.9364999999999952
 20
-59.4374099999999999
 30
0
 11
132.9364999999999952
 21
-58.0759699999999981
 31
0
  0
LINE
  5
1BC
330
22
100
AcDbEntity
  8
F.Silkscreen
  6
CONTINUOUS
100
AcDbLine
 10
132.9364999999999952
 20
-58.0759699999999981
 30
0
 11
132.9413339999999835
 21
-58.0516699999999943
 31
0
  0
LINE
  5
1BD
330
22
100
AcDbEntity
  8
F.Silkscreen
  6
CONTINUOUS
100
AcDbLine
 10
132.9413339999999835
 20
-58.0516699999999943
 30
0
 11
132.9756999999999891
 21
-58.0173039999999958
 31
0
  0
LINE
  5
1BE
330
22
100
AcDbEntity
  8
F.Silkscreen
  6
CONTINUOUS
100
AcDbLine
 10
132.9756999999999891
 20
-58.0173039999999958
 30
0
 11
133.
 21
-58.0124700000000004
 31
0
  0
LINE
  5
1BF
330
22
100
AcDbEntity
  8
F.Silkscreen
  6
CONTINUOUS
100
AcDbLine
 10
133.
 20
-58.0124700000000004
 30
0
 11
142.
 21
-58.0124700000000004
 31
0
  0
LINE
  5
1C0
330
22
100
AcDbEntity
  8
F.Silkscreen
  6
CONTINUOUS
100
AcDbLine
 10
142.
 20
-58.0124700000000004
 30
0
 11
142.0242999999999824
 21
-58.0173039999999958
 31
0
  0
LINE
  5
1C1
330
22
100
AcDbEntity
  8
F.Silkscreen
  6
CONTINUOUS
100
AcDbLine
 10
144.4000000000000057
 20
-59.5644099999999952
 30
0
 11
142.0635000000000048
 21
-59.5644099999999952
 31
0
  0
LINE
  5
1C2
330
22
100
AcDbEntity
  8
F.Silkscreen
  6
CONTINUOUS
100
AcDbLine
 10
142.0635000000000048
 20
-59.5644099999999952
 30
0
 11
142.0635000000000048
 21
-65.4292700000000025
 31
0
  0
LINE
  5
1C3
330
22
100
AcDbEntity
  8
F.Silkscreen
  6
CONTINUOUS
100
AcDbLine
 10
142.0635000000000048
 20
-65.4292700000000025
 30
0
 11
142.0586659999999881
 21
-65.4535699999999991
 31
0
  0
LINE
  5
1C4
330
22
100
AcDbEntity
  8
F.Silkscreen
  6
CONTINUOUS
100
AcDbLine
 10
142.0586659999999881
 20
-65.4535699999999991
 30
0
 11
142.0242999999999824
 21
-65.4879359999999906
 31
0
  0
LINE
  5
1C5
330
22
100
AcDbEntity
  8
F.Silkscreen
  6
CONTINUOUS
100
AcDbLine
 10
142.0242999999999824
 20
-65.4879359999999906
 30
0
 11
142.
 21
-65.492769999999993
 31
0
  0
LINE
  5
1C6
330
22
100
AcDbEntity
  8
F.Silkscreen
  6
CONTINUOUS
100
AcDbLine
 10
142.
 20
-65.492769999999993
 30
0
 11
133.
 21
-65.492769999999993
 31
0
  0
LINE
  5
1C7
330
22
100
AcDbEntity
  8
F.Silkscreen
  6
CONTINUOUS
100
AcDbLine
 10
133.
 20
-65.492769999999993
 30
0
 11
132.9756999999999891
 21
-65.4879359999999906
 31
0
  0
LINE
  5
1C8
330
22
100
AcDbEntity
  8
F.Silkscreen
  6
CONTINUOUS
100
AcDbLine
 10
132.9756999999999891
 20
-65.4879359999999906
 30
0
 11
132.9413339999999835
 21
-65.4535699999999991
 31
0
  0
LINE
  5
1C9
330
22
100
AcDbEntity
  8
F.Silkscreen
  6
CONTINUOUS
100
AcDbLine
 10
132.9413339999999835
 20
-65.4535699999999991
 30
0
 11
132.9364999999999952
 21
-65.4292700000000025
 31
0
  0
LINE
  5
1CA
330
22
100
AcDbEntity
  8
F.Silkscreen
  6
CONTINUOUS
100
AcDbLine
 10
132.9364999999999952
 20
-65.4292700000000025
 30
0
 11
132.9364999999999952
 21
-59.5644099999999952
 31
0
  0
LINE
  5
1CB
330
22
100
AcDbEntity
  8
F.Silkscreen
  6
CONTINUOUS
100
AcDbLine
 10
132.9364999999999952
 20
-59.5644099999999952
 30
0
 11
130.5999999999999943
 21
-59.5644099999999952
 31
0
  0
LINE
  5
1CC
330
22
100
AcDbEntity
  8
F.Silkscreen
  6
CONTINUOUS
100
AcDbLine
 10
130.5999999999999943
 20
-59.5644099999999952
 30
0
 11
130.5800409999999943
 21
-59.5604389999999952
 31
0
  0
LINE
  5
1CD
330
22
100
AcDbEntity
  8
F.Silkscreen
  6
CONTINUOUS
100
AcDbLine
 10
130.5800409999999943
 20
-59.5604389999999952
 30
0
 11
130.4748469999999827
 21
-59.5626839999999973
 31
0
  0
LINE
  5
1CE
330
22
100
AcDbEntity
  8
F.Silkscreen
  6
CONTINUOUS
100
AcDbLine
 10
130.4748469999999827
 20
-59.5626839999999973
 30
0
 11
130.2246729999999957
 21
-59.6002579999999966
 31
0
  0
LINE
  5
1CF
330
22
100
AcDbEntity
  8
F.Silkscreen
  6
CONTINUOUS
100
AcDbLine
 10
130.2246729999999957
 20
-59.6002579999999966
 30
0
 11
129.9812909999999988
 21
-59.6692819999999955
 31
0
  0
LINE
  5
1D0
330
22
100
AcDbEntity
  8
F.Silkscreen
  6
CONTINUOUS
100
AcDbLine
 10
129.9812909999999988
 20
-59.6692819999999955
 30
0
 11
129.7486370000000022
 21
-59.7686369999999982
 31
0
  0
LINE
  5
1D1
330
22
100
AcDbEntity
  8
F.Silkscreen
  6
CONTINUOUS
100
AcDbLine
 10
129.7486370000000022
 20
-59.7686369999999982
 30
0
 11
129.5304759999999931
 21
-59.8967169999999953
 31
0
  0
LINE
  5
1D2
330
22
100
AcDbEntity
  8
F.Silkscreen
  6
CONTINUOUS
100
AcDbLine
 10
129.5304759999999931
 20
-59.8967169999999953
 30
0
 11
129.3303339999999935
 21
-60.0514499999999956
 31
0
  0
LINE
  5
1D3
330
22
100
AcDbEntity
  8
F.Silkscreen
  6
CONTINUOUS
100
AcDbLine
 10
129.3303339999999935
 20
-60.0514499999999956
 30
0
 11
129.1514499999999828
 21
-60.2303339999999992
 31
0
  0
LINE
  5
1D4
330
22
100
AcDbEntity
  8
F.Silkscreen
  6
CONTINUOUS
100
AcDbLine
 10
129.1514499999999828
 20
-60.2303339999999992
 30
0
 11
128.9967169999999896
 21
-60.4304759999999987
 31
0
  0
LINE
  5
1D5
330
22
100
AcDbEntity
  8
F.Silkscreen
  6
CONTINUOUS
100
AcDbLine
 10
128.9967169999999896
 20
-60.4304759999999987
 30
0
 11
128.8686370000000068
 21
-60.6486370000000008
 31
0
  0
LINE
  5
1D6
330
22
100
AcDbEntity
  8
F.Silkscreen
  6
CONTINUOUS
100
AcDbLine
 10
128.8686370000000068
 20
-60.6486370000000008
 30
0
 11
128.769282000000004
 21
-60.8812909999999974
 31
0
  0
LINE
  5
1D7
330
22
100
AcDbEntity
  8
F.Silkscreen
  6
CONTINUOUS
100
AcDbLine
 10
128.769282000000004
 20
-60.8812909999999974
 30
0
 11
128.7002579999999909
 21
-61.1246729999999943
 31
0
  0
LINE
  5
1D8
330
22
100
AcDbEntity
  8
F.Silkscreen
  6
CONTINUOUS
100
AcDbLine
 10
128.7002579999999909
 20
-61.1246729999999943
 30
0
 11
128.6626839999999845
 21
-61.3748469999999955
 31
0
  0
LINE
  5
1D9
330
22
100
AcDbEntity
  8
F.Silkscreen
  6
CONTINUOUS
100
AcDbLine
 10
128.6626839999999845
 20
-61.3748469999999955
 30
0
 11
128.6603509999999915
 21
-61.4841729999999984
 31
0
  0
LINE
  5
1DA
330
22
100
AcDbEntity
  8
F.Silkscreen
  6
CONTINUOUS
100
AcDbLine
 10
128.6603509999999915
 20
-61.4841729999999984
 30
0
 11
128.6634999999999991
 21
-61.5
 31
0
  0
LINE
  5
1DB
330
22
100
AcDbEntity
  8
F.Silkscreen
  6
CONTINUOUS
100
AcDbLine
 10
128.6634999999999991
 20
-61.5
 30
0
 11
128.6634999999999991
 21
-78.5
 31
0
  0
LINE
  5
1DC
330
22
100
AcDbEntity
  8
F.Silkscreen
  6
CONTINUOUS
100
AcDbLine
 10
128.6634999999999991
 20
-78.5
 30
0
 11
128.6603529999999864
 21
-78.5158179999999959
 31
0
  0
LINE
  5
1DD
330
22
100
AcDbEntity
  8
F.Silkscreen
  6
CONTINUOUS
100
AcDbLine
 10
128.6603529999999864
 20
-78.5158179999999959
 30
0
 11
128.6626969999999801
 21
-78.6251419999999968
 31
0
  0
LINE
  5
1DE
330
22
100
AcDbEntity
  8
F.Silkscreen
  6
CONTINUOUS
100
AcDbLine
 10
128.6626969999999801
 20
-78.6251419999999968
 30
0
 11
128.7002949999999828
 21
-78.8753059999999948
 31
0
  0
LINE
  5
1DF
330
22
100
AcDbEntity
  8
F.Silkscreen
  6
CONTINUOUS
100
AcDbLine
 10
128.7002949999999828
 20
-78.8753059999999948
 30
0
 11
128.7693349999999839
 21
-79.1186759999999936
 31
0
  0
LINE
  5
1E0
330
22
100
AcDbEntity
  8
F.Silkscreen
  6
CONTINUOUS
100
AcDbLine
 10
128.7693349999999839
 20
-79.1186759999999936
 30
0
 11
128.8687009999999873
 21
-79.3513169999999946
 31
0
  0
LINE
  5
1E1
330
22
100
AcDbEntity
  8
F.Silkscreen
  6
CONTINUOUS
100
AcDbLine
 10
128.8687009999999873
 20
-79.3513169999999946
 30
0
 11
128.996785999999986
 21
-79.5694680000000005
 31
0
  0
LINE
  5
1E2
330
22
100
AcDbEntity
  8
F.Silkscreen
  6
CONTINUOUS
100
AcDbLine
 10
128.996785999999986
 20
-79.5694680000000005
 30
0
 11
129.1515190000000075
 21
-79.7696009999999944
 31
0
  0
LINE
  5
1E3
330
22
100
AcDbEntity
  8
F.Silkscreen
  6
CONTINUOUS
100
AcDbLine
 10
129.1515190000000075
 20
-79.7696009999999944
 30
0
 11
129.3303989999999999
 21
-79.948481000000001
 31
0
  0
LINE
  5
1E4
330
22
100
AcDbEntity
  8
F.Silkscreen
  6
CONTINUOUS
100
AcDbLine
 10
129.3303989999999999
 20
-79.948481000000001
 30
0
 11
129.5305319999999938
 21
-80.1032139999999941
 31
0
  0
LINE
  5
1E5
330
22
100
AcDbEntity
  8
F.Silkscreen
  6
CONTINUOUS
100
AcDbLine
 10
129.5305319999999938
 20
-80.1032139999999941
 30
0
 11
129.7486829999999998
 21
-80.2312989999999928
 31
0
  0
LINE
  5
1E6
330
22
100
AcDbEntity
  8
F.Silkscreen
  6
CONTINUOUS
100
AcDbLine
 10
129.7486829999999998
 20
-80.2312989999999928
 30
0
 11
129.9813240000000008
 21
-80.3306649999999962
 31
0
  0
LINE
  5
1E7
330
22
100
AcDbEntity
  8
F.Silkscreen
  6
CONTINUOUS
100
AcDbLine
 10
129.9813240000000008
 20
-80.3306649999999962
 30
0
 11
130.2246939999999995
 21
-80.3997049999999973
 31
0
  0
LINE
  5
1E8
330
22
100
AcDbEntity
  8
F.Silkscreen
  6
CONTINUOUS
100
AcDbLine
 10
130.2246939999999995
 20
-80.3997049999999973
 30
0
 11
130.4748579999999833
 21
-80.437303
 31
0
  0
LINE
  5
1E9
330
22
100
AcDbEntity
  8
F.Silkscreen
  6
CONTINUOUS
100
AcDbLine
 10
130.4748579999999833
 20
-80.437303
 30
0
 11
130.5841810000000009
 21
-80.4396459999999962
 31
0
  0
LINE
  5
1EA
330
22
100
AcDbEntity
  8
F.Silkscreen
  6
CONTINUOUS
100
AcDbLine
 10
130.5841810000000009
 20
-80.4396459999999962
 30
0
 11
130.5999999999999943
 21
-80.4364999999999952
 31
0
  0
LINE
  5
1EB
330
22
100
AcDbEntity
  8
F.Silkscreen
  6
CONTINUOUS
100
AcDbLine
 10
130.5999999999999943
 20
-80.4364999999999952
 30
0
 11
144.4000000000000057
 21
-80.4364999999999952
 31
0
  0
LINE
  5
1EC
330
22
100
AcDbEntity
  8
F.Silkscreen
  6
CONTINUOUS
100
AcDbLine
 10
144.4000000000000057
 20
-80.4364999999999952
 30
0
 11
144.4175939999999798
 21
-80.4399999999999977
 31
0
  0
LINE
  5
1ED
330
22
100
AcDbEntity
  8
F.Silkscreen
  6
CONTINUOUS
100
AcDbLine
 10
144.4175939999999798
 20
-80.4399999999999977
 30
0
 11
144.5271539999999959
 21
-80.4399999999999977
 31
0
  0
LINE
  5
1EE
330
22
100
AcDbEntity
  8
F.Silkscreen
  6
CONTINUOUS
100
AcDbLine
 10
144.5271539999999959
 20
-80.4399999999999977
 30
0
 11
144.7792879999999798
 21
-80.4068070000000006
 31
0
  0
LINE
  5
1EF
330
22
100
AcDbEntity
  8
F.Silkscreen
  6
CONTINUOUS
100
AcDbLine
 10
144.7792879999999798
 20
-80.4068070000000006
 30
0
 11
145.0249309999999809
 21
-80.3409869999999984
 31
0
  0
LINE
  5
1F0
330
22
100
AcDbEntity
  8
F.Silkscreen
  6
CONTINUOUS
100
AcDbLine
 10
145.0249309999999809
 20
-80.3409869999999984
 30
0
 11
145.2598820000000046
 21
-80.2436670000000021
 31
0
  0
LINE
  5
1F1
330
22
100
AcDbEntity
  8
F.Silkscreen
  6
CONTINUOUS
100
AcDbLine
 10
145.2598820000000046
 20
-80.2436670000000021
 30
0
 11
145.480119000000002
 21
-80.1165129999999976
 31
0
  0
LINE
  5
1F2
330
22
100
AcDbEntity
  8
F.Silkscreen
  6
CONTINUOUS
100
AcDbLine
 10
145.480119000000002
 20
-80.1165129999999976
 30
0
 11
145.6818759999999884
 21
-79.9616999999999933
 31
0
  0
LINE
  5
1F3
330
22
100
AcDbEntity
  8
F.Silkscreen
  6
CONTINUOUS
100
AcDbLine
 10
145.6818759999999884
 20
-79.9616999999999933
 30
0
 11
145.8616999999999848
 21
-79.7818759999999969
 31
0
  0
LINE
  5
1F4
330
22
100
AcDbEntity
  8
F.Silkscreen
  6
CONTINUOUS
100
AcDbLine
 10
145.8616999999999848
 20
-79.7818759999999969
 30
0
 11
146.0165130000000033
 21
-79.5801189999999963
 31
0
  0
LINE
  5
1F5
330
22
100
AcDbEntity
  8
F.Silkscreen
  6
CONTINUOUS
100
AcDbLine
 10
146.0165130000000033
 20
-79.5801189999999963
 30
0
 11
146.1436669999999935
 21
-79.3598819999999989
 31
0
  0
LINE
  5
1F6
330
22
100
AcDbEntity
  8
F.Silkscreen
  6
CONTINUOUS
100
AcDbLine
 10
146.1436669999999935
 20
-79.3598819999999989
 30
0
 11
146.2409869999999898
 21
-79.1249309999999895
 31
0
  0
LINE
  5
1F7
330
22
100
AcDbEntity
  8
F.Silkscreen
  6
CONTINUOUS
100
AcDbLine
 10
146.2409869999999898
 20
-79.1249309999999895
 30
0
 11
146.3068069999999921
 21
-78.8792880000000025
 31
0
  0
LINE
  5
1F8
330
22
100
AcDbEntity
  8
F.Silkscreen
  6
CONTINUOUS
100
AcDbLine
 10
146.3068069999999921
 20
-78.8792880000000025
 30
0
 11
146.3400000000000034
 21
-78.6271539999999902
 31
0
  0
LINE
  5
1F9
330
22
100
AcDbEntity
  8
F.Silkscreen
  6
CONTINUOUS
100
AcDbLine
 10
146.3400000000000034
 20
-78.6271539999999902
 30
0
 11
146.3400000000000034
 21
-78.5175940000000026
 31
0
  0
LINE
  5
1FA
330
22
100
AcDbEntity
  8
F.Silkscreen
  6
CONTINUOUS
100
AcDbLine
 10
146.3400000000000034
 20
-78.5175940000000026
 30
0
 11
146.3365000000000009
 21
-78.5
 31
0
  0
LINE
  5
1FB
330
22
100
AcDbEntity
  8
F.Silkscreen
  6
CONTINUOUS
100
AcDbLine
 10
146.3365000000000009
 20
-78.5
 30
0
 11
146.3365000000000009
 21
-61.5
 31
0
  0
LINE
  5
1FC
330
22
100
AcDbEntity
  8
F.Silkscreen
  6
CONTINUOUS
100
AcDbLine
 10
146.3365000000000009
 20
-61.5
 30
0
 11
146.3396479999999826
 21
-61.4841729999999984
 31
0
  0
LINE
  5
1FD
330
22
100
AcDbEntity
  8
F.Silkscreen
  6
CONTINUOUS
100
AcDbLine
 10
146.3396479999999826
 20
-61.4841729999999984
 30
0
 11
146.3373159999999871
 21
-61.3748469999999955
 31
0
  0
LINE
  5
1FE
330
22
100
AcDbEntity
  8
F.Silkscreen
  6
CONTINUOUS
100
AcDbLine
 10
146.3373159999999871
 20
-61.3748469999999955
 30
0
 11
146.2997419999999806
 21
-61.1246729999999943
 31
0
  0
LINE
  5
1FF
330
22
100
AcDbEntity
  8
F.Silkscreen
  6
CONTINUOUS
100
AcDbLine
 10
146.2997419999999806
 20
-61.1246729999999943
 30
0
 11
146.230717999999996
 21
-60.8812909999999974
 31
0
  0
LINE
  5
200
330
22
100
AcDbEntity
  8
F.Silkscreen
  6
CONTINUOUS
100
AcDbLine
 10
146.230717999999996
 20
-60.8812909999999974
 30
0
 11
146.1313629999999932
 21
-60.6486370000000008
 31
0
  0
LINE
  5
201
330
22
100
AcDbEntity
  8
F.Silkscreen
  6
CONTINUOUS
100
AcDbLine
 10
146.1313629999999932
 20
-60.6486370000000008
 30
0
 11
146.0032829999999819
 21
-60.4304759999999987
 31
0
  0
LINE
  5
202
330
22
100
AcDbEntity
  8
F.Silkscreen
  6
CONTINUOUS
100
AcDbLine
 10
146.0032829999999819
 20
-60.4304759999999987
 30
0
 11
145.8485499999999888
 21
-60.2303339999999992
 31
0
  0
LINE
  5
203
330
22
100
AcDbEntity
  8
F.Silkscreen
  6
CONTINUOUS
100
AcDbLine
 10
145.8485499999999888
 20
-60.2303339999999992
 30
0
 11
145.6696660000000065
 21
-60.0514499999999956
 31
0
  0
LINE
  5
204
330
22
100
AcDbEntity
  8
F.Silkscreen
  6
CONTINUOUS
100
AcDbLine
 10
145.6696660000000065
 20
-60.0514499999999956
 30
0
 11
145.4695240000000069
 21
-59.8967169999999953
 31
0
  0
LINE
  5
205
330
22
100
AcDbEntity
  8
F.Silkscreen
  6
CONTINUOUS
100
AcDbLine
 10
145.4695240000000069
 20
-59.8967169999999953
 30
0
 11
145.2513629999999978
 21
-59.7686369999999982
 31
0
  0
LINE
  5
206
330
22
100
AcDbEntity
  8
F.Silkscreen
  6
CONTINUOUS
100
AcDbLine
 10
145.2513629999999978
 20
-59.7686369999999982
 30
0
 11
145.0187090000000012
 21
-59.6692819999999955
 31
0
  0
LINE
  5
207
330
22
100
AcDbEntity
  8
F.Silkscreen
  6
CONTINUOUS
100
AcDbLine
 10
145.0187090000000012
 20
-59.6692819999999955
 30
0
 11
144.7753270000000043
 21
-59.6002579999999966
 31
0
  0
LINE
  5
208
330
22
100
AcDbEntity
  8
F.Silkscreen
  6
CONTINUOUS
100
AcDbLine
 10
144.7753270000000043
 20
-59.6002579999999966
 30
0
 11
144.5251529999999889
 21
-59.5626839999999973
 31
0
  0
LINE
  5
209
330
22
100
AcDbEntity
  8
F.Silkscreen
  6
CONTINUOUS
100
AcDbLine
 10
144.5251529999999889
 20
-59.5626839999999973
 30
0
 11
144.4199579999999798
 21
-59.5604389999999952
 31
0
  0
LINE
  5
20A
330
22
100
AcDbEntity
  8
F.Silkscreen
  6
CONTINUOUS
100
AcDbLine
 10
144.4199579999999798
 20
-59.5604389999999952
 30
0
 11
144.4000000000000057
 21
-59.5644099999999952
 31
0
  0
LINE
  5
20B
330
22
100
AcDbEntity
  8
F.Silkscreen
  6
CONTINUOUS
100
AcDbLine
 10
133.0635000000000048
 20
-59.5644099999999952
 30
0
 11
133.0635000000000048
 21
-65.3657699999999977
 31
0
  0
LINE
  5
20C
330
22
100
AcDbEntity
  8
F.Silkscreen
  6
CONTINUOUS
100
AcDbLine
 10
133.0635000000000048
 20
-65.3657699999999977
 30
0
 11
141.9364999999999952
 21
-65.3657699999999977
 31
0
  0
LINE
  5
20D
330
22
100
AcDbEntity
  8
F.Silkscreen
  6
CONTINUOUS
100
AcDbLine
 10
141.9364999999999952
 20
-65.3657699999999977
 30
0
 11
141.9364999999999952
 21
-59.5644099999999952
 31
0
  0
LINE
  5
20E
330
22
100
AcDbEntity
  8
F.Silkscreen
  6
CONTINUOUS
100
AcDbLine
 10
141.9364999999999952
 20
-59.5644099999999952
 30
0
 11
133.0635000000000048
 21
-59.5644099999999952
 31
0
  0
LINE
  5
20F
330
22
100
AcDbEntity
  8
F.Silkscreen
  6
CONTINUOUS
100
AcDbLine
 10
133.0635000000000048
 20
-58.1394699999999958
 30
0
 11
133.0635000000000048
 21
-59.4374099999999999
 31
0
  0
LINE
  5
210
330
22
100
AcDbEntity
  8
F.Silkscreen
  6
CONTINUOUS
100
AcDbLine
 10
133.0635000000000048
 20
-59.4374099999999999
 30
0
 11
141.9364999999999952
 21
-59.4374099999999999
 31
0
  0
LINE
  5
211
330
22
100
AcDbEntity
  8
F.Silkscreen
  6
CONTINUOUS
100
AcDbLine
 10
141.9364999999999952
 20
-59.4374099999999999
 30
0
 11
141.9364999999999952
 21
-58.1394699999999958
 31
0
  0
LINE
  5
212
330
22
100
AcDbEntity
  8
F.Silkscreen
  6
CONTINUOUS
100
AcDbLine
 10
141.9364999999999952
 20
-58.1394699999999958
 30
0
 11
133.0635000000000048
 21
-58.1394699999999958
 31
0
  0
LINE
  5
213
330
22
100
AcDbEntity
  8
F.Silkscreen
  6
CONTINUOUS
100
AcDbLine
 10
149.0860600000000034
 20
-79.2312599999999918
 30
0
 11
149.1130959999999845
 21
-79.2424589999999966
 31
0
  0
LINE
  5
214
330
22
100
AcDbEntity
  8
F.Silkscreen
  6
CONTINUOUS
100
AcDbLine
 10
149.1130959999999845
 20
-79.2424589999999966
 30
0
 11
149.1337879999999814
 21
-79.2631509999999935
 31
0
  0
LINE
  5
215
330
22
100
AcDbEntity
  8
F.Silkscreen
  6
CONTINUOUS
100
AcDbLine
 10
149.1337879999999814
 20
-79.2631509999999935
 30
0
 11
149.1449869999999862
 21
-79.2901870000000031
 31
0
  0
LINE
  5
216
330
22
100
AcDbEntity
  8
F.Silkscreen
  6
CONTINUOUS
100
AcDbLine
 10
149.1449869999999862
 20
-79.2901870000000031
 30
0
 11
149.1449869999999862
 21
-79.3194510000000008
 31
0
  0
LINE
  5
217
330
22
100
AcDbEntity
  8
F.Silkscreen
  6
CONTINUOUS
100
AcDbLine
 10
149.1449869999999862
 20
-79.3194510000000008
 30
0
 11
149.1337879999999814
 21
-79.3464869999999962
 31
0
  0
LINE
  5
218
330
22
100
AcDbEntity
  8
F.Silkscreen
  6
CONTINUOUS
100
AcDbLine
 10
149.1337879999999814
 20
-79.3464869999999962
 30
0
 11
149.1130959999999845
 21
-79.367178999999993
 31
0
  0
LINE
  5
219
330
22
100
AcDbEntity
  8
F.Silkscreen
  6
CONTINUOUS
100
AcDbLine
 10
149.1130959999999845
 20
-79.367178999999993
 30
0
 11
149.0860600000000034
 21
-79.3783779999999979
 31
0
  0
LINE
  5
21A
330
22
100
AcDbEntity
  8
F.Silkscreen
  6
CONTINUOUS
100
AcDbLine
 10
149.0860600000000034
 20
-79.3783779999999979
 30
0
 11
149.0714279999999974
 21
-79.3798189999999977
 31
0
  0
LINE
  5
21B
330
22
100
AcDbEntity
  8
F.Silkscreen
  6
CONTINUOUS
100
AcDbLine
 10
149.0714279999999974
 20
-79.3798189999999977
 30
0
 11
148.6702379999999835
 21
-79.3798189999999977
 31
0
  0
LINE
  5
21C
330
22
100
AcDbEntity
  8
F.Silkscreen
  6
CONTINUOUS
100
AcDbLine
 10
148.6702379999999835
 20
-79.3798189999999977
 30
0
 11
148.6702379999999835
 21
-79.7060089999999946
 31
0
  0
LINE
  5
21D
330
22
100
AcDbEntity
  8
F.Silkscreen
  6
CONTINUOUS
100
AcDbLine
 10
148.6702379999999835
 20
-79.7060089999999946
 30
0
 11
148.9285710000000051
 21
-79.7060089999999946
 31
0
  0
LINE
  5
21E
330
22
100
AcDbEntity
  8
F.Silkscreen
  6
CONTINUOUS
100
AcDbLine
 10
148.9285710000000051
 20
-79.7060089999999946
 30
0
 11
148.9432029999999827
 21
-79.7074499999999944
 31
0
  0
LINE
  5
21F
330
22
100
AcDbEntity
  8
F.Silkscreen
  6
CONTINUOUS
100
AcDbLine
 10
148.9432029999999827
 20
-79.7074499999999944
 30
0
 11
148.9702389999999923
 21
-79.7186489999999992
 31
0
  0
LINE
  5
220
330
22
100
AcDbEntity
  8
F.Silkscreen
  6
CONTINUOUS
100
AcDbLine
 10
148.9702389999999923
 20
-79.7186489999999992
 30
0
 11
148.9909309999999891
 21
-79.739340999999996
 31
0
  0
LINE
  5
221
330
22
100
AcDbEntity
  8
F.Silkscreen
  6
CONTINUOUS
100
AcDbLine
 10
148.9909309999999891
 20
-79.739340999999996
 30
0
 11
149.002129999999994
 21
-79.7663769999999914
 31
0
  0
LINE
  5
222
330
22
100
AcDbEntity
  8
F.Silkscreen
  6
CONTINUOUS
100
AcDbLine
 10
149.002129999999994
 20
-79.7663769999999914
 30
0
 11
149.002129999999994
 21
-79.7956410000000034
 31
0
  0
LINE
  5
223
330
22
100
AcDbEntity
  8
F.Silkscreen
  6
CONTINUOUS
100
AcDbLine
 10
149.002129999999994
 20
-79.7956410000000034
 30
0
 11
148.9909309999999891
 21
-79.8226769999999988
 31
0
  0
LINE
  5
224
330
22
100
AcDbEntity
  8
F.Silkscreen
  6
CONTINUOUS
100
AcDbLine
 10
148.9909309999999891
 20
-79.8226769999999988
 30
0
 11
148.9702389999999923
 21
-79.8433689999999956
 31
0
  0
LINE
  5
225
330
22
100
AcDbEntity
  8
F.Silkscreen
  6
CONTINUOUS
100
AcDbLine
 10
148.9702389999999923
 20
-79.8433689999999956
 30
0
 11
148.9432029999999827
 21
-79.8545680000000004
 31
0
  0
LINE
  5
226
330
22
100
AcDbEntity
  8
F.Silkscreen
  6
CONTINUOUS
100
AcDbLine
 10
148.9432029999999827
 20
-79.8545680000000004
 30
0
 11
148.9285710000000051
 21
-79.8560090000000002
 31
0
  0
LINE
  5
227
330
22
100
AcDbEntity
  8
F.Silkscreen
  6
CONTINUOUS
100
AcDbLine
 10
148.9285710000000051
 20
-79.8560090000000002
 30
0
 11
148.6702379999999835
 21
-79.8560090000000002
 31
0
  0
LINE
  5
228
330
22
100
AcDbEntity
  8
F.Silkscreen
  6
CONTINUOUS
100
AcDbLine
 10
148.6702379999999835
 20
-79.8560090000000002
 30
0
 11
148.6702379999999835
 21
-80.229818999999992
 31
0
  0
LINE
  5
229
330
22
100
AcDbEntity
  8
F.Silkscreen
  6
CONTINUOUS
100
AcDbLine
 10
148.6702379999999835
 20
-80.229818999999992
 30
0
 11
149.0714279999999974
 21
-80.229818999999992
 31
0
  0
LINE
  5
22A
330
22
100
AcDbEntity
  8
F.Silkscreen
  6
CONTINUOUS
100
AcDbLine
 10
149.0714279999999974
 20
-80.229818999999992
 30
0
 11
149.0860600000000034
 21
-80.2312599999999918
 31
0
  0
LINE
  5
22B
330
22
100
AcDbEntity
  8
F.Silkscreen
  6
CONTINUOUS
100
AcDbLine
 10
149.0860600000000034
 20
-80.2312599999999918
 30
0
 11
149.1130959999999845
 21
-80.2424589999999966
 31
0
  0
LINE
  5
22C
330
22
100
AcDbEntity
  8
F.Silkscreen
  6
CONTINUOUS
100
AcDbLine
 10
149.1130959999999845
 20
-80.2424589999999966
 30
0
 11
149.1337879999999814
 21
-80.2631509999999935
 31
0
  0
LINE
  5
22D
330
22
100
AcDbEntity
  8
F.Silkscreen
  6
CONTINUOUS
100
AcDbLine
 10
149.1337879999999814
 20
-80.2631509999999935
 30
0
 11
149.1449869999999862
 21
-80.2901870000000031
 31
0
  0
LINE
  5
22E
330
22
100
AcDbEntity
  8
F.Silkscreen
  6
CONTINUOUS
100
AcDbLine
 10
149.1449869999999862
 20
-80.2901870000000031
 30
0
 11
149.1449869999999862
 21
-80.3194510000000008
 31
0
  0
LINE
  5
22F
330
22
100
AcDbEntity
  8
F.Silkscreen
  6
CONTINUOUS
100
AcDbLine
 10
149.1449869999999862
 20
-80.3194510000000008
 30
0
 11
149.1337879999999814
 21
-80.3464869999999962
 31
0
  0
LINE
  5
230
330
22
100
AcDbEntity
  8
F.Silkscreen
  6
CONTINUOUS
100
AcDbLine
 10
149.1337879999999814
 20
-80.3464869999999962
 30
0
 11
149.1130959999999845
 21
-80.367178999999993
 31
0
  0
LINE
  5
231
330
22
100
AcDbEntity
  8
F.Silkscreen
  6
CONTINUOUS
100
AcDbLine
 10
149.1130959999999845
 20
-80.367178999999993
 30
0
 11
149.0860600000000034
 21
-80.3783779999999979
 31
0
  0
LINE
  5
232
330
22
100
AcDbEntity
  8
F.Silkscreen
  6
CONTINUOUS
100
AcDbLine
 10
149.0860600000000034
 20
-80.3783779999999979
 30
0
 11
149.0714279999999974
 21
-80.3798189999999977
 31
0
  0
LINE
  5
233
330
22
100
AcDbEntity
  8
F.Silkscreen
  6
CONTINUOUS
100
AcDbLine
 10
149.0714279999999974
 20
-80.3798189999999977
 30
0
 11
148.5952379999999948
 21
-80.3798189999999977
 31
0
  0
LINE
  5
234
330
22
100
AcDbEntity
  8
F.Silkscreen
  6
CONTINUOUS
100
AcDbLine
 10
148.5952379999999948
 20
-80.3798189999999977
 30
0
 11
148.5806059999999889
 21
-80.3783779999999979
 31
0
  0
LINE
  5
235
330
22
100
AcDbEntity
  8
F.Silkscreen
  6
CONTINUOUS
100
AcDbLine
 10
148.5806059999999889
 20
-80.3783779999999979
 30
0
 11
148.5535699999999792
 21
-80.367178999999993
 31
0
  0
LINE
  5
236
330
22
100
AcDbEntity
  8
F.Silkscreen
  6
CONTINUOUS
100
AcDbLine
 10
148.5535699999999792
 20
-80.367178999999993
 30
0
 11
148.5328779999999824
 21
-80.3464869999999962
 31
0
  0
LINE
  5
237
330
22
100
AcDbEntity
  8
F.Silkscreen
  6
CONTINUOUS
100
AcDbLine
 10
148.5328779999999824
 20
-80.3464869999999962
 30
0
 11
148.521679000000006
 21
-80.3194510000000008
 31
0
  0
LINE
  5
238
330
22
100
AcDbEntity
  8
F.Silkscreen
  6
CONTINUOUS
100
AcDbLine
 10
148.521679000000006
 20
-80.3194510000000008
 30
0
 11
148.5202380000000062
 21
-80.3048189999999948
 31
0
  0
LINE
  5
239
330
22
100
AcDbEntity
  8
F.Silkscreen
  6
CONTINUOUS
100
AcDbLine
 10
148.5202380000000062
 20
-80.3048189999999948
 30
0
 11
148.5202380000000062
 21
-79.3048189999999948
 31
0
  0
LINE
  5
23A
330
22
100
AcDbEntity
  8
F.Silkscreen
  6
CONTINUOUS
100
AcDbLine
 10
148.5202380000000062
 20
-79.3048189999999948
 30
0
 11
148.521679000000006
 21
-79.2901870000000031
 31
0
  0
LINE
  5
23B
330
22
100
AcDbEntity
  8
F.Silkscreen
  6
CONTINUOUS
100
AcDbLine
 10
148.521679000000006
 20
-79.2901870000000031
 30
0
 11
148.5328779999999824
 21
-79.2631509999999935
 31
0
  0
LINE
  5
23C
330
22
100
AcDbEntity
  8
F.Silkscreen
  6
CONTINUOUS
100
AcDbLine
 10
148.5328779999999824
 20
-79.2631509999999935
 30
0
 11
148.5535699999999792
 21
-79.2424589999999966
 31
0
  0
LINE
  5
23D
330
22
100
AcDbEntity
  8
F.Silkscreen
  6
CONTINUOUS
100
AcDbLine
 10
148.5535699999999792
 20
-79.2424589999999966
 30
0
 11
148.5806059999999889
 21
-79.2312599999999918
 31
0
  0
LINE
  5
23E
330
22
100
AcDbEntity
  8
F.Silkscreen
  6
CONTINUOUS
100
AcDbLine
 10
148.5806059999999889
 20
-79.2312599999999918
 30
0
 11
148.5952379999999948
 21
-79.229818999999992
 31
0
  0
LINE
  5
23F
330
22
100
AcDbEntity
  8
F.Silkscreen
  6
CONTINUOUS
100
AcDbLine
 10
148.5952379999999948
 20
-79.229818999999992
 30
0
 11
149.0714279999999974
 21
-79.229818999999992
 31
0
  0
LINE
  5
240
330
22
100
AcDbEntity
  8
F.Silkscreen
  6
CONTINUOUS
100
AcDbLine
 10
149.0714279999999974
 20
-79.229818999999992
 30
0
 11
149.0860600000000034
 21
-79.2312599999999918
 31
0
  0
LINE
  5
241
330
22
100
AcDbEntity
  8
F.Silkscreen
  6
CONTINUOUS
100
AcDbLine
 10
147.9908219999999801
 20
-79.2312599999999918
 30
0
 11
147.9933110000000056
 21
-79.2322909999999894
 31
0
  0
LINE
  5
242
330
22
100
AcDbEntity
  8
F.Silkscreen
  6
CONTINUOUS
100
AcDbLine
 10
147.9933110000000056
 20
-79.2322909999999894
 30
0
 11
147.9959989999999834
 21
-79.2324819999999903
 31
0
  0
LINE
  5
243
330
22
100
AcDbEntity
  8
F.Silkscreen
  6
CONTINUOUS
100
AcDbLine
 10
147.9959989999999834
 20
-79.2324819999999903
 30
0
 11
148.0097309999999879
 21
-79.2377369999999956
 31
0
  0
LINE
  5
244
330
22
100
AcDbEntity
  8
F.Silkscreen
  6
CONTINUOUS
100
AcDbLine
 10
148.0097309999999879
 20
-79.2377369999999956
 30
0
 11
148.1049689999999828
 21
-79.2853559999999931
 31
0
  0
LINE
  5
245
330
22
100
AcDbEntity
  8
F.Silkscreen
  6
CONTINUOUS
100
AcDbLine
 10
148.1049689999999828
 20
-79.2853559999999931
 30
0
 11
148.1112679999999955
 21
-79.2893199999999894
 31
0
  0
LINE
  5
246
330
22
100
AcDbEntity
  8
F.Silkscreen
  6
CONTINUOUS
100
AcDbLine
 10
148.1112679999999955
 20
-79.2893199999999894
 30
0
 11
148.1130959999999845
 21
-79.2900779999999941
 31
0
  0
LINE
  5
247
330
22
100
AcDbEntity
  8
F.Silkscreen
  6
CONTINUOUS
100
AcDbLine
 10
148.1130959999999845
 20
-79.2900779999999941
 30
0
 11
148.1151519999999948
 21
-79.2917659999999955
 31
0
  0
LINE
  5
248
330
22
100
AcDbEntity
  8
F.Silkscreen
  6
CONTINUOUS
100
AcDbLine
 10
148.1151519999999948
 20
-79.2917659999999955
 30
0
 11
148.1174120000000016
 21
-79.2931880000000007
 31
0
  0
LINE
  5
249
330
22
100
AcDbEntity
  8
F.Silkscreen
  6
CONTINUOUS
100
AcDbLine
 10
148.1174120000000016
 20
-79.2931880000000007
 30
0
 11
148.1187109999999905
 21
-79.2946859999999987
 31
0
  0
LINE
  5
24A
330
22
100
AcDbEntity
  8
F.Silkscreen
  6
CONTINUOUS
100
AcDbLine
 10
148.1187109999999905
 20
-79.2946859999999987
 30
0
 11
148.1244609999999966
 21
-79.299404999999993
 31
0
  0
LINE
  5
24B
330
22
100
AcDbEntity
  8
F.Silkscreen
  6
CONTINUOUS
100
AcDbLine
 10
148.1244609999999966
 20
-79.299404999999993
 30
0
 11
148.172079999999994
 21
-79.3470239999999905
 31
0
  0
LINE
  5
24C
330
22
100
AcDbEntity
  8
F.Silkscreen
  6
CONTINUOUS
100
AcDbLine
 10
148.172079999999994
 20
-79.3470239999999905
 30
0
 11
148.1767979999999909
 21
-79.3527729999999991
 31
0
  0
LINE
  5
24D
330
22
100
AcDbEntity
  8
F.Silkscreen
  6
CONTINUOUS
100
AcDbLine
 10
148.1767979999999909
 20
-79.3527729999999991
 30
0
 11
148.1782969999999864
 21
-79.3540729999999996
 31
0
  0
LINE
  5
24E
330
22
100
AcDbEntity
  8
F.Silkscreen
  6
CONTINUOUS
100
AcDbLine
 10
148.1782969999999864
 20
-79.3540729999999996
 30
0
 11
148.1797179999999798
 21
-79.3563319999999948
 31
0
  0
LINE
  5
24F
330
22
100
AcDbEntity
  8
F.Silkscreen
  6
CONTINUOUS
100
AcDbLine
 10
148.1797179999999798
 20
-79.3563319999999948
 30
0
 11
148.1814070000000072
 21
-79.3583890000000025
 31
0
  0
LINE
  5
250
330
22
100
AcDbEntity
  8
F.Silkscreen
  6
CONTINUOUS
100
AcDbLine
 10
148.1814070000000072
 20
-79.3583890000000025
 30
0
 11
148.1821640000000002
 21
-79.3602159999999941
 31
0
  0
LINE
  5
251
330
22
100
AcDbEntity
  8
F.Silkscreen
  6
CONTINUOUS
100
AcDbLine
 10
148.1821640000000002
 20
-79.3602159999999941
 30
0
 11
148.186128999999994
 21
-79.3665159999999901
 31
0
  0
LINE
  5
252
330
22
100
AcDbEntity
  8
F.Silkscreen
  6
CONTINUOUS
100
AcDbLine
 10
148.186128999999994
 20
-79.3665159999999901
 30
0
 11
148.2337479999999914
 21
-79.4617539999999991
 31
0
  0
LINE
  5
253
330
22
100
AcDbEntity
  8
F.Silkscreen
  6
CONTINUOUS
100
AcDbLine
 10
148.2337479999999914
 20
-79.4617539999999991
 30
0
 11
148.2390029999999967
 21
-79.4754849999999919
 31
0
  0
LINE
  5
254
330
22
100
AcDbEntity
  8
F.Silkscreen
  6
CONTINUOUS
100
AcDbLine
 10
148.2390029999999967
 20
-79.4754849999999919
 30
0
 11
148.2391939999999977
 21
-79.4781739999999957
 31
0
  0
LINE
  5
255
330
22
100
AcDbEntity
  8
F.Silkscreen
  6
CONTINUOUS
100
AcDbLine
 10
148.2391939999999977
 20
-79.4781739999999957
 30
0
 11
148.240224999999981
 21
-79.4806629999999927
 31
0
  0
LINE
  5
256
330
22
100
AcDbEntity
  8
F.Silkscreen
  6
CONTINUOUS
100
AcDbLine
 10
148.240224999999981
 20
-79.4806629999999927
 30
0
 11
148.2416659999999808
 21
-79.4952949999999987
 31
0
  0
LINE
  5
257
330
22
100
AcDbEntity
  8
F.Silkscreen
  6
CONTINUOUS
100
AcDbLine
 10
148.2416659999999808
 20
-79.4952949999999987
 30
0
 11
148.2416659999999808
 21
-79.6381519999999909
 31
0
  0
LINE
  5
258
330
22
100
AcDbEntity
  8
F.Silkscreen
  6
CONTINUOUS
100
AcDbLine
 10
148.2416659999999808
 20
-79.6381519999999909
 30
0
 11
148.240224999999981
 21
-79.6527839999999969
 31
0
  0
LINE
  5
259
330
22
100
AcDbEntity
  8
F.Silkscreen
  6
CONTINUOUS
100
AcDbLine
 10
148.240224999999981
 20
-79.6527839999999969
 30
0
 11
148.2391939999999977
 21
-79.6552719999999965
 31
0
  0
LINE
  5
25A
330
22
100
AcDbEntity
  8
F.Silkscreen
  6
CONTINUOUS
100
AcDbLine
 10
148.2391939999999977
 20
-79.6552719999999965
 30
0
 11
148.2390029999999967
 21
-79.6579619999999977
 31
0
  0
LINE
  5
25B
330
22
100
AcDbEntity
  8
F.Silkscreen
  6
CONTINUOUS
100
AcDbLine
 10
148.2390029999999967
 20
-79.6579619999999977
 30
0
 11
148.2337479999999914
 21
-79.6716929999999905
 31
0
  0
LINE
  5
25C
330
22
100
AcDbEntity
  8
F.Silkscreen
  6
CONTINUOUS
100
AcDbLine
 10
148.2337479999999914
 20
-79.6716929999999905
 30
0
 11
148.186128999999994
 21
-79.7669309999999996
 31
0
  0
LINE
  5
25D
330
22
100
AcDbEntity
  8
F.Silkscreen
  6
CONTINUOUS
100
AcDbLine
 10
148.186128999999994
 20
-79.7669309999999996
 30
0
 11
148.1821640000000002
 21
-79.7732299999999981
 31
0
  0
LINE
  5
25E
330
22
100
AcDbEntity
  8
F.Silkscreen
  6
CONTINUOUS
100
AcDbLine
 10
148.1821640000000002
 20
-79.7732299999999981
 30
0
 11
148.1814070000000072
 21
-79.7750580000000014
 31
0
  0
LINE
  5
25F
330
22
100
AcDbEntity
  8
F.Silkscreen
  6
CONTINUOUS
100
AcDbLine
 10
148.1814070000000072
 20
-79.7750580000000014
 30
0
 11
148.1797179999999798
 21
-79.7771139999999974
 31
0
  0
LINE
  5
260
330
22
100
AcDbEntity
  8
F.Silkscreen
  6
CONTINUOUS
100
AcDbLine
 10
148.1797179999999798
 20
-79.7771139999999974
 30
0
 11
148.1782969999999864
 21
-79.77937399999999
 31
0
  0
LINE
  5
261
330
22
100
AcDbEntity
  8
F.Silkscreen
  6
CONTINUOUS
100
AcDbLine
 10
148.1782969999999864
 20
-79.77937399999999
 30
0
 11
148.1767979999999909
 21
-79.7806729999999931
 31
0
  0
LINE
  5
262
330
22
100
AcDbEntity
  8
F.Silkscreen
  6
CONTINUOUS
100
AcDbLine
 10
148.1767979999999909
 20
-79.7806729999999931
 30
0
 11
148.172079999999994
 21
-79.7864229999999992
 31
0
  0
LINE
  5
263
330
22
100
AcDbEntity
  8
F.Silkscreen
  6
CONTINUOUS
100
AcDbLine
 10
148.172079999999994
 20
-79.7864229999999992
 30
0
 11
148.1244609999999966
 21
-79.8340419999999966
 31
0
  0
LINE
  5
264
330
22
100
AcDbEntity
  8
F.Silkscreen
  6
CONTINUOUS
100
AcDbLine
 10
148.1244609999999966
 20
-79.8340419999999966
 30
0
 11
148.1187109999999905
 21
-79.8387599999999935
 31
0
  0
LINE
  5
265
330
22
100
AcDbEntity
  8
F.Silkscreen
  6
CONTINUOUS
100
AcDbLine
 10
148.1187109999999905
 20
-79.8387599999999935
 30
0
 11
148.1174120000000016
 21
-79.8402590000000032
 31
0
  0
LINE
  5
266
330
22
100
AcDbEntity
  8
F.Silkscreen
  6
CONTINUOUS
100
AcDbLine
 10
148.1174120000000016
 20
-79.8402590000000032
 30
0
 11
148.1151519999999948
 21
-79.8416799999999967
 31
0
  0
LINE
  5
267
330
22
100
AcDbEntity
  8
F.Silkscreen
  6
CONTINUOUS
100
AcDbLine
 10
148.1151519999999948
 20
-79.8416799999999967
 30
0
 11
148.1130959999999845
 21
-79.8433689999999956
 31
0
  0
LINE
  5
268
330
22
100
AcDbEntity
  8
F.Silkscreen
  6
CONTINUOUS
100
AcDbLine
 10
148.1130959999999845
 20
-79.8433689999999956
 30
0
 11
148.1112679999999955
 21
-79.8441260000000028
 31
0
  0
LINE
  5
269
330
22
100
AcDbEntity
  8
F.Silkscreen
  6
CONTINUOUS
100
AcDbLine
 10
148.1112679999999955
 20
-79.8441260000000028
 30
0
 11
148.1049689999999828
 21
-79.8480909999999966
 31
0
  0
LINE
  5
26A
330
22
100
AcDbEntity
  8
F.Silkscreen
  6
CONTINUOUS
100
AcDbLine
 10
148.1049689999999828
 20
-79.8480909999999966
 30
0
 11
148.0097309999999879
 21
-79.895709999999994
 31
0
  0
LINE
  5
26B
330
22
100
AcDbEntity
  8
F.Silkscreen
  6
CONTINUOUS
100
AcDbLine
 10
148.0097309999999879
 20
-79.895709999999994
 30
0
 11
147.9959989999999834
 21
-79.9009649999999993
 31
0
  0
LINE
  5
26C
330
22
100
AcDbEntity
  8
F.Silkscreen
  6
CONTINUOUS
100
AcDbLine
 10
147.9959989999999834
 20
-79.9009649999999993
 30
0
 11
147.9933110000000056
 21
-79.9011550000000028
 31
0
  0
LINE
  5
26D
330
22
100
AcDbEntity
  8
F.Silkscreen
  6
CONTINUOUS
100
AcDbLine
 10
147.9933110000000056
 20
-79.9011550000000028
 30
0
 11
147.9908219999999801
 21
-79.9021869999999979
 31
0
  0
LINE
  5
26E
330
22
100
AcDbEntity
  8
F.Silkscreen
  6
CONTINUOUS
100
AcDbLine
 10
147.9908219999999801
 20
-79.9021869999999979
 30
0
 11
147.9773050000000012
 21
-79.9035179999999912
 31
0
  0
LINE
  5
26F
330
22
100
AcDbEntity
  8
F.Silkscreen
  6
CONTINUOUS
100
AcDbLine
 10
147.9773050000000012
 20
-79.9035179999999912
 30
0
 11
148.2281089999999892
 21
-80.261809999999997
 31
0
  0
LINE
  5
270
330
22
100
AcDbEntity
  8
F.Silkscreen
  6
CONTINUOUS
100
AcDbLine
 10
148.2281089999999892
 20
-80.261809999999997
 30
0
 11
148.2353190000000041
 21
-80.2746229999999912
 31
0
  0
LINE
  5
271
330
22
100
AcDbEntity
  8
F.Silkscreen
  6
CONTINUOUS
100
AcDbLine
 10
148.2353190000000041
 20
-80.2746229999999912
 30
0
 11
148.2416479999999979
 21
-80.3031939999999906
 31
0
  0
LINE
  5
272
330
22
100
AcDbEntity
  8
F.Silkscreen
  6
CONTINUOUS
100
AcDbLine
 10
148.2416479999999979
 20
-80.3031939999999906
 30
0
 11
148.2365629999999896
 21
-80.3320119999999918
 31
0
  0
LINE
  5
273
330
22
100
AcDbEntity
  8
F.Silkscreen
  6
CONTINUOUS
100
AcDbLine
 10
148.2365629999999896
 20
-80.3320119999999918
 30
0
 11
148.2208359999999914
 21
-80.3566900000000004
 31
0
  0
LINE
  5
274
330
22
100
AcDbEntity
  8
F.Silkscreen
  6
CONTINUOUS
100
AcDbLine
 10
148.2208359999999914
 20
-80.3566900000000004
 30
0
 11
148.1968619999999817
 21
-80.3734719999999925
 31
0
  0
LINE
  5
275
330
22
100
AcDbEntity
  8
F.Silkscreen
  6
CONTINUOUS
100
AcDbLine
 10
148.1968619999999817
 20
-80.3734719999999925
 30
0
 11
148.1682909999999822
 21
-80.379801999999998
 31
0
  0
LINE
  5
276
330
22
100
AcDbEntity
  8
F.Silkscreen
  6
CONTINUOUS
100
AcDbLine
 10
148.1682909999999822
 20
-80.379801999999998
 30
0
 11
148.139474000000007
 21
-80.3747159999999923
 31
0
  0
LINE
  5
277
330
22
100
AcDbEntity
  8
F.Silkscreen
  6
CONTINUOUS
100
AcDbLine
 10
148.139474000000007
 20
-80.3747159999999923
 30
0
 11
148.1147949999999867
 21
-80.358988999999994
 31
0
  0
LINE
  5
278
330
22
100
AcDbEntity
  8
F.Silkscreen
  6
CONTINUOUS
100
AcDbLine
 10
148.1147949999999867
 20
-80.358988999999994
 30
0
 11
148.1052239999999927
 21
-80.3478289999999902
 31
0
  0
LINE
  5
279
330
22
100
AcDbEntity
  8
F.Silkscreen
  6
CONTINUOUS
100
AcDbLine
 10
148.1052239999999927
 20
-80.3478289999999902
 30
0
 11
147.7942840000000047
 21
-79.9036279999999977
 31
0
  0
LINE
  5
27A
330
22
100
AcDbEntity
  8
F.Silkscreen
  6
CONTINUOUS
100
AcDbLine
 10
147.7942840000000047
 20
-79.9036279999999977
 30
0
 11
147.6702379999999835
 21
-79.9036279999999977
 31
0
  0
LINE
  5
27B
330
22
100
AcDbEntity
  8
F.Silkscreen
  6
CONTINUOUS
100
AcDbLine
 10
147.6702379999999835
 20
-79.9036279999999977
 30
0
 11
147.6702379999999835
 21
-80.3048189999999948
 31
0
  0
LINE
  5
27C
330
22
100
AcDbEntity
  8
F.Silkscreen
  6
CONTINUOUS
100
AcDbLine
 10
147.6702379999999835
 20
-80.3048189999999948
 30
0
 11
147.6687969999999837
 21
-80.3194510000000008
 31
0
  0
LINE
  5
27D
330
22
100
AcDbEntity
  8
F.Silkscreen
  6
CONTINUOUS
100
AcDbLine
 10
147.6687969999999837
 20
-80.3194510000000008
 30
0
 11
147.6575980000000072
 21
-80.3464869999999962
 31
0
  0
LINE
  5
27E
330
22
100
AcDbEntity
  8
F.Silkscreen
  6
CONTINUOUS
100
AcDbLine
 10
147.6575980000000072
 20
-80.3464869999999962
 30
0
 11
147.636905999999982
 21
-80.367178999999993
 31
0
  0
LINE
  5
27F
330
22
100
AcDbEntity
  8
F.Silkscreen
  6
CONTINUOUS
100
AcDbLine
 10
147.636905999999982
 20
-80.367178999999993
 30
0
 11
147.6098700000000008
 21
-80.3783779999999979
 31
0
  0
LINE
  5
280
330
22
100
AcDbEntity
  8
F.Silkscreen
  6
CONTINUOUS
100
AcDbLine
 10
147.6098700000000008
 20
-80.3783779999999979
 30
0
 11
147.5806059999999889
 21
-80.3783779999999979
 31
0
  0
LINE
  5
281
330
22
100
AcDbEntity
  8
F.Silkscreen
  6
CONTINUOUS
100
AcDbLine
 10
147.5806059999999889
 20
-80.3783779999999979
 30
0
 11
147.5535699999999792
 21
-80.367178999999993
 31
0
  0
LINE
  5
282
330
22
100
AcDbEntity
  8
F.Silkscreen
  6
CONTINUOUS
100
AcDbLine
 10
147.5535699999999792
 20
-80.367178999999993
 30
0
 11
147.5328779999999824
 21
-80.3464869999999962
 31
0
  0
LINE
  5
283
330
22
100
AcDbEntity
  8
F.Silkscreen
  6
CONTINUOUS
100
AcDbLine
 10
147.5328779999999824
 20
-80.3464869999999962
 30
0
 11
147.521679000000006
 21
-80.3194510000000008
 31
0
  0
LINE
  5
284
330
22
100
AcDbEntity
  8
F.Silkscreen
  6
CONTINUOUS
100
AcDbLine
 10
147.521679000000006
 20
-80.3194510000000008
 30
0
 11
147.5202380000000062
 21
-80.3048189999999948
 31
0
  0
LINE
  5
285
330
22
100
AcDbEntity
  8
F.Silkscreen
  6
CONTINUOUS
100
AcDbLine
 10
147.5202380000000062
 20
-80.3048189999999948
 30
0
 11
147.5202380000000062
 21
-79.3048189999999948
 31
0
  0
LINE
  5
286
330
22
100
AcDbEntity
  8
F.Silkscreen
  6
CONTINUOUS
100
AcDbLine
 10
147.5202380000000062
 20
-79.3048189999999948
 30
0
 11
147.521679000000006
 21
-79.2901870000000031
 31
0
  0
LINE
  5
287
330
22
100
AcDbEntity
  8
F.Silkscreen
  6
CONTINUOUS
100
AcDbLine
 10
147.521679000000006
 20
-79.2901870000000031
 30
0
 11
147.5328779999999824
 21
-79.2631509999999935
 31
0
  0
LINE
  5
288
330
22
100
AcDbEntity
  8
F.Silkscreen
  6
CONTINUOUS
100
AcDbLine
 10
147.5328779999999824
 20
-79.2631509999999935
 30
0
 11
147.5535699999999792
 21
-79.2424589999999966
 31
0
  0
LINE
  5
289
330
22
100
AcDbEntity
  8
F.Silkscreen
  6
CONTINUOUS
100
AcDbLine
 10
147.5535699999999792
 20
-79.2424589999999966
 30
0
 11
147.5806059999999889
 21
-79.2312599999999918
 31
0
  0
LINE
  5
28A
330
22
100
AcDbEntity
  8
F.Silkscreen
  6
CONTINUOUS
100
AcDbLine
 10
147.5806059999999889
 20
-79.2312599999999918
 30
0
 11
147.5952379999999948
 21
-79.229818999999992
 31
0
  0
LINE
  5
28B
330
22
100
AcDbEntity
  8
F.Silkscreen
  6
CONTINUOUS
100
AcDbLine
 10
147.5952379999999948
 20
-79.229818999999992
 30
0
 11
147.9761900000000026
 21
-79.229818999999992
 31
0
  0
LINE
  5
28C
330
22
100
AcDbEntity
  8
F.Silkscreen
  6
CONTINUOUS
100
AcDbLine
 10
147.9761900000000026
 20
-79.229818999999992
 30
0
 11
147.9908219999999801
 21
-79.2312599999999918
 31
0
  0
LINE
  5
28D
330
22
100
AcDbEntity
  8
F.Silkscreen
  6
CONTINUOUS
100
AcDbLine
 10
147.6702379999999835
 20
-79.753627999999992
 30
0
 11
147.958484999999996
 21
-79.753627999999992
 31
0
  0
LINE
  5
28E
330
22
100
AcDbEntity
  8
F.Silkscreen
  6
CONTINUOUS
100
AcDbLine
 10
147.958484999999996
 20
-79.753627999999992
 30
0
 11
148.0270009999999843
 21
-79.7193699999999978
 31
0
  0
LINE
  5
28F
330
22
100
AcDbEntity
  8
F.Silkscreen
  6
CONTINUOUS
100
AcDbLine
 10
148.0270009999999843
 20
-79.7193699999999978
 30
0
 11
148.057407999999981
 21
-79.6889630000000011
 31
0
  0
LINE
  5
290
330
22
100
AcDbEntity
  8
F.Silkscreen
  6
CONTINUOUS
100
AcDbLine
 10
148.057407999999981
 20
-79.6889630000000011
 30
0
 11
148.0916660000000036
 21
-79.6204469999999986
 31
0
  0
LINE
  5
291
330
22
100
AcDbEntity
  8
F.Silkscreen
  6
CONTINUOUS
100
AcDbLine
 10
148.0916660000000036
 20
-79.6204469999999986
 30
0
 11
148.0916660000000036
 21
-79.512999999999991
 31
0
  0
LINE
  5
292
330
22
100
AcDbEntity
  8
F.Silkscreen
  6
CONTINUOUS
100
AcDbLine
 10
148.0916660000000036
 20
-79.512999999999991
 30
0
 11
148.057407999999981
 21
-79.4444840000000028
 31
0
  0
LINE
  5
293
330
22
100
AcDbEntity
  8
F.Silkscreen
  6
CONTINUOUS
100
AcDbLine
 10
148.057407999999981
 20
-79.4444840000000028
 30
0
 11
148.0270009999999843
 21
-79.4140769999999918
 31
0
  0
LINE
  5
294
330
22
100
AcDbEntity
  8
F.Silkscreen
  6
CONTINUOUS
100
AcDbLine
 10
148.0270009999999843
 20
-79.4140769999999918
 30
0
 11
147.958484999999996
 21
-79.3798189999999977
 31
0
  0
LINE
  5
295
330
22
100
AcDbEntity
  8
F.Silkscreen
  6
CONTINUOUS
100
AcDbLine
 10
147.958484999999996
 20
-79.3798189999999977
 30
0
 11
147.6702379999999835
 21
-79.3798189999999977
 31
0
  0
LINE
  5
296
330
22
100
AcDbEntity
  8
F.Silkscreen
  6
CONTINUOUS
100
AcDbLine
 10
147.6702379999999835
 20
-79.3798189999999977
 30
0
 11
147.6702379999999835
 21
-79.753627999999992
 31
0
  0
LINE
  5
297
330
22
100
AcDbEntity
  8
F.Silkscreen
  6
CONTINUOUS
100
AcDbLine
 10
149.9908219999999801
 20
-79.2312599999999918
 30
0
 11
150.0178579999999897
 21
-79.2424589999999966
 31
0
  0
LINE
  5
298
330
22
100
AcDbEntity
  8
F.Silkscreen
  6
CONTINUOUS
100
AcDbLine
 10
150.0178579999999897
 20
-79.2424589999999966
 30
0
 11
150.0385499999999865
 21
-79.2631509999999935
 31
0
  0
LINE
  5
299
330
22
100
AcDbEntity
  8
F.Silkscreen
  6
CONTINUOUS
100
AcDbLine
 10
150.0385499999999865
 20
-79.2631509999999935
 30
0
 11
150.0497489999999914
 21
-79.2901870000000031
 31
0
  0
LINE
  5
29A
330
22
100
AcDbEntity
  8
F.Silkscreen
  6
CONTINUOUS
100
AcDbLine
 10
150.0497489999999914
 20
-79.2901870000000031
 30
0
 11
150.0497489999999914
 21
-79.3194510000000008
 31
0
  0
LINE
  5
29B
330
22
100
AcDbEntity
  8
F.Silkscreen
  6
CONTINUOUS
100
AcDbLine
 10
150.0497489999999914
 20
-79.3194510000000008
 30
0
 11
150.0385499999999865
 21
-79.3464869999999962
 31
0
  0
LINE
  5
29C
330
22
100
AcDbEntity
  8
F.Silkscreen
  6
CONTINUOUS
100
AcDbLine
 10
150.0385499999999865
 20
-79.3464869999999962
 30
0
 11
150.0178579999999897
 21
-79.367178999999993
 31
0
  0
LINE
  5
29D
330
22
100
AcDbEntity
  8
F.Silkscreen
  6
CONTINUOUS
100
AcDbLine
 10
150.0178579999999897
 20
-79.367178999999993
 30
0
 11
149.9908219999999801
 21
-79.3783779999999979
 31
0
  0
LINE
  5
29E
330
22
100
AcDbEntity
  8
F.Silkscreen
  6
CONTINUOUS
100
AcDbLine
 10
149.9908219999999801
 20
-79.3783779999999979
 30
0
 11
149.9761900000000026
 21
-79.3798189999999977
 31
0
  0
LINE
  5
29F
330
22
100
AcDbEntity
  8
F.Silkscreen
  6
CONTINUOUS
100
AcDbLine
 10
149.9761900000000026
 20
-79.3798189999999977
 30
0
 11
149.5749999999999886
 21
-79.3798189999999977
 31
0
  0
LINE
  5
2A0
330
22
100
AcDbEntity
  8
F.Silkscreen
  6
CONTINUOUS
100
AcDbLine
 10
149.5749999999999886
 20
-79.3798189999999977
 30
0
 11
149.5749999999999886
 21
-79.7060089999999946
 31
0
  0
LINE
  5
2A1
330
22
100
AcDbEntity
  8
F.Silkscreen
  6
CONTINUOUS
100
AcDbLine
 10
149.5749999999999886
 20
-79.7060089999999946
 30
0
 11
149.8333329999999819
 21
-79.7060089999999946
 31
0
  0
LINE
  5
2A2
330
22
100
AcDbEntity
  8
F.Silkscreen
  6
CONTINUOUS
100
AcDbLine
 10
149.8333329999999819
 20
-79.7060089999999946
 30
0
 11
149.8479649999999879
 21
-79.7074499999999944
 31
0
  0
LINE
  5
2A3
330
22
100
AcDbEntity
  8
F.Silkscreen
  6
CONTINUOUS
100
AcDbLine
 10
149.8479649999999879
 20
-79.7074499999999944
 30
0
 11
149.8750009999999975
 21
-79.7186489999999992
 31
0
  0
LINE
  5
2A4
330
22
100
AcDbEntity
  8
F.Silkscreen
  6
CONTINUOUS
100
AcDbLine
 10
149.8750009999999975
 20
-79.7186489999999992
 30
0
 11
149.8956929999999943
 21
-79.739340999999996
 31
0
  0
LINE
  5
2A5
330
22
100
AcDbEntity
  8
F.Silkscreen
  6
CONTINUOUS
100
AcDbLine
 10
149.8956929999999943
 20
-79.739340999999996
 30
0
 11
149.9068919999999991
 21
-79.7663769999999914
 31
0
  0
LINE
  5
2A6
330
22
100
AcDbEntity
  8
F.Silkscreen
  6
CONTINUOUS
100
AcDbLine
 10
149.9068919999999991
 20
-79.7663769999999914
 30
0
 11
149.9068919999999991
 21
-79.7956410000000034
 31
0
  0
LINE
  5
2A7
330
22
100
AcDbEntity
  8
F.Silkscreen
  6
CONTINUOUS
100
AcDbLine
 10
149.9068919999999991
 20
-79.7956410000000034
 30
0
 11
149.8956929999999943
 21
-79.8226769999999988
 31
0
  0
LINE
  5
2A8
330
22
100
AcDbEntity
  8
F.Silkscreen
  6
CONTINUOUS
100
AcDbLine
 10
149.8956929999999943
 20
-79.8226769999999988
 30
0
 11
149.8750009999999975
 21
-79.8433689999999956
 31
0
  0
LINE
  5
2A9
330
22
100
AcDbEntity
  8
F.Silkscreen
  6
CONTINUOUS
100
AcDbLine
 10
149.8750009999999975
 20
-79.8433689999999956
 30
0
 11
149.8479649999999879
 21
-79.8545680000000004
 31
0
  0
LINE
  5
2AA
330
22
100
AcDbEntity
  8
F.Silkscreen
  6
CONTINUOUS
100
AcDbLine
 10
149.8479649999999879
 20
-79.8545680000000004
 30
0
 11
149.8333329999999819
 21
-79.8560090000000002
 31
0
  0
LINE
  5
2AB
330
22
100
AcDbEntity
  8
F.Silkscreen
  6
CONTINUOUS
100
AcDbLine
 10
149.8333329999999819
 20
-79.8560090000000002
 30
0
 11
149.5749999999999886
 21
-79.8560090000000002
 31
0
  0
LINE
  5
2AC
330
22
100
AcDbEntity
  8
F.Silkscreen
  6
CONTINUOUS
100
AcDbLine
 10
149.5749999999999886
 20
-79.8560090000000002
 30
0
 11
149.5749999999999886
 21
-80.3048189999999948
 31
0
  0
LINE
  5
2AD
330
22
100
AcDbEntity
  8
F.Silkscreen
  6
CONTINUOUS
100
AcDbLine
 10
149.5749999999999886
 20
-80.3048189999999948
 30
0
 11
149.5735589999999888
 21
-80.3194510000000008
 31
0
  0
LINE
  5
2AE
330
22
100
AcDbEntity
  8
F.Silkscreen
  6
CONTINUOUS
100
AcDbLine
 10
149.5735589999999888
 20
-80.3194510000000008
 30
0
 11
149.562359999999984
 21
-80.3464869999999962
 31
0
  0
LINE
  5
2AF
330
22
100
AcDbEntity
  8
F.Silkscreen
  6
CONTINUOUS
100
AcDbLine
 10
149.562359999999984
 20
-80.3464869999999962
 30
0
 11
149.5416679999999872
 21
-80.367178999999993
 31
0
  0
LINE
  5
2B0
330
22
100
AcDbEntity
  8
F.Silkscreen
  6
CONTINUOUS
100
AcDbLine
 10
149.5416679999999872
 20
-80.367178999999993
 30
0
 11
149.514632000000006
 21
-80.3783779999999979
 31
0
  0
LINE
  5
2B1
330
22
100
AcDbEntity
  8
F.Silkscreen
  6
CONTINUOUS
100
AcDbLine
 10
149.514632000000006
 20
-80.3783779999999979
 30
0
 11
149.485367999999994
 21
-80.3783779999999979
 31
0
  0
LINE
  5
2B2
330
22
100
AcDbEntity
  8
F.Silkscreen
  6
CONTINUOUS
100
AcDbLine
 10
149.485367999999994
 20
-80.3783779999999979
 30
0
 11
149.4583319999999844
 21
-80.367178999999993
 31
0
  0
LINE
  5
2B3
330
22
100
AcDbEntity
  8
F.Silkscreen
  6
CONTINUOUS
100
AcDbLine
 10
149.4583319999999844
 20
-80.367178999999993
 30
0
 11
149.4376399999999876
 21
-80.3464869999999962
 31
0
  0
LINE
  5
2B4
330
22
100
AcDbEntity
  8
F.Silkscreen
  6
CONTINUOUS
100
AcDbLine
 10
149.4376399999999876
 20
-80.3464869999999962
 30
0
 11
149.4264409999999828
 21
-80.3194510000000008
 31
0
  0
LINE
  5
2B5
330
22
100
AcDbEntity
  8
F.Silkscreen
  6
CONTINUOUS
100
AcDbLine
 10
149.4264409999999828
 20
-80.3194510000000008
 30
0
 11
149.4249999999999829
 21
-80.3048189999999948
 31
0
  0
LINE
  5
2B6
330
22
100
AcDbEntity
  8
F.Silkscreen
  6
CONTINUOUS
100
AcDbLine
 10
149.4249999999999829
 20
-80.3048189999999948
 30
0
 11
149.4249999999999829
 21
-79.3048189999999948
 31
0
  0
LINE
  5
2B7
330
22
100
AcDbEntity
  8
F.Silkscreen
  6
CONTINUOUS
100
AcDbLine
 10
149.4249999999999829
 20
-79.3048189999999948
 30
0
 11
149.4264409999999828
 21
-79.2901870000000031
 31
0
  0
LINE
  5
2B8
330
22
100
AcDbEntity
  8
F.Silkscreen
  6
CONTINUOUS
100
AcDbLine
 10
149.4264409999999828
 20
-79.2901870000000031
 30
0
 11
149.4376399999999876
 21
-79.2631509999999935
 31
0
  0
LINE
  5
2B9
330
22
100
AcDbEntity
  8
F.Silkscreen
  6
CONTINUOUS
100
AcDbLine
 10
149.4376399999999876
 20
-79.2631509999999935
 30
0
 11
149.4583319999999844
 21
-79.2424589999999966
 31
0
  0
LINE
  5
2BA
330
22
100
AcDbEntity
  8
F.Silkscreen
  6
CONTINUOUS
100
AcDbLine
 10
149.4583319999999844
 20
-79.2424589999999966
 30
0
 11
149.485367999999994
 21
-79.2312599999999918
 31
0
  0
LINE
  5
2BB
330
22
100
AcDbEntity
  8
F.Silkscreen
  6
CONTINUOUS
100
AcDbLine
 10
149.485367999999994
 20
-79.2312599999999918
 30
0
 11
149.5
 21
-79.229818999999992
 31
0
  0
LINE
  5
2BC
330
22
100
AcDbEntity
  8
F.Silkscreen
  6
CONTINUOUS
100
AcDbLine
 10
149.5
 20
-79.229818999999992
 30
0
 11
149.9761900000000026
 21
-79.229818999999992
 31
0
  0
LINE
  5
2BD
330
22
100
AcDbEntity
  8
F.Silkscreen
  6
CONTINUOUS
100
AcDbLine
 10
149.9761900000000026
 20
-79.229818999999992
 30
0
 11
149.9908219999999801
 21
-79.2312599999999918
 31
0
  0
LINE
  5
2BE
330
22
100
AcDbEntity
  8
F.Silkscreen
  6
CONTINUOUS
100
AcDbLine
 10
86.0860599999999891
 20
-78.7312599999999918
 30
0
 11
86.1130959999999988
 21
-78.7424589999999966
 31
0
  0
LINE
  5
2BF
330
22
100
AcDbEntity
  8
F.Silkscreen
  6
CONTINUOUS
100
AcDbLine
 10
86.1130959999999988
 20
-78.7424589999999966
 30
0
 11
86.1337879999999956
 21
-78.7631509999999935
 31
0
  0
LINE
  5
2C0
330
22
100
AcDbEntity
  8
F.Silkscreen
  6
CONTINUOUS
100
AcDbLine
 10
86.1337879999999956
 20
-78.7631509999999935
 30
0
 11
86.1449870000000004
 21
-78.7901870000000031
 31
0
  0
LINE
  5
2C1
330
22
100
AcDbEntity
  8
F.Silkscreen
  6
CONTINUOUS
100
AcDbLine
 10
86.1449870000000004
 20
-78.7901870000000031
 30
0
 11
86.1449870000000004
 21
-78.8194510000000008
 31
0
  0
LINE
  5
2C2
330
22
100
AcDbEntity
  8
F.Silkscreen
  6
CONTINUOUS
100
AcDbLine
 10
86.1449870000000004
 20
-78.8194510000000008
 30
0
 11
86.1337879999999956
 21
-78.8464869999999962
 31
0
  0
LINE
  5
2C3
330
22
100
AcDbEntity
  8
F.Silkscreen
  6
CONTINUOUS
100
AcDbLine
 10
86.1337879999999956
 20
-78.8464869999999962
 30
0
 11
86.1130959999999988
 21
-78.867178999999993
 31
0
  0
LINE
  5
2C4
330
22
100
AcDbEntity
  8
F.Silkscreen
  6
CONTINUOUS
100
AcDbLine
 10
86.1130959999999988
 20
-78.867178999999993
 30
0
 11
86.0860599999999891
 21
-78.8783779999999979
 31
0
  0
LINE
  5
2C5
330
22
100
AcDbEntity
  8
F.Silkscreen
  6
CONTINUOUS
100
AcDbLine
 10
86.0860599999999891
 20
-78.8783779999999979
 30
0
 11
86.0714279999999974
 21
-78.8798189999999977
 31
0
  0
LINE
  5
2C6
330
22
100
AcDbEntity
  8
F.Silkscreen
  6
CONTINUOUS
100
AcDbLine
 10
86.0714279999999974
 20
-78.8798189999999977
 30
0
 11
85.6702379999999977
 21
-78.8798189999999977
 31
0
  0
LINE
  5
2C7
330
22
100
AcDbEntity
  8
F.Silkscreen
  6
CONTINUOUS
100
AcDbLine
 10
85.6702379999999977
 20
-78.8798189999999977
 30
0
 11
85.6702379999999977
 21
-79.2060089999999946
 31
0
  0
LINE
  5
2C8
330
22
100
AcDbEntity
  8
F.Silkscreen
  6
CONTINUOUS
100
AcDbLine
 10
85.6702379999999977
 20
-79.2060089999999946
 30
0
 11
85.9285709999999909
 21
-79.2060089999999946
 31
0
  0
LINE
  5
2C9
330
22
100
AcDbEntity
  8
F.Silkscreen
  6
CONTINUOUS
100
AcDbLine
 10
85.9285709999999909
 20
-79.2060089999999946
 30
0
 11
85.9432029999999969
 21
-79.2074499999999944
 31
0
  0
LINE
  5
2CA
330
22
100
AcDbEntity
  8
F.Silkscreen
  6
CONTINUOUS
100
AcDbLine
 10
85.9432029999999969
 20
-79.2074499999999944
 30
0
 11
85.9702389999999923
 21
-79.2186489999999992
 31
0
  0
LINE
  5
2CB
330
22
100
AcDbEntity
  8
F.Silkscreen
  6
CONTINUOUS
100
AcDbLine
 10
85.9702389999999923
 20
-79.2186489999999992
 30
0
 11
85.9909309999999891
 21
-79.239340999999996
 31
0
  0
LINE
  5
2CC
330
22
100
AcDbEntity
  8
F.Silkscreen
  6
CONTINUOUS
100
AcDbLine
 10
85.9909309999999891
 20
-79.239340999999996
 30
0
 11
86.002129999999994
 21
-79.2663769999999914
 31
0
  0
LINE
  5
2CD
330
22
100
AcDbEntity
  8
F.Silkscreen
  6
CONTINUOUS
100
AcDbLine
 10
86.002129999999994
 20
-79.2663769999999914
 30
0
 11
86.002129999999994
 21
-79.2956410000000034
 31
0
  0
LINE
  5
2CE
330
22
100
AcDbEntity
  8
F.Silkscreen
  6
CONTINUOUS
100
AcDbLine
 10
86.002129999999994
 20
-79.2956410000000034
 30
0
 11
85.9909309999999891
 21
-79.3226769999999988
 31
0
  0
LINE
  5
2CF
330
22
100
AcDbEntity
  8
F.Silkscreen
  6
CONTINUOUS
100
AcDbLine
 10
85.9909309999999891
 20
-79.3226769999999988
 30
0
 11
85.9702389999999923
 21
-79.3433689999999956
 31
0
  0
LINE
  5
2D0
330
22
100
AcDbEntity
  8
F.Silkscreen
  6
CONTINUOUS
100
AcDbLine
 10
85.9702389999999923
 20
-79.3433689999999956
 30
0
 11
85.9432029999999969
 21
-79.3545680000000004
 31
0
  0
LINE
  5
2D1
330
22
100
AcDbEntity
  8
F.Silkscreen
  6
CONTINUOUS
100
AcDbLine
 10
85.9432029999999969
 20
-79.3545680000000004
 30
0
 11
85.9285709999999909
 21
-79.3560090000000002
 31
0
  0
LINE
  5
2D2
330
22
100
AcDbEntity
  8
F.Silkscreen
  6
CONTINUOUS
100
AcDbLine
 10
85.9285709999999909
 20
-79.3560090000000002
 30
0
 11
85.6702379999999977
 21
-79.3560090000000002
 31
0
  0
LINE
  5
2D3
330
22
100
AcDbEntity
  8
F.Silkscreen
  6
CONTINUOUS
100
AcDbLine
 10
85.6702379999999977
 20
-79.3560090000000002
 30
0
 11
85.6702379999999977
 21
-79.729818999999992
 31
0
  0
LINE
  5
2D4
330
22
100
AcDbEntity
  8
F.Silkscreen
  6
CONTINUOUS
100
AcDbLine
 10
85.6702379999999977
 20
-79.729818999999992
 30
0
 11
86.0714279999999974
 21
-79.729818999999992
 31
0
  0
LINE
  5
2D5
330
22
100
AcDbEntity
  8
F.Silkscreen
  6
CONTINUOUS
100
AcDbLine
 10
86.0714279999999974
 20
-79.729818999999992
 30
0
 11
86.0860599999999891
 21
-79.7312599999999918
 31
0
  0
LINE
  5
2D6
330
22
100
AcDbEntity
  8
F.Silkscreen
  6
CONTINUOUS
100
AcDbLine
 10
86.0860599999999891
 20
-79.7312599999999918
 30
0
 11
86.1130959999999988
 21
-79.7424589999999966
 31
0
  0
LINE
  5
2D7
330
22
100
AcDbEntity
  8
F.Silkscreen
  6
CONTINUOUS
100
AcDbLine
 10
86.1130959999999988
 20
-79.7424589999999966
 30
0
 11
86.1337879999999956
 21
-79.7631509999999935
 31
0
  0
LINE
  5
2D8
330
22
100
AcDbEntity
  8
F.Silkscreen
  6
CONTINUOUS
100
AcDbLine
 10
86.1337879999999956
 20
-79.7631509999999935
 30
0
 11
86.1449870000000004
 21
-79.7901870000000031
 31
0
  0
LINE
  5
2D9
330
22
100
AcDbEntity
  8
F.Silkscreen
  6
CONTINUOUS
100
AcDbLine
 10
86.1449870000000004
 20
-79.7901870000000031
 30
0
 11
86.1449870000000004
 21
-79.8194510000000008
 31
0
  0
LINE
  5
2DA
330
22
100
AcDbEntity
  8
F.Silkscreen
  6
CONTINUOUS
100
AcDbLine
 10
86.1449870000000004
 20
-79.8194510000000008
 30
0
 11
86.1337879999999956
 21
-79.8464869999999962
 31
0
  0
LINE
  5
2DB
330
22
100
AcDbEntity
  8
F.Silkscreen
  6
CONTINUOUS
100
AcDbLine
 10
86.1337879999999956
 20
-79.8464869999999962
 30
0
 11
86.1130959999999988
 21
-79.867178999999993
 31
0
  0
LINE
  5
2DC
330
22
100
AcDbEntity
  8
F.Silkscreen
  6
CONTINUOUS
100
AcDbLine
 10
86.1130959999999988
 20
-79.867178999999993
 30
0
 11
86.0860599999999891
 21
-79.8783779999999979
 31
0
  0
LINE
  5
2DD
330
22
100
AcDbEntity
  8
F.Silkscreen
  6
CONTINUOUS
100
AcDbLine
 10
86.0860599999999891
 20
-79.8783779999999979
 30
0
 11
86.0714279999999974
 21
-79.8798189999999977
 31
0
  0
LINE
  5
2DE
330
22
100
AcDbEntity
  8
F.Silkscreen
  6
CONTINUOUS
100
AcDbLine
 10
86.0714279999999974
 20
-79.8798189999999977
 30
0
 11
85.5952379999999948
 21
-79.8798189999999977
 31
0
  0
LINE
  5
2DF
330
22
100
AcDbEntity
  8
F.Silkscreen
  6
CONTINUOUS
100
AcDbLine
 10
85.5952379999999948
 20
-79.8798189999999977
 30
0
 11
85.5806060000000031
 21
-79.8783779999999979
 31
0
  0
LINE
  5
2E0
330
22
100
AcDbEntity
  8
F.Silkscreen
  6
CONTINUOUS
100
AcDbLine
 10
85.5806060000000031
 20
-79.8783779999999979
 30
0
 11
85.5535699999999935
 21
-79.867178999999993
 31
0
  0
LINE
  5
2E1
330
22
100
AcDbEntity
  8
F.Silkscreen
  6
CONTINUOUS
100
AcDbLine
 10
85.5535699999999935
 20
-79.867178999999993
 30
0
 11
85.5328779999999966
 21
-79.8464869999999962
 31
0
  0
LINE
  5
2E2
330
22
100
AcDbEntity
  8
F.Silkscreen
  6
CONTINUOUS
100
AcDbLine
 10
85.5328779999999966
 20
-79.8464869999999962
 30
0
 11
85.5216789999999918
 21
-79.8194510000000008
 31
0
  0
LINE
  5
2E3
330
22
100
AcDbEntity
  8
F.Silkscreen
  6
CONTINUOUS
100
AcDbLine
 10
85.5216789999999918
 20
-79.8194510000000008
 30
0
 11
85.520237999999992
 21
-79.8048189999999948
 31
0
  0
LINE
  5
2E4
330
22
100
AcDbEntity
  8
F.Silkscreen
  6
CONTINUOUS
100
AcDbLine
 10
85.520237999999992
 20
-79.8048189999999948
 30
0
 11
85.520237999999992
 21
-78.8048189999999948
 31
0
  0
LINE
  5
2E5
330
22
100
AcDbEntity
  8
F.Silkscreen
  6
CONTINUOUS
100
AcDbLine
 10
85.520237999999992
 20
-78.8048189999999948
 30
0
 11
85.5216789999999918
 21
-78.7901870000000031
 31
0
  0
LINE
  5
2E6
330
22
100
AcDbEntity
  8
F.Silkscreen
  6
CONTINUOUS
100
AcDbLine
 10
85.5216789999999918
 20
-78.7901870000000031
 30
0
 11
85.5328779999999966
 21
-78.7631509999999935
 31
0
  0
LINE
  5
2E7
330
22
100
AcDbEntity
  8
F.Silkscreen
  6
CONTINUOUS
100
AcDbLine
 10
85.5328779999999966
 20
-78.7631509999999935
 30
0
 11
85.5535699999999935
 21
-78.7424589999999966
 31
0
  0
LINE
  5
2E8
330
22
100
AcDbEntity
  8
F.Silkscreen
  6
CONTINUOUS
100
AcDbLine
 10
85.5535699999999935
 20
-78.7424589999999966
 30
0
 11
85.5806060000000031
 21
-78.7312599999999918
 31
0
  0
LINE
  5
2E9
330
22
100
AcDbEntity
  8
F.Silkscreen
  6
CONTINUOUS
100
AcDbLine
 10
85.5806060000000031
 20
-78.7312599999999918
 30
0
 11
85.5952379999999948
 21
-78.729818999999992
 31
0
  0
LINE
  5
2EA
330
22
100
AcDbEntity
  8
F.Silkscreen
  6
CONTINUOUS
100
AcDbLine
 10
85.5952379999999948
 20
-78.729818999999992
 30
0
 11
86.0714279999999974
 21
-78.729818999999992
 31
0
  0
LINE
  5
2EB
330
22
100
AcDbEntity
  8
F.Silkscreen
  6
CONTINUOUS
100
AcDbLine
 10
86.0714279999999974
 20
-78.729818999999992
 30
0
 11
86.0860599999999891
 21
-78.7312599999999918
 31
0
  0
LINE
  5
2EC
330
22
100
AcDbEntity
  8
F.Silkscreen
  6
CONTINUOUS
100
AcDbLine
 10
84.9908219999999943
 20
-78.7312599999999918
 30
0
 11
84.9933109999999914
 21
-78.7322909999999894
 31
0
  0
LINE
  5
2ED
330
22
100
AcDbEntity
  8
F.Silkscreen
  6
CONTINUOUS
100
AcDbLine
 10
84.9933109999999914
 20
-78.7322909999999894
 30
0
 11
84.9959989999999976
 21
-78.7324819999999903
 31
0
  0
LINE
  5
2EE
330
22
100
AcDbEntity
  8
F.Silkscreen
  6
CONTINUOUS
100
AcDbLine
 10
84.9959989999999976
 20
-78.7324819999999903
 30
0
 11
85.0097310000000022
 21
-78.7377369999999956
 31
0
  0
LINE
  5
2EF
330
22
100
AcDbEntity
  8
F.Silkscreen
  6
CONTINUOUS
100
AcDbLine
 10
85.0097310000000022
 20
-78.7377369999999956
 30
0
 11
85.104968999999997
 21
-78.7853559999999931
 31
0
  0
LINE
  5
2F0
330
22
100
AcDbEntity
  8
F.Silkscreen
  6
CONTINUOUS
100
AcDbLine
 10
85.104968999999997
 20
-78.7853559999999931
 30
0
 11
85.1112679999999955
 21
-78.7893199999999894
 31
0
  0
LINE
  5
2F1
330
22
100
AcDbEntity
  8
F.Silkscreen
  6
CONTINUOUS
100
AcDbLine
 10
85.1112679999999955
 20
-78.7893199999999894
 30
0
 11
85.1130959999999988
 21
-78.7900779999999941
 31
0
  0
LINE
  5
2F2
330
22
100
AcDbEntity
  8
F.Silkscreen
  6
CONTINUOUS
100
AcDbLine
 10
85.1130959999999988
 20
-78.7900779999999941
 30
0
 11
85.1151519999999948
 21
-78.7917659999999955
 31
0
  0
LINE
  5
2F3
330
22
100
AcDbEntity
  8
F.Silkscreen
  6
CONTINUOUS
100
AcDbLine
 10
85.1151519999999948
 20
-78.7917659999999955
 30
0
 11
85.1174120000000016
 21
-78.7931880000000007
 31
0
  0
LINE
  5
2F4
330
22
100
AcDbEntity
  8
F.Silkscreen
  6
CONTINUOUS
100
AcDbLine
 10
85.1174120000000016
 20
-78.7931880000000007
 30
0
 11
85.1187109999999905
 21
-78.7946859999999987
 31
0
  0
LINE
  5
2F5
330
22
100
AcDbEntity
  8
F.Silkscreen
  6
CONTINUOUS
100
AcDbLine
 10
85.1187109999999905
 20
-78.7946859999999987
 30
0
 11
85.1244609999999966
 21
-78.799404999999993
 31
0
  0
LINE
  5
2F6
330
22
100
AcDbEntity
  8
F.Silkscreen
  6
CONTINUOUS
100
AcDbLine
 10
85.1244609999999966
 20
-78.799404999999993
 30
0
 11
85.172079999999994
 21
-78.8470239999999905
 31
0
  0
LINE
  5
2F7
330
22
100
AcDbEntity
  8
F.Silkscreen
  6
CONTINUOUS
100
AcDbLine
 10
85.172079999999994
 20
-78.8470239999999905
 30
0
 11
85.1767979999999909
 21
-78.8527729999999991
 31
0
  0
LINE
  5
2F8
330
22
100
AcDbEntity
  8
F.Silkscreen
  6
CONTINUOUS
100
AcDbLine
 10
85.1767979999999909
 20
-78.8527729999999991
 30
0
 11
85.1782970000000006
 21
-78.8540729999999996
 31
0
  0
LINE
  5
2F9
330
22
100
AcDbEntity
  8
F.Silkscreen
  6
CONTINUOUS
100
AcDbLine
 10
85.1782970000000006
 20
-78.8540729999999996
 30
0
 11
85.179717999999994
 21
-78.8563319999999948
 31
0
  0
LINE
  5
2FA
330
22
100
AcDbEntity
  8
F.Silkscreen
  6
CONTINUOUS
100
AcDbLine
 10
85.179717999999994
 20
-78.8563319999999948
 30
0
 11
85.181406999999993
 21
-78.8583890000000025
 31
0
  0
LINE
  5
2FB
330
22
100
AcDbEntity
  8
F.Silkscreen
  6
CONTINUOUS
100
AcDbLine
 10
85.181406999999993
 20
-78.8583890000000025
 30
0
 11
85.1821640000000002
 21
-78.8602159999999941
 31
0
  0
LINE
  5
2FC
330
22
100
AcDbEntity
  8
F.Silkscreen
  6
CONTINUOUS
100
AcDbLine
 10
85.1821640000000002
 20
-78.8602159999999941
 30
0
 11
85.186128999999994
 21
-78.8665159999999901
 31
0
  0
LINE
  5
2FD
330
22
100
AcDbEntity
  8
F.Silkscreen
  6
CONTINUOUS
100
AcDbLine
 10
85.186128999999994
 20
-78.8665159999999901
 30
0
 11
85.2337479999999914
 21
-78.9617539999999991
 31
0
  0
LINE
  5
2FE
330
22
100
AcDbEntity
  8
F.Silkscreen
  6
CONTINUOUS
100
AcDbLine
 10
85.2337479999999914
 20
-78.9617539999999991
 30
0
 11
85.2390029999999967
 21
-78.9754849999999919
 31
0
  0
LINE
  5
2FF
330
22
100
AcDbEntity
  8
F.Silkscreen
  6
CONTINUOUS
100
AcDbLine
 10
85.2390029999999967
 20
-78.9754849999999919
 30
0
 11
85.2391939999999977
 21
-78.9781739999999957
 31
0
  0
LINE
  5
300
330
22
100
AcDbEntity
  8
F.Silkscreen
  6
CONTINUOUS
100
AcDbLine
 10
85.2391939999999977
 20
-78.9781739999999957
 30
0
 11
85.2402249999999952
 21
-78.9806629999999927
 31
0
  0
LINE
  5
301
330
22
100
AcDbEntity
  8
F.Silkscreen
  6
CONTINUOUS
100
AcDbLine
 10
85.2402249999999952
 20
-78.9806629999999927
 30
0
 11
85.2416659999999951
 21
-78.9952949999999987
 31
0
  0
LINE
  5
302
330
22
100
AcDbEntity
  8
F.Silkscreen
  6
CONTINUOUS
100
AcDbLine
 10
85.2416659999999951
 20
-78.9952949999999987
 30
0
 11
85.2416659999999951
 21
-79.1381519999999909
 31
0
  0
LINE
  5
303
330
22
100
AcDbEntity
  8
F.Silkscreen
  6
CONTINUOUS
100
AcDbLine
 10
85.2416659999999951
 20
-79.1381519999999909
 30
0
 11
85.2402249999999952
 21
-79.1527839999999969
 31
0
  0
LINE
  5
304
330
22
100
AcDbEntity
  8
F.Silkscreen
  6
CONTINUOUS
100
AcDbLine
 10
85.2402249999999952
 20
-79.1527839999999969
 30
0
 11
85.2391939999999977
 21
-79.1552719999999965
 31
0
  0
LINE
  5
305
330
22
100
AcDbEntity
  8
F.Silkscreen
  6
CONTINUOUS
100
AcDbLine
 10
85.2391939999999977
 20
-79.1552719999999965
 30
0
 11
85.2390029999999967
 21
-79.1579619999999977
 31
0
  0
LINE
  5
306
330
22
100
AcDbEntity
  8
F.Silkscreen
  6
CONTINUOUS
100
AcDbLine
 10
85.2390029999999967
 20
-79.1579619999999977
 30
0
 11
85.2337479999999914
 21
-79.1716929999999905
 31
0
  0
LINE
  5
307
330
22
100
AcDbEntity
  8
F.Silkscreen
  6
CONTINUOUS
100
AcDbLine
 10
85.2337479999999914
 20
-79.1716929999999905
 30
0
 11
85.186128999999994
 21
-79.2669309999999996
 31
0
  0
LINE
  5
308
330
22
100
AcDbEntity
  8
F.Silkscreen
  6
CONTINUOUS
100
AcDbLine
 10
85.186128999999994
 20
-79.2669309999999996
 30
0
 11
85.1821640000000002
 21
-79.2732299999999981
 31
0
  0
LINE
  5
309
330
22
100
AcDbEntity
  8
F.Silkscreen
  6
CONTINUOUS
100
AcDbLine
 10
85.1821640000000002
 20
-79.2732299999999981
 30
0
 11
85.181406999999993
 21
-79.2750580000000014
 31
0
  0
LINE
  5
30A
330
22
100
AcDbEntity
  8
F.Silkscreen
  6
CONTINUOUS
100
AcDbLine
 10
85.181406999999993
 20
-79.2750580000000014
 30
0
 11
85.179717999999994
 21
-79.2771139999999974
 31
0
  0
LINE
  5
30B
330
22
100
AcDbEntity
  8
F.Silkscreen
  6
CONTINUOUS
100
AcDbLine
 10
85.179717999999994
 20
-79.2771139999999974
 30
0
 11
85.1782970000000006
 21
-79.27937399999999
 31
0
  0
LINE
  5
30C
330
22
100
AcDbEntity
  8
F.Silkscreen
  6
CONTINUOUS
100
AcDbLine
 10
85.1782970000000006
 20
-79.27937399999999
 30
0
 11
85.1767979999999909
 21
-79.2806729999999931
 31
0
  0
LINE
  5
30D
330
22
100
AcDbEntity
  8
F.Silkscreen
  6
CONTINUOUS
100
AcDbLine
 10
85.1767979999999909
 20
-79.2806729999999931
 30
0
 11
85.172079999999994
 21
-79.2864229999999992
 31
0
  0
LINE
  5
30E
330
22
100
AcDbEntity
  8
F.Silkscreen
  6
CONTINUOUS
100
AcDbLine
 10
85.172079999999994
 20
-79.2864229999999992
 30
0
 11
85.1244609999999966
 21
-79.3340419999999966
 31
0
  0
LINE
  5
30F
330
22
100
AcDbEntity
  8
F.Silkscreen
  6
CONTINUOUS
100
AcDbLine
 10
85.1244609999999966
 20
-79.3340419999999966
 30
0
 11
85.1187109999999905
 21
-79.3387599999999935
 31
0
  0
LINE
  5
310
330
22
100
AcDbEntity
  8
F.Silkscreen
  6
CONTINUOUS
100
AcDbLine
 10
85.1187109999999905
 20
-79.3387599999999935
 30
0
 11
85.1174120000000016
 21
-79.3402590000000032
 31
0
  0
LINE
  5
311
330
22
100
AcDbEntity
  8
F.Silkscreen
  6
CONTINUOUS
100
AcDbLine
 10
85.1174120000000016
 20
-79.3402590000000032
 30
0
 11
85.1151519999999948
 21
-79.3416799999999967
 31
0
  0
LINE
  5
312
330
22
100
AcDbEntity
  8
F.Silkscreen
  6
CONTINUOUS
100
AcDbLine
 10
85.1151519999999948
 20
-79.3416799999999967
 30
0
 11
85.1130959999999988
 21
-79.3433689999999956
 31
0
  0
LINE
  5
313
330
22
100
AcDbEntity
  8
F.Silkscreen
  6
CONTINUOUS
100
AcDbLine
 10
85.1130959999999988
 20
-79.3433689999999956
 30
0
 11
85.1112679999999955
 21
-79.3441260000000028
 31
0
  0
LINE
  5
314
330
22
100
AcDbEntity
  8
F.Silkscreen
  6
CONTINUOUS
100
AcDbLine
 10
85.1112679999999955
 20
-79.3441260000000028
 30
0
 11
85.104968999999997
 21
-79.3480909999999966
 31
0
  0
LINE
  5
315
330
22
100
AcDbEntity
  8
F.Silkscreen
  6
CONTINUOUS
100
AcDbLine
 10
85.104968999999997
 20
-79.3480909999999966
 30
0
 11
85.0097310000000022
 21
-79.395709999999994
 31
0
  0
LINE
  5
316
330
22
100
AcDbEntity
  8
F.Silkscreen
  6
CONTINUOUS
100
AcDbLine
 10
85.0097310000000022
 20
-79.395709999999994
 30
0
 11
84.9959989999999976
 21
-79.4009649999999993
 31
0
  0
LINE
  5
317
330
22
100
AcDbEntity
  8
F.Silkscreen
  6
CONTINUOUS
100
AcDbLine
 10
84.9959989999999976
 20
-79.4009649999999993
 30
0
 11
84.9933109999999914
 21
-79.4011550000000028
 31
0
  0
LINE
  5
318
330
22
100
AcDbEntity
  8
F.Silkscreen
  6
CONTINUOUS
100
AcDbLine
 10
84.9933109999999914
 20
-79.4011550000000028
 30
0
 11
84.9908219999999943
 21
-79.4021869999999979
 31
0
  0
LINE
  5
319
330
22
100
AcDbEntity
  8
F.Silkscreen
  6
CONTINUOUS
100
AcDbLine
 10
84.9908219999999943
 20
-79.4021869999999979
 30
0
 11
84.9773050000000012
 21
-79.4035179999999912
 31
0
  0
LINE
  5
31A
330
22
100
AcDbEntity
  8
F.Silkscreen
  6
CONTINUOUS
100
AcDbLine
 10
84.9773050000000012
 20
-79.4035179999999912
 30
0
 11
85.2281089999999892
 21
-79.761809999999997
 31
0
  0
LINE
  5
31B
330
22
100
AcDbEntity
  8
F.Silkscreen
  6
CONTINUOUS
100
AcDbLine
 10
85.2281089999999892
 20
-79.761809999999997
 30
0
 11
85.2353189999999898
 21
-79.7746229999999912
 31
0
  0
LINE
  5
31C
330
22
100
AcDbEntity
  8
F.Silkscreen
  6
CONTINUOUS
100
AcDbLine
 10
85.2353189999999898
 20
-79.7746229999999912
 30
0
 11
85.2416479999999979
 21
-79.8031939999999906
 31
0
  0
LINE
  5
31D
330
22
100
AcDbEntity
  8
F.Silkscreen
  6
CONTINUOUS
100
AcDbLine
 10
85.2416479999999979
 20
-79.8031939999999906
 30
0
 11
85.2365629999999896
 21
-79.8320119999999918
 31
0
  0
LINE
  5
31E
330
22
100
AcDbEntity
  8
F.Silkscreen
  6
CONTINUOUS
100
AcDbLine
 10
85.2365629999999896
 20
-79.8320119999999918
 30
0
 11
85.2208359999999914
 21
-79.8566900000000004
 31
0
  0
LINE
  5
31F
330
22
100
AcDbEntity
  8
F.Silkscreen
  6
CONTINUOUS
100
AcDbLine
 10
85.2208359999999914
 20
-79.8566900000000004
 30
0
 11
85.1968619999999959
 21
-79.8734719999999925
 31
0
  0
LINE
  5
320
330
22
100
AcDbEntity
  8
F.Silkscreen
  6
CONTINUOUS
100
AcDbLine
 10
85.1968619999999959
 20
-79.8734719999999925
 30
0
 11
85.1682909999999964
 21
-79.879801999999998
 31
0
  0
LINE
  5
321
330
22
100
AcDbEntity
  8
F.Silkscreen
  6
CONTINUOUS
100
AcDbLine
 10
85.1682909999999964
 20
-79.879801999999998
 30
0
 11
85.1394739999999928
 21
-79.8747159999999923
 31
0
  0
LINE
  5
322
330
22
100
AcDbEntity
  8
F.Silkscreen
  6
CONTINUOUS
100
AcDbLine
 10
85.1394739999999928
 20
-79.8747159999999923
 30
0
 11
85.1147950000000009
 21
-79.858988999999994
 31
0
  0
LINE
  5
323
330
22
100
AcDbEntity
  8
F.Silkscreen
  6
CONTINUOUS
100
AcDbLine
 10
85.1147950000000009
 20
-79.858988999999994
 30
0
 11
85.1052239999999927
 21
-79.8478289999999902
 31
0
  0
LINE
  5
324
330
22
100
AcDbEntity
  8
F.Silkscreen
  6
CONTINUOUS
100
AcDbLine
 10
85.1052239999999927
 20
-79.8478289999999902
 30
0
 11
84.7942839999999904
 21
-79.4036279999999977
 31
0
  0
LINE
  5
325
330
22
100
AcDbEntity
  8
F.Silkscreen
  6
CONTINUOUS
100
AcDbLine
 10
84.7942839999999904
 20
-79.4036279999999977
 30
0
 11
84.6702379999999977
 21
-79.4036279999999977
 31
0
  0
LINE
  5
326
330
22
100
AcDbEntity
  8
F.Silkscreen
  6
CONTINUOUS
100
AcDbLine
 10
84.6702379999999977
 20
-79.4036279999999977
 30
0
 11
84.6702379999999977
 21
-79.8048189999999948
 31
0
  0
LINE
  5
327
330
22
100
AcDbEntity
  8
F.Silkscreen
  6
CONTINUOUS
100
AcDbLine
 10
84.6702379999999977
 20
-79.8048189999999948
 30
0
 11
84.6687969999999979
 21
-79.8194510000000008
 31
0
  0
LINE
  5
328
330
22
100
AcDbEntity
  8
F.Silkscreen
  6
CONTINUOUS
100
AcDbLine
 10
84.6687969999999979
 20
-79.8194510000000008
 30
0
 11
84.657597999999993
 21
-79.8464869999999962
 31
0
  0
LINE
  5
329
330
22
100
AcDbEntity
  8
F.Silkscreen
  6
CONTINUOUS
100
AcDbLine
 10
84.657597999999993
 20
-79.8464869999999962
 30
0
 11
84.6369059999999962
 21
-79.867178999999993
 31
0
  0
LINE
  5
32A
330
22
100
AcDbEntity
  8
F.Silkscreen
  6
CONTINUOUS
100
AcDbLine
 10
84.6369059999999962
 20
-79.867178999999993
 30
0
 11
84.6098700000000008
 21
-79.8783779999999979
 31
0
  0
LINE
  5
32B
330
22
100
AcDbEntity
  8
F.Silkscreen
  6
CONTINUOUS
100
AcDbLine
 10
84.6098700000000008
 20
-79.8783779999999979
 30
0
 11
84.5806060000000031
 21
-79.8783779999999979
 31
0
  0
LINE
  5
32C
330
22
100
AcDbEntity
  8
F.Silkscreen
  6
CONTINUOUS
100
AcDbLine
 10
84.5806060000000031
 20
-79.8783779999999979
 30
0
 11
84.5535699999999935
 21
-79.867178999999993
 31
0
  0
LINE
  5
32D
330
22
100
AcDbEntity
  8
F.Silkscreen
  6
CONTINUOUS
100
AcDbLine
 10
84.5535699999999935
 20
-79.867178999999993
 30
0
 11
84.5328779999999966
 21
-79.8464869999999962
 31
0
  0
LINE
  5
32E
330
22
100
AcDbEntity
  8
F.Silkscreen
  6
CONTINUOUS
100
AcDbLine
 10
84.5328779999999966
 20
-79.8464869999999962
 30
0
 11
84.5216789999999918
 21
-79.8194510000000008
 31
0
  0
LINE
  5
32F
330
22
100
AcDbEntity
  8
F.Silkscreen
  6
CONTINUOUS
100
AcDbLine
 10
84.5216789999999918
 20
-79.8194510000000008
 30
0
 11
84.520237999999992
 21
-79.8048189999999948
 31
0
  0
LINE
  5
330
330
22
100
AcDbEntity
  8
F.Silkscreen
  6
CONTINUOUS
100
AcDbLine
 10
84.520237999999992
 20
-79.8048189999999948
 30
0
 11
84.520237999999992
 21
-78.8048189999999948
 31
0
  0
LINE
  5
331
330
22
100
AcDbEntity
  8
F.Silkscreen
  6
CONTINUOUS
100
AcDbLine
 10
84.520237999999992
 20
-78.8048189999999948
 30
0
 11
84.5216789999999918
 21
-78.7901870000000031
 31
0
  0
LINE
  5
332
330
22
100
AcDbEntity
  8
F.Silkscreen
  6
CONTINUOUS
100
AcDbLine
 10
84.5216789999999918
 20
-78.7901870000000031
 30
0
 11
84.5328779999999966
 21
-78.7631509999999935
 31
0
  0
LINE
  5
333
330
22
100
AcDbEntity
  8
F.Silkscreen
  6
CONTINUOUS
100
AcDbLine
 10
84.5328779999999966
 20
-78.7631509999999935
 30
0
 11
84.5535699999999935
 21
-78.7424589999999966
 31
0
  0
LINE
  5
334
330
22
100
AcDbEntity
  8
F.Silkscreen
  6
CONTINUOUS
100
AcDbLine
 10
84.5535699999999935
 20
-78.7424589999999966
 30
0
 11
84.5806060000000031
 21
-78.7312599999999918
 31
0
  0
LINE
  5
335
330
22
100
AcDbEntity
  8
F.Silkscreen
  6
CONTINUOUS
100
AcDbLine
 10
84.5806060000000031
 20
-78.7312599999999918
 30
0
 11
84.5952379999999948
 21
-78.729818999999992
 31
0
  0
LINE
  5
336
330
22
100
AcDbEntity
  8
F.Silkscreen
  6
CONTINUOUS
100
AcDbLine
 10
84.5952379999999948
 20
-78.729818999999992
 30
0
 11
84.9761900000000026
 21
-78.729818999999992
 31
0
  0
LINE
  5
337
330
22
100
AcDbEntity
  8
F.Silkscreen
  6
CONTINUOUS
100
AcDbLine
 10
84.9761900000000026
 20
-78.729818999999992
 30
0
 11
84.9908219999999943
 21
-78.7312599999999918
 31
0
  0
LINE
  5
338
330
22
100
AcDbEntity
  8
F.Silkscreen
  6
CONTINUOUS
100
AcDbLine
 10
84.6702379999999977
 20
-79.253627999999992
 30
0
 11
84.958484999999996
 21
-79.253627999999992
 31
0
  0
LINE
  5
339
330
22
100
AcDbEntity
  8
F.Silkscreen
  6
CONTINUOUS
100
AcDbLine
 10
84.958484999999996
 20
-79.253627999999992
 30
0
 11
85.0270009999999985
 21
-79.2193699999999978
 31
0
  0
LINE
  5
33A
330
22
100
AcDbEntity
  8
F.Silkscreen
  6
CONTINUOUS
100
AcDbLine
 10
85.0270009999999985
 20
-79.2193699999999978
 30
0
 11
85.0574079999999952
 21
-79.1889630000000011
 31
0
  0
LINE
  5
33B
330
22
100
AcDbEntity
  8
F.Silkscreen
  6
CONTINUOUS
100
AcDbLine
 10
85.0574079999999952
 20
-79.1889630000000011
 30
0
 11
85.0916659999999894
 21
-79.1204469999999986
 31
0
  0
LINE
  5
33C
330
22
100
AcDbEntity
  8
F.Silkscreen
  6
CONTINUOUS
100
AcDbLine
 10
85.0916659999999894
 20
-79.1204469999999986
 30
0
 11
85.0916659999999894
 21
-79.012999999999991
 31
0
  0
LINE
  5
33D
330
22
100
AcDbEntity
  8
F.Silkscreen
  6
CONTINUOUS
100
AcDbLine
 10
85.0916659999999894
 20
-79.012999999999991
 30
0
 11
85.0574079999999952
 21
-78.9444840000000028
 31
0
  0
LINE
  5
33E
330
22
100
AcDbEntity
  8
F.Silkscreen
  6
CONTINUOUS
100
AcDbLine
 10
85.0574079999999952
 20
-78.9444840000000028
 30
0
 11
85.0270009999999985
 21
-78.9140769999999918
 31
0
  0
LINE
  5
33F
330
22
100
AcDbEntity
  8
F.Silkscreen
  6
CONTINUOUS
100
AcDbLine
 10
85.0270009999999985
 20
-78.9140769999999918
 30
0
 11
84.958484999999996
 21
-78.8798189999999977
 31
0
  0
LINE
  5
340
330
22
100
AcDbEntity
  8
F.Silkscreen
  6
CONTINUOUS
100
AcDbLine
 10
84.958484999999996
 20
-78.8798189999999977
 30
0
 11
84.6702379999999977
 21
-78.8798189999999977
 31
0
  0
LINE
  5
341
330
22
100
AcDbEntity
  8
F.Silkscreen
  6
CONTINUOUS
100
AcDbLine
 10
84.6702379999999977
 20
-78.8798189999999977
 30
0
 11
84.6702379999999977
 21
-79.253627999999992
 31
0
  0
LINE
  5
342
330
22
100
AcDbEntity
  8
F.Silkscreen
  6
CONTINUOUS
100
AcDbLine
 10
86.9908219999999943
 20
-78.7312599999999918
 30
0
 11
87.0178579999999897
 21
-78.7424589999999966
 31
0
  0
LINE
  5
343
330
22
100
AcDbEntity
  8
F.Silkscreen
  6
CONTINUOUS
100
AcDbLine
 10
87.0178579999999897
 20
-78.7424589999999966
 30
0
 11
87.0385500000000008
 21
-78.7631509999999935
 31
0
  0
LINE
  5
344
330
22
100
AcDbEntity
  8
F.Silkscreen
  6
CONTINUOUS
100
AcDbLine
 10
87.0385500000000008
 20
-78.7631509999999935
 30
0
 11
87.0497489999999914
 21
-78.7901870000000031
 31
0
  0
LINE
  5
345
330
22
100
AcDbEntity
  8
F.Silkscreen
  6
CONTINUOUS
100
AcDbLine
 10
87.0497489999999914
 20
-78.7901870000000031
 30
0
 11
87.0497489999999914
 21
-78.8194510000000008
 31
0
  0
LINE
  5
346
330
22
100
AcDbEntity
  8
F.Silkscreen
  6
CONTINUOUS
100
AcDbLine
 10
87.0497489999999914
 20
-78.8194510000000008
 30
0
 11
87.0385500000000008
 21
-78.8464869999999962
 31
0
  0
LINE
  5
347
330
22
100
AcDbEntity
  8
F.Silkscreen
  6
CONTINUOUS
100
AcDbLine
 10
87.0385500000000008
 20
-78.8464869999999962
 30
0
 11
87.0178579999999897
 21
-78.867178999999993
 31
0
  0
LINE
  5
348
330
22
100
AcDbEntity
  8
F.Silkscreen
  6
CONTINUOUS
100
AcDbLine
 10
87.0178579999999897
 20
-78.867178999999993
 30
0
 11
86.9908219999999943
 21
-78.8783779999999979
 31
0
  0
LINE
  5
349
330
22
100
AcDbEntity
  8
F.Silkscreen
  6
CONTINUOUS
100
AcDbLine
 10
86.9908219999999943
 20
-78.8783779999999979
 30
0
 11
86.9761900000000026
 21
-78.8798189999999977
 31
0
  0
LINE
  5
34A
330
22
100
AcDbEntity
  8
F.Silkscreen
  6
CONTINUOUS
100
AcDbLine
 10
86.9761900000000026
 20
-78.8798189999999977
 30
0
 11
86.5750000000000028
 21
-78.8798189999999977
 31
0
  0
LINE
  5
34B
330
22
100
AcDbEntity
  8
F.Silkscreen
  6
CONTINUOUS
100
AcDbLine
 10
86.5750000000000028
 20
-78.8798189999999977
 30
0
 11
86.5750000000000028
 21
-79.2060089999999946
 31
0
  0
LINE
  5
34C
330
22
100
AcDbEntity
  8
F.Silkscreen
  6
CONTINUOUS
100
AcDbLine
 10
86.5750000000000028
 20
-79.2060089999999946
 30
0
 11
86.8333329999999961
 21
-79.2060089999999946
 31
0
  0
LINE
  5
34D
330
22
100
AcDbEntity
  8
F.Silkscreen
  6
CONTINUOUS
100
AcDbLine
 10
86.8333329999999961
 20
-79.2060089999999946
 30
0
 11
86.8479650000000021
 21
-79.2074499999999944
 31
0
  0
LINE
  5
34E
330
22
100
AcDbEntity
  8
F.Silkscreen
  6
CONTINUOUS
100
AcDbLine
 10
86.8479650000000021
 20
-79.2074499999999944
 30
0
 11
86.8750009999999975
 21
-79.2186489999999992
 31
0
  0
LINE
  5
34F
330
22
100
AcDbEntity
  8
F.Silkscreen
  6
CONTINUOUS
100
AcDbLine
 10
86.8750009999999975
 20
-79.2186489999999992
 30
0
 11
86.8956929999999943
 21
-79.239340999999996
 31
0
  0
LINE
  5
350
330
22
100
AcDbEntity
  8
F.Silkscreen
  6
CONTINUOUS
100
AcDbLine
 10
86.8956929999999943
 20
-79.239340999999996
 30
0
 11
86.9068919999999991
 21
-79.2663769999999914
 31
0
  0
LINE
  5
351
330
22
100
AcDbEntity
  8
F.Silkscreen
  6
CONTINUOUS
100
AcDbLine
 10
86.9068919999999991
 20
-79.2663769999999914
 30
0
 11
86.9068919999999991
 21
-79.2956410000000034
 31
0
  0
LINE
  5
352
330
22
100
AcDbEntity
  8
F.Silkscreen
  6
CONTINUOUS
100
AcDbLine
 10
86.9068919999999991
 20
-79.2956410000000034
 30
0
 11
86.8956929999999943
 21
-79.3226769999999988
 31
0
  0
LINE
  5
353
330
22
100
AcDbEntity
  8
F.Silkscreen
  6
CONTINUOUS
100
AcDbLine
 10
86.8956929999999943
 20
-79.3226769999999988
 30
0
 11
86.8750009999999975
 21
-79.3433689999999956
 31
0
  0
LINE
  5
354
330
22
100
AcDbEntity
  8
F.Silkscreen
  6
CONTINUOUS
100
AcDbLine
 10
86.8750009999999975
 20
-79.3433689999999956
 30
0
 11
86.8479650000000021
 21
-79.3545680000000004
 31
0
  0
LINE
  5
355
330
22
100
AcDbEntity
  8
F.Silkscreen
  6
CONTINUOUS
100
AcDbLine
 10
86.8479650000000021
 20
-79.3545680000000004
 30
0
 11
86.8333329999999961
 21
-79.3560090000000002
 31
0
  0
LINE
  5
356
330
22
100
AcDbEntity
  8
F.Silkscreen
  6
CONTINUOUS
100
AcDbLine
 10
86.8333329999999961
 20
-79.3560090000000002
 30
0
 11
86.5750000000000028
 21
-79.3560090000000002
 31
0
  0
LINE
  5
357
330
22
100
AcDbEntity
  8
F.Silkscreen
  6
CONTINUOUS
100
AcDbLine
 10
86.5750000000000028
 20
-79.3560090000000002
 30
0
 11
86.5750000000000028
 21
-79.8048189999999948
 31
0
  0
LINE
  5
358
330
22
100
AcDbEntity
  8
F.Silkscreen
  6
CONTINUOUS
100
AcDbLine
 10
86.5750000000000028
 20
-79.8048189999999948
 30
0
 11
86.573559000000003
 21
-79.8194510000000008
 31
0
  0
LINE
  5
359
330
22
100
AcDbEntity
  8
F.Silkscreen
  6
CONTINUOUS
100
AcDbLine
 10
86.573559000000003
 20
-79.8194510000000008
 30
0
 11
86.5623599999999982
 21
-79.8464869999999962
 31
0
  0
LINE
  5
35A
330
22
100
AcDbEntity
  8
F.Silkscreen
  6
CONTINUOUS
100
AcDbLine
 10
86.5623599999999982
 20
-79.8464869999999962
 30
0
 11
86.5416680000000014
 21
-79.867178999999993
 31
0
  0
LINE
  5
35B
330
22
100
AcDbEntity
  8
F.Silkscreen
  6
CONTINUOUS
100
AcDbLine
 10
86.5416680000000014
 20
-79.867178999999993
 30
0
 11
86.5146319999999918
 21
-79.8783779999999979
 31
0
  0
LINE
  5
35C
330
22
100
AcDbEntity
  8
F.Silkscreen
  6
CONTINUOUS
100
AcDbLine
 10
86.5146319999999918
 20
-79.8783779999999979
 30
0
 11
86.485367999999994
 21
-79.8783779999999979
 31
0
  0
LINE
  5
35D
330
22
100
AcDbEntity
  8
F.Silkscreen
  6
CONTINUOUS
100
AcDbLine
 10
86.485367999999994
 20
-79.8783779999999979
 30
0
 11
86.4583319999999986
 21
-79.867178999999993
 31
0
  0
LINE
  5
35E
330
22
100
AcDbEntity
  8
F.Silkscreen
  6
CONTINUOUS
100
AcDbLine
 10
86.4583319999999986
 20
-79.867178999999993
 30
0
 11
86.4376400000000018
 21
-79.8464869999999962
 31
0
  0
LINE
  5
35F
330
22
100
AcDbEntity
  8
F.Silkscreen
  6
CONTINUOUS
100
AcDbLine
 10
86.4376400000000018
 20
-79.8464869999999962
 30
0
 11
86.426440999999997
 21
-79.8194510000000008
 31
0
  0
LINE
  5
360
330
22
100
AcDbEntity
  8
F.Silkscreen
  6
CONTINUOUS
100
AcDbLine
 10
86.426440999999997
 20
-79.8194510000000008
 30
0
 11
86.4249999999999972
 21
-79.8048189999999948
 31
0
  0
LINE
  5
361
330
22
100
AcDbEntity
  8
F.Silkscreen
  6
CONTINUOUS
100
AcDbLine
 10
86.4249999999999972
 20
-79.8048189999999948
 30
0
 11
86.4249999999999972
 21
-78.8048189999999948
 31
0
  0
LINE
  5
362
330
22
100
AcDbEntity
  8
F.Silkscreen
  6
CONTINUOUS
100
AcDbLine
 10
86.4249999999999972
 20
-78.8048189999999948
 30
0
 11
86.426440999999997
 21
-78.7901870000000031
 31
0
  0
LINE
  5
363
330
22
100
AcDbEntity
  8
F.Silkscreen
  6
CONTINUOUS
100
AcDbLine
 10
86.426440999999997
 20
-78.7901870000000031
 30
0
 11
86.4376400000000018
 21
-78.7631509999999935
 31
0
  0
LINE
  5
364
330
22
100
AcDbEntity
  8
F.Silkscreen
  6
CONTINUOUS
100
AcDbLine
 10
86.4376400000000018
 20
-78.7631509999999935
 30
0
 11
86.4583319999999986
 21
-78.7424589999999966
 31
0
  0
LINE
  5
365
330
22
100
AcDbEntity
  8
F.Silkscreen
  6
CONTINUOUS
100
AcDbLine
 10
86.4583319999999986
 20
-78.7424589999999966
 30
0
 11
86.485367999999994
 21
-78.7312599999999918
 31
0
  0
LINE
  5
366
330
22
100
AcDbEntity
  8
F.Silkscreen
  6
CONTINUOUS
100
AcDbLine
 10
86.485367999999994
 20
-78.7312599999999918
 30
0
 11
86.5
 21
-78.729818999999992
 31
0
  0
LINE
  5
367
330
22
100
AcDbEntity
  8
F.Silkscreen
  6
CONTINUOUS
100
AcDbLine
 10
86.5
 20
-78.729818999999992
 30
0
 11
86.9761900000000026
 21
-78.729818999999992
 31
0
  0
LINE
  5
368
330
22
100
AcDbEntity
  8
F.Silkscreen
  6
CONTINUOUS
100
AcDbLine
 10
86.9761900000000026
 20
-78.729818999999992
 30
0
 11
86.9908219999999943
 21
-78.7312599999999918
 31
0
  0
LINE
  5
369
330
22
100
AcDbEntity
  8
F.Silkscreen
  6
CONTINUOUS
100
AcDbLine
 10
150.5416679999999872
 20
-79.2424589999999966
 30
0
 11
150.562359999999984
 21
-79.2631509999999935
 31
0
  0
LINE
  5
36A
330
22
100
AcDbEntity
  8
F.Silkscreen
  6
CONTINUOUS
100
AcDbLine
 10
150.562359999999984
 20
-79.2631509999999935
 30
0
 11
150.5735589999999888
 21
-79.2901870000000031
 31
0
  0
LINE
  5
36B
330
22
100
AcDbEntity
  8
F.Silkscreen
  6
CONTINUOUS
100
AcDbLine
 10
150.5735589999999888
 20
-79.2901870000000031
 30
0
 11
150.5749999999999886
 21
-79.3048189999999948
 31
0
  0
LINE
  5
36C
330
22
100
AcDbEntity
  8
F.Silkscreen
  6
CONTINUOUS
100
AcDbLine
 10
150.5749999999999886
 20
-79.3048189999999948
 30
0
 11
150.5749999999999886
 21
-79.4321359999999999
 31
0
  0
LINE
  5
36D
330
22
100
AcDbEntity
  8
F.Silkscreen
  6
CONTINUOUS
100
AcDbLine
 10
150.5749999999999886
 20
-79.4321359999999999
 30
0
 11
150.7102409999999963
 21
-79.3780399999999986
 31
0
  0
LINE
  5
36E
330
22
100
AcDbEntity
  8
F.Silkscreen
  6
CONTINUOUS
100
AcDbLine
 10
150.7102409999999963
 20
-79.3780399999999986
 30
0
 11
150.7243609999999876
 21
-79.3739439999999945
 31
0
  0
LINE
  5
36F
330
22
100
AcDbEntity
  8
F.Silkscreen
  6
CONTINUOUS
100
AcDbLine
 10
150.7243609999999876
 20
-79.3739439999999945
 30
0
 11
150.7536230000000046
 21
-79.3743010000000027
 31
0
  0
LINE
  5
370
330
22
100
AcDbEntity
  8
F.Silkscreen
  6
CONTINUOUS
100
AcDbLine
 10
150.7536230000000046
 20
-79.3743010000000027
 30
0
 11
150.7805199999999957
 21
-79.3858279999999894
 31
0
  0
LINE
  5
371
330
22
100
AcDbEntity
  8
F.Silkscreen
  6
CONTINUOUS
100
AcDbLine
 10
150.7805199999999957
 20
-79.3858279999999894
 30
0
 11
150.8009579999999801
 21
-79.406770999999992
 31
0
  0
LINE
  5
372
330
22
100
AcDbEntity
  8
F.Silkscreen
  6
CONTINUOUS
100
AcDbLine
 10
150.8009579999999801
 20
-79.406770999999992
 30
0
 11
150.8118269999999939
 21
-79.4339420000000018
 31
0
  0
LINE
  5
373
330
22
100
AcDbEntity
  8
F.Silkscreen
  6
CONTINUOUS
100
AcDbLine
 10
150.8118269999999939
 20
-79.4339420000000018
 30
0
 11
150.8114699999999857
 21
-79.4632039999999904
 31
0
  0
LINE
  5
374
330
22
100
AcDbEntity
  8
F.Silkscreen
  6
CONTINUOUS
100
AcDbLine
 10
150.8114699999999857
 20
-79.4632039999999904
 30
0
 11
150.7999429999999847
 21
-79.4901009999999957
 31
0
  0
LINE
  5
375
330
22
100
AcDbEntity
  8
F.Silkscreen
  6
CONTINUOUS
100
AcDbLine
 10
150.7999429999999847
 20
-79.4901009999999957
 30
0
 11
150.7789989999999989
 21
-79.5105399999999918
 31
0
  0
LINE
  5
376
330
22
100
AcDbEntity
  8
F.Silkscreen
  6
CONTINUOUS
100
AcDbLine
 10
150.7789989999999989
 20
-79.5105399999999918
 30
0
 11
150.7659490000000062
 21
-79.5173119999999898
 31
0
  0
LINE
  5
377
330
22
100
AcDbEntity
  8
F.Silkscreen
  6
CONTINUOUS
100
AcDbLine
 10
150.7659490000000062
 20
-79.5173119999999898
 30
0
 11
150.6187170000000037
 21
-79.5762039999999899
 31
0
  0
LINE
  5
378
330
22
100
AcDbEntity
  8
F.Silkscreen
  6
CONTINUOUS
100
AcDbLine
 10
150.6187170000000037
 20
-79.5762039999999899
 30
0
 11
150.7028569999999945
 21
-79.6883899999999983
 31
0
  0
LINE
  5
379
330
22
100
AcDbEntity
  8
F.Silkscreen
  6
CONTINUOUS
100
AcDbLine
 10
150.7028569999999945
 20
-79.6883899999999983
 30
0
 11
150.7104829999999822
 21
-79.7009599999999949
 31
0
  0
LINE
  5
37A
330
22
100
AcDbEntity
  8
F.Silkscreen
  6
CONTINUOUS
100
AcDbLine
 10
150.7104829999999822
 20
-79.7009599999999949
 30
0
 11
150.7177460000000053
 21
-79.7293080000000032
 31
0
  0
LINE
  5
37B
330
22
100
AcDbEntity
  8
F.Silkscreen
  6
CONTINUOUS
100
AcDbLine
 10
150.7177460000000053
 20
-79.7293080000000032
 30
0
 11
150.7136069999999961
 21
-79.7582769999999925
 31
0
  0
LINE
  5
37C
330
22
100
AcDbEntity
  8
F.Silkscreen
  6
CONTINUOUS
100
AcDbLine
 10
150.7136069999999961
 20
-79.7582769999999925
 30
0
 11
150.6986980000000074
 21
-79.783457999999996
 31
0
  0
LINE
  5
37D
330
22
100
AcDbEntity
  8
F.Silkscreen
  6
CONTINUOUS
100
AcDbLine
 10
150.6986980000000074
 20
-79.783457999999996
 30
0
 11
150.6752869999999973
 21
-79.80101599999999
 31
0
  0
LINE
  5
37E
330
22
100
AcDbEntity
  8
F.Silkscreen
  6
CONTINUOUS
100
AcDbLine
 10
150.6752869999999973
 20
-79.80101599999999
 30
0
 11
150.6469390000000033
 21
-79.8082789999999989
 31
0
  0
LINE
  5
37F
330
22
100
AcDbEntity
  8
F.Silkscreen
  6
CONTINUOUS
100
AcDbLine
 10
150.6469390000000033
 20
-79.8082789999999989
 30
0
 11
150.6179699999999855
 21
-79.8041399999999896
 31
0
  0
LINE
  5
380
330
22
100
AcDbEntity
  8
F.Silkscreen
  6
CONTINUOUS
100
AcDbLine
 10
150.6179699999999855
 20
-79.8041399999999896
 30
0
 11
150.592788999999982
 21
-79.7892310000000009
 31
0
  0
LINE
  5
381
330
22
100
AcDbEntity
  8
F.Silkscreen
  6
CONTINUOUS
100
AcDbLine
 10
150.592788999999982
 20
-79.7892310000000009
 30
0
 11
150.58285699999999
 21
-79.7783900000000017
 31
0
  0
LINE
  5
382
330
22
100
AcDbEntity
  8
F.Silkscreen
  6
CONTINUOUS
100
AcDbLine
 10
150.58285699999999
 20
-79.7783900000000017
 30
0
 11
150.5
 21
-79.6679139999999961
 31
0
  0
LINE
  5
383
330
22
100
AcDbEntity
  8
F.Silkscreen
  6
CONTINUOUS
100
AcDbLine
 10
150.5
 20
-79.6679139999999961
 30
0
 11
150.4171429999999816
 21
-79.7783900000000017
 31
0
  0
LINE
  5
384
330
22
100
AcDbEntity
  8
F.Silkscreen
  6
CONTINUOUS
100
AcDbLine
 10
150.4171429999999816
 20
-79.7783900000000017
 30
0
 11
150.4072109999999896
 21
-79.7892310000000009
 31
0
  0
LINE
  5
385
330
22
100
AcDbEntity
  8
F.Silkscreen
  6
CONTINUOUS
100
AcDbLine
 10
150.4072109999999896
 20
-79.7892310000000009
 30
0
 11
150.3820299999999861
 21
-79.8041399999999896
 31
0
  0
LINE
  5
386
330
22
100
AcDbEntity
  8
F.Silkscreen
  6
CONTINUOUS
100
AcDbLine
 10
150.3820299999999861
 20
-79.8041399999999896
 30
0
 11
150.3530609999999967
 21
-79.8082789999999989
 31
0
  0
LINE
  5
387
330
22
100
AcDbEntity
  8
F.Silkscreen
  6
CONTINUOUS
100
AcDbLine
 10
150.3530609999999967
 20
-79.8082789999999989
 30
0
 11
150.3247130000000027
 21
-79.80101599999999
 31
0
  0
LINE
  5
388
330
22
100
AcDbEntity
  8
F.Silkscreen
  6
CONTINUOUS
100
AcDbLine
 10
150.3247130000000027
 20
-79.80101599999999
 30
0
 11
150.3013019999999926
 21
-79.783457999999996
 31
0
  0
LINE
  5
389
330
22
100
AcDbEntity
  8
F.Silkscreen
  6
CONTINUOUS
100
AcDbLine
 10
150.3013019999999926
 20
-79.783457999999996
 30
0
 11
150.2863930000000039
 21
-79.7582769999999925
 31
0
  0
LINE
  5
38A
330
22
100
AcDbEntity
  8
F.Silkscreen
  6
CONTINUOUS
100
AcDbLine
 10
150.2863930000000039
 20
-79.7582769999999925
 30
0
 11
150.2822539999999947
 21
-79.7293080000000032
 31
0
  0
LINE
  5
38B
330
22
100
AcDbEntity
  8
F.Silkscreen
  6
CONTINUOUS
100
AcDbLine
 10
150.2822539999999947
 20
-79.7293080000000032
 30
0
 11
150.2895169999999894
 21
-79.7009599999999949
 31
0
  0
LINE
  5
38C
330
22
100
AcDbEntity
  8
F.Silkscreen
  6
CONTINUOUS
100
AcDbLine
 10
150.2895169999999894
 20
-79.7009599999999949
 30
0
 11
150.2971430000000055
 21
-79.6883899999999983
 31
0
  0
LINE
  5
38D
330
22
100
AcDbEntity
  8
F.Silkscreen
  6
CONTINUOUS
100
AcDbLine
 10
150.2971430000000055
 20
-79.6883899999999983
 30
0
 11
150.3812819999999988
 21
-79.5762039999999899
 31
0
  0
LINE
  5
38E
330
22
100
AcDbEntity
  8
F.Silkscreen
  6
CONTINUOUS
100
AcDbLine
 10
150.3812819999999988
 20
-79.5762039999999899
 30
0
 11
150.2340509999999938
 21
-79.5173119999999898
 31
0
  0
LINE
  5
38F
330
22
100
AcDbEntity
  8
F.Silkscreen
  6
CONTINUOUS
100
AcDbLine
 10
150.2340509999999938
 20
-79.5173119999999898
 30
0
 11
150.2210000000000036
 21
-79.5105399999999918
 31
0
  0
LINE
  5
390
330
22
100
AcDbEntity
  8
F.Silkscreen
  6
CONTINUOUS
100
AcDbLine
 10
150.2210000000000036
 20
-79.5105399999999918
 30
0
 11
150.2000569999999868
 21
-79.4901009999999957
 31
0
  0
LINE
  5
391
330
22
100
AcDbEntity
  8
F.Silkscreen
  6
CONTINUOUS
100
AcDbLine
 10
150.2000569999999868
 20
-79.4901009999999957
 30
0
 11
150.1885299999999859
 21
-79.4632039999999904
 31
0
  0
LINE
  5
392
330
22
100
AcDbEntity
  8
F.Silkscreen
  6
CONTINUOUS
100
AcDbLine
 10
150.1885299999999859
 20
-79.4632039999999904
 30
0
 11
150.1881730000000061
 21
-79.4339420000000018
 31
0
  0
LINE
  5
393
330
22
100
AcDbEntity
  8
F.Silkscreen
  6
CONTINUOUS
100
AcDbLine
 10
150.1881730000000061
 20
-79.4339420000000018
 30
0
 11
150.199040999999994
 21
-79.406770999999992
 31
0
  0
LINE
  5
394
330
22
100
AcDbEntity
  8
F.Silkscreen
  6
CONTINUOUS
100
AcDbLine
 10
150.199040999999994
 20
-79.406770999999992
 30
0
 11
150.2194800000000043
 21
-79.3858279999999894
 31
0
  0
LINE
  5
395
330
22
100
AcDbEntity
  8
F.Silkscreen
  6
CONTINUOUS
100
AcDbLine
 10
150.2194800000000043
 20
-79.3858279999999894
 30
0
 11
150.2463769999999954
 21
-79.3743010000000027
 31
0
  0
LINE
  5
396
330
22
100
AcDbEntity
  8
F.Silkscreen
  6
CONTINUOUS
100
AcDbLine
 10
150.2463769999999954
 20
-79.3743010000000027
 30
0
 11
150.275638999999984
 21
-79.3739439999999945
 31
0
  0
LINE
  5
397
330
22
100
AcDbEntity
  8
F.Silkscreen
  6
CONTINUOUS
100
AcDbLine
 10
150.275638999999984
 20
-79.3739439999999945
 30
0
 11
150.2897590000000037
 21
-79.3780399999999986
 31
0
  0
LINE
  5
398
330
22
100
AcDbEntity
  8
F.Silkscreen
  6
CONTINUOUS
100
AcDbLine
 10
150.2897590000000037
 20
-79.3780399999999986
 30
0
 11
150.4249999999999829
 21
-79.4321359999999999
 31
0
  0
LINE
  5
399
330
22
100
AcDbEntity
  8
F.Silkscreen
  6
CONTINUOUS
100
AcDbLine
 10
150.4249999999999829
 20
-79.4321359999999999
 30
0
 11
150.4249999999999829
 21
-79.3048189999999948
 31
0
  0
LINE
  5
39A
330
22
100
AcDbEntity
  8
F.Silkscreen
  6
CONTINUOUS
100
AcDbLine
 10
150.4249999999999829
 20
-79.3048189999999948
 30
0
 11
150.4264409999999828
 21
-79.2901870000000031
 31
0
  0
LINE
  5
39B
330
22
100
AcDbEntity
  8
F.Silkscreen
  6
CONTINUOUS
100
AcDbLine
 10
150.4264409999999828
 20
-79.2901870000000031
 30
0
 11
150.4376399999999876
 21
-79.2631509999999935
 31
0
  0
LINE
  5
39C
330
22
100
AcDbEntity
  8
F.Silkscreen
  6
CONTINUOUS
100
AcDbLine
 10
150.4376399999999876
 20
-79.2631509999999935
 30
0
 11
150.4583319999999844
 21
-79.2424589999999966
 31
0
  0
LINE
  5
39D
330
22
100
AcDbEntity
  8
F.Silkscreen
  6
CONTINUOUS
100
AcDbLine
 10
150.4583319999999844
 20
-79.2424589999999966
 30
0
 11
150.485367999999994
 21
-79.2312599999999918
 31
0
  0
LINE
  5
39E
330
22
100
AcDbEntity
  8
F.Silkscreen
  6
CONTINUOUS
100
AcDbLine
 10
150.485367999999994
 20
-79.2312599999999918
 30
0
 11
150.514632000000006
 21
-79.2312599999999918
 31
0
  0
LINE
  5
39F
330
22
100
AcDbEntity
  8
F.Silkscreen
  6
CONTINUOUS
100
AcDbLine
 10
150.514632000000006
 20
-79.2312599999999918
 30
0
 11
150.5416679999999872
 21
-79.2424589999999966
 31
0
  0
LINE
  5
3A0
330
22
100
AcDbEntity
  8
F.Silkscreen
  6
CONTINUOUS
100
AcDbLine
 10
151.3035730000000001
 20
-79.2424589999999966
 30
0
 11
151.3242649999999969
 21
-79.2631509999999935
 31
0
  0
LINE
  5
3A1
330
22
100
AcDbEntity
  8
F.Silkscreen
  6
CONTINUOUS
100
AcDbLine
 10
151.3242649999999969
 20
-79.2631509999999935
 30
0
 11
151.3354640000000018
 21
-79.2901870000000031
 31
0
  0
LINE
  5
3A2
330
22
100
AcDbEntity
  8
F.Silkscreen
  6
CONTINUOUS
100
AcDbLine
 10
151.3354640000000018
 20
-79.2901870000000031
 30
0
 11
151.3369050000000016
 21
-79.3048189999999948
 31
0
  0
LINE
  5
3A3
330
22
100
AcDbEntity
  8
F.Silkscreen
  6
CONTINUOUS
100
AcDbLine
 10
151.3369050000000016
 20
-79.3048189999999948
 30
0
 11
151.3369050000000016
 21
-79.4321359999999999
 31
0
  0
LINE
  5
3A4
330
22
100
AcDbEntity
  8
F.Silkscreen
  6
CONTINUOUS
100
AcDbLine
 10
151.3369050000000016
 20
-79.4321359999999999
 30
0
 11
151.4721459999999809
 21
-79.3780399999999986
 31
0
  0
LINE
  5
3A5
330
22
100
AcDbEntity
  8
F.Silkscreen
  6
CONTINUOUS
100
AcDbLine
 10
151.4721459999999809
 20
-79.3780399999999986
 30
0
 11
151.4862660000000005
 21
-79.3739439999999945
 31
0
  0
LINE
  5
3A6
330
22
100
AcDbEntity
  8
F.Silkscreen
  6
CONTINUOUS
100
AcDbLine
 10
151.4862660000000005
 20
-79.3739439999999945
 30
0
 11
151.5155279999999891
 21
-79.3743010000000027
 31
0
  0
LINE
  5
3A7
330
22
100
AcDbEntity
  8
F.Silkscreen
  6
CONTINUOUS
100
AcDbLine
 10
151.5155279999999891
 20
-79.3743010000000027
 30
0
 11
151.5424249999999802
 21
-79.3858279999999894
 31
0
  0
LINE
  5
3A8
330
22
100
AcDbEntity
  8
F.Silkscreen
  6
CONTINUOUS
100
AcDbLine
 10
151.5424249999999802
 20
-79.3858279999999894
 30
0
 11
151.562862999999993
 21
-79.406770999999992
 31
0
  0
LINE
  5
3A9
330
22
100
AcDbEntity
  8
F.Silkscreen
  6
CONTINUOUS
100
AcDbLine
 10
151.562862999999993
 20
-79.406770999999992
 30
0
 11
151.5737320000000068
 21
-79.4339420000000018
 31
0
  0
LINE
  5
3AA
330
22
100
AcDbEntity
  8
F.Silkscreen
  6
CONTINUOUS
100
AcDbLine
 10
151.5737320000000068
 20
-79.4339420000000018
 30
0
 11
151.5733749999999986
 21
-79.4632039999999904
 31
0
  0
LINE
  5
3AB
330
22
100
AcDbEntity
  8
F.Silkscreen
  6
CONTINUOUS
100
AcDbLine
 10
151.5733749999999986
 20
-79.4632039999999904
 30
0
 11
151.5618479999999977
 21
-79.4901009999999957
 31
0
  0
LINE
  5
3AC
330
22
100
AcDbEntity
  8
F.Silkscreen
  6
CONTINUOUS
100
AcDbLine
 10
151.5618479999999977
 20
-79.4901009999999957
 30
0
 11
151.5409039999999834
 21
-79.5105399999999918
 31
0
  0
LINE
  5
3AD
330
22
100
AcDbEntity
  8
F.Silkscreen
  6
CONTINUOUS
100
AcDbLine
 10
151.5409039999999834
 20
-79.5105399999999918
 30
0
 11
151.5278539999999907
 21
-79.5173119999999898
 31
0
  0
LINE
  5
3AE
330
22
100
AcDbEntity
  8
F.Silkscreen
  6
CONTINUOUS
100
AcDbLine
 10
151.5278539999999907
 20
-79.5173119999999898
 30
0
 11
151.3806219999999882
 21
-79.5762039999999899
 31
0
  0
LINE
  5
3AF
330
22
100
AcDbEntity
  8
F.Silkscreen
  6
CONTINUOUS
100
AcDbLine
 10
151.3806219999999882
 20
-79.5762039999999899
 30
0
 11
151.464761999999979
 21
-79.6883899999999983
 31
0
  0
LINE
  5
3B0
330
22
100
AcDbEntity
  8
F.Silkscreen
  6
CONTINUOUS
100
AcDbLine
 10
151.464761999999979
 20
-79.6883899999999983
 30
0
 11
151.4723879999999951
 21
-79.7009599999999949
 31
0
  0
LINE
  5
3B1
330
22
100
AcDbEntity
  8
F.Silkscreen
  6
CONTINUOUS
100
AcDbLine
 10
151.4723879999999951
 20
-79.7009599999999949
 30
0
 11
151.4796509999999898
 21
-79.7293080000000032
 31
0
  0
LINE
  5
3B2
330
22
100
AcDbEntity
  8
F.Silkscreen
  6
CONTINUOUS
100
AcDbLine
 10
151.4796509999999898
 20
-79.7293080000000032
 30
0
 11
151.4755119999999806
 21
-79.7582769999999925
 31
0
  0
LINE
  5
3B3
330
22
100
AcDbEntity
  8
F.Silkscreen
  6
CONTINUOUS
100
AcDbLine
 10
151.4755119999999806
 20
-79.7582769999999925
 30
0
 11
151.4606029999999919
 21
-79.783457999999996
 31
0
  0
LINE
  5
3B4
330
22
100
AcDbEntity
  8
F.Silkscreen
  6
CONTINUOUS
100
AcDbLine
 10
151.4606029999999919
 20
-79.783457999999996
 30
0
 11
151.4371919999999818
 21
-79.80101599999999
 31
0
  0
LINE
  5
3B5
330
22
100
AcDbEntity
  8
F.Silkscreen
  6
CONTINUOUS
100
AcDbLine
 10
151.4371919999999818
 20
-79.80101599999999
 30
0
 11
151.4088439999999878
 21
-79.8082789999999989
 31
0
  0
LINE
  5
3B6
330
22
100
AcDbEntity
  8
F.Silkscreen
  6
CONTINUOUS
100
AcDbLine
 10
151.4088439999999878
 20
-79.8082789999999989
 30
0
 11
151.3798749999999984
 21
-79.8041399999999896
 31
0
  0
LINE
  5
3B7
330
22
100
AcDbEntity
  8
F.Silkscreen
  6
CONTINUOUS
100
AcDbLine
 10
151.3798749999999984
 20
-79.8041399999999896
 30
0
 11
151.354693999999995
 21
-79.7892310000000009
 31
0
  0
LINE
  5
3B8
330
22
100
AcDbEntity
  8
F.Silkscreen
  6
CONTINUOUS
100
AcDbLine
 10
151.354693999999995
 20
-79.7892310000000009
 30
0
 11
151.3447620000000029
 21
-79.7783900000000017
 31
0
  0
LINE
  5
3B9
330
22
100
AcDbEntity
  8
F.Silkscreen
  6
CONTINUOUS
100
AcDbLine
 10
151.3447620000000029
 20
-79.7783900000000017
 30
0
 11
151.2619049999999845
 21
-79.6679139999999961
 31
0
  0
LINE
  5
3BA
330
22
100
AcDbEntity
  8
F.Silkscreen
  6
CONTINUOUS
100
AcDbLine
 10
151.2619049999999845
 20
-79.6679139999999961
 30
0
 11
151.1790479999999945
 21
-79.7783900000000017
 31
0
  0
LINE
  5
3BB
330
22
100
AcDbEntity
  8
F.Silkscreen
  6
CONTINUOUS
100
AcDbLine
 10
151.1790479999999945
 20
-79.7783900000000017
 30
0
 11
151.1691160000000025
 21
-79.7892310000000009
 31
0
  0
LINE
  5
3BC
330
22
100
AcDbEntity
  8
F.Silkscreen
  6
CONTINUOUS
100
AcDbLine
 10
151.1691160000000025
 20
-79.7892310000000009
 30
0
 11
151.143934999999999
 21
-79.8041399999999896
 31
0
  0
LINE
  5
3BD
330
22
100
AcDbEntity
  8
F.Silkscreen
  6
CONTINUOUS
100
AcDbLine
 10
151.143934999999999
 20
-79.8041399999999896
 30
0
 11
151.1149659999999812
 21
-79.8082789999999989
 31
0
  0
LINE
  5
3BE
330
22
100
AcDbEntity
  8
F.Silkscreen
  6
CONTINUOUS
100
AcDbLine
 10
151.1149659999999812
 20
-79.8082789999999989
 30
0
 11
151.0866179999999872
 21
-79.80101599999999
 31
0
  0
LINE
  5
3BF
330
22
100
AcDbEntity
  8
F.Silkscreen
  6
CONTINUOUS
100
AcDbLine
 10
151.0866179999999872
 20
-79.80101599999999
 30
0
 11
151.0632070000000056
 21
-79.783457999999996
 31
0
  0
LINE
  5
3C0
330
22
100
AcDbEntity
  8
F.Silkscreen
  6
CONTINUOUS
100
AcDbLine
 10
151.0632070000000056
 20
-79.783457999999996
 30
0
 11
151.0482979999999884
 21
-79.7582769999999925
 31
0
  0
LINE
  5
3C1
330
22
100
AcDbEntity
  8
F.Silkscreen
  6
CONTINUOUS
100
AcDbLine
 10
151.0482979999999884
 20
-79.7582769999999925
 30
0
 11
151.0441589999999792
 21
-79.7293080000000032
 31
0
  0
LINE
  5
3C2
330
22
100
AcDbEntity
  8
F.Silkscreen
  6
CONTINUOUS
100
AcDbLine
 10
151.0441589999999792
 20
-79.7293080000000032
 30
0
 11
151.0514220000000023
 21
-79.7009599999999949
 31
0
  0
LINE
  5
3C3
330
22
100
AcDbEntity
  8
F.Silkscreen
  6
CONTINUOUS
100
AcDbLine
 10
151.0514220000000023
 20
-79.7009599999999949
 30
0
 11
151.05904799999999
 21
-79.6883899999999983
 31
0
  0
LINE
  5
3C4
330
22
100
AcDbEntity
  8
F.Silkscreen
  6
CONTINUOUS
100
AcDbLine
 10
151.05904799999999
 20
-79.6883899999999983
 30
0
 11
151.1431869999999833
 21
-79.5762039999999899
 31
0
  0
LINE
  5
3C5
330
22
100
AcDbEntity
  8
F.Silkscreen
  6
CONTINUOUS
100
AcDbLine
 10
151.1431869999999833
 20
-79.5762039999999899
 30
0
 11
150.9959560000000067
 21
-79.5173119999999898
 31
0
  0
LINE
  5
3C6
330
22
100
AcDbEntity
  8
F.Silkscreen
  6
CONTINUOUS
100
AcDbLine
 10
150.9959560000000067
 20
-79.5173119999999898
 30
0
 11
150.9829049999999881
 21
-79.5105399999999918
 31
0
  0
LINE
  5
3C7
330
22
100
AcDbEntity
  8
F.Silkscreen
  6
CONTINUOUS
100
AcDbLine
 10
150.9829049999999881
 20
-79.5105399999999918
 30
0
 11
150.9619619999999998
 21
-79.4901009999999957
 31
0
  0
LINE
  5
3C8
330
22
100
AcDbEntity
  8
F.Silkscreen
  6
CONTINUOUS
100
AcDbLine
 10
150.9619619999999998
 20
-79.4901009999999957
 30
0
 11
150.9504349999999988
 21
-79.4632039999999904
 31
0
  0
LINE
  5
3C9
330
22
100
AcDbEntity
  8
F.Silkscreen
  6
CONTINUOUS
100
AcDbLine
 10
150.9504349999999988
 20
-79.4632039999999904
 30
0
 11
150.9500779999999907
 21
-79.4339420000000018
 31
0
  0
LINE
  5
3CA
330
22
100
AcDbEntity
  8
F.Silkscreen
  6
CONTINUOUS
100
AcDbLine
 10
150.9500779999999907
 20
-79.4339420000000018
 30
0
 11
150.960946000000007
 21
-79.406770999999992
 31
0
  0
LINE
  5
3CB
330
22
100
AcDbEntity
  8
F.Silkscreen
  6
CONTINUOUS
100
AcDbLine
 10
150.960946000000007
 20
-79.406770999999992
 30
0
 11
150.9813849999999888
 21
-79.3858279999999894
 31
0
  0
LINE
  5
3CC
330
22
100
AcDbEntity
  8
F.Silkscreen
  6
CONTINUOUS
100
AcDbLine
 10
150.9813849999999888
 20
-79.3858279999999894
 30
0
 11
151.0082819999999799
 21
-79.3743010000000027
 31
0
  0
LINE
  5
3CD
330
22
100
AcDbEntity
  8
F.Silkscreen
  6
CONTINUOUS
100
AcDbLine
 10
151.0082819999999799
 20
-79.3743010000000027
 30
0
 11
151.0375439999999969
 21
-79.3739439999999945
 31
0
  0
LINE
  5
3CE
330
22
100
AcDbEntity
  8
F.Silkscreen
  6
CONTINUOUS
100
AcDbLine
 10
151.0375439999999969
 20
-79.3739439999999945
 30
0
 11
151.0516639999999882
 21
-79.3780399999999986
 31
0
  0
LINE
  5
3CF
330
22
100
AcDbEntity
  8
F.Silkscreen
  6
CONTINUOUS
100
AcDbLine
 10
151.0516639999999882
 20
-79.3780399999999986
 30
0
 11
151.1869049999999959
 21
-79.4321359999999999
 31
0
  0
LINE
  5
3D0
330
22
100
AcDbEntity
  8
F.Silkscreen
  6
CONTINUOUS
100
AcDbLine
 10
151.1869049999999959
 20
-79.4321359999999999
 30
0
 11
151.1869049999999959
 21
-79.3048189999999948
 31
0
  0
LINE
  5
3D1
330
22
100
AcDbEntity
  8
F.Silkscreen
  6
CONTINUOUS
100
AcDbLine
 10
151.1869049999999959
 20
-79.3048189999999948
 30
0
 11
151.1883459999999957
 21
-79.2901870000000031
 31
0
  0
LINE
  5
3D2
330
22
100
AcDbEntity
  8
F.Silkscreen
  6
CONTINUOUS
100
AcDbLine
 10
151.1883459999999957
 20
-79.2901870000000031
 30
0
 11
151.1995450000000005
 21
-79.2631509999999935
 31
0
  0
LINE
  5
3D3
330
22
100
AcDbEntity
  8
F.Silkscreen
  6
CONTINUOUS
100
AcDbLine
 10
151.1995450000000005
 20
-79.2631509999999935
 30
0
 11
151.2202369999999974
 21
-79.2424589999999966
 31
0
  0
LINE
  5
3D4
330
22
100
AcDbEntity
  8
F.Silkscreen
  6
CONTINUOUS
100
AcDbLine
 10
151.2202369999999974
 20
-79.2424589999999966
 30
0
 11
151.247273000000007
 21
-79.2312599999999918
 31
0
  0
LINE
  5
3D5
330
22
100
AcDbEntity
  8
F.Silkscreen
  6
CONTINUOUS
100
AcDbLine
 10
151.247273000000007
 20
-79.2312599999999918
 30
0
 11
151.2765369999999905
 21
-79.2312599999999918
 31
0
  0
LINE
  5
3D6
330
22
100
AcDbEntity
  8
F.Silkscreen
  6
CONTINUOUS
100
AcDbLine
 10
151.2765369999999905
 20
-79.2312599999999918
 30
0
 11
151.3035730000000001
 21
-79.2424589999999966
 31
0
  0
LINE
  5
3D7
330
22
100
AcDbEntity
  8
F.Silkscreen
  6
CONTINUOUS
100
AcDbLine
 10
87.5416680000000014
 20
-78.7424589999999966
 30
0
 11
87.5623599999999982
 21
-78.7631509999999935
 31
0
  0
LINE
  5
3D8
330
22
100
AcDbEntity
  8
F.Silkscreen
  6
CONTINUOUS
100
AcDbLine
 10
87.5623599999999982
 20
-78.7631509999999935
 30
0
 11
87.573559000000003
 21
-78.7901870000000031
 31
0
  0
LINE
  5
3D9
330
22
100
AcDbEntity
  8
F.Silkscreen
  6
CONTINUOUS
100
AcDbLine
 10
87.573559000000003
 20
-78.7901870000000031
 30
0
 11
87.5750000000000028
 21
-78.8048189999999948
 31
0
  0
LINE
  5
3DA
330
22
100
AcDbEntity
  8
F.Silkscreen
  6
CONTINUOUS
100
AcDbLine
 10
87.5750000000000028
 20
-78.8048189999999948
 30
0
 11
87.5750000000000028
 21
-78.9321359999999999
 31
0
  0
LINE
  5
3DB
330
22
100
AcDbEntity
  8
F.Silkscreen
  6
CONTINUOUS
100
AcDbLine
 10
87.5750000000000028
 20
-78.9321359999999999
 30
0
 11
87.7102409999999963
 21
-78.8780399999999986
 31
0
  0
LINE
  5
3DC
330
22
100
AcDbEntity
  8
F.Silkscreen
  6
CONTINUOUS
100
AcDbLine
 10
87.7102409999999963
 20
-78.8780399999999986
 30
0
 11
87.7243610000000018
 21
-78.8739439999999945
 31
0
  0
LINE
  5
3DD
330
22
100
AcDbEntity
  8
F.Silkscreen
  6
CONTINUOUS
100
AcDbLine
 10
87.7243610000000018
 20
-78.8739439999999945
 30
0
 11
87.7536229999999904
 21
-78.8743010000000027
 31
0
  0
LINE
  5
3DE
330
22
100
AcDbEntity
  8
F.Silkscreen
  6
CONTINUOUS
100
AcDbLine
 10
87.7536229999999904
 20
-78.8743010000000027
 30
0
 11
87.7805199999999957
 21
-78.8858279999999894
 31
0
  0
LINE
  5
3DF
330
22
100
AcDbEntity
  8
F.Silkscreen
  6
CONTINUOUS
100
AcDbLine
 10
87.7805199999999957
 20
-78.8858279999999894
 30
0
 11
87.8009579999999943
 21
-78.906770999999992
 31
0
  0
LINE
  5
3E0
330
22
100
AcDbEntity
  8
F.Silkscreen
  6
CONTINUOUS
100
AcDbLine
 10
87.8009579999999943
 20
-78.906770999999992
 30
0
 11
87.8118269999999939
 21
-78.9339420000000018
 31
0
  0
LINE
  5
3E1
330
22
100
AcDbEntity
  8
F.Silkscreen
  6
CONTINUOUS
100
AcDbLine
 10
87.8118269999999939
 20
-78.9339420000000018
 30
0
 11
87.8114699999999999
 21
-78.9632039999999904
 31
0
  0
LINE
  5
3E2
330
22
100
AcDbEntity
  8
F.Silkscreen
  6
CONTINUOUS
100
AcDbLine
 10
87.8114699999999999
 20
-78.9632039999999904
 30
0
 11
87.799942999999999
 21
-78.9901009999999957
 31
0
  0
LINE
  5
3E3
330
22
100
AcDbEntity
  8
F.Silkscreen
  6
CONTINUOUS
100
AcDbLine
 10
87.799942999999999
 20
-78.9901009999999957
 30
0
 11
87.7789989999999989
 21
-79.0105399999999918
 31
0
  0
LINE
  5
3E4
330
22
100
AcDbEntity
  8
F.Silkscreen
  6
CONTINUOUS
100
AcDbLine
 10
87.7789989999999989
 20
-79.0105399999999918
 30
0
 11
87.765948999999992
 21
-79.0173119999999898
 31
0
  0
LINE
  5
3E5
330
22
100
AcDbEntity
  8
F.Silkscreen
  6
CONTINUOUS
100
AcDbLine
 10
87.765948999999992
 20
-79.0173119999999898
 30
0
 11
87.6187169999999895
 21
-79.0762039999999899
 31
0
  0
LINE
  5
3E6
330
22
100
AcDbEntity
  8
F.Silkscreen
  6
CONTINUOUS
100
AcDbLine
 10
87.6187169999999895
 20
-79.0762039999999899
 30
0
 11
87.7028569999999945
 21
-79.1883899999999983
 31
0
  0
LINE
  5
3E7
330
22
100
AcDbEntity
  8
F.Silkscreen
  6
CONTINUOUS
100
AcDbLine
 10
87.7028569999999945
 20
-79.1883899999999983
 30
0
 11
87.7104829999999964
 21
-79.2009599999999949
 31
0
  0
LINE
  5
3E8
330
22
100
AcDbEntity
  8
F.Silkscreen
  6
CONTINUOUS
100
AcDbLine
 10
87.7104829999999964
 20
-79.2009599999999949
 30
0
 11
87.7177459999999911
 21
-79.2293080000000032
 31
0
  0
LINE
  5
3E9
330
22
100
AcDbEntity
  8
F.Silkscreen
  6
CONTINUOUS
100
AcDbLine
 10
87.7177459999999911
 20
-79.2293080000000032
 30
0
 11
87.7136069999999961
 21
-79.2582769999999925
 31
0
  0
LINE
  5
3EA
330
22
100
AcDbEntity
  8
F.Silkscreen
  6
CONTINUOUS
100
AcDbLine
 10
87.7136069999999961
 20
-79.2582769999999925
 30
0
 11
87.6986979999999932
 21
-79.283457999999996
 31
0
  0
LINE
  5
3EB
330
22
100
AcDbEntity
  8
F.Silkscreen
  6
CONTINUOUS
100
AcDbLine
 10
87.6986979999999932
 20
-79.283457999999996
 30
0
 11
87.6752869999999973
 21
-79.30101599999999
 31
0
  0
LINE
  5
3EC
330
22
100
AcDbEntity
  8
F.Silkscreen
  6
CONTINUOUS
100
AcDbLine
 10
87.6752869999999973
 20
-79.30101599999999
 30
0
 11
87.6469389999999891
 21
-79.3082789999999989
 31
0
  0
LINE
  5
3ED
330
22
100
AcDbEntity
  8
F.Silkscreen
  6
CONTINUOUS
100
AcDbLine
 10
87.6469389999999891
 20
-79.3082789999999989
 30
0
 11
87.6179699999999997
 21
-79.3041399999999896
 31
0
  0
LINE
  5
3EE
330
22
100
AcDbEntity
  8
F.Silkscreen
  6
CONTINUOUS
100
AcDbLine
 10
87.6179699999999997
 20
-79.3041399999999896
 30
0
 11
87.5927889999999962
 21
-79.2892310000000009
 31
0
  0
LINE
  5
3EF
330
22
100
AcDbEntity
  8
F.Silkscreen
  6
CONTINUOUS
100
AcDbLine
 10
87.5927889999999962
 20
-79.2892310000000009
 30
0
 11
87.58285699999999
 21
-79.2783900000000017
 31
0
  0
LINE
  5
3F0
330
22
100
AcDbEntity
  8
F.Silkscreen
  6
CONTINUOUS
100
AcDbLine
 10
87.58285699999999
 20
-79.2783900000000017
 30
0
 11
87.5
 21
-79.1679139999999961
 31
0
  0
LINE
  5
3F1
330
22
100
AcDbEntity
  8
F.Silkscreen
  6
CONTINUOUS
100
AcDbLine
 10
87.5
 20
-79.1679139999999961
 30
0
 11
87.4171429999999958
 21
-79.2783900000000017
 31
0
  0
LINE
  5
3F2
330
22
100
AcDbEntity
  8
F.Silkscreen
  6
CONTINUOUS
100
AcDbLine
 10
87.4171429999999958
 20
-79.2783900000000017
 30
0
 11
87.4072109999999896
 21
-79.2892310000000009
 31
0
  0
LINE
  5
3F3
330
22
100
AcDbEntity
  8
F.Silkscreen
  6
CONTINUOUS
100
AcDbLine
 10
87.4072109999999896
 20
-79.2892310000000009
 30
0
 11
87.3820300000000003
 21
-79.3041399999999896
 31
0
  0
LINE
  5
3F4
330
22
100
AcDbEntity
  8
F.Silkscreen
  6
CONTINUOUS
100
AcDbLine
 10
87.3820300000000003
 20
-79.3041399999999896
 30
0
 11
87.3530609999999967
 21
-79.3082789999999989
 31
0
  0
LINE
  5
3F5
330
22
100
AcDbEntity
  8
F.Silkscreen
  6
CONTINUOUS
100
AcDbLine
 10
87.3530609999999967
 20
-79.3082789999999989
 30
0
 11
87.3247130000000027
 21
-79.30101599999999
 31
0
  0
LINE
  5
3F6
330
22
100
AcDbEntity
  8
F.Silkscreen
  6
CONTINUOUS
100
AcDbLine
 10
87.3247130000000027
 20
-79.30101599999999
 30
0
 11
87.3013019999999926
 21
-79.283457999999996
 31
0
  0
LINE
  5
3F7
330
22
100
AcDbEntity
  8
F.Silkscreen
  6
CONTINUOUS
100
AcDbLine
 10
87.3013019999999926
 20
-79.283457999999996
 30
0
 11
87.2863929999999897
 21
-79.2582769999999925
 31
0
  0
LINE
  5
3F8
330
22
100
AcDbEntity
  8
F.Silkscreen
  6
CONTINUOUS
100
AcDbLine
 10
87.2863929999999897
 20
-79.2582769999999925
 30
0
 11
87.2822539999999947
 21
-79.2293080000000032
 31
0
  0
LINE
  5
3F9
330
22
100
AcDbEntity
  8
F.Silkscreen
  6
CONTINUOUS
100
AcDbLine
 10
87.2822539999999947
 20
-79.2293080000000032
 30
0
 11
87.2895169999999894
 21
-79.2009599999999949
 31
0
  0
LINE
  5
3FA
330
22
100
AcDbEntity
  8
F.Silkscreen
  6
CONTINUOUS
100
AcDbLine
 10
87.2895169999999894
 20
-79.2009599999999949
 30
0
 11
87.2971429999999913
 21
-79.1883899999999983
 31
0
  0
LINE
  5
3FB
330
22
100
AcDbEntity
  8
F.Silkscreen
  6
CONTINUOUS
100
AcDbLine
 10
87.2971429999999913
 20
-79.1883899999999983
 30
0
 11
87.3812819999999988
 21
-79.0762039999999899
 31
0
  0
LINE
  5
3FC
330
22
100
AcDbEntity
  8
F.Silkscreen
  6
CONTINUOUS
100
AcDbLine
 10
87.3812819999999988
 20
-79.0762039999999899
 30
0
 11
87.2340509999999938
 21
-79.0173119999999898
 31
0
  0
LINE
  5
3FD
330
22
100
AcDbEntity
  8
F.Silkscreen
  6
CONTINUOUS
100
AcDbLine
 10
87.2340509999999938
 20
-79.0173119999999898
 30
0
 11
87.2209999999999894
 21
-79.0105399999999918
 31
0
  0
LINE
  5
3FE
330
22
100
AcDbEntity
  8
F.Silkscreen
  6
CONTINUOUS
100
AcDbLine
 10
87.2209999999999894
 20
-79.0105399999999918
 30
0
 11
87.200057000000001
 21
-78.9901009999999957
 31
0
  0
LINE
  5
3FF
330
22
100
AcDbEntity
  8
F.Silkscreen
  6
CONTINUOUS
100
AcDbLine
 10
87.200057000000001
 20
-78.9901009999999957
 30
0
 11
87.1885300000000001
 21
-78.9632039999999904
 31
0
  0
LINE
  5
400
330
22
100
AcDbEntity
  8
F.Silkscreen
  6
CONTINUOUS
100
AcDbLine
 10
87.1885300000000001
 20
-78.9632039999999904
 30
0
 11
87.1881729999999919
 21
-78.9339420000000018
 31
0
  0
LINE
  5
401
330
22
100
AcDbEntity
  8
F.Silkscreen
  6
CONTINUOUS
100
AcDbLine
 10
87.1881729999999919
 20
-78.9339420000000018
 30
0
 11
87.199040999999994
 21
-78.906770999999992
 31
0
  0
LINE
  5
402
330
22
100
AcDbEntity
  8
F.Silkscreen
  6
CONTINUOUS
100
AcDbLine
 10
87.199040999999994
 20
-78.906770999999992
 30
0
 11
87.2194799999999901
 21
-78.8858279999999894
 31
0
  0
LINE
  5
403
330
22
100
AcDbEntity
  8
F.Silkscreen
  6
CONTINUOUS
100
AcDbLine
 10
87.2194799999999901
 20
-78.8858279999999894
 30
0
 11
87.2463769999999954
 21
-78.8743010000000027
 31
0
  0
LINE
  5
404
330
22
100
AcDbEntity
  8
F.Silkscreen
  6
CONTINUOUS
100
AcDbLine
 10
87.2463769999999954
 20
-78.8743010000000027
 30
0
 11
87.2756389999999982
 21
-78.8739439999999945
 31
0
  0
LINE
  5
405
330
22
100
AcDbEntity
  8
F.Silkscreen
  6
CONTINUOUS
100
AcDbLine
 10
87.2756389999999982
 20
-78.8739439999999945
 30
0
 11
87.2897589999999894
 21
-78.8780399999999986
 31
0
  0
LINE
  5
406
330
22
100
AcDbEntity
  8
F.Silkscreen
  6
CONTINUOUS
100
AcDbLine
 10
87.2897589999999894
 20
-78.8780399999999986
 30
0
 11
87.4249999999999972
 21
-78.9321359999999999
 31
0
  0
LINE
  5
407
330
22
100
AcDbEntity
  8
F.Silkscreen
  6
CONTINUOUS
100
AcDbLine
 10
87.4249999999999972
 20
-78.9321359999999999
 30
0
 11
87.4249999999999972
 21
-78.8048189999999948
 31
0
  0
LINE
  5
408
330
22
100
AcDbEntity
  8
F.Silkscreen
  6
CONTINUOUS
100
AcDbLine
 10
87.4249999999999972
 20
-78.8048189999999948
 30
0
 11
87.426440999999997
 21
-78.7901870000000031
 31
0
  0
LINE
  5
409
330
22
100
AcDbEntity
  8
F.Silkscreen
  6
CONTINUOUS
100
AcDbLine
 10
87.426440999999997
 20
-78.7901870000000031
 30
0
 11
87.4376400000000018
 21
-78.7631509999999935
 31
0
  0
LINE
  5
40A
330
22
100
AcDbEntity
  8
F.Silkscreen
  6
CONTINUOUS
100
AcDbLine
 10
87.4376400000000018
 20
-78.7631509999999935
 30
0
 11
87.4583319999999986
 21
-78.7424589999999966
 31
0
  0
LINE
  5
40B
330
22
100
AcDbEntity
  8
F.Silkscreen
  6
CONTINUOUS
100
AcDbLine
 10
87.4583319999999986
 20
-78.7424589999999966
 30
0
 11
87.485367999999994
 21
-78.7312599999999918
 31
0
  0
LINE
  5
40C
330
22
100
AcDbEntity
  8
F.Silkscreen
  6
CONTINUOUS
100
AcDbLine
 10
87.485367999999994
 20
-78.7312599999999918
 30
0
 11
87.5146319999999918
 21
-78.7312599999999918
 31
0
  0
LINE
  5
40D
330
22
100
AcDbEntity
  8
F.Silkscreen
  6
CONTINUOUS
100
AcDbLine
 10
87.5146319999999918
 20
-78.7312599999999918
 30
0
 11
87.5416680000000014
 21
-78.7424589999999966
 31
0
  0
LINE
  5
40E
330
22
100
AcDbEntity
  8
F.Silkscreen
  6
CONTINUOUS
100
AcDbLine
 10
88.3035730000000001
 20
-78.7424589999999966
 30
0
 11
88.3242649999999969
 21
-78.7631509999999935
 31
0
  0
LINE
  5
40F
330
22
100
AcDbEntity
  8
F.Silkscreen
  6
CONTINUOUS
100
AcDbLine
 10
88.3242649999999969
 20
-78.7631509999999935
 30
0
 11
88.3354640000000018
 21
-78.7901870000000031
 31
0
  0
LINE
  5
410
330
22
100
AcDbEntity
  8
F.Silkscreen
  6
CONTINUOUS
100
AcDbLine
 10
88.3354640000000018
 20
-78.7901870000000031
 30
0
 11
88.3369050000000016
 21
-78.8048189999999948
 31
0
  0
LINE
  5
411
330
22
100
AcDbEntity
  8
F.Silkscreen
  6
CONTINUOUS
100
AcDbLine
 10
88.3369050000000016
 20
-78.8048189999999948
 30
0
 11
88.3369050000000016
 21
-78.9321359999999999
 31
0
  0
LINE
  5
412
330
22
100
AcDbEntity
  8
F.Silkscreen
  6
CONTINUOUS
100
AcDbLine
 10
88.3369050000000016
 20
-78.9321359999999999
 30
0
 11
88.4721459999999951
 21
-78.8780399999999986
 31
0
  0
LINE
  5
413
330
22
100
AcDbEntity
  8
F.Silkscreen
  6
CONTINUOUS
100
AcDbLine
 10
88.4721459999999951
 20
-78.8780399999999986
 30
0
 11
88.4862660000000005
 21
-78.8739439999999945
 31
0
  0
LINE
  5
414
330
22
100
AcDbEntity
  8
F.Silkscreen
  6
CONTINUOUS
100
AcDbLine
 10
88.4862660000000005
 20
-78.8739439999999945
 30
0
 11
88.5155279999999891
 21
-78.8743010000000027
 31
0
  0
LINE
  5
415
330
22
100
AcDbEntity
  8
F.Silkscreen
  6
CONTINUOUS
100
AcDbLine
 10
88.5155279999999891
 20
-78.8743010000000027
 30
0
 11
88.5424249999999944
 21
-78.8858279999999894
 31
0
  0
LINE
  5
416
330
22
100
AcDbEntity
  8
F.Silkscreen
  6
CONTINUOUS
100
AcDbLine
 10
88.5424249999999944
 20
-78.8858279999999894
 30
0
 11
88.562862999999993
 21
-78.906770999999992
 31
0
  0
LINE
  5
417
330
22
100
AcDbEntity
  8
F.Silkscreen
  6
CONTINUOUS
100
AcDbLine
 10
88.562862999999993
 20
-78.906770999999992
 30
0
 11
88.5737319999999926
 21
-78.9339420000000018
 31
0
  0
LINE
  5
418
330
22
100
AcDbEntity
  8
F.Silkscreen
  6
CONTINUOUS
100
AcDbLine
 10
88.5737319999999926
 20
-78.9339420000000018
 30
0
 11
88.5733749999999986
 21
-78.9632039999999904
 31
0
  0
LINE
  5
419
330
22
100
AcDbEntity
  8
F.Silkscreen
  6
CONTINUOUS
100
AcDbLine
 10
88.5733749999999986
 20
-78.9632039999999904
 30
0
 11
88.5618479999999977
 21
-78.9901009999999957
 31
0
  0
LINE
  5
41A
330
22
100
AcDbEntity
  8
F.Silkscreen
  6
CONTINUOUS
100
AcDbLine
 10
88.5618479999999977
 20
-78.9901009999999957
 30
0
 11
88.5409039999999976
 21
-79.0105399999999918
 31
0
  0
LINE
  5
41B
330
22
100
AcDbEntity
  8
F.Silkscreen
  6
CONTINUOUS
100
AcDbLine
 10
88.5409039999999976
 20
-79.0105399999999918
 30
0
 11
88.5278539999999907
 21
-79.0173119999999898
 31
0
  0
LINE
  5
41C
330
22
100
AcDbEntity
  8
F.Silkscreen
  6
CONTINUOUS
100
AcDbLine
 10
88.5278539999999907
 20
-79.0173119999999898
 30
0
 11
88.3806220000000025
 21
-79.0762039999999899
 31
0
  0
LINE
  5
41D
330
22
100
AcDbEntity
  8
F.Silkscreen
  6
CONTINUOUS
100
AcDbLine
 10
88.3806220000000025
 20
-79.0762039999999899
 30
0
 11
88.4647619999999932
 21
-79.1883899999999983
 31
0
  0
LINE
  5
41E
330
22
100
AcDbEntity
  8
F.Silkscreen
  6
CONTINUOUS
100
AcDbLine
 10
88.4647619999999932
 20
-79.1883899999999983
 30
0
 11
88.4723879999999951
 21
-79.2009599999999949
 31
0
  0
LINE
  5
41F
330
22
100
AcDbEntity
  8
F.Silkscreen
  6
CONTINUOUS
100
AcDbLine
 10
88.4723879999999951
 20
-79.2009599999999949
 30
0
 11
88.4796509999999898
 21
-79.2293080000000032
 31
0
  0
LINE
  5
420
330
22
100
AcDbEntity
  8
F.Silkscreen
  6
CONTINUOUS
100
AcDbLine
 10
88.4796509999999898
 20
-79.2293080000000032
 30
0
 11
88.4755119999999948
 21
-79.2582769999999925
 31
0
  0
LINE
  5
421
330
22
100
AcDbEntity
  8
F.Silkscreen
  6
CONTINUOUS
100
AcDbLine
 10
88.4755119999999948
 20
-79.2582769999999925
 30
0
 11
88.4606029999999919
 21
-79.283457999999996
 31
0
  0
LINE
  5
422
330
22
100
AcDbEntity
  8
F.Silkscreen
  6
CONTINUOUS
100
AcDbLine
 10
88.4606029999999919
 20
-79.283457999999996
 30
0
 11
88.437191999999996
 21
-79.30101599999999
 31
0
  0
LINE
  5
423
330
22
100
AcDbEntity
  8
F.Silkscreen
  6
CONTINUOUS
100
AcDbLine
 10
88.437191999999996
 20
-79.30101599999999
 30
0
 11
88.408844000000002
 21
-79.3082789999999989
 31
0
  0
LINE
  5
424
330
22
100
AcDbEntity
  8
F.Silkscreen
  6
CONTINUOUS
100
AcDbLine
 10
88.408844000000002
 20
-79.3082789999999989
 30
0
 11
88.3798749999999984
 21
-79.3041399999999896
 31
0
  0
LINE
  5
425
330
22
100
AcDbEntity
  8
F.Silkscreen
  6
CONTINUOUS
100
AcDbLine
 10
88.3798749999999984
 20
-79.3041399999999896
 30
0
 11
88.354693999999995
 21
-79.2892310000000009
 31
0
  0
LINE
  5
426
330
22
100
AcDbEntity
  8
F.Silkscreen
  6
CONTINUOUS
100
AcDbLine
 10
88.354693999999995
 20
-79.2892310000000009
 30
0
 11
88.3447620000000029
 21
-79.2783900000000017
 31
0
  0
LINE
  5
427
330
22
100
AcDbEntity
  8
F.Silkscreen
  6
CONTINUOUS
100
AcDbLine
 10
88.3447620000000029
 20
-79.2783900000000017
 30
0
 11
88.2619049999999987
 21
-79.1679139999999961
 31
0
  0
LINE
  5
428
330
22
100
AcDbEntity
  8
F.Silkscreen
  6
CONTINUOUS
100
AcDbLine
 10
88.2619049999999987
 20
-79.1679139999999961
 30
0
 11
88.1790479999999945
 21
-79.2783900000000017
 31
0
  0
LINE
  5
429
330
22
100
AcDbEntity
  8
F.Silkscreen
  6
CONTINUOUS
100
AcDbLine
 10
88.1790479999999945
 20
-79.2783900000000017
 30
0
 11
88.1691160000000025
 21
-79.2892310000000009
 31
0
  0
LINE
  5
42A
330
22
100
AcDbEntity
  8
F.Silkscreen
  6
CONTINUOUS
100
AcDbLine
 10
88.1691160000000025
 20
-79.2892310000000009
 30
0
 11
88.143934999999999
 21
-79.3041399999999896
 31
0
  0
LINE
  5
42B
330
22
100
AcDbEntity
  8
F.Silkscreen
  6
CONTINUOUS
100
AcDbLine
 10
88.143934999999999
 20
-79.3041399999999896
 30
0
 11
88.1149659999999955
 21
-79.3082789999999989
 31
0
  0
LINE
  5
42C
330
22
100
AcDbEntity
  8
F.Silkscreen
  6
CONTINUOUS
100
AcDbLine
 10
88.1149659999999955
 20
-79.3082789999999989
 30
0
 11
88.0866180000000014
 21
-79.30101599999999
 31
0
  0
LINE
  5
42D
330
22
100
AcDbEntity
  8
F.Silkscreen
  6
CONTINUOUS
100
AcDbLine
 10
88.0866180000000014
 20
-79.30101599999999
 30
0
 11
88.0632069999999914
 21
-79.283457999999996
 31
0
  0
LINE
  5
42E
330
22
100
AcDbEntity
  8
F.Silkscreen
  6
CONTINUOUS
100
AcDbLine
 10
88.0632069999999914
 20
-79.283457999999996
 30
0
 11
88.0482980000000026
 21
-79.2582769999999925
 31
0
  0
LINE
  5
42F
330
22
100
AcDbEntity
  8
F.Silkscreen
  6
CONTINUOUS
100
AcDbLine
 10
88.0482980000000026
 20
-79.2582769999999925
 30
0
 11
88.0441589999999934
 21
-79.2293080000000032
 31
0
  0
LINE
  5
430
330
22
100
AcDbEntity
  8
F.Silkscreen
  6
CONTINUOUS
100
AcDbLine
 10
88.0441589999999934
 20
-79.2293080000000032
 30
0
 11
88.0514220000000023
 21
-79.2009599999999949
 31
0
  0
LINE
  5
431
330
22
100
AcDbEntity
  8
F.Silkscreen
  6
CONTINUOUS
100
AcDbLine
 10
88.0514220000000023
 20
-79.2009599999999949
 30
0
 11
88.05904799999999
 21
-79.1883899999999983
 31
0
  0
LINE
  5
432
330
22
100
AcDbEntity
  8
F.Silkscreen
  6
CONTINUOUS
100
AcDbLine
 10
88.05904799999999
 20
-79.1883899999999983
 30
0
 11
88.1431869999999975
 21
-79.0762039999999899
 31
0
  0
LINE
  5
433
330
22
100
AcDbEntity
  8
F.Silkscreen
  6
CONTINUOUS
100
AcDbLine
 10
88.1431869999999975
 20
-79.0762039999999899
 30
0
 11
87.9959559999999925
 21
-79.0173119999999898
 31
0
  0
LINE
  5
434
330
22
100
AcDbEntity
  8
F.Silkscreen
  6
CONTINUOUS
100
AcDbLine
 10
87.9959559999999925
 20
-79.0173119999999898
 30
0
 11
87.9829050000000024
 21
-79.0105399999999918
 31
0
  0
LINE
  5
435
330
22
100
AcDbEntity
  8
F.Silkscreen
  6
CONTINUOUS
100
AcDbLine
 10
87.9829050000000024
 20
-79.0105399999999918
 30
0
 11
87.9619619999999998
 21
-78.9901009999999957
 31
0
  0
LINE
  5
436
330
22
100
AcDbEntity
  8
F.Silkscreen
  6
CONTINUOUS
100
AcDbLine
 10
87.9619619999999998
 20
-78.9901009999999957
 30
0
 11
87.9504349999999988
 21
-78.9632039999999904
 31
0
  0
LINE
  5
437
330
22
100
AcDbEntity
  8
F.Silkscreen
  6
CONTINUOUS
100
AcDbLine
 10
87.9504349999999988
 20
-78.9632039999999904
 30
0
 11
87.9500779999999907
 21
-78.9339420000000018
 31
0
  0
LINE
  5
438
330
22
100
AcDbEntity
  8
F.Silkscreen
  6
CONTINUOUS
100
AcDbLine
 10
87.9500779999999907
 20
-78.9339420000000018
 30
0
 11
87.9609459999999928
 21
-78.906770999999992
 31
0
  0
LINE
  5
439
330
22
100
AcDbEntity
  8
F.Silkscreen
  6
CONTINUOUS
100
AcDbLine
 10
87.9609459999999928
 20
-78.906770999999992
 30
0
 11
87.9813850000000031
 21
-78.8858279999999894
 31
0
  0
LINE
  5
43A
330
22
100
AcDbEntity
  8
F.Silkscreen
  6
CONTINUOUS
100
AcDbLine
 10
87.9813850000000031
 20
-78.8858279999999894
 30
0
 11
88.0082819999999941
 21
-78.8743010000000027
 31
0
  0
LINE
  5
43B
330
22
100
AcDbEntity
  8
F.Silkscreen
  6
CONTINUOUS
100
AcDbLine
 10
88.0082819999999941
 20
-78.8743010000000027
 30
0
 11
88.0375439999999969
 21
-78.8739439999999945
 31
0
  0
LINE
  5
43C
330
22
100
AcDbEntity
  8
F.Silkscreen
  6
CONTINUOUS
100
AcDbLine
 10
88.0375439999999969
 20
-78.8739439999999945
 30
0
 11
88.0516640000000024
 21
-78.8780399999999986
 31
0
  0
LINE
  5
43D
330
22
100
AcDbEntity
  8
F.Silkscreen
  6
CONTINUOUS
100
AcDbLine
 10
88.0516640000000024
 20
-78.8780399999999986
 30
0
 11
88.1869049999999959
 21
-78.9321359999999999
 31
0
  0
LINE
  5
43E
330
22
100
AcDbEntity
  8
F.Silkscreen
  6
CONTINUOUS
100
AcDbLine
 10
88.1869049999999959
 20
-78.9321359999999999
 30
0
 11
88.1869049999999959
 21
-78.8048189999999948
 31
0
  0
LINE
  5
43F
330
22
100
AcDbEntity
  8
F.Silkscreen
  6
CONTINUOUS
100
AcDbLine
 10
88.1869049999999959
 20
-78.8048189999999948
 30
0
 11
88.1883459999999957
 21
-78.7901870000000031
 31
0
  0
LINE
  5
440
330
22
100
AcDbEntity
  8
F.Silkscreen
  6
CONTINUOUS
100
AcDbLine
 10
88.1883459999999957
 20
-78.7901870000000031
 30
0
 11
88.1995450000000005
 21
-78.7631509999999935
 31
0
  0
LINE
  5
441
330
22
100
AcDbEntity
  8
F.Silkscreen
  6
CONTINUOUS
100
AcDbLine
 10
88.1995450000000005
 20
-78.7631509999999935
 30
0
 11
88.2202369999999974
 21
-78.7424589999999966
 31
0
  0
LINE
  5
442
330
22
100
AcDbEntity
  8
F.Silkscreen
  6
CONTINUOUS
100
AcDbLine
 10
88.2202369999999974
 20
-78.7424589999999966
 30
0
 11
88.2472729999999927
 21
-78.7312599999999918
 31
0
  0
LINE
  5
443
330
22
100
AcDbEntity
  8
F.Silkscreen
  6
CONTINUOUS
100
AcDbLine
 10
88.2472729999999927
 20
-78.7312599999999918
 30
0
 11
88.2765369999999905
 21
-78.7312599999999918
 31
0
  0
LINE
  5
444
330
22
100
AcDbEntity
  8
F.Silkscreen
  6
CONTINUOUS
100
AcDbLine
 10
88.2765369999999905
 20
-78.7312599999999918
 30
0
 11
88.3035730000000001
 21
-78.7424589999999966
 31
0
  0
LINE
  5
445
330
22
100
AcDbEntity
  8
F.Silkscreen
  6
CONTINUOUS
100
AcDbLine
 10
105.4679609999999883
 20
-64.1395669999999996
 30
0
 11
105.500433000000001
 21
-64.1720389999999981
 31
0
  0
LINE
  5
446
330
22
100
AcDbEntity
  8
F.Silkscreen
  6
CONTINUOUS
100
AcDbLine
 10
105.500433000000001
 20
-64.1720389999999981
 30
0
 11
105.5049999999999955
 21
-64.1949999999999932
 31
0
  0
LINE
  5
447
330
22
100
AcDbEntity
  8
F.Silkscreen
  6
CONTINUOUS
100
AcDbLine
 10
105.5049999999999955
 20
-64.1949999999999932
 30
0
 11
105.5049999999999955
 21
-78.164999999999992
 31
0
  0
LINE
  5
448
330
22
100
AcDbEntity
  8
F.Silkscreen
  6
CONTINUOUS
100
AcDbLine
 10
105.5049999999999955
 20
-78.164999999999992
 30
0
 11
105.500433000000001
 21
-78.1879610000000014
 31
0
  0
LINE
  5
449
330
22
100
AcDbEntity
  8
F.Silkscreen
  6
CONTINUOUS
100
AcDbLine
 10
105.500433000000001
 20
-78.1879610000000014
 30
0
 11
105.4679609999999883
 21
-78.2204329999999999
 31
0
  0
LINE
  5
44A
330
22
100
AcDbEntity
  8
F.Silkscreen
  6
CONTINUOUS
100
AcDbLine
 10
105.4679609999999883
 20
-78.2204329999999999
 30
0
 11
105.4449999999999932
 21
-78.2249999999999943
 31
0
  0
LINE
  5
44B
330
22
100
AcDbEntity
  8
F.Silkscreen
  6
CONTINUOUS
100
AcDbLine
 10
105.4449999999999932
 20
-78.2249999999999943
 30
0
 11
91.4749999999999943
 21
-78.2249999999999943
 31
0
  0
LINE
  5
44C
330
22
100
AcDbEntity
  8
F.Silkscreen
  6
CONTINUOUS
100
AcDbLine
 10
91.4749999999999943
 20
-78.2249999999999943
 30
0
 11
91.4520389999999992
 21
-78.2204329999999999
 31
0
  0
LINE
  5
44D
330
22
100
AcDbEntity
  8
F.Silkscreen
  6
CONTINUOUS
100
AcDbLine
 10
91.4520389999999992
 20
-78.2204329999999999
 30
0
 11
91.4195670000000007
 21
-78.1879610000000014
 31
0
  0
LINE
  5
44E
330
22
100
AcDbEntity
  8
F.Silkscreen
  6
CONTINUOUS
100
AcDbLine
 10
91.4195670000000007
 20
-78.1879610000000014
 30
0
 11
91.414999999999992
 21
-78.164999999999992
 31
0
  0
LINE
  5
44F
330
22
100
AcDbEntity
  8
F.Silkscreen
  6
CONTINUOUS
100
AcDbLine
 10
91.414999999999992
 20
-78.164999999999992
 30
0
 11
91.414999999999992
 21
-64.1949999999999932
 31
0
  0
LINE
  5
450
330
22
100
AcDbEntity
  8
F.Silkscreen
  6
CONTINUOUS
100
AcDbLine
 10
91.414999999999992
 20
-64.1949999999999932
 30
0
 11
91.4195670000000007
 21
-64.1720389999999981
 31
0
  0
LINE
  5
451
330
22
100
AcDbEntity
  8
F.Silkscreen
  6
CONTINUOUS
100
AcDbLine
 10
91.4195670000000007
 20
-64.1720389999999981
 30
0
 11
91.4520389999999992
 21
-64.1395669999999996
 31
0
  0
LINE
  5
452
330
22
100
AcDbEntity
  8
F.Silkscreen
  6
CONTINUOUS
100
AcDbLine
 10
91.4520389999999992
 20
-64.1395669999999996
 30
0
 11
91.4749999999999943
 21
-64.1349999999999909
 31
0
  0
LINE
  5
453
330
22
100
AcDbEntity
  8
F.Silkscreen
  6
CONTINUOUS
100
AcDbLine
 10
91.4749999999999943
 20
-64.1349999999999909
 30
0
 11
105.4449999999999932
 21
-64.1349999999999909
 31
0
  0
LINE
  5
454
330
22
100
AcDbEntity
  8
F.Silkscreen
  6
CONTINUOUS
100
AcDbLine
 10
105.4449999999999932
 20
-64.1349999999999909
 30
0
 11
105.4679609999999883
 21
-64.1395669999999996
 31
0
  0
LINE
  5
455
330
22
100
AcDbEntity
  8
F.Silkscreen
  6
CONTINUOUS
100
AcDbLine
 10
91.5349999999999966
 20
-64.2549999999999955
 30
0
 11
91.5349999999999966
 21
-78.1049999999999898
 31
0
  0
LINE
  5
456
330
22
100
AcDbEntity
  8
F.Silkscreen
  6
CONTINUOUS
100
AcDbLine
 10
91.5349999999999966
 20
-78.1049999999999898
 30
0
 11
105.3849999999999909
 21
-78.1049999999999898
 31
0
  0
LINE
  5
457
330
22
100
AcDbEntity
  8
F.Silkscreen
  6
CONTINUOUS
100
AcDbLine
 10
105.3849999999999909
 20
-78.1049999999999898
 30
0
 11
105.3849999999999909
 21
-64.2549999999999955
 31
0
  0
LINE
  5
458
330
22
100
AcDbEntity
  8
F.Silkscreen
  6
CONTINUOUS
100
AcDbLine
 10
105.3849999999999909
 20
-64.2549999999999955
 30
0
 11
91.5349999999999966
 21
-64.2549999999999955
 31
0
  0
LINE
  5
459
330
22
100
AcDbEntity
  8
F.Silkscreen
  6
CONTINUOUS
100
AcDbLine
 10
116.0229609999999951
 20
-63.5445669999999936
 30
0
 11
116.0554329999999936
 21
-63.5770389999999992
 31
0
  0
LINE
  5
45A
330
22
100
AcDbEntity
  8
F.Silkscreen
  6
CONTINUOUS
100
AcDbLine
 10
116.0554329999999936
 20
-63.5770389999999992
 30
0
 11
116.0554329999999936
 21
-63.6229609999999965
 31
0
  0
LINE
  5
45B
330
22
100
AcDbEntity
  8
F.Silkscreen
  6
CONTINUOUS
100
AcDbLine
 10
116.0554329999999936
 20
-63.6229609999999965
 30
0
 11
116.0229609999999951
 21
-63.655432999999995
 31
0
  0
LINE
  5
45C
330
22
100
AcDbEntity
  8
F.Silkscreen
  6
CONTINUOUS
100
AcDbLine
 10
116.0229609999999951
 20
-63.655432999999995
 30
0
 11
116.
 21
-63.6599999999999966
 31
0
  0
LINE
  5
45D
330
22
100
AcDbEntity
  8
F.Silkscreen
  6
CONTINUOUS
100
AcDbLine
 10
116.
 20
-63.6599999999999966
 30
0
 11
111.9599999999999937
 21
-63.6599999999999966
 31
0
  0
LINE
  5
45E
330
22
100
AcDbEntity
  8
F.Silkscreen
  6
CONTINUOUS
100
AcDbLine
 10
111.9599999999999937
 20
-63.6599999999999966
 30
0
 11
111.9599999999999937
 21
-75.3400000000000034
 31
0
  0
LINE
  5
45F
330
22
100
AcDbEntity
  8
F.Silkscreen
  6
CONTINUOUS
100
AcDbLine
 10
111.9599999999999937
 20
-75.3400000000000034
 30
0
 11
116.
 21
-75.3400000000000034
 31
0
  0
LINE
  5
460
330
22
100
AcDbEntity
  8
F.Silkscreen
  6
CONTINUOUS
100
AcDbLine
 10
116.
 20
-75.3400000000000034
 30
0
 11
116.0229609999999951
 21
-75.3445669999999978
 31
0
  0
LINE
  5
461
330
22
100
AcDbEntity
  8
F.Silkscreen
  6
CONTINUOUS
100
AcDbLine
 10
116.0229609999999951
 20
-75.3445669999999978
 30
0
 11
116.0554329999999936
 21
-75.3770389999999963
 31
0
  0
LINE
  5
462
330
22
100
AcDbEntity
  8
F.Silkscreen
  6
CONTINUOUS
100
AcDbLine
 10
116.0554329999999936
 20
-75.3770389999999963
 30
0
 11
116.0554329999999936
 21
-75.4229610000000008
 31
0
  0
LINE
  5
463
330
22
100
AcDbEntity
  8
F.Silkscreen
  6
CONTINUOUS
100
AcDbLine
 10
116.0554329999999936
 20
-75.4229610000000008
 30
0
 11
116.0229609999999951
 21
-75.4554329999999993
 31
0
  0
LINE
  5
464
330
22
100
AcDbEntity
  8
F.Silkscreen
  6
CONTINUOUS
100
AcDbLine
 10
116.0229609999999951
 20
-75.4554329999999993
 30
0
 11
116.
 21
-75.4599999999999937
 31
0
  0
LINE
  5
465
330
22
100
AcDbEntity
  8
F.Silkscreen
  6
CONTINUOUS
100
AcDbLine
 10
116.
 20
-75.4599999999999937
 30
0
 11
111.8999999999999915
 21
-75.4599999999999937
 31
0
  0
LINE
  5
466
330
22
100
AcDbEntity
  8
F.Silkscreen
  6
CONTINUOUS
100
AcDbLine
 10
111.8999999999999915
 20
-75.4599999999999937
 30
0
 11
111.8770389999999963
 21
-75.4554329999999993
 31
0
  0
LINE
  5
467
330
22
100
AcDbEntity
  8
F.Silkscreen
  6
CONTINUOUS
100
AcDbLine
 10
111.8770389999999963
 20
-75.4554329999999993
 30
0
 11
111.8445669999999978
 21
-75.4229610000000008
 31
0
  0
LINE
  5
468
330
22
100
AcDbEntity
  8
F.Silkscreen
  6
CONTINUOUS
100
AcDbLine
 10
111.8445669999999978
 20
-75.4229610000000008
 30
0
 11
111.8399999999999892
 21
-75.3999999999999915
 31
0
  0
LINE
  5
469
330
22
100
AcDbEntity
  8
F.Silkscreen
  6
CONTINUOUS
100
AcDbLine
 10
111.8399999999999892
 20
-75.3999999999999915
 30
0
 11
111.8399999999999892
 21
-63.5999999999999943
 31
0
  0
LINE
  5
46A
330
22
100
AcDbEntity
  8
F.Silkscreen
  6
CONTINUOUS
100
AcDbLine
 10
111.8399999999999892
 20
-63.5999999999999943
 30
0
 11
111.8445669999999978
 21
-63.5770389999999992
 31
0
  0
LINE
  5
46B
330
22
100
AcDbEntity
  8
F.Silkscreen
  6
CONTINUOUS
100
AcDbLine
 10
111.8445669999999978
 20
-63.5770389999999992
 30
0
 11
111.8770389999999963
 21
-63.5445669999999936
 31
0
  0
LINE
  5
46C
330
22
100
AcDbEntity
  8
F.Silkscreen
  6
CONTINUOUS
100
AcDbLine
 10
111.8770389999999963
 20
-63.5445669999999936
 30
0
 11
111.8999999999999915
 21
-63.5399999999999991
 31
0
  0
LINE
  5
46D
330
22
100
AcDbEntity
  8
F.Silkscreen
  6
CONTINUOUS
100
AcDbLine
 10
111.8999999999999915
 20
-63.5399999999999991
 30
0
 11
116.
 21
-63.5399999999999991
 31
0
  0
LINE
  5
46E
330
22
100
AcDbEntity
  8
F.Silkscreen
  6
CONTINUOUS
100
AcDbLine
 10
116.
 20
-63.5399999999999991
 30
0
 11
116.0229609999999951
 21
-63.5445669999999936
 31
0
  0
LINE
  5
46F
330
22
100
AcDbEntity
  8
F.Silkscreen
  6
CONTINUOUS
100
AcDbLine
 10
124.1554329999999879
 20
-72.9770389999999907
 30
0
 11
124.1599999999999966
 21
-73.
 31
0
  0
LINE
  5
470
330
22
100
AcDbEntity
  8
F.Silkscreen
  6
CONTINUOUS
100
AcDbLine
 10
124.1599999999999966
 20
-73.
 30
0
 11
124.1599999999999966
 21
-75.3999999999999915
 31
0
  0
LINE
  5
471
330
22
100
AcDbEntity
  8
F.Silkscreen
  6
CONTINUOUS
100
AcDbLine
 10
124.1599999999999966
 20
-75.3999999999999915
 30
0
 11
124.1554329999999879
 21
-75.4229610000000008
 31
0
  0
LINE
  5
472
330
22
100
AcDbEntity
  8
F.Silkscreen
  6
CONTINUOUS
100
AcDbLine
 10
124.1554329999999879
 20
-75.4229610000000008
 30
0
 11
124.1229609999999894
 21
-75.4554329999999993
 31
0
  0
LINE
  5
473
330
22
100
AcDbEntity
  8
F.Silkscreen
  6
CONTINUOUS
100
AcDbLine
 10
124.1229609999999894
 20
-75.4554329999999993
 30
0
 11
124.0999999999999943
 21
-75.4599999999999937
 31
0
  0
LINE
  5
474
330
22
100
AcDbEntity
  8
F.Silkscreen
  6
CONTINUOUS
100
AcDbLine
 10
124.0999999999999943
 20
-75.4599999999999937
 30
0
 11
120.
 21
-75.4599999999999937
 31
0
  0
LINE
  5
475
330
22
100
AcDbEntity
  8
F.Silkscreen
  6
CONTINUOUS
100
AcDbLine
 10
120.
 20
-75.4599999999999937
 30
0
 11
119.9770389999999907
 21
-75.4554329999999993
 31
0
  0
LINE
  5
476
330
22
100
AcDbEntity
  8
F.Silkscreen
  6
CONTINUOUS
100
AcDbLine
 10
119.9770389999999907
 20
-75.4554329999999993
 30
0
 11
119.9445669999999922
 21
-75.4229610000000008
 31
0
  0
LINE
  5
477
330
22
100
AcDbEntity
  8
F.Silkscreen
  6
CONTINUOUS
100
AcDbLine
 10
119.9445669999999922
 20
-75.4229610000000008
 30
0
 11
119.9445669999999922
 21
-75.3770389999999963
 31
0
  0
LINE
  5
478
330
22
100
AcDbEntity
  8
F.Silkscreen
  6
CONTINUOUS
100
AcDbLine
 10
119.9445669999999922
 20
-75.3770389999999963
 30
0
 11
119.9770389999999907
 21
-75.3445669999999978
 31
0
  0
LINE
  5
479
330
22
100
AcDbEntity
  8
F.Silkscreen
  6
CONTINUOUS
100
AcDbLine
 10
119.9770389999999907
 20
-75.3445669999999978
 30
0
 11
120.
 21
-75.3400000000000034
 31
0
  0
LINE
  5
47A
330
22
100
AcDbEntity
  8
F.Silkscreen
  6
CONTINUOUS
100
AcDbLine
 10
120.
 20
-75.3400000000000034
 30
0
 11
124.039999999999992
 21
-75.3400000000000034
 31
0
  0
LINE
  5
47B
330
22
100
AcDbEntity
  8
F.Silkscreen
  6
CONTINUOUS
100
AcDbLine
 10
124.039999999999992
 20
-75.3400000000000034
 30
0
 11
124.039999999999992
 21
-73.
 31
0
  0
LINE
  5
47C
330
22
100
AcDbEntity
  8
F.Silkscreen
  6
CONTINUOUS
100
AcDbLine
 10
124.039999999999992
 20
-73.
 30
0
 11
124.0445670000000007
 21
-72.9770389999999907
 31
0
  0
LINE
  5
47D
330
22
100
AcDbEntity
  8
F.Silkscreen
  6
CONTINUOUS
100
AcDbLine
 10
124.0445670000000007
 20
-72.9770389999999907
 30
0
 11
124.0770389999999992
 21
-72.9445669999999922
 31
0
  0
LINE
  5
47E
330
22
100
AcDbEntity
  8
F.Silkscreen
  6
CONTINUOUS
100
AcDbLine
 10
124.0770389999999992
 20
-72.9445669999999922
 30
0
 11
124.1229609999999894
 21
-72.9445669999999922
 31
0
  0
LINE
  5
47F
330
22
100
AcDbEntity
  8
F.Silkscreen
  6
CONTINUOUS
100
AcDbLine
 10
124.1229609999999894
 20
-72.9445669999999922
 30
0
 11
124.1554329999999879
 21
-72.9770389999999907
 31
0
  0
LINE
  5
480
330
22
100
AcDbEntity
  8
F.Silkscreen
  6
CONTINUOUS
100
AcDbLine
 10
118.0554329999999936
 20
-68.9770389999999907
 30
0
 11
118.0599999999999881
 21
-69.
 31
0
  0
LINE
  5
481
330
22
100
AcDbEntity
  8
F.Silkscreen
  6
CONTINUOUS
100
AcDbLine
 10
118.0599999999999881
 20
-69.
 30
0
 11
118.0599999999999881
 21
-69.4399999999999977
 31
0
  0
LINE
  5
482
330
22
100
AcDbEntity
  8
F.Silkscreen
  6
CONTINUOUS
100
AcDbLine
 10
118.0599999999999881
 20
-69.4399999999999977
 30
0
 11
118.5
 21
-69.4399999999999977
 31
0
  0
LINE
  5
483
330
22
100
AcDbEntity
  8
F.Silkscreen
  6
CONTINUOUS
100
AcDbLine
 10
118.5
 20
-69.4399999999999977
 30
0
 11
118.5229609999999951
 21
-69.4445669999999922
 31
0
  0
LINE
  5
484
330
22
100
AcDbEntity
  8
F.Silkscreen
  6
CONTINUOUS
100
AcDbLine
 10
118.5229609999999951
 20
-69.4445669999999922
 30
0
 11
118.5554329999999936
 21
-69.4770389999999907
 31
0
  0
LINE
  5
485
330
22
100
AcDbEntity
  8
F.Silkscreen
  6
CONTINUOUS
100
AcDbLine
 10
118.5554329999999936
 20
-69.4770389999999907
 30
0
 11
118.5554329999999936
 21
-69.5229609999999951
 31
0
  0
LINE
  5
486
330
22
100
AcDbEntity
  8
F.Silkscreen
  6
CONTINUOUS
100
AcDbLine
 10
118.5554329999999936
 20
-69.5229609999999951
 30
0
 11
118.5229609999999951
 21
-69.5554329999999936
 31
0
  0
LINE
  5
487
330
22
100
AcDbEntity
  8
F.Silkscreen
  6
CONTINUOUS
100
AcDbLine
 10
118.5229609999999951
 20
-69.5554329999999936
 30
0
 11
118.5
 21
-69.5600000000000023
 31
0
  0
LINE
  5
488
330
22
100
AcDbEntity
  8
F.Silkscreen
  6
CONTINUOUS
100
AcDbLine
 10
118.5
 20
-69.5600000000000023
 30
0
 11
118.0599999999999881
 21
-69.5600000000000023
 31
0
  0
LINE
  5
489
330
22
100
AcDbEntity
  8
F.Silkscreen
  6
CONTINUOUS
100
AcDbLine
 10
118.0599999999999881
 20
-69.5600000000000023
 30
0
 11
118.0599999999999881
 21
-70.
 31
0
  0
LINE
  5
48A
330
22
100
AcDbEntity
  8
F.Silkscreen
  6
CONTINUOUS
100
AcDbLine
 10
118.0599999999999881
 20
-70.
 30
0
 11
118.0554329999999936
 21
-70.0229609999999951
 31
0
  0
LINE
  5
48B
330
22
100
AcDbEntity
  8
F.Silkscreen
  6
CONTINUOUS
100
AcDbLine
 10
118.0554329999999936
 20
-70.0229609999999951
 30
0
 11
118.0229609999999951
 21
-70.0554329999999936
 31
0
  0
LINE
  5
48C
330
22
100
AcDbEntity
  8
F.Silkscreen
  6
CONTINUOUS
100
AcDbLine
 10
118.0229609999999951
 20
-70.0554329999999936
 30
0
 11
117.9770389999999907
 21
-70.0554329999999936
 31
0
  0
LINE
  5
48D
330
22
100
AcDbEntity
  8
F.Silkscreen
  6
CONTINUOUS
100
AcDbLine
 10
117.9770389999999907
 20
-70.0554329999999936
 30
0
 11
117.9445669999999922
 21
-70.0229609999999951
 31
0
  0
LINE
  5
48E
330
22
100
AcDbEntity
  8
F.Silkscreen
  6
CONTINUOUS
100
AcDbLine
 10
117.9445669999999922
 20
-70.0229609999999951
 30
0
 11
117.9399999999999977
 21
-70.
 31
0
  0
LINE
  5
48F
330
22
100
AcDbEntity
  8
F.Silkscreen
  6
CONTINUOUS
100
AcDbLine
 10
117.9399999999999977
 20
-70.
 30
0
 11
117.9399999999999977
 21
-69.5600000000000023
 31
0
  0
LINE
  5
490
330
22
100
AcDbEntity
  8
F.Silkscreen
  6
CONTINUOUS
100
AcDbLine
 10
117.9399999999999977
 20
-69.5600000000000023
 30
0
 11
117.5
 21
-69.5600000000000023
 31
0
  0
LINE
  5
491
330
22
100
AcDbEntity
  8
F.Silkscreen
  6
CONTINUOUS
100
AcDbLine
 10
117.5
 20
-69.5600000000000023
 30
0
 11
117.4770389999999907
 21
-69.5554329999999936
 31
0
  0
LINE
  5
492
330
22
100
AcDbEntity
  8
F.Silkscreen
  6
CONTINUOUS
100
AcDbLine
 10
117.4770389999999907
 20
-69.5554329999999936
 30
0
 11
117.4445669999999922
 21
-69.5229609999999951
 31
0
  0
LINE
  5
493
330
22
100
AcDbEntity
  8
F.Silkscreen
  6
CONTINUOUS
100
AcDbLine
 10
117.4445669999999922
 20
-69.5229609999999951
 30
0
 11
117.4445669999999922
 21
-69.4770389999999907
 31
0
  0
LINE
  5
494
330
22
100
AcDbEntity
  8
F.Silkscreen
  6
CONTINUOUS
100
AcDbLine
 10
117.4445669999999922
 20
-69.4770389999999907
 30
0
 11
117.4770389999999907
 21
-69.4445669999999922
 31
0
  0
LINE
  5
495
330
22
100
AcDbEntity
  8
F.Silkscreen
  6
CONTINUOUS
100
AcDbLine
 10
117.4770389999999907
 20
-69.4445669999999922
 30
0
 11
117.5
 21
-69.4399999999999977
 31
0
  0
LINE
  5
496
330
22
100
AcDbEntity
  8
F.Silkscreen
  6
CONTINUOUS
100
AcDbLine
 10
117.5
 20
-69.4399999999999977
 30
0
 11
117.9399999999999977
 21
-69.4399999999999977
 31
0
  0
LINE
  5
497
330
22
100
AcDbEntity
  8
F.Silkscreen
  6
CONTINUOUS
100
AcDbLine
 10
117.9399999999999977
 20
-69.4399999999999977
 30
0
 11
117.9399999999999977
 21
-69.
 31
0
  0
LINE
  5
498
330
22
100
AcDbEntity
  8
F.Silkscreen
  6
CONTINUOUS
100
AcDbLine
 10
117.9399999999999977
 20
-69.
 30
0
 11
117.9445669999999922
 21
-68.9770389999999907
 31
0
  0
LINE
  5
499
330
22
100
AcDbEntity
  8
F.Silkscreen
  6
CONTINUOUS
100
AcDbLine
 10
117.9445669999999922
 20
-68.9770389999999907
 30
0
 11
117.9770389999999907
 21
-68.9445669999999922
 31
0
  0
LINE
  5
49A
330
22
100
AcDbEntity
  8
F.Silkscreen
  6
CONTINUOUS
100
AcDbLine
 10
117.9770389999999907
 20
-68.9445669999999922
 30
0
 11
118.0229609999999951
 21
-68.9445669999999922
 31
0
  0
LINE
  5
49B
330
22
100
AcDbEntity
  8
F.Silkscreen
  6
CONTINUOUS
100
AcDbLine
 10
118.0229609999999951
 20
-68.9445669999999922
 30
0
 11
118.0554329999999936
 21
-68.9770389999999907
 31
0
  0
LINE
  5
49C
330
22
100
AcDbEntity
  8
F.Silkscreen
  6
CONTINUOUS
100
AcDbLine
 10
118.5125689999999992
 20
-66.4832349999999934
 30
0
 11
118.8471169999999972
 21
-66.5595929999999925
 31
0
  0
LINE
  5
49D
330
22
100
AcDbEntity
  8
F.Silkscreen
  6
CONTINUOUS
100
AcDbLine
 10
118.8471169999999972
 20
-66.5595929999999925
 30
0
 11
119.1710109999999929
 21
-66.6729289999999963
 31
0
  0
LINE
  5
49E
330
22
100
AcDbEntity
  8
F.Silkscreen
  6
CONTINUOUS
100
AcDbLine
 10
119.1710109999999929
 20
-66.6729289999999963
 30
0
 11
119.4801799999999901
 21
-66.8218159999999983
 31
0
  0
LINE
  5
49F
330
22
100
AcDbEntity
  8
F.Silkscreen
  6
CONTINUOUS
100
AcDbLine
 10
119.4801799999999901
 20
-66.8218159999999983
 30
0
 11
119.7707339999999903
 21
-67.0043840000000017
 31
0
  0
LINE
  5
4A0
330
22
100
AcDbEntity
  8
F.Silkscreen
  6
CONTINUOUS
100
AcDbLine
 10
119.7707339999999903
 20
-67.0043840000000017
 30
0
 11
120.0390209999999911
 21
-67.2183349999999962
 31
0
  0
LINE
  5
4A1
330
22
100
AcDbEntity
  8
F.Silkscreen
  6
CONTINUOUS
100
AcDbLine
 10
120.0390209999999911
 20
-67.2183349999999962
 30
0
 11
120.2816649999999896
 21
-67.4609789999999947
 31
0
  0
LINE
  5
4A2
330
22
100
AcDbEntity
  8
F.Silkscreen
  6
CONTINUOUS
100
AcDbLine
 10
120.2816649999999896
 20
-67.4609789999999947
 30
0
 11
120.4956159999999983
 21
-67.7292659999999955
 31
0
  0
LINE
  5
4A3
330
22
100
AcDbEntity
  8
F.Silkscreen
  6
CONTINUOUS
100
AcDbLine
 10
120.4956159999999983
 20
-67.7292659999999955
 30
0
 11
120.6781839999999875
 21
-68.0198199999999957
 31
0
  0
LINE
  5
4A4
330
22
100
AcDbEntity
  8
F.Silkscreen
  6
CONTINUOUS
100
AcDbLine
 10
120.6781839999999875
 20
-68.0198199999999957
 30
0
 11
120.8270709999999895
 21
-68.3289889999999929
 31
0
  0
LINE
  5
4A5
330
22
100
AcDbEntity
  8
F.Silkscreen
  6
CONTINUOUS
100
AcDbLine
 10
120.8270709999999895
 20
-68.3289889999999929
 30
0
 11
120.9404069999999933
 21
-68.6528830000000028
 31
0
  0
LINE
  5
4A6
330
22
100
AcDbEntity
  8
F.Silkscreen
  6
CONTINUOUS
100
AcDbLine
 10
120.9404069999999933
 20
-68.6528830000000028
 30
0
 11
121.0167649999999924
 21
-68.9874310000000008
 31
0
  0
LINE
  5
4A7
330
22
100
AcDbEntity
  8
F.Silkscreen
  6
CONTINUOUS
100
AcDbLine
 10
121.0167649999999924
 20
-68.9874310000000008
 30
0
 11
121.055185999999992
 21
-69.3284239999999983
 31
0
  0
LINE
  5
4A8
330
22
100
AcDbEntity
  8
F.Silkscreen
  6
CONTINUOUS
100
AcDbLine
 10
121.055185999999992
 20
-69.3284239999999983
 30
0
 11
121.055185999999992
 21
-69.6715760000000017
 31
0
  0
LINE
  5
4A9
330
22
100
AcDbEntity
  8
F.Silkscreen
  6
CONTINUOUS
100
AcDbLine
 10
121.055185999999992
 20
-69.6715760000000017
 30
0
 11
121.0167649999999924
 21
-70.0125689999999992
 31
0
  0
LINE
  5
4AA
330
22
100
AcDbEntity
  8
F.Silkscreen
  6
CONTINUOUS
100
AcDbLine
 10
121.0167649999999924
 20
-70.0125689999999992
 30
0
 11
120.9404069999999933
 21
-70.3471169999999972
 31
0
  0
LINE
  5
4AB
330
22
100
AcDbEntity
  8
F.Silkscreen
  6
CONTINUOUS
100
AcDbLine
 10
120.9404069999999933
 20
-70.3471169999999972
 30
0
 11
120.8270709999999895
 21
-70.6710109999999929
 31
0
  0
LINE
  5
4AC
330
22
100
AcDbEntity
  8
F.Silkscreen
  6
CONTINUOUS
100
AcDbLine
 10
120.8270709999999895
 20
-70.6710109999999929
 30
0
 11
120.6781839999999875
 21
-70.9801799999999901
 31
0
  0
LINE
  5
4AD
330
22
100
AcDbEntity
  8
F.Silkscreen
  6
CONTINUOUS
100
AcDbLine
 10
120.6781839999999875
 20
-70.9801799999999901
 30
0
 11
120.4956159999999983
 21
-71.2707339999999903
 31
0
  0
LINE
  5
4AE
330
22
100
AcDbEntity
  8
F.Silkscreen
  6
CONTINUOUS
100
AcDbLine
 10
120.4956159999999983
 20
-71.2707339999999903
 30
0
 11
120.2816649999999896
 21
-71.5390209999999911
 31
0
  0
LINE
  5
4AF
330
22
100
AcDbEntity
  8
F.Silkscreen
  6
CONTINUOUS
100
AcDbLine
 10
120.2816649999999896
 20
-71.5390209999999911
 30
0
 11
120.0390209999999911
 21
-71.7816650000000038
 31
0
  0
LINE
  5
4B0
330
22
100
AcDbEntity
  8
F.Silkscreen
  6
CONTINUOUS
100
AcDbLine
 10
120.0390209999999911
 20
-71.7816650000000038
 30
0
 11
119.7707339999999903
 21
-71.9956159999999983
 31
0
  0
LINE
  5
4B1
330
22
100
AcDbEntity
  8
F.Silkscreen
  6
CONTINUOUS
100
AcDbLine
 10
119.7707339999999903
 20
-71.9956159999999983
 30
0
 11
119.4801799999999901
 21
-72.1781840000000017
 31
0
  0
LINE
  5
4B2
330
22
100
AcDbEntity
  8
F.Silkscreen
  6
CONTINUOUS
100
AcDbLine
 10
119.4801799999999901
 20
-72.1781840000000017
 30
0
 11
119.1710109999999929
 21
-72.3270710000000037
 31
0
  0
LINE
  5
4B3
330
22
100
AcDbEntity
  8
F.Silkscreen
  6
CONTINUOUS
100
AcDbLine
 10
119.1710109999999929
 20
-72.3270710000000037
 30
0
 11
118.8471169999999972
 21
-72.4404069999999933
 31
0
  0
LINE
  5
4B4
330
22
100
AcDbEntity
  8
F.Silkscreen
  6
CONTINUOUS
100
AcDbLine
 10
118.8471169999999972
 20
-72.4404069999999933
 30
0
 11
118.5125689999999992
 21
-72.5167649999999924
 31
0
  0
LINE
  5
4B5
330
22
100
AcDbEntity
  8
F.Silkscreen
  6
CONTINUOUS
100
AcDbLine
 10
118.5125689999999992
 20
-72.5167649999999924
 30
0
 11
118.1715760000000017
 21
-72.555185999999992
 31
0
  0
LINE
  5
4B6
330
22
100
AcDbEntity
  8
F.Silkscreen
  6
CONTINUOUS
100
AcDbLine
 10
118.1715760000000017
 20
-72.555185999999992
 30
0
 11
117.8284239999999983
 21
-72.555185999999992
 31
0
  0
LINE
  5
4B7
330
22
100
AcDbEntity
  8
F.Silkscreen
  6
CONTINUOUS
100
AcDbLine
 10
117.8284239999999983
 20
-72.555185999999992
 30
0
 11
117.4874310000000008
 21
-72.5167649999999924
 31
0
  0
LINE
  5
4B8
330
22
100
AcDbEntity
  8
F.Silkscreen
  6
CONTINUOUS
100
AcDbLine
 10
117.4874310000000008
 20
-72.5167649999999924
 30
0
 11
117.1528829999999886
 21
-72.4404069999999933
 31
0
  0
LINE
  5
4B9
330
22
100
AcDbEntity
  8
F.Silkscreen
  6
CONTINUOUS
100
AcDbLine
 10
117.1528829999999886
 20
-72.4404069999999933
 30
0
 11
116.8289889999999929
 21
-72.3270710000000037
 31
0
  0
LINE
  5
4BA
330
22
100
AcDbEntity
  8
F.Silkscreen
  6
CONTINUOUS
100
AcDbLine
 10
116.8289889999999929
 20
-72.3270710000000037
 30
0
 11
116.5198199999999957
 21
-72.1781840000000017
 31
0
  0
LINE
  5
4BB
330
22
100
AcDbEntity
  8
F.Silkscreen
  6
CONTINUOUS
100
AcDbLine
 10
116.5198199999999957
 20
-72.1781840000000017
 30
0
 11
116.2292659999999955
 21
-71.9956159999999983
 31
0
  0
LINE
  5
4BC
330
22
100
AcDbEntity
  8
F.Silkscreen
  6
CONTINUOUS
100
AcDbLine
 10
116.2292659999999955
 20
-71.9956159999999983
 30
0
 11
115.9609789999999947
 21
-71.7816650000000038
 31
0
  0
LINE
  5
4BD
330
22
100
AcDbEntity
  8
F.Silkscreen
  6
CONTINUOUS
100
AcDbLine
 10
115.9609789999999947
 20
-71.7816650000000038
 30
0
 11
115.7183349999999962
 21
-71.5390209999999911
 31
0
  0
LINE
  5
4BE
330
22
100
AcDbEntity
  8
F.Silkscreen
  6
CONTINUOUS
100
AcDbLine
 10
115.7183349999999962
 20
-71.5390209999999911
 30
0
 11
115.5043840000000017
 21
-71.2707339999999903
 31
0
  0
LINE
  5
4BF
330
22
100
AcDbEntity
  8
F.Silkscreen
  6
CONTINUOUS
100
AcDbLine
 10
115.5043840000000017
 20
-71.2707339999999903
 30
0
 11
115.3218159999999983
 21
-70.9801799999999901
 31
0
  0
LINE
  5
4C0
330
22
100
AcDbEntity
  8
F.Silkscreen
  6
CONTINUOUS
100
AcDbLine
 10
115.3218159999999983
 20
-70.9801799999999901
 30
0
 11
115.1729289999999963
 21
-70.6710109999999929
 31
0
  0
LINE
  5
4C1
330
22
100
AcDbEntity
  8
F.Silkscreen
  6
CONTINUOUS
100
AcDbLine
 10
115.1729289999999963
 20
-70.6710109999999929
 30
0
 11
115.0595929999999925
 21
-70.3471169999999972
 31
0
  0
LINE
  5
4C2
330
22
100
AcDbEntity
  8
F.Silkscreen
  6
CONTINUOUS
100
AcDbLine
 10
115.0595929999999925
 20
-70.3471169999999972
 30
0
 11
114.9832349999999934
 21
-70.0125689999999992
 31
0
  0
LINE
  5
4C3
330
22
100
AcDbEntity
  8
F.Silkscreen
  6
CONTINUOUS
100
AcDbLine
 10
114.9832349999999934
 20
-70.0125689999999992
 30
0
 11
114.9448139999999938
 21
-69.6715760000000017
 31
0
  0
LINE
  5
4C4
330
22
100
AcDbEntity
  8
F.Silkscreen
  6
CONTINUOUS
100
AcDbLine
 10
114.9448139999999938
 20
-69.6715760000000017
 30
0
 11
114.9448139999999938
 21
-69.3348929999999939
 31
0
  0
LINE
  5
4C5
330
22
100
AcDbEntity
  8
F.Silkscreen
  6
CONTINUOUS
100
AcDbLine
 10
114.9448139999999938
 20
-69.3348929999999939
 30
0
 11
114.9448139999999938
 21
-69.3284239999999983
 31
0
  0
LINE
  5
4C6
330
22
100
AcDbEntity
  8
F.Silkscreen
  6
CONTINUOUS
100
AcDbLine
 10
114.9448139999999938
 20
-69.3284239999999983
 30
0
 11
114.9832349999999934
 21
-68.9874310000000008
 31
0
  0
LINE
  5
4C7
330
22
100
AcDbEntity
  8
F.Silkscreen
  6
CONTINUOUS
100
AcDbLine
 10
114.9832349999999934
 20
-68.9874310000000008
 30
0
 11
115.0595929999999925
 21
-68.6528830000000028
 31
0
  0
LINE
  5
4C8
330
22
100
AcDbEntity
  8
F.Silkscreen
  6
CONTINUOUS
100
AcDbLine
 10
115.0595929999999925
 20
-68.6528830000000028
 30
0
 11
115.1729289999999963
 21
-68.3289889999999929
 31
0
  0
LINE
  5
4C9
330
22
100
AcDbEntity
  8
F.Silkscreen
  6
CONTINUOUS
100
AcDbLine
 10
115.1729289999999963
 20
-68.3289889999999929
 30
0
 11
115.3218159999999983
 21
-68.0198199999999957
 31
0
  0
LINE
  5
4CA
330
22
100
AcDbEntity
  8
F.Silkscreen
  6
CONTINUOUS
100
AcDbLine
 10
115.3218159999999983
 20
-68.0198199999999957
 30
0
 11
115.5043840000000017
 21
-67.7292659999999955
 31
0
  0
LINE
  5
4CB
330
22
100
AcDbEntity
  8
F.Silkscreen
  6
CONTINUOUS
100
AcDbLine
 10
115.5043840000000017
 20
-67.7292659999999955
 30
0
 11
115.7183349999999962
 21
-67.4609789999999947
 31
0
  0
LINE
  5
4CC
330
22
100
AcDbEntity
  8
F.Silkscreen
  6
CONTINUOUS
100
AcDbLine
 10
115.7183349999999962
 20
-67.4609789999999947
 30
0
 11
115.9609789999999947
 21
-67.2183349999999962
 31
0
  0
LINE
  5
4CD
330
22
100
AcDbEntity
  8
F.Silkscreen
  6
CONTINUOUS
100
AcDbLine
 10
115.9609789999999947
 20
-67.2183349999999962
 30
0
 11
116.2292659999999955
 21
-67.0043840000000017
 31
0
  0
LINE
  5
4CE
330
22
100
AcDbEntity
  8
F.Silkscreen
  6
CONTINUOUS
100
AcDbLine
 10
116.2292659999999955
 20
-67.0043840000000017
 30
0
 11
116.5198199999999957
 21
-66.8218159999999983
 31
0
  0
LINE
  5
4CF
330
22
100
AcDbEntity
  8
F.Silkscreen
  6
CONTINUOUS
100
AcDbLine
 10
116.5198199999999957
 20
-66.8218159999999983
 30
0
 11
116.8289889999999929
 21
-66.6729289999999963
 31
0
  0
LINE
  5
4D0
330
22
100
AcDbEntity
  8
F.Silkscreen
  6
CONTINUOUS
100
AcDbLine
 10
116.8289889999999929
 20
-66.6729289999999963
 30
0
 11
117.1528829999999886
 21
-66.5595929999999925
 31
0
  0
LINE
  5
4D1
330
22
100
AcDbEntity
  8
F.Silkscreen
  6
CONTINUOUS
100
AcDbLine
 10
117.1528829999999886
 20
-66.5595929999999925
 30
0
 11
117.4874310000000008
 21
-66.4832349999999934
 31
0
  0
LINE
  5
4D2
330
22
100
AcDbEntity
  8
F.Silkscreen
  6
CONTINUOUS
100
AcDbLine
 10
117.4874310000000008
 20
-66.4832349999999934
 30
0
 11
117.8284239999999983
 21
-66.4448139999999938
 31
0
  0
LINE
  5
4D3
330
22
100
AcDbEntity
  8
F.Silkscreen
  6
CONTINUOUS
100
AcDbLine
 10
117.8284239999999983
 20
-66.4448139999999938
 30
0
 11
118.1715760000000017
 21
-66.4448139999999938
 31
0
  0
LINE
  5
4D4
330
22
100
AcDbEntity
  8
F.Silkscreen
  6
CONTINUOUS
100
AcDbLine
 10
118.1715760000000017
 20
-66.4448139999999938
 30
0
 11
118.5125689999999992
 21
-66.4832349999999934
 31
0
  0
LINE
  5
4D5
330
22
100
AcDbEntity
  8
F.Silkscreen
  6
CONTINUOUS
100
AcDbLine
 10
115.0599999999999881
 20
-69.6651069999999919
 30
0
 11
115.0969729999999913
 21
-69.99324399999999
 31
0
  0
LINE
  5
4D6
330
22
100
AcDbEntity
  8
F.Silkscreen
  6
CONTINUOUS
100
AcDbLine
 10
115.0969729999999913
 20
-69.99324399999999
 30
0
 11
115.1704519999999974
 21
-70.3151790000000005
 31
0
  0
LINE
  5
4D7
330
22
100
AcDbEntity
  8
F.Silkscreen
  6
CONTINUOUS
100
AcDbLine
 10
115.1704519999999974
 20
-70.3151790000000005
 30
0
 11
115.2795149999999893
 21
-70.6268620000000027
 31
0
  0
LINE
  5
4D8
330
22
100
AcDbEntity
  8
F.Silkscreen
  6
CONTINUOUS
100
AcDbLine
 10
115.2795149999999893
 20
-70.6268620000000027
 30
0
 11
115.4227889999999945
 21
-70.9243740000000003
 31
0
  0
LINE
  5
4D9
330
22
100
AcDbEntity
  8
F.Silkscreen
  6
CONTINUOUS
100
AcDbLine
 10
115.4227889999999945
 20
-70.9243740000000003
 30
0
 11
115.5984729999999985
 21
-71.2039740000000023
 31
0
  0
LINE
  5
4DA
330
22
100
AcDbEntity
  8
F.Silkscreen
  6
CONTINUOUS
100
AcDbLine
 10
115.5984729999999985
 20
-71.2039740000000023
 30
0
 11
115.8043579999999935
 21
-71.4621449999999925
 31
0
  0
LINE
  5
4DB
330
22
100
AcDbEntity
  8
F.Silkscreen
  6
CONTINUOUS
100
AcDbLine
 10
115.8043579999999935
 20
-71.4621449999999925
 30
0
 11
116.0378549999999933
 21
-71.6956419999999923
 31
0
  0
LINE
  5
4DC
330
22
100
AcDbEntity
  8
F.Silkscreen
  6
CONTINUOUS
100
AcDbLine
 10
116.0378549999999933
 20
-71.6956419999999923
 30
0
 11
116.2960259999999977
 21
-71.9015270000000015
 31
0
  0
LINE
  5
4DD
330
22
100
AcDbEntity
  8
F.Silkscreen
  6
CONTINUOUS
100
AcDbLine
 10
116.2960259999999977
 20
-71.9015270000000015
 30
0
 11
116.5756259999999997
 21
-72.0772109999999913
 31
0
  0
LINE
  5
4DE
330
22
100
AcDbEntity
  8
F.Silkscreen
  6
CONTINUOUS
100
AcDbLine
 10
116.5756259999999997
 20
-72.0772109999999913
 30
0
 11
116.8731379999999973
 21
-72.2204849999999965
 31
0
  0
LINE
  5
4DF
330
22
100
AcDbEntity
  8
F.Silkscreen
  6
CONTINUOUS
100
AcDbLine
 10
116.8731379999999973
 20
-72.2204849999999965
 30
0
 11
117.1848209999999995
 21
-72.3295480000000026
 31
0
  0
LINE
  5
4E0
330
22
100
AcDbEntity
  8
F.Silkscreen
  6
CONTINUOUS
100
AcDbLine
 10
117.1848209999999995
 20
-72.3295480000000026
 30
0
 11
117.5067559999999958
 21
-72.4030269999999945
 31
0
  0
LINE
  5
4E1
330
22
100
AcDbEntity
  8
F.Silkscreen
  6
CONTINUOUS
100
AcDbLine
 10
117.5067559999999958
 20
-72.4030269999999945
 30
0
 11
117.8348929999999939
 21
-72.4399999999999977
 31
0
  0
LINE
  5
4E2
330
22
100
AcDbEntity
  8
F.Silkscreen
  6
CONTINUOUS
100
AcDbLine
 10
117.8348929999999939
 20
-72.4399999999999977
 30
0
 11
118.1651069999999919
 21
-72.4399999999999977
 31
0
  0
LINE
  5
4E3
330
22
100
AcDbEntity
  8
F.Silkscreen
  6
CONTINUOUS
100
AcDbLine
 10
118.1651069999999919
 20
-72.4399999999999977
 30
0
 11
118.49324399999999
 21
-72.4030269999999945
 31
0
  0
LINE
  5
4E4
330
22
100
AcDbEntity
  8
F.Silkscreen
  6
CONTINUOUS
100
AcDbLine
 10
118.49324399999999
 20
-72.4030269999999945
 30
0
 11
118.8151790000000005
 21
-72.3295480000000026
 31
0
  0
LINE
  5
4E5
330
22
100
AcDbEntity
  8
F.Silkscreen
  6
CONTINUOUS
100
AcDbLine
 10
118.8151790000000005
 20
-72.3295480000000026
 30
0
 11
119.1268619999999885
 21
-72.2204849999999965
 31
0
  0
LINE
  5
4E6
330
22
100
AcDbEntity
  8
F.Silkscreen
  6
CONTINUOUS
100
AcDbLine
 10
119.1268619999999885
 20
-72.2204849999999965
 30
0
 11
119.4243740000000003
 21
-72.0772109999999913
 31
0
  0
LINE
  5
4E7
330
22
100
AcDbEntity
  8
F.Silkscreen
  6
CONTINUOUS
100
AcDbLine
 10
119.4243740000000003
 20
-72.0772109999999913
 30
0
 11
119.7039739999999881
 21
-71.9015270000000015
 31
0
  0
LINE
  5
4E8
330
22
100
AcDbEntity
  8
F.Silkscreen
  6
CONTINUOUS
100
AcDbLine
 10
119.7039739999999881
 20
-71.9015270000000015
 30
0
 11
119.9621449999999925
 21
-71.6956419999999923
 31
0
  0
LINE
  5
4E9
330
22
100
AcDbEntity
  8
F.Silkscreen
  6
CONTINUOUS
100
AcDbLine
 10
119.9621449999999925
 20
-71.6956419999999923
 30
0
 11
120.1956419999999923
 21
-71.4621449999999925
 31
0
  0
LINE
  5
4EA
330
22
100
AcDbEntity
  8
F.Silkscreen
  6
CONTINUOUS
100
AcDbLine
 10
120.1956419999999923
 20
-71.4621449999999925
 30
0
 11
120.4015270000000015
 21
-71.2039740000000023
 31
0
  0
LINE
  5
4EB
330
22
100
AcDbEntity
  8
F.Silkscreen
  6
CONTINUOUS
100
AcDbLine
 10
120.4015270000000015
 20
-71.2039740000000023
 30
0
 11
120.5772109999999913
 21
-70.9243740000000003
 31
0
  0
LINE
  5
4EC
330
22
100
AcDbEntity
  8
F.Silkscreen
  6
CONTINUOUS
100
AcDbLine
 10
120.5772109999999913
 20
-70.9243740000000003
 30
0
 11
120.7204849999999965
 21
-70.6268620000000027
 31
0
  0
LINE
  5
4ED
330
22
100
AcDbEntity
  8
F.Silkscreen
  6
CONTINUOUS
100
AcDbLine
 10
120.7204849999999965
 20
-70.6268620000000027
 30
0
 11
120.8295479999999884
 21
-70.3151790000000005
 31
0
  0
LINE
  5
4EE
330
22
100
AcDbEntity
  8
F.Silkscreen
  6
CONTINUOUS
100
AcDbLine
 10
120.8295479999999884
 20
-70.3151790000000005
 30
0
 11
120.9030269999999945
 21
-69.99324399999999
 31
0
  0
LINE
  5
4EF
330
22
100
AcDbEntity
  8
F.Silkscreen
  6
CONTINUOUS
100
AcDbLine
 10
120.9030269999999945
 20
-69.99324399999999
 30
0
 11
120.9399999999999977
 21
-69.6651069999999919
 31
0
  0
LINE
  5
4F0
330
22
100
AcDbEntity
  8
F.Silkscreen
  6
CONTINUOUS
100
AcDbLine
 10
120.9399999999999977
 20
-69.6651069999999919
 30
0
 11
120.9399999999999977
 21
-69.3348929999999939
 31
0
  0
LINE
  5
4F1
330
22
100
AcDbEntity
  8
F.Silkscreen
  6
CONTINUOUS
100
AcDbLine
 10
120.9399999999999977
 20
-69.3348929999999939
 30
0
 11
120.9030269999999945
 21
-69.0067559999999958
 31
0
  0
LINE
  5
4F2
330
22
100
AcDbEntity
  8
F.Silkscreen
  6
CONTINUOUS
100
AcDbLine
 10
120.9030269999999945
 20
-69.0067559999999958
 30
0
 11
120.8295479999999884
 21
-68.6848209999999995
 31
0
  0
LINE
  5
4F3
330
22
100
AcDbEntity
  8
F.Silkscreen
  6
CONTINUOUS
100
AcDbLine
 10
120.8295479999999884
 20
-68.6848209999999995
 30
0
 11
120.7204849999999965
 21
-68.3731379999999973
 31
0
  0
LINE
  5
4F4
330
22
100
AcDbEntity
  8
F.Silkscreen
  6
CONTINUOUS
100
AcDbLine
 10
120.7204849999999965
 20
-68.3731379999999973
 30
0
 11
120.5772109999999913
 21
-68.0756259999999997
 31
0
  0
LINE
  5
4F5
330
22
100
AcDbEntity
  8
F.Silkscreen
  6
CONTINUOUS
100
AcDbLine
 10
120.5772109999999913
 20
-68.0756259999999997
 30
0
 11
120.4015270000000015
 21
-67.7960259999999977
 31
0
  0
LINE
  5
4F6
330
22
100
AcDbEntity
  8
F.Silkscreen
  6
CONTINUOUS
100
AcDbLine
 10
120.4015270000000015
 20
-67.7960259999999977
 30
0
 11
120.1956419999999923
 21
-67.5378549999999933
 31
0
  0
LINE
  5
4F7
330
22
100
AcDbEntity
  8
F.Silkscreen
  6
CONTINUOUS
100
AcDbLine
 10
120.1956419999999923
 20
-67.5378549999999933
 30
0
 11
119.9621449999999925
 21
-67.3043579999999935
 31
0
  0
LINE
  5
4F8
330
22
100
AcDbEntity
  8
F.Silkscreen
  6
CONTINUOUS
100
AcDbLine
 10
119.9621449999999925
 20
-67.3043579999999935
 30
0
 11
119.7039739999999881
 21
-67.0984729999999985
 31
0
  0
LINE
  5
4F9
330
22
100
AcDbEntity
  8
F.Silkscreen
  6
CONTINUOUS
100
AcDbLine
 10
119.7039739999999881
 20
-67.0984729999999985
 30
0
 11
119.4243740000000003
 21
-66.9227889999999945
 31
0
  0
LINE
  5
4FA
330
22
100
AcDbEntity
  8
F.Silkscreen
  6
CONTINUOUS
100
AcDbLine
 10
119.4243740000000003
 20
-66.9227889999999945
 30
0
 11
119.1268619999999885
 21
-66.7795150000000035
 31
0
  0
LINE
  5
4FB
330
22
100
AcDbEntity
  8
F.Silkscreen
  6
CONTINUOUS
100
AcDbLine
 10
119.1268619999999885
 20
-66.7795150000000035
 30
0
 11
118.8151790000000005
 21
-66.6704519999999974
 31
0
  0
LINE
  5
4FC
330
22
100
AcDbEntity
  8
F.Silkscreen
  6
CONTINUOUS
100
AcDbLine
 10
118.8151790000000005
 20
-66.6704519999999974
 30
0
 11
118.49324399999999
 21
-66.5969729999999913
 31
0
  0
LINE
  5
4FD
330
22
100
AcDbEntity
  8
F.Silkscreen
  6
CONTINUOUS
100
AcDbLine
 10
118.49324399999999
 20
-66.5969729999999913
 30
0
 11
118.1651069999999919
 21
-66.5600000000000023
 31
0
  0
LINE
  5
4FE
330
22
100
AcDbEntity
  8
F.Silkscreen
  6
CONTINUOUS
100
AcDbLine
 10
118.1651069999999919
 20
-66.5600000000000023
 30
0
 11
117.8348929999999939
 21
-66.5600000000000023
 31
0
  0
LINE
  5
4FF
330
22
100
AcDbEntity
  8
F.Silkscreen
  6
CONTINUOUS
100
AcDbLine
 10
117.8348929999999939
 20
-66.5600000000000023
 30
0
 11
117.5067559999999958
 21
-66.5969729999999913
 31
0
  0
LINE
  5
500
330
22
100
AcDbEntity
  8
F.Silkscreen
  6
CONTINUOUS
100
AcDbLine
 10
117.5067559999999958
 20
-66.5969729999999913
 30
0
 11
117.1848209999999995
 21
-66.6704519999999974
 31
0
  0
LINE
  5
501
330
22
100
AcDbEntity
  8
F.Silkscreen
  6
CONTINUOUS
100
AcDbLine
 10
117.1848209999999995
 20
-66.6704519999999974
 30
0
 11
116.8731379999999973
 21
-66.7795150000000035
 31
0
  0
LINE
  5
502
330
22
100
AcDbEntity
  8
F.Silkscreen
  6
CONTINUOUS
100
AcDbLine
 10
116.8731379999999973
 20
-66.7795150000000035
 30
0
 11
116.5756259999999997
 21
-66.9227889999999945
 31
0
  0
LINE
  5
503
330
22
100
AcDbEntity
  8
F.Silkscreen
  6
CONTINUOUS
100
AcDbLine
 10
116.5756259999999997
 20
-66.9227889999999945
 30
0
 11
116.2960259999999977
 21
-67.0984729999999985
 31
0
  0
LINE
  5
504
330
22
100
AcDbEntity
  8
F.Silkscreen
  6
CONTINUOUS
100
AcDbLine
 10
116.2960259999999977
 20
-67.0984729999999985
 30
0
 11
116.0378549999999933
 21
-67.3043579999999935
 31
0
  0
LINE
  5
505
330
22
100
AcDbEntity
  8
F.Silkscreen
  6
CONTINUOUS
100
AcDbLine
 10
116.0378549999999933
 20
-67.3043579999999935
 30
0
 11
115.8043579999999935
 21
-67.5378549999999933
 31
0
  0
LINE
  5
506
330
22
100
AcDbEntity
  8
F.Silkscreen
  6
CONTINUOUS
100
AcDbLine
 10
115.8043579999999935
 20
-67.5378549999999933
 30
0
 11
115.5984729999999985
 21
-67.7960259999999977
 31
0
  0
LINE
  5
507
330
22
100
AcDbEntity
  8
F.Silkscreen
  6
CONTINUOUS
100
AcDbLine
 10
115.5984729999999985
 20
-67.7960259999999977
 30
0
 11
115.4227889999999945
 21
-68.0756259999999997
 31
0
  0
LINE
  5
508
330
22
100
AcDbEntity
  8
F.Silkscreen
  6
CONTINUOUS
100
AcDbLine
 10
115.4227889999999945
 20
-68.0756259999999997
 30
0
 11
115.2795149999999893
 21
-68.3731379999999973
 31
0
  0
LINE
  5
509
330
22
100
AcDbEntity
  8
F.Silkscreen
  6
CONTINUOUS
100
AcDbLine
 10
115.2795149999999893
 20
-68.3731379999999973
 30
0
 11
115.1704519999999974
 21
-68.6848209999999995
 31
0
  0
LINE
  5
50A
330
22
100
AcDbEntity
  8
F.Silkscreen
  6
CONTINUOUS
100
AcDbLine
 10
115.1704519999999974
 20
-68.6848209999999995
 30
0
 11
115.0969729999999913
 21
-69.0067559999999958
 31
0
  0
LINE
  5
50B
330
22
100
AcDbEntity
  8
F.Silkscreen
  6
CONTINUOUS
100
AcDbLine
 10
115.0969729999999913
 20
-69.0067559999999958
 30
0
 11
115.0599999999999881
 21
-69.3348929999999939
 31
0
  0
LINE
  5
50C
330
22
100
AcDbEntity
  8
F.Silkscreen
  6
CONTINUOUS
100
AcDbLine
 10
115.0599999999999881
 20
-69.3348929999999939
 30
0
 11
115.0599999999999881
 21
-69.6651069999999919
 31
0
  0
LINE
  5
50D
330
22
100
AcDbEntity
  8
F.Silkscreen
  6
CONTINUOUS
100
AcDbLine
 10
124.1554329999999879
 20
-68.1770389999999935
 30
0
 11
124.1599999999999966
 21
-68.2000000000000028
 31
0
  0
LINE
  5
50E
330
22
100
AcDbEntity
  8
F.Silkscreen
  6
CONTINUOUS
100
AcDbLine
 10
124.1599999999999966
 20
-68.2000000000000028
 30
0
 11
124.1599999999999966
 21
-70.7999999999999972
 31
0
  0
LINE
  5
50F
330
22
100
AcDbEntity
  8
F.Silkscreen
  6
CONTINUOUS
100
AcDbLine
 10
124.1599999999999966
 20
-70.7999999999999972
 30
0
 11
124.1554329999999879
 21
-70.8229609999999923
 31
0
  0
LINE
  5
510
330
22
100
AcDbEntity
  8
F.Silkscreen
  6
CONTINUOUS
100
AcDbLine
 10
124.1554329999999879
 20
-70.8229609999999923
 30
0
 11
124.1229609999999894
 21
-70.8554329999999908
 31
0
  0
LINE
  5
511
330
22
100
AcDbEntity
  8
F.Silkscreen
  6
CONTINUOUS
100
AcDbLine
 10
124.1229609999999894
 20
-70.8554329999999908
 30
0
 11
124.0770389999999992
 21
-70.8554329999999908
 31
0
  0
LINE
  5
512
330
22
100
AcDbEntity
  8
F.Silkscreen
  6
CONTINUOUS
100
AcDbLine
 10
124.0770389999999992
 20
-70.8554329999999908
 30
0
 11
124.0445670000000007
 21
-70.8229609999999923
 31
0
  0
LINE
  5
513
330
22
100
AcDbEntity
  8
F.Silkscreen
  6
CONTINUOUS
100
AcDbLine
 10
124.0445670000000007
 20
-70.8229609999999923
 30
0
 11
124.039999999999992
 21
-70.7999999999999972
 31
0
  0
LINE
  5
514
330
22
100
AcDbEntity
  8
F.Silkscreen
  6
CONTINUOUS
100
AcDbLine
 10
124.039999999999992
 20
-70.7999999999999972
 30
0
 11
124.039999999999992
 21
-68.2000000000000028
 31
0
  0
LINE
  5
515
330
22
100
AcDbEntity
  8
F.Silkscreen
  6
CONTINUOUS
100
AcDbLine
 10
124.039999999999992
 20
-68.2000000000000028
 30
0
 11
124.0445670000000007
 21
-68.1770389999999935
 31
0
  0
LINE
  5
516
330
22
100
AcDbEntity
  8
F.Silkscreen
  6
CONTINUOUS
100
AcDbLine
 10
124.0445670000000007
 20
-68.1770389999999935
 30
0
 11
124.0770389999999992
 21
-68.144566999999995
 31
0
  0
LINE
  5
517
330
22
100
AcDbEntity
  8
F.Silkscreen
  6
CONTINUOUS
100
AcDbLine
 10
124.0770389999999992
 20
-68.144566999999995
 30
0
 11
124.1229609999999894
 21
-68.144566999999995
 31
0
  0
LINE
  5
518
330
22
100
AcDbEntity
  8
F.Silkscreen
  6
CONTINUOUS
100
AcDbLine
 10
124.1229609999999894
 20
-68.144566999999995
 30
0
 11
124.1554329999999879
 21
-68.1770389999999935
 31
0
  0
LINE
  5
519
330
22
100
AcDbEntity
  8
F.Silkscreen
  6
CONTINUOUS
100
AcDbLine
 10
124.1229609999999894
 20
-63.5445669999999936
 30
0
 11
124.1554329999999879
 21
-63.5770389999999992
 31
0
  0
LINE
  5
51A
330
22
100
AcDbEntity
  8
F.Silkscreen
  6
CONTINUOUS
100
AcDbLine
 10
124.1554329999999879
 20
-63.5770389999999992
 30
0
 11
124.1599999999999966
 21
-63.5999999999999943
 31
0
  0
LINE
  5
51B
330
22
100
AcDbEntity
  8
F.Silkscreen
  6
CONTINUOUS
100
AcDbLine
 10
124.1599999999999966
 20
-63.5999999999999943
 30
0
 11
124.1599999999999966
 21
-66.
 31
0
  0
LINE
  5
51C
330
22
100
AcDbEntity
  8
F.Silkscreen
  6
CONTINUOUS
100
AcDbLine
 10
124.1599999999999966
 20
-66.
 30
0
 11
124.1554329999999879
 21
-66.0229609999999951
 31
0
  0
LINE
  5
51D
330
22
100
AcDbEntity
  8
F.Silkscreen
  6
CONTINUOUS
100
AcDbLine
 10
124.1554329999999879
 20
-66.0229609999999951
 30
0
 11
124.1229609999999894
 21
-66.0554329999999936
 31
0
  0
LINE
  5
51E
330
22
100
AcDbEntity
  8
F.Silkscreen
  6
CONTINUOUS
100
AcDbLine
 10
124.1229609999999894
 20
-66.0554329999999936
 30
0
 11
124.0770389999999992
 21
-66.0554329999999936
 31
0
  0
LINE
  5
51F
330
22
100
AcDbEntity
  8
F.Silkscreen
  6
CONTINUOUS
100
AcDbLine
 10
124.0770389999999992
 20
-66.0554329999999936
 30
0
 11
124.0445670000000007
 21
-66.0229609999999951
 31
0
  0
LINE
  5
520
330
22
100
AcDbEntity
  8
F.Silkscreen
  6
CONTINUOUS
100
AcDbLine
 10
124.0445670000000007
 20
-66.0229609999999951
 30
0
 11
124.039999999999992
 21
-66.
 31
0
  0
LINE
  5
521
330
22
100
AcDbEntity
  8
F.Silkscreen
  6
CONTINUOUS
100
AcDbLine
 10
124.039999999999992
 20
-66.
 30
0
 11
124.039999999999992
 21
-63.6599999999999966
 31
0
  0
LINE
  5
522
330
22
100
AcDbEntity
  8
F.Silkscreen
  6
CONTINUOUS
100
AcDbLine
 10
124.039999999999992
 20
-63.6599999999999966
 30
0
 11
120.
 21
-63.6599999999999966
 31
0
  0
LINE
  5
523
330
22
100
AcDbEntity
  8
F.Silkscreen
  6
CONTINUOUS
100
AcDbLine
 10
120.
 20
-63.6599999999999966
 30
0
 11
119.9770389999999907
 21
-63.655432999999995
 31
0
  0
LINE
  5
524
330
22
100
AcDbEntity
  8
F.Silkscreen
  6
CONTINUOUS
100
AcDbLine
 10
119.9770389999999907
 20
-63.655432999999995
 30
0
 11
119.9445669999999922
 21
-63.6229609999999965
 31
0
  0
LINE
  5
525
330
22
100
AcDbEntity
  8
F.Silkscreen
  6
CONTINUOUS
100
AcDbLine
 10
119.9445669999999922
 20
-63.6229609999999965
 30
0
 11
119.9445669999999922
 21
-63.5770389999999992
 31
0
  0
LINE
  5
526
330
22
100
AcDbEntity
  8
F.Silkscreen
  6
CONTINUOUS
100
AcDbLine
 10
119.9445669999999922
 20
-63.5770389999999992
 30
0
 11
119.9770389999999907
 21
-63.5445669999999936
 31
0
  0
LINE
  5
527
330
22
100
AcDbEntity
  8
F.Silkscreen
  6
CONTINUOUS
100
AcDbLine
 10
119.9770389999999907
 20
-63.5445669999999936
 30
0
 11
120.
 21
-63.5399999999999991
 31
0
  0
LINE
  5
528
330
22
100
AcDbEntity
  8
F.Silkscreen
  6
CONTINUOUS
100
AcDbLine
 10
120.
 20
-63.5399999999999991
 30
0
 11
124.0999999999999943
 21
-63.5399999999999991
 31
0
  0
LINE
  5
529
330
22
100
AcDbEntity
  8
F.Silkscreen
  6
CONTINUOUS
100
AcDbLine
 10
124.0999999999999943
 20
-63.5399999999999991
 30
0
 11
124.1229609999999894
 21
-63.5445669999999936
 31
0
  0
LINE
  5
52A
330
22
100
AcDbEntity
  8
F.Silkscreen
  6
CONTINUOUS
100
AcDbLine
 10
110.8229609999999923
 20
-65.3445669999999978
 30
0
 11
110.8554329999999908
 21
-65.3770389999999963
 31
0
  0
LINE
  5
52B
330
22
100
AcDbEntity
  8
F.Silkscreen
  6
CONTINUOUS
100
AcDbLine
 10
110.8554329999999908
 20
-65.3770389999999963
 30
0
 11
110.8554329999999908
 21
-65.4229610000000008
 31
0
  0
LINE
  5
52C
330
22
100
AcDbEntity
  8
F.Silkscreen
  6
CONTINUOUS
100
AcDbLine
 10
110.8554329999999908
 20
-65.4229610000000008
 30
0
 11
110.842425999999989
 21
-65.4424259999999975
 31
0
  0
LINE
  5
52D
330
22
100
AcDbEntity
  8
F.Silkscreen
  6
CONTINUOUS
100
AcDbLine
 10
110.842425999999989
 20
-65.4424259999999975
 30
0
 11
110.5424259999999919
 21
-65.7424259999999947
 31
0
  0
LINE
  5
52E
330
22
100
AcDbEntity
  8
F.Silkscreen
  6
CONTINUOUS
100
AcDbLine
 10
110.5424259999999919
 20
-65.7424259999999947
 30
0
 11
110.5229609999999951
 21
-65.7554329999999965
 31
0
  0
LINE
  5
52F
330
22
100
AcDbEntity
  8
F.Silkscreen
  6
CONTINUOUS
100
AcDbLine
 10
110.5229609999999951
 20
-65.7554329999999965
 30
0
 11
110.4770389999999907
 21
-65.7554329999999965
 31
0
  0
LINE
  5
530
330
22
100
AcDbEntity
  8
F.Silkscreen
  6
CONTINUOUS
100
AcDbLine
 10
110.4770389999999907
 20
-65.7554329999999965
 30
0
 11
110.4575739999999939
 21
-65.7424259999999947
 31
0
  0
LINE
  5
531
330
22
100
AcDbEntity
  8
F.Silkscreen
  6
CONTINUOUS
100
AcDbLine
 10
110.4575739999999939
 20
-65.7424259999999947
 30
0
 11
110.1575739999999968
 21
-65.4424259999999975
 31
0
  0
LINE
  5
532
330
22
100
AcDbEntity
  8
F.Silkscreen
  6
CONTINUOUS
100
AcDbLine
 10
110.1575739999999968
 20
-65.4424259999999975
 30
0
 11
110.144566999999995
 21
-65.4229610000000008
 31
0
  0
LINE
  5
533
330
22
100
AcDbEntity
  8
F.Silkscreen
  6
CONTINUOUS
100
AcDbLine
 10
110.144566999999995
 20
-65.4229610000000008
 30
0
 11
110.144566999999995
 21
-65.3770389999999963
 31
0
  0
LINE
  5
534
330
22
100
AcDbEntity
  8
F.Silkscreen
  6
CONTINUOUS
100
AcDbLine
 10
110.144566999999995
 20
-65.3770389999999963
 30
0
 11
110.1770389999999935
 21
-65.3445669999999978
 31
0
  0
LINE
  5
535
330
22
100
AcDbEntity
  8
F.Silkscreen
  6
CONTINUOUS
100
AcDbLine
 10
110.1770389999999935
 20
-65.3445669999999978
 30
0
 11
110.1999999999999886
 21
-65.3400000000000034
 31
0
  0
LINE
  5
536
330
22
100
AcDbEntity
  8
F.Silkscreen
  6
CONTINUOUS
100
AcDbLine
 10
110.1999999999999886
 20
-65.3400000000000034
 30
0
 11
110.7999999999999972
 21
-65.3400000000000034
 31
0
  0
LINE
  5
537
330
22
100
AcDbEntity
  8
F.Silkscreen
  6
CONTINUOUS
100
AcDbLine
 10
110.7999999999999972
 20
-65.3400000000000034
 30
0
 11
110.8229609999999923
 21
-65.3445669999999978
 31
0
  0
LINE
  5
538
330
22
100
AcDbEntity
  8
F.Silkscreen
  6
CONTINUOUS
100
AcDbLine
 10
110.3448519999999888
 20
-65.4599999999999937
 30
0
 11
110.5
 21
-65.6151479999999907
 31
0
  0
LINE
  5
539
330
22
100
AcDbEntity
  8
F.Silkscreen
  6
CONTINUOUS
100
AcDbLine
 10
110.5
 20
-65.6151479999999907
 30
0
 11
110.655147999999997
 21
-65.4599999999999937
 31
0
  0
LINE
  5
53A
330
22
100
AcDbEntity
  8
F.Silkscreen
  6
CONTINUOUS
100
AcDbLine
 10
110.655147999999997
 20
-65.4599999999999937
 30
0
 11
110.3448519999999888
 21
-65.4599999999999937
 31
0
  0
LINE
  5
53B
330
22
100
AcDbEntity
  8
F.Silkscreen
  6
CONTINUOUS
100
AcDbLine
 10
97.5626429999999942
 20
-62.6865479999999948
 30
0
 11
97.5646179999999958
 21
-62.6864080000000001
 31
0
  0
LINE
  5
53C
330
22
100
AcDbEntity
  8
F.Silkscreen
  6
CONTINUOUS
100
AcDbLine
 10
97.5646179999999958
 20
-62.6864080000000001
 30
0
 11
97.5672149999999903
 21
-62.6869979999999956
 31
0
  0
LINE
  5
53D
330
22
100
AcDbEntity
  8
F.Silkscreen
  6
CONTINUOUS
100
AcDbLine
 10
97.5672149999999903
 20
-62.6869979999999956
 30
0
 11
97.5698699999999945
 21
-62.6872599999999949
 31
0
  0
LINE
  5
53E
330
22
100
AcDbEntity
  8
F.Silkscreen
  6
CONTINUOUS
100
AcDbLine
 10
97.5698699999999945
 20
-62.6872599999999949
 30
0
 11
97.5717009999999902
 21
-62.6880179999999996
 31
0
  0
LINE
  5
53F
330
22
100
AcDbEntity
  8
F.Silkscreen
  6
CONTINUOUS
100
AcDbLine
 10
97.5717009999999902
 20
-62.6880179999999996
 30
0
 11
97.5789549999999934
 21
-62.6896679999999975
 31
0
  0
LINE
  5
540
330
22
100
AcDbEntity
  8
F.Silkscreen
  6
CONTINUOUS
100
AcDbLine
 10
97.5789549999999934
 20
-62.6896679999999975
 30
0
 11
97.7218119999999999
 21
-62.7372869999999949
 31
0
  0
LINE
  5
541
330
22
100
AcDbEntity
  8
F.Silkscreen
  6
CONTINUOUS
100
AcDbLine
 10
97.7218119999999999
 20
-62.7372869999999949
 30
0
 11
97.7352369999999979
 21
-62.7432809999999961
 31
0
  0
LINE
  5
542
330
22
100
AcDbEntity
  8
F.Silkscreen
  6
CONTINUOUS
100
AcDbLine
 10
97.7352369999999979
 20
-62.7432809999999961
 30
0
 11
97.7573439999999891
 21
-62.7624549999999957
 31
0
  0
LINE
  5
543
330
22
100
AcDbEntity
  8
F.Silkscreen
  6
CONTINUOUS
100
AcDbLine
 10
97.7573439999999891
 20
-62.7624549999999957
 30
0
 11
97.7704310000000021
 21
-62.7886279999999957
 31
0
  0
LINE
  5
544
330
22
100
AcDbEntity
  8
F.Silkscreen
  6
CONTINUOUS
100
AcDbLine
 10
97.7704310000000021
 20
-62.7886279999999957
 30
0
 11
97.7725059999999928
 21
-62.8178179999999955
 31
0
  0
LINE
  5
545
330
22
100
AcDbEntity
  8
F.Silkscreen
  6
CONTINUOUS
100
AcDbLine
 10
97.7725059999999928
 20
-62.8178179999999955
 30
0
 11
97.7632519999999943
 21
-62.8455799999999982
 31
0
  0
LINE
  5
546
330
22
100
AcDbEntity
  8
F.Silkscreen
  6
CONTINUOUS
100
AcDbLine
 10
97.7632519999999943
 20
-62.8455799999999982
 30
0
 11
97.7440780000000018
 21
-62.867687999999994
 31
0
  0
LINE
  5
547
330
22
100
AcDbEntity
  8
F.Silkscreen
  6
CONTINUOUS
100
AcDbLine
 10
97.7440780000000018
 20
-62.867687999999994
 30
0
 11
97.7179039999999901
 21
-62.8807739999999953
 31
0
  0
LINE
  5
548
330
22
100
AcDbEntity
  8
F.Silkscreen
  6
CONTINUOUS
100
AcDbLine
 10
97.7179039999999901
 20
-62.8807739999999953
 30
0
 11
97.6887139999999903
 21
-62.8828490000000002
 31
0
  0
LINE
  5
549
330
22
100
AcDbEntity
  8
F.Silkscreen
  6
CONTINUOUS
100
AcDbLine
 10
97.6887139999999903
 20
-62.8828490000000002
 30
0
 11
97.6743769999999927
 21
-62.8795889999999957
 31
0
  0
LINE
  5
54A
330
22
100
AcDbEntity
  8
F.Silkscreen
  6
CONTINUOUS
100
AcDbLine
 10
97.6743769999999927
 20
-62.8795889999999957
 30
0
 11
97.543067999999991
 21
-62.8358189999999937
 31
0
  0
LINE
  5
54B
330
22
100
AcDbEntity
  8
F.Silkscreen
  6
CONTINUOUS
100
AcDbLine
 10
97.543067999999991
 20
-62.8358189999999937
 30
0
 11
97.3348479999999938
 21
-62.8358189999999937
 31
0
  0
LINE
  5
54C
330
22
100
AcDbEntity
  8
F.Silkscreen
  6
CONTINUOUS
100
AcDbLine
 10
97.3348479999999938
 20
-62.8358189999999937
 30
0
 11
97.2663319999999914
 21
-62.8700769999999949
 31
0
  0
LINE
  5
54D
330
22
100
AcDbEntity
  8
F.Silkscreen
  6
CONTINUOUS
100
AcDbLine
 10
97.2663319999999914
 20
-62.8700769999999949
 30
0
 11
97.2359249999999946
 21
-62.9004839999999987
 31
0
  0
LINE
  5
54E
330
22
100
AcDbEntity
  8
F.Silkscreen
  6
CONTINUOUS
100
AcDbLine
 10
97.2359249999999946
 20
-62.9004839999999987
 30
0
 11
97.2016670000000005
 21
-62.9689999999999941
 31
0
  0
LINE
  5
54F
330
22
100
AcDbEntity
  8
F.Silkscreen
  6
CONTINUOUS
100
AcDbLine
 10
97.2016670000000005
 20
-62.9689999999999941
 30
0
 11
97.2016670000000005
 21
-63.0288279999999972
 31
0
  0
LINE
  5
550
330
22
100
AcDbEntity
  8
F.Silkscreen
  6
CONTINUOUS
100
AcDbLine
 10
97.2016670000000005
 20
-63.0288279999999972
 30
0
 11
97.2359249999999946
 21
-63.0973439999999997
 31
0
  0
LINE
  5
551
330
22
100
AcDbEntity
  8
F.Silkscreen
  6
CONTINUOUS
100
AcDbLine
 10
97.2359249999999946
 20
-63.0973439999999997
 30
0
 11
97.2663319999999914
 21
-63.1277509999999964
 31
0
  0
LINE
  5
552
330
22
100
AcDbEntity
  8
F.Silkscreen
  6
CONTINUOUS
100
AcDbLine
 10
97.2663319999999914
 20
-63.1277509999999964
 30
0
 11
97.3433189999999939
 21
-63.1662439999999989
 31
0
  0
LINE
  5
553
330
22
100
AcDbEntity
  8
F.Silkscreen
  6
CONTINUOUS
100
AcDbLine
 10
97.3433189999999939
 20
-63.1662439999999989
 30
0
 11
97.5258089999999953
 21
-63.211866999999998
 31
0
  0
LINE
  5
554
330
22
100
AcDbEntity
  8
F.Silkscreen
  6
CONTINUOUS
100
AcDbLine
 10
97.5258089999999953
 20
-63.211866999999998
 30
0
 11
97.5268879999999996
 21
-63.2122519999999994
 31
0
  0
LINE
  5
555
330
22
100
AcDbEntity
  8
F.Silkscreen
  6
CONTINUOUS
100
AcDbLine
 10
97.5268879999999996
 20
-63.2122519999999994
 30
0
 11
97.5274280000000005
 21
-63.2122910000000005
 31
0
  0
LINE
  5
556
330
22
100
AcDbEntity
  8
F.Silkscreen
  6
CONTINUOUS
100
AcDbLine
 10
97.5274280000000005
 20
-63.2122910000000005
 30
0
 11
97.5335089999999951
 21
-63.2146179999999944
 31
0
  0
LINE
  5
557
330
22
100
AcDbEntity
  8
F.Silkscreen
  6
CONTINUOUS
100
AcDbLine
 10
97.5335089999999951
 20
-63.2146179999999944
 30
0
 11
97.5396549999999962
 21
-63.2168139999999994
 31
0
  0
LINE
  5
558
330
22
100
AcDbEntity
  8
F.Silkscreen
  6
CONTINUOUS
100
AcDbLine
 10
97.5396549999999962
 20
-63.2168139999999994
 30
0
 11
97.5400899999999922
 21
-63.2171359999999964
 31
0
  0
LINE
  5
559
330
22
100
AcDbEntity
  8
F.Silkscreen
  6
CONTINUOUS
100
AcDbLine
 10
97.5400899999999922
 20
-63.2171359999999964
 30
0
 11
97.5411599999999908
 21
-63.2175459999999987
 31
0
  0
LINE
  5
55A
330
22
100
AcDbEntity
  8
F.Silkscreen
  6
CONTINUOUS
100
AcDbLine
 10
97.5411599999999908
 20
-63.2175459999999987
 30
0
 11
97.6363979999999998
 21
-63.2651649999999961
 31
0
  0
LINE
  5
55B
330
22
100
AcDbEntity
  8
F.Silkscreen
  6
CONTINUOUS
100
AcDbLine
 10
97.6363979999999998
 20
-63.2651649999999961
 30
0
 11
97.6426969999999983
 21
-63.2691289999999995
 31
0
  0
LINE
  5
55C
330
22
100
AcDbEntity
  8
F.Silkscreen
  6
CONTINUOUS
100
AcDbLine
 10
97.6426969999999983
 20
-63.2691289999999995
 30
0
 11
97.6445250000000016
 21
-63.2698869999999971
 31
0
  0
LINE
  5
55D
330
22
100
AcDbEntity
  8
F.Silkscreen
  6
CONTINUOUS
100
AcDbLine
 10
97.6445250000000016
 20
-63.2698869999999971
 30
0
 11
97.6465809999999976
 21
-63.2715749999999986
 31
0
  0
LINE
  5
55E
330
22
100
AcDbEntity
  8
F.Silkscreen
  6
CONTINUOUS
100
AcDbLine
 10
97.6465809999999976
 20
-63.2715749999999986
 30
0
 11
97.6488409999999902
 21
-63.2729969999999966
 31
0
  0
LINE
  5
55F
330
22
100
AcDbEntity
  8
F.Silkscreen
  6
CONTINUOUS
100
AcDbLine
 10
97.6488409999999902
 20
-63.2729969999999966
 30
0
 11
97.6501399999999933
 21
-63.2744949999999946
 31
0
  0
LINE
  5
560
330
22
100
AcDbEntity
  8
F.Silkscreen
  6
CONTINUOUS
100
AcDbLine
 10
97.6501399999999933
 20
-63.2744949999999946
 30
0
 11
97.6558899999999994
 21
-63.2792139999999961
 31
0
  0
LINE
  5
561
330
22
100
AcDbEntity
  8
F.Silkscreen
  6
CONTINUOUS
100
AcDbLine
 10
97.6558899999999994
 20
-63.2792139999999961
 30
0
 11
97.7035089999999968
 21
-63.3268330000000006
 31
0
  0
LINE
  5
562
330
22
100
AcDbEntity
  8
F.Silkscreen
  6
CONTINUOUS
100
AcDbLine
 10
97.7035089999999968
 20
-63.3268330000000006
 30
0
 11
97.7082269999999937
 21
-63.332581999999995
 31
0
  0
LINE
  5
563
330
22
100
AcDbEntity
  8
F.Silkscreen
  6
CONTINUOUS
100
AcDbLine
 10
97.7082269999999937
 20
-63.332581999999995
 30
0
 11
97.7097259999999892
 21
-63.3338819999999956
 31
0
  0
LINE
  5
564
330
22
100
AcDbEntity
  8
F.Silkscreen
  6
CONTINUOUS
100
AcDbLine
 10
97.7097259999999892
 20
-63.3338819999999956
 30
0
 11
97.7111469999999969
 21
-63.3361409999999978
 31
0
  0
LINE
  5
565
330
22
100
AcDbEntity
  8
F.Silkscreen
  6
CONTINUOUS
100
AcDbLine
 10
97.7111469999999969
 20
-63.3361409999999978
 30
0
 11
97.7128359999999958
 21
-63.3381979999999984
 31
0
  0
LINE
  5
566
330
22
100
AcDbEntity
  8
F.Silkscreen
  6
CONTINUOUS
100
AcDbLine
 10
97.7128359999999958
 20
-63.3381979999999984
 30
0
 11
97.7135929999999888
 21
-63.3400249999999971
 31
0
  0
LINE
  5
567
330
22
100
AcDbEntity
  8
F.Silkscreen
  6
CONTINUOUS
100
AcDbLine
 10
97.7135929999999888
 20
-63.3400249999999971
 30
0
 11
97.7175579999999968
 21
-63.3463250000000002
 31
0
  0
LINE
  5
568
330
22
100
AcDbEntity
  8
F.Silkscreen
  6
CONTINUOUS
100
AcDbLine
 10
97.7175579999999968
 20
-63.3463250000000002
 30
0
 11
97.7651769999999942
 21
-63.441562999999995
 31
0
  0
LINE
  5
569
330
22
100
AcDbEntity
  8
F.Silkscreen
  6
CONTINUOUS
100
AcDbLine
 10
97.7651769999999942
 20
-63.441562999999995
 30
0
 11
97.7704319999999996
 21
-63.455293999999995
 31
0
  0
LINE
  5
56A
330
22
100
AcDbEntity
  8
F.Silkscreen
  6
CONTINUOUS
100
AcDbLine
 10
97.7704319999999996
 20
-63.455293999999995
 30
0
 11
97.7706230000000005
 21
-63.4579829999999987
 31
0
  0
LINE
  5
56B
330
22
100
AcDbEntity
  8
F.Silkscreen
  6
CONTINUOUS
100
AcDbLine
 10
97.7706230000000005
 20
-63.4579829999999987
 30
0
 11
97.7716539999999981
 21
-63.4604719999999958
 31
0
  0
LINE
  5
56C
330
22
100
AcDbEntity
  8
F.Silkscreen
  6
CONTINUOUS
100
AcDbLine
 10
97.7716539999999981
 20
-63.4604719999999958
 30
0
 11
97.7730949999999979
 21
-63.4751039999999946
 31
0
  0
LINE
  5
56D
330
22
100
AcDbEntity
  8
F.Silkscreen
  6
CONTINUOUS
100
AcDbLine
 10
97.7730949999999979
 20
-63.4751039999999946
 30
0
 11
97.7730949999999979
 21
-63.5703419999999966
 31
0
  0
LINE
  5
56E
330
22
100
AcDbEntity
  8
F.Silkscreen
  6
CONTINUOUS
100
AcDbLine
 10
97.7730949999999979
 20
-63.5703419999999966
 30
0
 11
97.7716539999999981
 21
-63.5849739999999954
 31
0
  0
LINE
  5
56F
330
22
100
AcDbEntity
  8
F.Silkscreen
  6
CONTINUOUS
100
AcDbLine
 10
97.7716539999999981
 20
-63.5849739999999954
 30
0
 11
97.7706230000000005
 21
-63.587461999999995
 31
0
  0
LINE
  5
570
330
22
100
AcDbEntity
  8
F.Silkscreen
  6
CONTINUOUS
100
AcDbLine
 10
97.7706230000000005
 20
-63.587461999999995
 30
0
 11
97.7704319999999996
 21
-63.5901519999999962
 31
0
  0
LINE
  5
571
330
22
100
AcDbEntity
  8
F.Silkscreen
  6
CONTINUOUS
100
AcDbLine
 10
97.7704319999999996
 20
-63.5901519999999962
 30
0
 11
97.7651769999999942
 21
-63.6038829999999962
 31
0
  0
LINE
  5
572
330
22
100
AcDbEntity
  8
F.Silkscreen
  6
CONTINUOUS
100
AcDbLine
 10
97.7651769999999942
 20
-63.6038829999999962
 30
0
 11
97.7175579999999968
 21
-63.6991209999999981
 31
0
  0
LINE
  5
573
330
22
100
AcDbEntity
  8
F.Silkscreen
  6
CONTINUOUS
100
AcDbLine
 10
97.7175579999999968
 20
-63.6991209999999981
 30
0
 11
97.7135940000000005
 21
-63.7054169999999971
 31
0
  0
LINE
  5
574
330
22
100
AcDbEntity
  8
F.Silkscreen
  6
CONTINUOUS
100
AcDbLine
 10
97.7135940000000005
 20
-63.7054169999999971
 30
0
 11
97.7128369999999933
 21
-63.7072469999999953
 31
0
  0
LINE
  5
575
330
22
100
AcDbEntity
  8
F.Silkscreen
  6
CONTINUOUS
100
AcDbLine
 10
97.7128369999999933
 20
-63.7072469999999953
 30
0
 11
97.7111469999999969
 21
-63.7093050000000005
 31
0
  0
LINE
  5
576
330
22
100
AcDbEntity
  8
F.Silkscreen
  6
CONTINUOUS
100
AcDbLine
 10
97.7111469999999969
 20
-63.7093050000000005
 30
0
 11
97.7097259999999892
 21
-63.7115639999999956
 31
0
  0
LINE
  5
577
330
22
100
AcDbEntity
  8
F.Silkscreen
  6
CONTINUOUS
100
AcDbLine
 10
97.7097259999999892
 20
-63.7115639999999956
 30
0
 11
97.7082269999999937
 21
-63.7128629999999987
 31
0
  0
LINE
  5
578
330
22
100
AcDbEntity
  8
F.Silkscreen
  6
CONTINUOUS
100
AcDbLine
 10
97.7082269999999937
 20
-63.7128629999999987
 30
0
 11
97.7035089999999968
 21
-63.7186129999999977
 31
0
  0
LINE
  5
579
330
22
100
AcDbEntity
  8
F.Silkscreen
  6
CONTINUOUS
100
AcDbLine
 10
97.7035089999999968
 20
-63.7186129999999977
 30
0
 11
97.6558909999999969
 21
-63.7662319999999951
 31
0
  0
LINE
  5
57A
330
22
100
AcDbEntity
  8
F.Silkscreen
  6
CONTINUOUS
100
AcDbLine
 10
97.6558909999999969
 20
-63.7662319999999951
 30
0
 11
97.6501409999999908
 21
-63.7709499999999991
 31
0
  0
LINE
  5
57B
330
22
100
AcDbEntity
  8
F.Silkscreen
  6
CONTINUOUS
100
AcDbLine
 10
97.6501409999999908
 20
-63.7709499999999991
 30
0
 11
97.6488409999999902
 21
-63.7724499999999992
 31
0
  0
LINE
  5
57C
330
22
100
AcDbEntity
  8
F.Silkscreen
  6
CONTINUOUS
100
AcDbLine
 10
97.6488409999999902
 20
-63.7724499999999992
 30
0
 11
97.6465809999999976
 21
-63.7738719999999972
 31
0
  0
LINE
  5
57D
330
22
100
AcDbEntity
  8
F.Silkscreen
  6
CONTINUOUS
100
AcDbLine
 10
97.6465809999999976
 20
-63.7738719999999972
 30
0
 11
97.6445250000000016
 21
-63.7755599999999987
 31
0
  0
LINE
  5
57E
330
22
100
AcDbEntity
  8
F.Silkscreen
  6
CONTINUOUS
100
AcDbLine
 10
97.6445250000000016
 20
-63.7755599999999987
 30
0
 11
97.6426969999999983
 21
-63.7763169999999988
 31
0
  0
LINE
  5
57F
330
22
100
AcDbEntity
  8
F.Silkscreen
  6
CONTINUOUS
100
AcDbLine
 10
97.6426969999999983
 20
-63.7763169999999988
 30
0
 11
97.6363979999999998
 21
-63.7802819999999997
 31
0
  0
LINE
  5
580
330
22
100
AcDbEntity
  8
F.Silkscreen
  6
CONTINUOUS
100
AcDbLine
 10
97.6363979999999998
 20
-63.7802819999999997
 30
0
 11
97.5411599999999908
 21
-63.8279009999999971
 31
0
  0
LINE
  5
581
330
22
100
AcDbEntity
  8
F.Silkscreen
  6
CONTINUOUS
100
AcDbLine
 10
97.5411599999999908
 20
-63.8279009999999971
 30
0
 11
97.5274280000000005
 21
-63.8331559999999953
 31
0
  0
LINE
  5
582
330
22
100
AcDbEntity
  8
F.Silkscreen
  6
CONTINUOUS
100
AcDbLine
 10
97.5274280000000005
 20
-63.8331559999999953
 30
0
 11
97.5247399999999942
 21
-63.8333459999999988
 31
0
  0
LINE
  5
583
330
22
100
AcDbEntity
  8
F.Silkscreen
  6
CONTINUOUS
100
AcDbLine
 10
97.5247399999999942
 20
-63.8333459999999988
 30
0
 11
97.5222509999999971
 21
-63.8343779999999938
 31
0
  0
LINE
  5
584
330
22
100
AcDbEntity
  8
F.Silkscreen
  6
CONTINUOUS
100
AcDbLine
 10
97.5222509999999971
 20
-63.8343779999999938
 30
0
 11
97.5076189999999912
 21
-63.8358189999999937
 31
0
  0
LINE
  5
585
330
22
100
AcDbEntity
  8
F.Silkscreen
  6
CONTINUOUS
100
AcDbLine
 10
97.5076189999999912
 20
-63.8358189999999937
 30
0
 11
97.2695239999999899
 21
-63.8358189999999937
 31
0
  0
LINE
  5
586
330
22
100
AcDbEntity
  8
F.Silkscreen
  6
CONTINUOUS
100
AcDbLine
 10
97.2695239999999899
 20
-63.8358189999999937
 30
0
 11
97.2621169999999893
 21
-63.8350889999999964
 31
0
  0
LINE
  5
587
330
22
100
AcDbEntity
  8
F.Silkscreen
  6
CONTINUOUS
100
AcDbLine
 10
97.2621169999999893
 20
-63.8350889999999964
 30
0
 11
97.2601429999999993
 21
-63.8352299999999957
 31
0
  0
LINE
  5
588
330
22
100
AcDbEntity
  8
F.Silkscreen
  6
CONTINUOUS
100
AcDbLine
 10
97.2601429999999993
 20
-63.8352299999999957
 30
0
 11
97.2575449999999933
 21
-63.8346389999999957
 31
0
  0
LINE
  5
589
330
22
100
AcDbEntity
  8
F.Silkscreen
  6
CONTINUOUS
100
AcDbLine
 10
97.2575449999999933
 20
-63.8346389999999957
 30
0
 11
97.2548919999999981
 21
-63.8343779999999938
 31
0
  0
LINE
  5
58A
330
22
100
AcDbEntity
  8
F.Silkscreen
  6
CONTINUOUS
100
AcDbLine
 10
97.2548919999999981
 20
-63.8343779999999938
 30
0
 11
97.2530610000000024
 21
-63.8336189999999988
 31
0
  0
LINE
  5
58B
330
22
100
AcDbEntity
  8
F.Silkscreen
  6
CONTINUOUS
100
AcDbLine
 10
97.2530610000000024
 20
-63.8336189999999988
 30
0
 11
97.2458060000000017
 21
-63.8319699999999983
 31
0
  0
LINE
  5
58C
330
22
100
AcDbEntity
  8
F.Silkscreen
  6
CONTINUOUS
100
AcDbLine
 10
97.2458060000000017
 20
-63.8319699999999983
 30
0
 11
97.1029499999999928
 21
-63.7843509999999938
 31
0
  0
LINE
  5
58D
330
22
100
AcDbEntity
  8
F.Silkscreen
  6
CONTINUOUS
100
AcDbLine
 10
97.1029499999999928
 20
-63.7843509999999938
 30
0
 11
97.0895239999999973
 21
-63.7783569999999997
 31
0
  0
LINE
  5
58E
330
22
100
AcDbEntity
  8
F.Silkscreen
  6
CONTINUOUS
100
AcDbLine
 10
97.0895239999999973
 20
-63.7783569999999997
 30
0
 11
97.0674169999999918
 21
-63.7591830000000002
 31
0
  0
LINE
  5
58F
330
22
100
AcDbEntity
  8
F.Silkscreen
  6
CONTINUOUS
100
AcDbLine
 10
97.0674169999999918
 20
-63.7591830000000002
 30
0
 11
97.0543309999999906
 21
-63.7330100000000002
 31
0
  0
LINE
  5
590
330
22
100
AcDbEntity
  8
F.Silkscreen
  6
CONTINUOUS
100
AcDbLine
 10
97.0543309999999906
 20
-63.7330100000000002
 30
0
 11
97.0522559999999999
 21
-63.7038200000000003
 31
0
  0
LINE
  5
591
330
22
100
AcDbEntity
  8
F.Silkscreen
  6
CONTINUOUS
100
AcDbLine
 10
97.0522559999999999
 20
-63.7038200000000003
 30
0
 11
97.0615099999999984
 21
-63.6760570000000001
 31
0
  0
LINE
  5
592
330
22
100
AcDbEntity
  8
F.Silkscreen
  6
CONTINUOUS
100
AcDbLine
 10
97.0615099999999984
 20
-63.6760570000000001
 30
0
 11
97.0806839999999909
 21
-63.6539499999999947
 31
0
  0
LINE
  5
593
330
22
100
AcDbEntity
  8
F.Silkscreen
  6
CONTINUOUS
100
AcDbLine
 10
97.0806839999999909
 20
-63.6539499999999947
 30
0
 11
97.1068569999999909
 21
-63.6408640000000005
 31
0
  0
LINE
  5
594
330
22
100
AcDbEntity
  8
F.Silkscreen
  6
CONTINUOUS
100
AcDbLine
 10
97.1068569999999909
 20
-63.6408640000000005
 30
0
 11
97.1360469999999907
 21
-63.6387889999999956
 31
0
  0
LINE
  5
595
330
22
100
AcDbEntity
  8
F.Silkscreen
  6
CONTINUOUS
100
AcDbLine
 10
97.1360469999999907
 20
-63.6387889999999956
 30
0
 11
97.1503840000000025
 21
-63.6420490000000001
 31
0
  0
LINE
  5
596
330
22
100
AcDbEntity
  8
F.Silkscreen
  6
CONTINUOUS
100
AcDbLine
 10
97.1503840000000025
 20
-63.6420490000000001
 30
0
 11
97.2816940000000017
 21
-63.6858189999999951
 31
0
  0
LINE
  5
597
330
22
100
AcDbEntity
  8
F.Silkscreen
  6
CONTINUOUS
100
AcDbLine
 10
97.2816940000000017
 20
-63.6858189999999951
 30
0
 11
97.4899139999999989
 21
-63.6858189999999951
 31
0
  0
LINE
  5
598
330
22
100
AcDbEntity
  8
F.Silkscreen
  6
CONTINUOUS
100
AcDbLine
 10
97.4899139999999989
 20
-63.6858189999999951
 30
0
 11
97.5584289999999896
 21
-63.6515609999999938
 31
0
  0
LINE
  5
599
330
22
100
AcDbEntity
  8
F.Silkscreen
  6
CONTINUOUS
100
AcDbLine
 10
97.5584289999999896
 20
-63.6515609999999938
 30
0
 11
97.5888360000000006
 21
-63.6211529999999996
 31
0
  0
LINE
  5
59A
330
22
100
AcDbEntity
  8
F.Silkscreen
  6
CONTINUOUS
100
AcDbLine
 10
97.5888360000000006
 20
-63.6211529999999996
 30
0
 11
97.6230949999999922
 21
-63.5526369999999972
 31
0
  0
LINE
  5
59B
330
22
100
AcDbEntity
  8
F.Silkscreen
  6
CONTINUOUS
100
AcDbLine
 10
97.6230949999999922
 20
-63.5526369999999972
 30
0
 11
97.6230949999999922
 21
-63.4928089999999941
 31
0
  0
LINE
  5
59C
330
22
100
AcDbEntity
  8
F.Silkscreen
  6
CONTINUOUS
100
AcDbLine
 10
97.6230949999999922
 20
-63.4928089999999941
 30
0
 11
97.5888369999999981
 21
-63.4242929999999987
 31
0
  0
LINE
  5
59D
330
22
100
AcDbEntity
  8
F.Silkscreen
  6
CONTINUOUS
100
AcDbLine
 10
97.5888369999999981
 20
-63.4242929999999987
 30
0
 11
97.5584300000000013
 21
-63.3938859999999949
 31
0
  0
LINE
  5
59E
330
22
100
AcDbEntity
  8
F.Silkscreen
  6
CONTINUOUS
100
AcDbLine
 10
97.5584300000000013
 20
-63.3938859999999949
 30
0
 11
97.4814429999999987
 21
-63.3553919999999948
 31
0
  0
LINE
  5
59F
330
22
100
AcDbEntity
  8
F.Silkscreen
  6
CONTINUOUS
100
AcDbLine
 10
97.4814429999999987
 20
-63.3553919999999948
 30
0
 11
97.2989529999999974
 21
-63.3097700000000003
 31
0
  0
LINE
  5
5A0
330
22
100
AcDbEntity
  8
F.Silkscreen
  6
CONTINUOUS
100
AcDbLine
 10
97.2989529999999974
 20
-63.3097700000000003
 30
0
 11
97.2978729999999956
 21
-63.3093839999999943
 31
0
  0
LINE
  5
5A1
330
22
100
AcDbEntity
  8
F.Silkscreen
  6
CONTINUOUS
100
AcDbLine
 10
97.2978729999999956
 20
-63.3093839999999943
 30
0
 11
97.2973329999999947
 21
-63.3093459999999979
 31
0
  0
LINE
  5
5A2
330
22
100
AcDbEntity
  8
F.Silkscreen
  6
CONTINUOUS
100
AcDbLine
 10
97.2973329999999947
 20
-63.3093459999999979
 30
0
 11
97.2912429999999944
 21
-63.3070149999999998
 31
0
  0
LINE
  5
5A3
330
22
100
AcDbEntity
  8
F.Silkscreen
  6
CONTINUOUS
100
AcDbLine
 10
97.2912429999999944
 20
-63.3070149999999998
 30
0
 11
97.2851069999999964
 21
-63.304822999999999
 31
0
  0
LINE
  5
5A4
330
22
100
AcDbEntity
  8
F.Silkscreen
  6
CONTINUOUS
100
AcDbLine
 10
97.2851069999999964
 20
-63.304822999999999
 30
0
 11
97.2846709999999888
 21
-63.3044999999999973
 31
0
  0
LINE
  5
5A5
330
22
100
AcDbEntity
  8
F.Silkscreen
  6
CONTINUOUS
100
AcDbLine
 10
97.2846709999999888
 20
-63.3044999999999973
 30
0
 11
97.2836020000000019
 21
-63.3040909999999997
 31
0
  0
LINE
  5
5A6
330
22
100
AcDbEntity
  8
F.Silkscreen
  6
CONTINUOUS
100
AcDbLine
 10
97.2836020000000019
 20
-63.3040909999999997
 30
0
 11
97.1883639999999929
 21
-63.2564719999999951
 31
0
  0
LINE
  5
5A7
330
22
100
AcDbEntity
  8
F.Silkscreen
  6
CONTINUOUS
100
AcDbLine
 10
97.1883639999999929
 20
-63.2564719999999951
 30
0
 11
97.1820639999999969
 21
-63.2525069999999943
 31
0
  0
LINE
  5
5A8
330
22
100
AcDbEntity
  8
F.Silkscreen
  6
CONTINUOUS
100
AcDbLine
 10
97.1820639999999969
 20
-63.2525069999999943
 30
0
 11
97.1802369999999911
 21
-63.2517499999999941
 31
0
  0
LINE
  5
5A9
330
22
100
AcDbEntity
  8
F.Silkscreen
  6
CONTINUOUS
100
AcDbLine
 10
97.1802369999999911
 20
-63.2517499999999941
 30
0
 11
97.1781799999999976
 21
-63.2500609999999952
 31
0
  0
LINE
  5
5AA
330
22
100
AcDbEntity
  8
F.Silkscreen
  6
CONTINUOUS
100
AcDbLine
 10
97.1781799999999976
 20
-63.2500609999999952
 30
0
 11
97.1759210000000024
 21
-63.2486399999999946
 31
0
  0
LINE
  5
5AB
330
22
100
AcDbEntity
  8
F.Silkscreen
  6
CONTINUOUS
100
AcDbLine
 10
97.1759210000000024
 20
-63.2486399999999946
 30
0
 11
97.1746210000000019
 21
-63.2471409999999992
 31
0
  0
LINE
  5
5AC
330
22
100
AcDbEntity
  8
F.Silkscreen
  6
CONTINUOUS
100
AcDbLine
 10
97.1746210000000019
 20
-63.2471409999999992
 30
0
 11
97.1688719999999932
 21
-63.2424229999999952
 31
0
  0
LINE
  5
5AD
330
22
100
AcDbEntity
  8
F.Silkscreen
  6
CONTINUOUS
100
AcDbLine
 10
97.1688719999999932
 20
-63.2424229999999952
 30
0
 11
97.1212529999999958
 21
-63.1948039999999978
 31
0
  0
LINE
  5
5AE
330
22
100
AcDbEntity
  8
F.Silkscreen
  6
CONTINUOUS
100
AcDbLine
 10
97.1212529999999958
 20
-63.1948039999999978
 30
0
 11
97.1165340000000015
 21
-63.1890539999999987
 31
0
  0
LINE
  5
5AF
330
22
100
AcDbEntity
  8
F.Silkscreen
  6
CONTINUOUS
100
AcDbLine
 10
97.1165340000000015
 20
-63.1890539999999987
 30
0
 11
97.1150359999999893
 21
-63.1877549999999957
 31
0
  0
LINE
  5
5B0
330
22
100
AcDbEntity
  8
F.Silkscreen
  6
CONTINUOUS
100
AcDbLine
 10
97.1150359999999893
 20
-63.1877549999999957
 30
0
 11
97.1136139999999983
 21
-63.185494999999996
 31
0
  0
LINE
  5
5B1
330
22
100
AcDbEntity
  8
F.Silkscreen
  6
CONTINUOUS
100
AcDbLine
 10
97.1136139999999983
 20
-63.185494999999996
 30
0
 11
97.1119259999999969
 21
-63.1834389999999999
 31
0
  0
LINE
  5
5B2
330
22
100
AcDbEntity
  8
F.Silkscreen
  6
CONTINUOUS
100
AcDbLine
 10
97.1119259999999969
 20
-63.1834389999999999
 30
0
 11
97.1111679999999922
 21
-63.1816109999999966
 31
0
  0
LINE
  5
5B3
330
22
100
AcDbEntity
  8
F.Silkscreen
  6
CONTINUOUS
100
AcDbLine
 10
97.1111679999999922
 20
-63.1816109999999966
 30
0
 11
97.1072039999999959
 21
-63.1753119999999981
 31
0
  0
LINE
  5
5B4
330
22
100
AcDbEntity
  8
F.Silkscreen
  6
CONTINUOUS
100
AcDbLine
 10
97.1072039999999959
 20
-63.1753119999999981
 30
0
 11
97.0595849999999984
 21
-63.0800739999999962
 31
0
  0
LINE
  5
5B5
330
22
100
AcDbEntity
  8
F.Silkscreen
  6
CONTINUOUS
100
AcDbLine
 10
97.0595849999999984
 20
-63.0800739999999962
 30
0
 11
97.0543299999999931
 21
-63.0663419999999988
 31
0
  0
LINE
  5
5B6
330
22
100
AcDbEntity
  8
F.Silkscreen
  6
CONTINUOUS
100
AcDbLine
 10
97.0543299999999931
 20
-63.0663419999999988
 30
0
 11
97.0541389999999922
 21
-63.0636539999999997
 31
0
  0
LINE
  5
5B7
330
22
100
AcDbEntity
  8
F.Silkscreen
  6
CONTINUOUS
100
AcDbLine
 10
97.0541389999999922
 20
-63.0636539999999997
 30
0
 11
97.0531079999999946
 21
-63.0611649999999955
 31
0
  0
LINE
  5
5B8
330
22
100
AcDbEntity
  8
F.Silkscreen
  6
CONTINUOUS
100
AcDbLine
 10
97.0531079999999946
 20
-63.0611649999999955
 30
0
 11
97.0516669999999948
 21
-63.0465329999999966
 31
0
  0
LINE
  5
5B9
330
22
100
AcDbEntity
  8
F.Silkscreen
  6
CONTINUOUS
100
AcDbLine
 10
97.0516669999999948
 20
-63.0465329999999966
 30
0
 11
97.0516669999999948
 21
-62.9512949999999947
 31
0
  0
LINE
  5
5BA
330
22
100
AcDbEntity
  8
F.Silkscreen
  6
CONTINUOUS
100
AcDbLine
 10
97.0516669999999948
 20
-62.9512949999999947
 30
0
 11
97.0531079999999946
 21
-62.9366629999999958
 31
0
  0
LINE
  5
5BB
330
22
100
AcDbEntity
  8
F.Silkscreen
  6
CONTINUOUS
100
AcDbLine
 10
97.0531079999999946
 20
-62.9366629999999958
 30
0
 11
97.0541389999999922
 21
-62.9341729999999941
 31
0
  0
LINE
  5
5BC
330
22
100
AcDbEntity
  8
F.Silkscreen
  6
CONTINUOUS
100
AcDbLine
 10
97.0541389999999922
 20
-62.9341729999999941
 30
0
 11
97.0543299999999931
 21
-62.9314859999999996
 31
0
  0
LINE
  5
5BD
330
22
100
AcDbEntity
  8
F.Silkscreen
  6
CONTINUOUS
100
AcDbLine
 10
97.0543299999999931
 20
-62.9314859999999996
 30
0
 11
97.0595849999999984
 21
-62.9177539999999951
 31
0
  0
LINE
  5
5BE
330
22
100
AcDbEntity
  8
F.Silkscreen
  6
CONTINUOUS
100
AcDbLine
 10
97.0595849999999984
 20
-62.9177539999999951
 30
0
 11
97.1072039999999959
 21
-62.8225160000000002
 31
0
  0
LINE
  5
5BF
330
22
100
AcDbEntity
  8
F.Silkscreen
  6
CONTINUOUS
100
AcDbLine
 10
97.1072039999999959
 20
-62.8225160000000002
 30
0
 11
97.1111679999999922
 21
-62.8162159999999972
 31
0
  0
LINE
  5
5C0
330
22
100
AcDbEntity
  8
F.Silkscreen
  6
CONTINUOUS
100
AcDbLine
 10
97.1111679999999922
 20
-62.8162159999999972
 30
0
 11
97.1119259999999969
 21
-62.8143889999999985
 31
0
  0
LINE
  5
5C1
330
22
100
AcDbEntity
  8
F.Silkscreen
  6
CONTINUOUS
100
AcDbLine
 10
97.1119259999999969
 20
-62.8143889999999985
 30
0
 11
97.1136139999999983
 21
-62.8123319999999978
 31
0
  0
LINE
  5
5C2
330
22
100
AcDbEntity
  8
F.Silkscreen
  6
CONTINUOUS
100
AcDbLine
 10
97.1136139999999983
 20
-62.8123319999999978
 30
0
 11
97.1150359999999893
 21
-62.8100729999999956
 31
0
  0
LINE
  5
5C3
330
22
100
AcDbEntity
  8
F.Silkscreen
  6
CONTINUOUS
100
AcDbLine
 10
97.1150359999999893
 20
-62.8100729999999956
 30
0
 11
97.1165340000000015
 21
-62.8087729999999951
 31
0
  0
LINE
  5
5C4
330
22
100
AcDbEntity
  8
F.Silkscreen
  6
CONTINUOUS
100
AcDbLine
 10
97.1165340000000015
 20
-62.8087729999999951
 30
0
 11
97.1212529999999958
 21
-62.8030240000000006
 31
0
  0
LINE
  5
5C5
330
22
100
AcDbEntity
  8
F.Silkscreen
  6
CONTINUOUS
100
AcDbLine
 10
97.1212529999999958
 20
-62.8030240000000006
 30
0
 11
97.1688719999999932
 21
-62.7554049999999961
 31
0
  0
LINE
  5
5C6
330
22
100
AcDbEntity
  8
F.Silkscreen
  6
CONTINUOUS
100
AcDbLine
 10
97.1688719999999932
 20
-62.7554049999999961
 30
0
 11
97.1746210000000019
 21
-62.7506859999999946
 31
0
  0
LINE
  5
5C7
330
22
100
AcDbEntity
  8
F.Silkscreen
  6
CONTINUOUS
100
AcDbLine
 10
97.1746210000000019
 20
-62.7506859999999946
 30
0
 11
97.1759210000000024
 21
-62.7491879999999966
 31
0
  0
LINE
  5
5C8
330
22
100
AcDbEntity
  8
F.Silkscreen
  6
CONTINUOUS
100
AcDbLine
 10
97.1759210000000024
 20
-62.7491879999999966
 30
0
 11
97.1781799999999976
 21
-62.7477659999999986
 31
0
  0
LINE
  5
5C9
330
22
100
AcDbEntity
  8
F.Silkscreen
  6
CONTINUOUS
100
AcDbLine
 10
97.1781799999999976
 20
-62.7477659999999986
 30
0
 11
97.1802369999999911
 21
-62.7460779999999971
 31
0
  0
LINE
  5
5CA
330
22
100
AcDbEntity
  8
F.Silkscreen
  6
CONTINUOUS
100
AcDbLine
 10
97.1802369999999911
 20
-62.7460779999999971
 30
0
 11
97.1820639999999969
 21
-62.7453199999999995
 31
0
  0
LINE
  5
5CB
330
22
100
AcDbEntity
  8
F.Silkscreen
  6
CONTINUOUS
100
AcDbLine
 10
97.1820639999999969
 20
-62.7453199999999995
 30
0
 11
97.1883639999999929
 21
-62.7413559999999961
 31
0
  0
LINE
  5
5CC
330
22
100
AcDbEntity
  8
F.Silkscreen
  6
CONTINUOUS
100
AcDbLine
 10
97.1883639999999929
 20
-62.7413559999999961
 30
0
 11
97.2836020000000019
 21
-62.6937369999999987
 31
0
  0
LINE
  5
5CD
330
22
100
AcDbEntity
  8
F.Silkscreen
  6
CONTINUOUS
100
AcDbLine
 10
97.2836020000000019
 20
-62.6937369999999987
 30
0
 11
97.2973329999999947
 21
-62.6884820000000005
 31
0
  0
LINE
  5
5CE
330
22
100
AcDbEntity
  8
F.Silkscreen
  6
CONTINUOUS
100
AcDbLine
 10
97.2973329999999947
 20
-62.6884820000000005
 30
0
 11
97.3000219999999985
 21
-62.688289999999995
 31
0
  0
LINE
  5
5CF
330
22
100
AcDbEntity
  8
F.Silkscreen
  6
CONTINUOUS
100
AcDbLine
 10
97.3000219999999985
 20
-62.688289999999995
 30
0
 11
97.3025109999999955
 21
-62.6872599999999949
 31
0
  0
LINE
  5
5D0
330
22
100
AcDbEntity
  8
F.Silkscreen
  6
CONTINUOUS
100
AcDbLine
 10
97.3025109999999955
 20
-62.6872599999999949
 30
0
 11
97.3171430000000015
 21
-62.6858189999999951
 31
0
  0
LINE
  5
5D1
330
22
100
AcDbEntity
  8
F.Silkscreen
  6
CONTINUOUS
100
AcDbLine
 10
97.3171430000000015
 20
-62.6858189999999951
 30
0
 11
97.5552379999999886
 21
-62.6858189999999951
 31
0
  0
LINE
  5
5D2
330
22
100
AcDbEntity
  8
F.Silkscreen
  6
CONTINUOUS
100
AcDbLine
 10
97.5552379999999886
 20
-62.6858189999999951
 30
0
 11
97.5626429999999942
 21
-62.6865479999999948
 31
0
  0
LINE
  5
5D3
330
22
100
AcDbEntity
  8
F.Silkscreen
  6
CONTINUOUS
100
AcDbLine
 10
99.8010709999999932
 20
-62.6865809999999968
 30
0
 11
99.8030389999999983
 21
-62.6864500000000007
 31
0
  0
LINE
  5
5D4
330
22
100
AcDbEntity
  8
F.Silkscreen
  6
CONTINUOUS
100
AcDbLine
 10
99.8030389999999983
 20
-62.6864500000000007
 30
0
 11
99.8043940000000021
 21
-62.6869079999999954
 31
0
  0
LINE
  5
5D5
330
22
100
AcDbEntity
  8
F.Silkscreen
  6
CONTINUOUS
100
AcDbLine
 10
99.8043940000000021
 20
-62.6869079999999954
 30
0
 11
99.8079649999999958
 21
-62.6872599999999949
 31
0
  0
LINE
  5
5D6
330
22
100
AcDbEntity
  8
F.Silkscreen
  6
CONTINUOUS
100
AcDbLine
 10
99.8079649999999958
 20
-62.6872599999999949
 30
0
 11
99.8192219999999963
 21
-62.6919229999999956
 31
0
  0
LINE
  5
5D7
330
22
100
AcDbEntity
  8
F.Silkscreen
  6
CONTINUOUS
100
AcDbLine
 10
99.8192219999999963
 20
-62.6919229999999956
 30
0
 11
99.8307599999999979
 21
-62.6958249999999992
 31
0
  0
LINE
  5
5D8
330
22
100
AcDbEntity
  8
F.Silkscreen
  6
CONTINUOUS
100
AcDbLine
 10
99.8307599999999979
 20
-62.6958249999999992
 30
0
 11
99.8326639999999941
 21
-62.6974899999999948
 31
0
  0
LINE
  5
5D9
330
22
100
AcDbEntity
  8
F.Silkscreen
  6
CONTINUOUS
100
AcDbLine
 10
99.8326639999999941
 20
-62.6974899999999948
 30
0
 11
99.8350009999999912
 21
-62.6984589999999997
 31
0
  0
LINE
  5
5DA
330
22
100
AcDbEntity
  8
F.Silkscreen
  6
CONTINUOUS
100
AcDbLine
 10
99.8350009999999912
 20
-62.6984589999999997
 30
0
 11
99.8436109999999957
 21
-62.7070689999999971
 31
0
  0
LINE
  5
5DB
330
22
100
AcDbEntity
  8
F.Silkscreen
  6
CONTINUOUS
100
AcDbLine
 10
99.8436109999999957
 20
-62.7070689999999971
 30
0
 11
99.8527839999999998
 21
-62.715094999999998
 31
0
  0
LINE
  5
5DC
330
22
100
AcDbEntity
  8
F.Silkscreen
  6
CONTINUOUS
100
AcDbLine
 10
99.8527839999999998
 20
-62.715094999999998
 30
0
 11
99.8539059999999949
 21
-62.7173639999999963
 31
0
  0
LINE
  5
5DD
330
22
100
AcDbEntity
  8
F.Silkscreen
  6
CONTINUOUS
100
AcDbLine
 10
99.8539059999999949
 20
-62.7173639999999963
 30
0
 11
99.8556930000000023
 21
-62.7191509999999965
 31
0
  0
LINE
  5
5DE
330
22
100
AcDbEntity
  8
F.Silkscreen
  6
CONTINUOUS
100
AcDbLine
 10
99.8556930000000023
 20
-62.7191509999999965
 30
0
 11
99.8603529999999893
 21
-62.7304010000000005
 31
0
  0
LINE
  5
5DF
330
22
100
AcDbEntity
  8
F.Silkscreen
  6
CONTINUOUS
100
AcDbLine
 10
99.8603529999999893
 20
-62.7304010000000005
 30
0
 11
99.8657559999999904
 21
-62.7413269999999983
 31
0
  0
LINE
  5
5E0
330
22
100
AcDbEntity
  8
F.Silkscreen
  6
CONTINUOUS
100
AcDbLine
 10
99.8657559999999904
 20
-62.7413269999999983
 30
0
 11
99.8659239999999926
 21
-62.7438499999999948
 31
0
  0
LINE
  5
5E1
330
22
100
AcDbEntity
  8
F.Silkscreen
  6
CONTINUOUS
100
AcDbLine
 10
99.8659239999999926
 20
-62.7438499999999948
 30
0
 11
99.8668919999999929
 21
-62.746186999999999
 31
0
  0
LINE
  5
5E2
330
22
100
AcDbEntity
  8
F.Silkscreen
  6
CONTINUOUS
100
AcDbLine
 10
99.8668919999999929
 20
-62.746186999999999
 30
0
 11
99.8668919999999929
 21
-62.7583709999999968
 31
0
  0
LINE
  5
5E3
330
22
100
AcDbEntity
  8
F.Silkscreen
  6
CONTINUOUS
100
AcDbLine
 10
99.8668919999999929
 20
-62.7583709999999968
 30
0
 11
99.8677019999999942
 21
-62.7705249999999992
 31
0
  0
LINE
  5
5E4
330
22
100
AcDbEntity
  8
F.Silkscreen
  6
CONTINUOUS
100
AcDbLine
 10
99.8677019999999942
 20
-62.7705249999999992
 30
0
 11
99.8668919999999929
 21
-62.7729199999999992
 31
0
  0
LINE
  5
5E5
330
22
100
AcDbEntity
  8
F.Silkscreen
  6
CONTINUOUS
100
AcDbLine
 10
99.8668919999999929
 20
-62.7729199999999992
 30
0
 11
99.8668919999999929
 21
-62.7754509999999968
 31
0
  0
LINE
  5
5E6
330
22
100
AcDbEntity
  8
F.Silkscreen
  6
CONTINUOUS
100
AcDbLine
 10
99.8668919999999929
 20
-62.7754509999999968
 30
0
 11
99.8622280000000018
 21
-62.7867079999999973
 31
0
  0
LINE
  5
5E7
330
22
100
AcDbEntity
  8
F.Silkscreen
  6
CONTINUOUS
100
AcDbLine
 10
99.8622280000000018
 20
-62.7867079999999973
 30
0
 11
99.8583269999999885
 21
-62.7982459999999989
 31
0
  0
LINE
  5
5E8
330
22
100
AcDbEntity
  8
F.Silkscreen
  6
CONTINUOUS
100
AcDbLine
 10
99.8583269999999885
 20
-62.7982459999999989
 30
0
 11
99.8562409999999971
 21
-62.8011629999999954
 31
0
  0
LINE
  5
5E9
330
22
100
AcDbEntity
  8
F.Silkscreen
  6
CONTINUOUS
100
AcDbLine
 10
99.8562409999999971
 20
-62.8011629999999954
 30
0
 11
99.8556930000000023
 21
-62.8024869999999993
 31
0
  0
LINE
  5
5EA
330
22
100
AcDbEntity
  8
F.Silkscreen
  6
CONTINUOUS
100
AcDbLine
 10
99.8556930000000023
 20
-62.8024869999999993
 30
0
 11
99.8542970000000025
 21
-62.8038819999999944
 31
0
  0
LINE
  5
5EB
330
22
100
AcDbEntity
  8
F.Silkscreen
  6
CONTINUOUS
100
AcDbLine
 10
99.8542970000000025
 20
-62.8038819999999944
 30
0
 11
99.8497759999999914
 21
-62.8102069999999983
 31
0
  0
LINE
  5
5EC
330
22
100
AcDbEntity
  8
F.Silkscreen
  6
CONTINUOUS
100
AcDbLine
 10
99.8497759999999914
 20
-62.8102069999999983
 30
0
 11
99.622879999999995
 21
-63.0695160000000001
 31
0
  0
LINE
  5
5ED
330
22
100
AcDbEntity
  8
F.Silkscreen
  6
CONTINUOUS
100
AcDbLine
 10
99.622879999999995
 20
-63.0695160000000001
 30
0
 11
99.6363979999999998
 21
-63.0746889999999993
 31
0
  0
LINE
  5
5EE
330
22
100
AcDbEntity
  8
F.Silkscreen
  6
CONTINUOUS
100
AcDbLine
 10
99.6363979999999998
 20
-63.0746889999999993
 30
0
 11
99.7316359999999946
 21
-63.1223079999999968
 31
0
  0
LINE
  5
5EF
330
22
100
AcDbEntity
  8
F.Silkscreen
  6
CONTINUOUS
100
AcDbLine
 10
99.7316359999999946
 20
-63.1223079999999968
 30
0
 11
99.7379349999999931
 21
-63.1262720000000002
 31
0
  0
LINE
  5
5F0
330
22
100
AcDbEntity
  8
F.Silkscreen
  6
CONTINUOUS
100
AcDbLine
 10
99.7379349999999931
 20
-63.1262720000000002
 30
0
 11
99.7397629999999964
 21
-63.1270299999999978
 31
0
  0
LINE
  5
5F1
330
22
100
AcDbEntity
  8
F.Silkscreen
  6
CONTINUOUS
100
AcDbLine
 10
99.7397629999999964
 20
-63.1270299999999978
 30
0
 11
99.7418189999999925
 21
-63.1287179999999992
 31
0
  0
LINE
  5
5F2
330
22
100
AcDbEntity
  8
F.Silkscreen
  6
CONTINUOUS
100
AcDbLine
 10
99.7418189999999925
 20
-63.1287179999999992
 30
0
 11
99.7440789999999993
 21
-63.1301399999999973
 31
0
  0
LINE
  5
5F3
330
22
100
AcDbEntity
  8
F.Silkscreen
  6
CONTINUOUS
100
AcDbLine
 10
99.7440789999999993
 20
-63.1301399999999973
 30
0
 11
99.7453780000000023
 21
-63.1316379999999953
 31
0
  0
LINE
  5
5F4
330
22
100
AcDbEntity
  8
F.Silkscreen
  6
CONTINUOUS
100
AcDbLine
 10
99.7453780000000023
 20
-63.1316379999999953
 30
0
 11
99.7511279999999942
 21
-63.1363569999999967
 31
0
  0
LINE
  5
5F5
330
22
100
AcDbEntity
  8
F.Silkscreen
  6
CONTINUOUS
100
AcDbLine
 10
99.7511279999999942
 20
-63.1363569999999967
 30
0
 11
99.7987469999999917
 21
-63.1839759999999941
 31
0
  0
LINE
  5
5F6
330
22
100
AcDbEntity
  8
F.Silkscreen
  6
CONTINUOUS
100
AcDbLine
 10
99.7987469999999917
 20
-63.1839759999999941
 30
0
 11
99.8034649999999885
 21
-63.1897249999999957
 31
0
  0
LINE
  5
5F7
330
22
100
AcDbEntity
  8
F.Silkscreen
  6
CONTINUOUS
100
AcDbLine
 10
99.8034649999999885
 20
-63.1897249999999957
 30
0
 11
99.8049639999999982
 21
-63.1910249999999962
 31
0
  0
LINE
  5
5F8
330
22
100
AcDbEntity
  8
F.Silkscreen
  6
CONTINUOUS
100
AcDbLine
 10
99.8049639999999982
 20
-63.1910249999999962
 30
0
 11
99.8063849999999917
 21
-63.1932839999999985
 31
0
  0
LINE
  5
5F9
330
22
100
AcDbEntity
  8
F.Silkscreen
  6
CONTINUOUS
100
AcDbLine
 10
99.8063849999999917
 20
-63.1932839999999985
 30
0
 11
99.8080739999999906
 21
-63.1953409999999991
 31
0
  0
LINE
  5
5FA
330
22
100
AcDbEntity
  8
F.Silkscreen
  6
CONTINUOUS
100
AcDbLine
 10
99.8080739999999906
 20
-63.1953409999999991
 30
0
 11
99.8088309999999979
 21
-63.1971679999999978
 31
0
  0
LINE
  5
5FB
330
22
100
AcDbEntity
  8
F.Silkscreen
  6
CONTINUOUS
100
AcDbLine
 10
99.8088309999999979
 20
-63.1971679999999978
 30
0
 11
99.8127959999999916
 21
-63.2034679999999938
 31
0
  0
LINE
  5
5FC
330
22
100
AcDbEntity
  8
F.Silkscreen
  6
CONTINUOUS
100
AcDbLine
 10
99.8127959999999916
 20
-63.2034679999999938
 30
0
 11
99.860414999999989
 21
-63.2987059999999957
 31
0
  0
LINE
  5
5FD
330
22
100
AcDbEntity
  8
F.Silkscreen
  6
CONTINUOUS
100
AcDbLine
 10
99.860414999999989
 20
-63.2987059999999957
 30
0
 11
99.8656699999999944
 21
-63.3124369999999956
 31
0
  0
LINE
  5
5FE
330
22
100
AcDbEntity
  8
F.Silkscreen
  6
CONTINUOUS
100
AcDbLine
 10
99.8656699999999944
 20
-63.3124369999999956
 30
0
 11
99.8658609999999953
 21
-63.3151259999999994
 31
0
  0
LINE
  5
5FF
330
22
100
AcDbEntity
  8
F.Silkscreen
  6
CONTINUOUS
100
AcDbLine
 10
99.8658609999999953
 20
-63.3151259999999994
 30
0
 11
99.8668919999999929
 21
-63.3176149999999964
 31
0
  0
LINE
  5
600
330
22
100
AcDbEntity
  8
F.Silkscreen
  6
CONTINUOUS
100
AcDbLine
 10
99.8668919999999929
 20
-63.3176149999999964
 30
0
 11
99.8683329999999927
 21
-63.3322469999999953
 31
0
  0
LINE
  5
601
330
22
100
AcDbEntity
  8
F.Silkscreen
  6
CONTINUOUS
100
AcDbLine
 10
99.8683329999999927
 20
-63.3322469999999953
 30
0
 11
99.8683329999999927
 21
-63.5703419999999966
 31
0
  0
LINE
  5
602
330
22
100
AcDbEntity
  8
F.Silkscreen
  6
CONTINUOUS
100
AcDbLine
 10
99.8683329999999927
 20
-63.5703419999999966
 30
0
 11
99.8668919999999929
 21
-63.5849739999999954
 31
0
  0
LINE
  5
603
330
22
100
AcDbEntity
  8
F.Silkscreen
  6
CONTINUOUS
100
AcDbLine
 10
99.8668919999999929
 20
-63.5849739999999954
 30
0
 11
99.8658609999999953
 21
-63.587461999999995
 31
0
  0
LINE
  5
604
330
22
100
AcDbEntity
  8
F.Silkscreen
  6
CONTINUOUS
100
AcDbLine
 10
99.8658609999999953
 20
-63.587461999999995
 30
0
 11
99.8656699999999944
 21
-63.5901519999999962
 31
0
  0
LINE
  5
605
330
22
100
AcDbEntity
  8
F.Silkscreen
  6
CONTINUOUS
100
AcDbLine
 10
99.8656699999999944
 20
-63.5901519999999962
 30
0
 11
99.860414999999989
 21
-63.6038829999999962
 31
0
  0
LINE
  5
606
330
22
100
AcDbEntity
  8
F.Silkscreen
  6
CONTINUOUS
100
AcDbLine
 10
99.860414999999989
 20
-63.6038829999999962
 30
0
 11
99.8127959999999916
 21
-63.6991209999999981
 31
0
  0
LINE
  5
607
330
22
100
AcDbEntity
  8
F.Silkscreen
  6
CONTINUOUS
100
AcDbLine
 10
99.8127959999999916
 20
-63.6991209999999981
 30
0
 11
99.8088319999999953
 21
-63.7054169999999971
 31
0
  0
LINE
  5
608
330
22
100
AcDbEntity
  8
F.Silkscreen
  6
CONTINUOUS
100
AcDbLine
 10
99.8088319999999953
 20
-63.7054169999999971
 30
0
 11
99.8080750000000023
 21
-63.7072469999999953
 31
0
  0
LINE
  5
609
330
22
100
AcDbEntity
  8
F.Silkscreen
  6
CONTINUOUS
100
AcDbLine
 10
99.8080750000000023
 20
-63.7072469999999953
 30
0
 11
99.8063849999999917
 21
-63.7093050000000005
 31
0
  0
LINE
  5
60A
330
22
100
AcDbEntity
  8
F.Silkscreen
  6
CONTINUOUS
100
AcDbLine
 10
99.8063849999999917
 20
-63.7093050000000005
 30
0
 11
99.8049639999999982
 21
-63.7115639999999956
 31
0
  0
LINE
  5
60B
330
22
100
AcDbEntity
  8
F.Silkscreen
  6
CONTINUOUS
100
AcDbLine
 10
99.8049639999999982
 20
-63.7115639999999956
 30
0
 11
99.8034649999999885
 21
-63.7128629999999987
 31
0
  0
LINE
  5
60C
330
22
100
AcDbEntity
  8
F.Silkscreen
  6
CONTINUOUS
100
AcDbLine
 10
99.8034649999999885
 20
-63.7128629999999987
 30
0
 11
99.7987469999999917
 21
-63.7186129999999977
 31
0
  0
LINE
  5
60D
330
22
100
AcDbEntity
  8
F.Silkscreen
  6
CONTINUOUS
100
AcDbLine
 10
99.7987469999999917
 20
-63.7186129999999977
 30
0
 11
99.7511289999999917
 21
-63.7662319999999951
 31
0
  0
LINE
  5
60E
330
22
100
AcDbEntity
  8
F.Silkscreen
  6
CONTINUOUS
100
AcDbLine
 10
99.7511289999999917
 20
-63.7662319999999951
 30
0
 11
99.7453789999999998
 21
-63.7709499999999991
 31
0
  0
LINE
  5
60F
330
22
100
AcDbEntity
  8
F.Silkscreen
  6
CONTINUOUS
100
AcDbLine
 10
99.7453789999999998
 20
-63.7709499999999991
 30
0
 11
99.7440789999999993
 21
-63.7724499999999992
 31
0
  0
LINE
  5
610
330
22
100
AcDbEntity
  8
F.Silkscreen
  6
CONTINUOUS
100
AcDbLine
 10
99.7440789999999993
 20
-63.7724499999999992
 30
0
 11
99.7418189999999925
 21
-63.7738719999999972
 31
0
  0
LINE
  5
611
330
22
100
AcDbEntity
  8
F.Silkscreen
  6
CONTINUOUS
100
AcDbLine
 10
99.7418189999999925
 20
-63.7738719999999972
 30
0
 11
99.7397629999999964
 21
-63.7755599999999987
 31
0
  0
LINE
  5
612
330
22
100
AcDbEntity
  8
F.Silkscreen
  6
CONTINUOUS
100
AcDbLine
 10
99.7397629999999964
 20
-63.7755599999999987
 30
0
 11
99.7379349999999931
 21
-63.7763169999999988
 31
0
  0
LINE
  5
613
330
22
100
AcDbEntity
  8
F.Silkscreen
  6
CONTINUOUS
100
AcDbLine
 10
99.7379349999999931
 20
-63.7763169999999988
 30
0
 11
99.7316359999999946
 21
-63.7802819999999997
 31
0
  0
LINE
  5
614
330
22
100
AcDbEntity
  8
F.Silkscreen
  6
CONTINUOUS
100
AcDbLine
 10
99.7316359999999946
 20
-63.7802819999999997
 30
0
 11
99.6363979999999998
 21
-63.8279009999999971
 31
0
  0
LINE
  5
615
330
22
100
AcDbEntity
  8
F.Silkscreen
  6
CONTINUOUS
100
AcDbLine
 10
99.6363979999999998
 20
-63.8279009999999971
 30
0
 11
99.6226659999999953
 21
-63.8331559999999953
 31
0
  0
LINE
  5
616
330
22
100
AcDbEntity
  8
F.Silkscreen
  6
CONTINUOUS
100
AcDbLine
 10
99.6226659999999953
 20
-63.8331559999999953
 30
0
 11
99.619977999999989
 21
-63.8333459999999988
 31
0
  0
LINE
  5
617
330
22
100
AcDbEntity
  8
F.Silkscreen
  6
CONTINUOUS
100
AcDbLine
 10
99.619977999999989
 20
-63.8333459999999988
 30
0
 11
99.617488999999992
 21
-63.8343779999999938
 31
0
  0
LINE
  5
618
330
22
100
AcDbEntity
  8
F.Silkscreen
  6
CONTINUOUS
100
AcDbLine
 10
99.617488999999992
 20
-63.8343779999999938
 30
0
 11
99.6028570000000002
 21
-63.8358189999999937
 31
0
  0
LINE
  5
619
330
22
100
AcDbEntity
  8
F.Silkscreen
  6
CONTINUOUS
100
AcDbLine
 10
99.6028570000000002
 20
-63.8358189999999937
 30
0
 11
99.3171430000000015
 21
-63.8358189999999937
 31
0
  0
LINE
  5
61A
330
22
100
AcDbEntity
  8
F.Silkscreen
  6
CONTINUOUS
100
AcDbLine
 10
99.3171430000000015
 20
-63.8358189999999937
 30
0
 11
99.3025109999999955
 21
-63.8343779999999938
 31
0
  0
LINE
  5
61B
330
22
100
AcDbEntity
  8
F.Silkscreen
  6
CONTINUOUS
100
AcDbLine
 10
99.3025109999999955
 20
-63.8343779999999938
 30
0
 11
99.3000219999999985
 21
-63.8333469999999963
 31
0
  0
LINE
  5
61C
330
22
100
AcDbEntity
  8
F.Silkscreen
  6
CONTINUOUS
100
AcDbLine
 10
99.3000219999999985
 20
-63.8333469999999963
 30
0
 11
99.2973329999999947
 21
-63.8331559999999953
 31
0
  0
LINE
  5
61D
330
22
100
AcDbEntity
  8
F.Silkscreen
  6
CONTINUOUS
100
AcDbLine
 10
99.2973329999999947
 20
-63.8331559999999953
 30
0
 11
99.2836020000000019
 21
-63.8279009999999971
 31
0
  0
LINE
  5
61E
330
22
100
AcDbEntity
  8
F.Silkscreen
  6
CONTINUOUS
100
AcDbLine
 10
99.2836020000000019
 20
-63.8279009999999971
 30
0
 11
99.1883639999999929
 21
-63.7802819999999997
 31
0
  0
LINE
  5
61F
330
22
100
AcDbEntity
  8
F.Silkscreen
  6
CONTINUOUS
100
AcDbLine
 10
99.1883639999999929
 20
-63.7802819999999997
 30
0
 11
99.1820639999999969
 21
-63.7763169999999988
 31
0
  0
LINE
  5
620
330
22
100
AcDbEntity
  8
F.Silkscreen
  6
CONTINUOUS
100
AcDbLine
 10
99.1820639999999969
 20
-63.7763169999999988
 30
0
 11
99.1802369999999911
 21
-63.7755599999999987
 31
0
  0
LINE
  5
621
330
22
100
AcDbEntity
  8
F.Silkscreen
  6
CONTINUOUS
100
AcDbLine
 10
99.1802369999999911
 20
-63.7755599999999987
 30
0
 11
99.1781799999999976
 21
-63.7738719999999972
 31
0
  0
LINE
  5
622
330
22
100
AcDbEntity
  8
F.Silkscreen
  6
CONTINUOUS
100
AcDbLine
 10
99.1781799999999976
 20
-63.7738719999999972
 30
0
 11
99.1759210000000024
 21
-63.7724499999999992
 31
0
  0
LINE
  5
623
330
22
100
AcDbEntity
  8
F.Silkscreen
  6
CONTINUOUS
100
AcDbLine
 10
99.1759210000000024
 20
-63.7724499999999992
 30
0
 11
99.1746199999999902
 21
-63.7709499999999991
 31
0
  0
LINE
  5
624
330
22
100
AcDbEntity
  8
F.Silkscreen
  6
CONTINUOUS
100
AcDbLine
 10
99.1746199999999902
 20
-63.7709499999999991
 30
0
 11
99.1688709999999958
 21
-63.7662319999999951
 31
0
  0
LINE
  5
625
330
22
100
AcDbEntity
  8
F.Silkscreen
  6
CONTINUOUS
100
AcDbLine
 10
99.1688709999999958
 20
-63.7662319999999951
 30
0
 11
99.1212519999999984
 21
-63.7186120000000003
 31
0
  0
LINE
  5
626
330
22
100
AcDbEntity
  8
F.Silkscreen
  6
CONTINUOUS
100
AcDbLine
 10
99.1212519999999984
 20
-63.7186120000000003
 30
0
 11
99.1119249999999994
 21
-63.7072469999999953
 31
0
  0
LINE
  5
627
330
22
100
AcDbEntity
  8
F.Silkscreen
  6
CONTINUOUS
100
AcDbLine
 10
99.1119249999999994
 20
-63.7072469999999953
 30
0
 11
99.100726999999992
 21
-63.6802109999999999
 31
0
  0
LINE
  5
628
330
22
100
AcDbEntity
  8
F.Silkscreen
  6
CONTINUOUS
100
AcDbLine
 10
99.100726999999992
 20
-63.6802109999999999
 30
0
 11
99.100726999999992
 21
-63.6509479999999996
 31
0
  0
LINE
  5
629
330
22
100
AcDbEntity
  8
F.Silkscreen
  6
CONTINUOUS
100
AcDbLine
 10
99.100726999999992
 20
-63.6509479999999996
 30
0
 11
99.1119259999999969
 21
-63.6239119999999971
 31
0
  0
LINE
  5
62A
330
22
100
AcDbEntity
  8
F.Silkscreen
  6
CONTINUOUS
100
AcDbLine
 10
99.1119259999999969
 20
-63.6239119999999971
 30
0
 11
99.1326189999999912
 21
-63.6032189999999957
 31
0
  0
LINE
  5
62B
330
22
100
AcDbEntity
  8
F.Silkscreen
  6
CONTINUOUS
100
AcDbLine
 10
99.1326189999999912
 20
-63.6032189999999957
 30
0
 11
99.1596550000000008
 21
-63.5920209999999955
 31
0
  0
LINE
  5
62C
330
22
100
AcDbEntity
  8
F.Silkscreen
  6
CONTINUOUS
100
AcDbLine
 10
99.1596550000000008
 20
-63.5920209999999955
 30
0
 11
99.188918000000001
 21
-63.5920209999999955
 31
0
  0
LINE
  5
62D
330
22
100
AcDbEntity
  8
F.Silkscreen
  6
CONTINUOUS
100
AcDbLine
 10
99.188918000000001
 20
-63.5920209999999955
 30
0
 11
99.2159539999999964
 21
-63.6032200000000003
 31
0
  0
LINE
  5
62E
330
22
100
AcDbEntity
  8
F.Silkscreen
  6
CONTINUOUS
100
AcDbLine
 10
99.2159539999999964
 20
-63.6032200000000003
 30
0
 11
99.2273199999999918
 21
-63.6125479999999968
 31
0
  0
LINE
  5
62F
330
22
100
AcDbEntity
  8
F.Silkscreen
  6
CONTINUOUS
100
AcDbLine
 10
99.2273199999999918
 20
-63.6125479999999968
 30
0
 11
99.2663319999999914
 21
-63.6515609999999938
 31
0
  0
LINE
  5
630
330
22
100
AcDbEntity
  8
F.Silkscreen
  6
CONTINUOUS
100
AcDbLine
 10
99.2663319999999914
 20
-63.6515609999999938
 30
0
 11
99.3348479999999938
 21
-63.6858189999999951
 31
0
  0
LINE
  5
631
330
22
100
AcDbEntity
  8
F.Silkscreen
  6
CONTINUOUS
100
AcDbLine
 10
99.3348479999999938
 20
-63.6858189999999951
 30
0
 11
99.5851519999999937
 21
-63.6858189999999951
 31
0
  0
LINE
  5
632
330
22
100
AcDbEntity
  8
F.Silkscreen
  6
CONTINUOUS
100
AcDbLine
 10
99.5851519999999937
 20
-63.6858189999999951
 30
0
 11
99.6536669999999987
 21
-63.6515609999999938
 31
0
  0
LINE
  5
633
330
22
100
AcDbEntity
  8
F.Silkscreen
  6
CONTINUOUS
100
AcDbLine
 10
99.6536669999999987
 20
-63.6515609999999938
 30
0
 11
99.6840739999999954
 21
-63.6211529999999996
 31
0
  0
LINE
  5
634
330
22
100
AcDbEntity
  8
F.Silkscreen
  6
CONTINUOUS
100
AcDbLine
 10
99.6840739999999954
 20
-63.6211529999999996
 30
0
 11
99.7183330000000012
 21
-63.5526369999999972
 31
0
  0
LINE
  5
635
330
22
100
AcDbEntity
  8
F.Silkscreen
  6
CONTINUOUS
100
AcDbLine
 10
99.7183330000000012
 20
-63.5526369999999972
 30
0
 11
99.7183330000000012
 21
-63.3499519999999947
 31
0
  0
LINE
  5
636
330
22
100
AcDbEntity
  8
F.Silkscreen
  6
CONTINUOUS
100
AcDbLine
 10
99.7183330000000012
 20
-63.3499519999999947
 30
0
 11
99.6840749999999929
 21
-63.2814359999999994
 31
0
  0
LINE
  5
637
330
22
100
AcDbEntity
  8
F.Silkscreen
  6
CONTINUOUS
100
AcDbLine
 10
99.6840749999999929
 20
-63.2814359999999994
 30
0
 11
99.6536679999999961
 21
-63.2510289999999955
 31
0
  0
LINE
  5
638
330
22
100
AcDbEntity
  8
F.Silkscreen
  6
CONTINUOUS
100
AcDbLine
 10
99.6536679999999961
 20
-63.2510289999999955
 30
0
 11
99.5851519999999937
 21
-63.2167709999999943
 31
0
  0
LINE
  5
639
330
22
100
AcDbEntity
  8
F.Silkscreen
  6
CONTINUOUS
100
AcDbLine
 10
99.5851519999999937
 20
-63.2167709999999943
 30
0
 11
99.4599999999999937
 21
-63.2167709999999943
 31
0
  0
LINE
  5
63A
330
22
100
AcDbEntity
  8
F.Silkscreen
  6
CONTINUOUS
100
AcDbLine
 10
99.4599999999999937
 20
-63.2167709999999943
 30
0
 11
99.4522609999999929
 21
-63.2160079999999951
 31
0
  0
LINE
  5
63B
330
22
100
AcDbEntity
  8
F.Silkscreen
  6
CONTINUOUS
100
AcDbLine
 10
99.4522609999999929
 20
-63.2160079999999951
 30
0
 11
99.4502939999999995
 21
-63.2161399999999958
 31
0
  0
LINE
  5
63C
330
22
100
AcDbEntity
  8
F.Silkscreen
  6
CONTINUOUS
100
AcDbLine
 10
99.4502939999999995
 20
-63.2161399999999958
 30
0
 11
99.4489379999999983
 21
-63.2156809999999965
 31
0
  0
LINE
  5
63D
330
22
100
AcDbEntity
  8
F.Silkscreen
  6
CONTINUOUS
100
AcDbLine
 10
99.4489379999999983
 20
-63.2156809999999965
 30
0
 11
99.445368000000002
 21
-63.2153299999999945
 31
0
  0
LINE
  5
63E
330
22
100
AcDbEntity
  8
F.Silkscreen
  6
CONTINUOUS
100
AcDbLine
 10
99.445368000000002
 20
-63.2153299999999945
 30
0
 11
99.4341099999999898
 21
-63.2106659999999962
 31
0
  0
LINE
  5
63F
330
22
100
AcDbEntity
  8
F.Silkscreen
  6
CONTINUOUS
100
AcDbLine
 10
99.4341099999999898
 20
-63.2106659999999962
 30
0
 11
99.4225729999999999
 21
-63.2067649999999972
 31
0
  0
LINE
  5
640
330
22
100
AcDbEntity
  8
F.Silkscreen
  6
CONTINUOUS
100
AcDbLine
 10
99.4225729999999999
 20
-63.2067649999999972
 30
0
 11
99.420667999999992
 21
-63.205098999999997
 31
0
  0
LINE
  5
641
330
22
100
AcDbEntity
  8
F.Silkscreen
  6
CONTINUOUS
100
AcDbLine
 10
99.420667999999992
 20
-63.205098999999997
 30
0
 11
99.4183319999999924
 21
-63.2041309999999967
 31
0
  0
LINE
  5
642
330
22
100
AcDbEntity
  8
F.Silkscreen
  6
CONTINUOUS
100
AcDbLine
 10
99.4183319999999924
 20
-63.2041309999999967
 30
0
 11
99.4097209999999905
 21
-63.1955199999999948
 31
0
  0
LINE
  5
643
330
22
100
AcDbEntity
  8
F.Silkscreen
  6
CONTINUOUS
100
AcDbLine
 10
99.4097209999999905
 20
-63.1955199999999948
 30
0
 11
99.400548999999998
 21
-63.1874949999999984
 31
0
  0
LINE
  5
644
330
22
100
AcDbEntity
  8
F.Silkscreen
  6
CONTINUOUS
100
AcDbLine
 10
99.400548999999998
 20
-63.1874949999999984
 30
0
 11
99.3994259999999912
 21
-63.1852249999999955
 31
0
  0
LINE
  5
645
330
22
100
AcDbEntity
  8
F.Silkscreen
  6
CONTINUOUS
100
AcDbLine
 10
99.3994259999999912
 20
-63.1852249999999955
 30
0
 11
99.3976399999999956
 21
-63.1834389999999999
 31
0
  0
LINE
  5
646
330
22
100
AcDbEntity
  8
F.Silkscreen
  6
CONTINUOUS
100
AcDbLine
 10
99.3976399999999956
 20
-63.1834389999999999
 30
0
 11
99.3929789999999969
 21
-63.1721879999999985
 31
0
  0
LINE
  5
647
330
22
100
AcDbEntity
  8
F.Silkscreen
  6
CONTINUOUS
100
AcDbLine
 10
99.3929789999999969
 20
-63.1721879999999985
 30
0
 11
99.3875769999999932
 21
-63.1612629999999982
 31
0
  0
LINE
  5
648
330
22
100
AcDbEntity
  8
F.Silkscreen
  6
CONTINUOUS
100
AcDbLine
 10
99.3875769999999932
 20
-63.1612629999999982
 30
0
 11
99.3874079999999935
 21
-63.1587389999999971
 31
0
  0
LINE
  5
649
330
22
100
AcDbEntity
  8
F.Silkscreen
  6
CONTINUOUS
100
AcDbLine
 10
99.3874079999999935
 20
-63.1587389999999971
 30
0
 11
99.3864409999999907
 21
-63.1564029999999974
 31
0
  0
LINE
  5
64A
330
22
100
AcDbEntity
  8
F.Silkscreen
  6
CONTINUOUS
100
AcDbLine
 10
99.3864409999999907
 20
-63.1564029999999974
 30
0
 11
99.3864409999999907
 21
-63.1442179999999951
 31
0
  0
LINE
  5
64B
330
22
100
AcDbEntity
  8
F.Silkscreen
  6
CONTINUOUS
100
AcDbLine
 10
99.3864409999999907
 20
-63.1442179999999951
 30
0
 11
99.3856309999999894
 21
-63.1320649999999972
 31
0
  0
LINE
  5
64C
330
22
100
AcDbEntity
  8
F.Silkscreen
  6
CONTINUOUS
100
AcDbLine
 10
99.3856309999999894
 20
-63.1320649999999972
 30
0
 11
99.3864409999999907
 21
-63.1296689999999998
 31
0
  0
LINE
  5
64D
330
22
100
AcDbEntity
  8
F.Silkscreen
  6
CONTINUOUS
100
AcDbLine
 10
99.3864409999999907
 20
-63.1296689999999998
 30
0
 11
99.3864409999999907
 21
-63.1271389999999997
 31
0
  0
LINE
  5
64E
330
22
100
AcDbEntity
  8
F.Silkscreen
  6
CONTINUOUS
100
AcDbLine
 10
99.3864409999999907
 20
-63.1271389999999997
 30
0
 11
99.3911039999999986
 21
-63.1158809999999946
 31
0
  0
LINE
  5
64F
330
22
100
AcDbEntity
  8
F.Silkscreen
  6
CONTINUOUS
100
AcDbLine
 10
99.3911039999999986
 20
-63.1158809999999946
 30
0
 11
99.3950059999999951
 21
-63.1043439999999975
 31
0
  0
LINE
  5
650
330
22
100
AcDbEntity
  8
F.Silkscreen
  6
CONTINUOUS
100
AcDbLine
 10
99.3950059999999951
 20
-63.1043439999999975
 30
0
 11
99.397090999999989
 21
-63.1014259999999965
 31
0
  0
LINE
  5
651
330
22
100
AcDbEntity
  8
F.Silkscreen
  6
CONTINUOUS
100
AcDbLine
 10
99.397090999999989
 20
-63.1014259999999965
 30
0
 11
99.3976399999999956
 21
-63.1001029999999972
 31
0
  0
LINE
  5
652
330
22
100
AcDbEntity
  8
F.Silkscreen
  6
CONTINUOUS
100
AcDbLine
 10
99.3976399999999956
 20
-63.1001029999999972
 30
0
 11
99.3990349999999978
 21
-63.0987069999999974
 31
0
  0
LINE
  5
653
330
22
100
AcDbEntity
  8
F.Silkscreen
  6
CONTINUOUS
100
AcDbLine
 10
99.3990349999999978
 20
-63.0987069999999974
 30
0
 11
99.4035569999999922
 21
-63.0923829999999981
 31
0
  0
LINE
  5
654
330
22
100
AcDbEntity
  8
F.Silkscreen
  6
CONTINUOUS
100
AcDbLine
 10
99.4035569999999922
 20
-63.0923829999999981
 30
0
 11
99.6280509999999992
 21
-62.8358189999999937
 31
0
  0
LINE
  5
655
330
22
100
AcDbEntity
  8
F.Silkscreen
  6
CONTINUOUS
100
AcDbLine
 10
99.6280509999999992
 20
-62.8358189999999937
 30
0
 11
99.1742859999999951
 21
-62.8358189999999937
 31
0
  0
LINE
  5
656
330
22
100
AcDbEntity
  8
F.Silkscreen
  6
CONTINUOUS
100
AcDbLine
 10
99.1742859999999951
 20
-62.8358189999999937
 30
0
 11
99.1596539999999891
 21
-62.8343779999999938
 31
0
  0
LINE
  5
657
330
22
100
AcDbEntity
  8
F.Silkscreen
  6
CONTINUOUS
100
AcDbLine
 10
99.1596539999999891
 20
-62.8343779999999938
 30
0
 11
99.1326179999999937
 21
-62.8231789999999961
 31
0
  0
LINE
  5
658
330
22
100
AcDbEntity
  8
F.Silkscreen
  6
CONTINUOUS
100
AcDbLine
 10
99.1326179999999937
 20
-62.8231789999999961
 30
0
 11
99.1119259999999969
 21
-62.8024869999999993
 31
0
  0
LINE
  5
659
330
22
100
AcDbEntity
  8
F.Silkscreen
  6
CONTINUOUS
100
AcDbLine
 10
99.1119259999999969
 20
-62.8024869999999993
 30
0
 11
99.100726999999992
 21
-62.7754509999999968
 31
0
  0
LINE
  5
65A
330
22
100
AcDbEntity
  8
F.Silkscreen
  6
CONTINUOUS
100
AcDbLine
 10
99.100726999999992
 20
-62.7754509999999968
 30
0
 11
99.100726999999992
 21
-62.746186999999999
 31
0
  0
LINE
  5
65B
330
22
100
AcDbEntity
  8
F.Silkscreen
  6
CONTINUOUS
100
AcDbLine
 10
99.100726999999992
 20
-62.746186999999999
 30
0
 11
99.1119259999999969
 21
-62.7191509999999965
 31
0
  0
LINE
  5
65C
330
22
100
AcDbEntity
  8
F.Silkscreen
  6
CONTINUOUS
100
AcDbLine
 10
99.1119259999999969
 20
-62.7191509999999965
 30
0
 11
99.1326179999999937
 21
-62.6984589999999997
 31
0
  0
LINE
  5
65D
330
22
100
AcDbEntity
  8
F.Silkscreen
  6
CONTINUOUS
100
AcDbLine
 10
99.1326179999999937
 20
-62.6984589999999997
 30
0
 11
99.1596539999999891
 21
-62.6872599999999949
 31
0
  0
LINE
  5
65E
330
22
100
AcDbEntity
  8
F.Silkscreen
  6
CONTINUOUS
100
AcDbLine
 10
99.1596539999999891
 20
-62.6872599999999949
 30
0
 11
99.1742859999999951
 21
-62.6858189999999951
 31
0
  0
LINE
  5
65F
330
22
100
AcDbEntity
  8
F.Silkscreen
  6
CONTINUOUS
100
AcDbLine
 10
99.1742859999999951
 20
-62.6858189999999951
 30
0
 11
99.7933329999999899
 21
-62.6858189999999951
 31
0
  0
LINE
  5
660
330
22
100
AcDbEntity
  8
F.Silkscreen
  6
CONTINUOUS
100
AcDbLine
 10
99.7933329999999899
 20
-62.6858189999999951
 30
0
 11
99.8010709999999932
 21
-62.6865809999999968
 31
0
  0
LINE
  5
661
330
22
100
AcDbEntity
  8
F.Silkscreen
  6
CONTINUOUS
100
AcDbLine
 10
98.9198439999999977
 20
-62.6926500000000004
 30
0
 11
98.9435509999999994
 21
-62.7098060000000004
 31
0
  0
LINE
  5
662
330
22
100
AcDbEntity
  8
F.Silkscreen
  6
CONTINUOUS
100
AcDbLine
 10
98.9435509999999994
 20
-62.7098060000000004
 30
0
 11
98.9588869999999901
 21
-62.7347279999999969
 31
0
  0
LINE
  5
663
330
22
100
AcDbEntity
  8
F.Silkscreen
  6
CONTINUOUS
100
AcDbLine
 10
98.9588869999999901
 20
-62.7347279999999969
 30
0
 11
98.9635200000000026
 21
-62.7636229999999955
 31
0
  0
LINE
  5
664
330
22
100
AcDbEntity
  8
F.Silkscreen
  6
CONTINUOUS
100
AcDbLine
 10
98.9635200000000026
 20
-62.7636229999999955
 30
0
 11
98.9615319999999912
 21
-62.7781909999999996
 31
0
  0
LINE
  5
665
330
22
100
AcDbEntity
  8
F.Silkscreen
  6
CONTINUOUS
100
AcDbLine
 10
98.9615319999999912
 20
-62.7781909999999996
 30
0
 11
98.7234359999999924
 21
-63.7781909999999996
 31
0
  0
LINE
  5
666
330
22
100
AcDbEntity
  8
F.Silkscreen
  6
CONTINUOUS
100
AcDbLine
 10
98.7234359999999924
 20
-63.7781909999999996
 30
0
 11
98.7217059999999975
 21
-63.7832089999999994
 31
0
  0
LINE
  5
667
330
22
100
AcDbEntity
  8
F.Silkscreen
  6
CONTINUOUS
100
AcDbLine
 10
98.7217059999999975
 20
-63.7832089999999994
 30
0
 11
98.7214669999999899
 21
-63.7850129999999993
 31
0
  0
LINE
  5
668
330
22
100
AcDbEntity
  8
F.Silkscreen
  6
CONTINUOUS
100
AcDbLine
 10
98.7214669999999899
 20
-63.7850129999999993
 30
0
 11
98.720523
 21
-63.7866420000000005
 31
0
  0
LINE
  5
669
330
22
100
AcDbEntity
  8
F.Silkscreen
  6
CONTINUOUS
100
AcDbLine
 10
98.720523
 20
-63.7866420000000005
 30
0
 11
98.7186459999999926
 21
-63.7920909999999992
 31
0
  0
LINE
  5
66A
330
22
100
AcDbEntity
  8
F.Silkscreen
  6
CONTINUOUS
100
AcDbLine
 10
98.7186459999999926
 20
-63.7920909999999992
 30
0
 11
98.7122600000000006
 21
-63.8009139999999988
 31
0
  0
LINE
  5
66B
330
22
100
AcDbEntity
  8
F.Silkscreen
  6
CONTINUOUS
100
AcDbLine
 10
98.7122600000000006
 20
-63.8009139999999988
 30
0
 11
98.7068049999999886
 21
-63.810336999999997
 31
0
  0
LINE
  5
66C
330
22
100
AcDbEntity
  8
F.Silkscreen
  6
CONTINUOUS
100
AcDbLine
 10
98.7068049999999886
 20
-63.810336999999997
 30
0
 11
98.7037469999999928
 21
-63.8126769999999937
 31
0
  0
LINE
  5
66D
330
22
100
AcDbEntity
  8
F.Silkscreen
  6
CONTINUOUS
100
AcDbLine
 10
98.7037469999999928
 20
-63.8126769999999937
 30
0
 11
98.7014889999999951
 21
-63.8157979999999938
 31
0
  0
LINE
  5
66E
330
22
100
AcDbEntity
  8
F.Silkscreen
  6
CONTINUOUS
100
AcDbLine
 10
98.7014889999999951
 20
-63.8157979999999938
 30
0
 11
98.6922169999999994
 21
-63.8215029999999999
 31
0
  0
LINE
  5
66F
330
22
100
AcDbEntity
  8
F.Silkscreen
  6
CONTINUOUS
100
AcDbLine
 10
98.6922169999999994
 20
-63.8215029999999999
 30
0
 11
98.6835669999999965
 21
-63.828125
 31
0
  0
LINE
  5
670
330
22
100
AcDbEntity
  8
F.Silkscreen
  6
CONTINUOUS
100
AcDbLine
 10
98.6835669999999965
 20
-63.828125
 30
0
 11
98.6798429999999911
 21
-63.829117999999994
 31
0
  0
LINE
  5
671
330
22
100
AcDbEntity
  8
F.Silkscreen
  6
CONTINUOUS
100
AcDbLine
 10
98.6798429999999911
 20
-63.829117999999994
 30
0
 11
98.6765669999999915
 21
-63.8311339999999987
 31
0
  0
LINE
  5
672
330
22
100
AcDbEntity
  8
F.Silkscreen
  6
CONTINUOUS
100
AcDbLine
 10
98.6765669999999915
 20
-63.8311339999999987
 30
0
 11
98.665822999999989
 21
-63.8328559999999996
 31
0
  0
LINE
  5
673
330
22
100
AcDbEntity
  8
F.Silkscreen
  6
CONTINUOUS
100
AcDbLine
 10
98.665822999999989
 20
-63.8328559999999996
 30
0
 11
98.6552919999999887
 21
-63.8356649999999988
 31
0
  0
LINE
  5
674
330
22
100
AcDbEntity
  8
F.Silkscreen
  6
CONTINUOUS
100
AcDbLine
 10
98.6552919999999887
 20
-63.8356649999999988
 30
0
 11
98.6514729999999957
 21
-63.8351569999999953
 31
0
  0
LINE
  5
675
330
22
100
AcDbEntity
  8
F.Silkscreen
  6
CONTINUOUS
100
AcDbLine
 10
98.6514729999999957
 20
-63.8351569999999953
 30
0
 11
98.647672
 21
-63.835766999999997
 31
0
  0
LINE
  5
676
330
22
100
AcDbEntity
  8
F.Silkscreen
  6
CONTINUOUS
100
AcDbLine
 10
98.647672
 20
-63.835766999999997
 30
0
 11
98.6370759999999933
 21
-63.8332440000000005
 31
0
  0
LINE
  5
677
330
22
100
AcDbEntity
  8
F.Silkscreen
  6
CONTINUOUS
100
AcDbLine
 10
98.6370759999999933
 20
-63.8332440000000005
 30
0
 11
98.6262830000000008
 21
-63.8318099999999973
 31
0
  0
LINE
  5
678
330
22
100
AcDbEntity
  8
F.Silkscreen
  6
CONTINUOUS
100
AcDbLine
 10
98.6262830000000008
 20
-63.8318099999999973
 30
0
 11
98.6229510000000005
 21
-63.8298810000000003
 31
0
  0
LINE
  5
679
330
22
100
AcDbEntity
  8
F.Silkscreen
  6
CONTINUOUS
100
AcDbLine
 10
98.6229510000000005
 20
-63.8298810000000003
 30
0
 11
98.6192039999999963
 21
-63.828989
 31
0
  0
LINE
  5
67A
330
22
100
AcDbEntity
  8
F.Silkscreen
  6
CONTINUOUS
100
AcDbLine
 10
98.6192039999999963
 20
-63.828989
 30
0
 11
98.6103789999999947
 21
-63.8226019999999963
 31
0
  0
LINE
  5
67B
330
22
100
AcDbEntity
  8
F.Silkscreen
  6
CONTINUOUS
100
AcDbLine
 10
98.6103789999999947
 20
-63.8226019999999963
 30
0
 11
98.6009579999999914
 21
-63.817147999999996
 31
0
  0
LINE
  5
67C
330
22
100
AcDbEntity
  8
F.Silkscreen
  6
CONTINUOUS
100
AcDbLine
 10
98.6009579999999914
 20
-63.817147999999996
 30
0
 11
98.5986169999999902
 21
-63.8140900000000002
 31
0
  0
LINE
  5
67D
330
22
100
AcDbEntity
  8
F.Silkscreen
  6
CONTINUOUS
100
AcDbLine
 10
98.5986169999999902
 20
-63.8140900000000002
 30
0
 11
98.5954969999999946
 21
-63.8118319999999954
 31
0
  0
LINE
  5
67E
330
22
100
AcDbEntity
  8
F.Silkscreen
  6
CONTINUOUS
100
AcDbLine
 10
98.5954969999999946
 20
-63.8118319999999954
 30
0
 11
98.5897909999999911
 21
-63.8025589999999951
 31
0
  0
LINE
  5
67F
330
22
100
AcDbEntity
  8
F.Silkscreen
  6
CONTINUOUS
100
AcDbLine
 10
98.5897909999999911
 20
-63.8025589999999951
 30
0
 11
98.583170999999993
 21
-63.7939109999999943
 31
0
  0
LINE
  5
680
330
22
100
AcDbEntity
  8
F.Silkscreen
  6
CONTINUOUS
100
AcDbLine
 10
98.583170999999993
 20
-63.7939109999999943
 30
0
 11
98.5811449999999923
 21
-63.7885089999999977
 31
0
  0
LINE
  5
681
330
22
100
AcDbEntity
  8
F.Silkscreen
  6
CONTINUOUS
100
AcDbLine
 10
98.5811449999999923
 20
-63.7885089999999977
 30
0
 11
98.5801609999999897
 21
-63.7869099999999989
 31
0
  0
LINE
  5
682
330
22
100
AcDbEntity
  8
F.Silkscreen
  6
CONTINUOUS
100
AcDbLine
 10
98.5801609999999897
 20
-63.7869099999999989
 30
0
 11
98.5798729999999921
 21
-63.7851189999999946
 31
0
  0
LINE
  5
683
330
22
100
AcDbEntity
  8
F.Silkscreen
  6
CONTINUOUS
100
AcDbLine
 10
98.5798729999999921
 20
-63.7851189999999946
 30
0
 11
98.578007999999997
 21
-63.7801439999999999
 31
0
  0
LINE
  5
684
330
22
100
AcDbEntity
  8
F.Silkscreen
  6
CONTINUOUS
100
AcDbLine
 10
98.578007999999997
 20
-63.7801439999999999
 30
0
 11
98.4599989999999963
 21
-63.3376129999999975
 31
0
  0
LINE
  5
685
330
22
100
AcDbEntity
  8
F.Silkscreen
  6
CONTINUOUS
100
AcDbLine
 10
98.4599989999999963
 20
-63.3376129999999975
 30
0
 11
98.3419919999999905
 21
-63.7801439999999999
 31
0
  0
LINE
  5
686
330
22
100
AcDbEntity
  8
F.Silkscreen
  6
CONTINUOUS
100
AcDbLine
 10
98.3419919999999905
 20
-63.7801439999999999
 30
0
 11
98.3401259999999979
 21
-63.7851179999999971
 31
0
  0
LINE
  5
687
330
22
100
AcDbEntity
  8
F.Silkscreen
  6
CONTINUOUS
100
AcDbLine
 10
98.3401259999999979
 20
-63.7851179999999971
 30
0
 11
98.3398389999999978
 21
-63.7869099999999989
 31
0
  0
LINE
  5
688
330
22
100
AcDbEntity
  8
F.Silkscreen
  6
CONTINUOUS
100
AcDbLine
 10
98.3398389999999978
 20
-63.7869099999999989
 30
0
 11
98.3388539999999978
 21
-63.7885099999999952
 31
0
  0
LINE
  5
689
330
22
100
AcDbEntity
  8
F.Silkscreen
  6
CONTINUOUS
100
AcDbLine
 10
98.3388539999999978
 20
-63.7885099999999952
 30
0
 11
98.3368289999999945
 21
-63.7939099999999968
 31
0
  0
LINE
  5
68A
330
22
100
AcDbEntity
  8
F.Silkscreen
  6
CONTINUOUS
100
AcDbLine
 10
98.3368289999999945
 20
-63.7939099999999968
 30
0
 11
98.3302099999999939
 21
-63.8025559999999956
 31
0
  0
LINE
  5
68B
330
22
100
AcDbEntity
  8
F.Silkscreen
  6
CONTINUOUS
100
AcDbLine
 10
98.3302099999999939
 20
-63.8025559999999956
 30
0
 11
98.3245029999999929
 21
-63.8118319999999954
 31
0
  0
LINE
  5
68C
330
22
100
AcDbEntity
  8
F.Silkscreen
  6
CONTINUOUS
100
AcDbLine
 10
98.3245029999999929
 20
-63.8118319999999954
 30
0
 11
98.3213819999999998
 21
-63.8140900000000002
 31
0
  0
LINE
  5
68D
330
22
100
AcDbEntity
  8
F.Silkscreen
  6
CONTINUOUS
100
AcDbLine
 10
98.3213819999999998
 20
-63.8140900000000002
 30
0
 11
98.3190419999999961
 21
-63.817147999999996
 31
0
  0
LINE
  5
68E
330
22
100
AcDbEntity
  8
F.Silkscreen
  6
CONTINUOUS
100
AcDbLine
 10
98.3190419999999961
 20
-63.817147999999996
 30
0
 11
98.3096199999999953
 21
-63.8226019999999963
 31
0
  0
LINE
  5
68F
330
22
100
AcDbEntity
  8
F.Silkscreen
  6
CONTINUOUS
100
AcDbLine
 10
98.3096199999999953
 20
-63.8226019999999963
 30
0
 11
98.3007959999999912
 21
-63.828989
 31
0
  0
LINE
  5
690
330
22
100
AcDbEntity
  8
F.Silkscreen
  6
CONTINUOUS
100
AcDbLine
 10
98.3007959999999912
 20
-63.828989
 30
0
 11
98.2970479999999895
 21
-63.8298810000000003
 31
0
  0
LINE
  5
691
330
22
100
AcDbEntity
  8
F.Silkscreen
  6
CONTINUOUS
100
AcDbLine
 10
98.2970479999999895
 20
-63.8298810000000003
 30
0
 11
98.2937170000000009
 21
-63.8318099999999973
 31
0
  0
LINE
  5
692
330
22
100
AcDbEntity
  8
F.Silkscreen
  6
CONTINUOUS
100
AcDbLine
 10
98.2937170000000009
 20
-63.8318099999999973
 30
0
 11
98.2829259999999891
 21
-63.833242999999996
 31
0
  0
LINE
  5
693
330
22
100
AcDbEntity
  8
F.Silkscreen
  6
CONTINUOUS
100
AcDbLine
 10
98.2829259999999891
 20
-63.833242999999996
 30
0
 11
98.2723280000000017
 21
-63.835766999999997
 31
0
  0
LINE
  5
694
330
22
100
AcDbEntity
  8
F.Silkscreen
  6
CONTINUOUS
100
AcDbLine
 10
98.2723280000000017
 20
-63.835766999999997
 30
0
 11
98.2685239999999993
 21
-63.8351569999999953
 31
0
  0
LINE
  5
695
330
22
100
AcDbEntity
  8
F.Silkscreen
  6
CONTINUOUS
100
AcDbLine
 10
98.2685239999999993
 20
-63.8351569999999953
 30
0
 11
98.2647089999999963
 21
-63.8356639999999942
 31
0
  0
LINE
  5
696
330
22
100
AcDbEntity
  8
F.Silkscreen
  6
CONTINUOUS
100
AcDbLine
 10
98.2647089999999963
 20
-63.8356639999999942
 30
0
 11
98.2541870000000017
 21
-63.8328579999999945
 31
0
  0
LINE
  5
697
330
22
100
AcDbEntity
  8
F.Silkscreen
  6
CONTINUOUS
100
AcDbLine
 10
98.2541870000000017
 20
-63.8328579999999945
 30
0
 11
98.243432999999996
 21
-63.8311339999999987
 31
0
  0
LINE
  5
698
330
22
100
AcDbEntity
  8
F.Silkscreen
  6
CONTINUOUS
100
AcDbLine
 10
98.243432999999996
 20
-63.8311339999999987
 30
0
 11
98.2401529999999923
 21
-63.8291159999999991
 31
0
  0
LINE
  5
699
330
22
100
AcDbEntity
  8
F.Silkscreen
  6
CONTINUOUS
100
AcDbLine
 10
98.2401529999999923
 20
-63.8291159999999991
 30
0
 11
98.236432999999991
 21
-63.8281239999999954
 31
0
  0
LINE
  5
69A
330
22
100
AcDbEntity
  8
F.Silkscreen
  6
CONTINUOUS
100
AcDbLine
 10
98.236432999999991
 20
-63.8281239999999954
 30
0
 11
98.2277859999999947
 21
-63.8215049999999948
 31
0
  0
LINE
  5
69B
330
22
100
AcDbEntity
  8
F.Silkscreen
  6
CONTINUOUS
100
AcDbLine
 10
98.2277859999999947
 20
-63.8215049999999948
 30
0
 11
98.2185109999999924
 21
-63.8157979999999938
 31
0
  0
LINE
  5
69C
330
22
100
AcDbEntity
  8
F.Silkscreen
  6
CONTINUOUS
100
AcDbLine
 10
98.2185109999999924
 20
-63.8157979999999938
 30
0
 11
98.2162519999999972
 21
-63.8126769999999937
 31
0
  0
LINE
  5
69D
330
22
100
AcDbEntity
  8
F.Silkscreen
  6
CONTINUOUS
100
AcDbLine
 10
98.2162519999999972
 20
-63.8126769999999937
 30
0
 11
98.2131949999999989
 21
-63.810336999999997
 31
0
  0
LINE
  5
69E
330
22
100
AcDbEntity
  8
F.Silkscreen
  6
CONTINUOUS
100
AcDbLine
 10
98.2131949999999989
 20
-63.810336999999997
 30
0
 11
98.2077400000000011
 21
-63.8009149999999963
 31
0
  0
LINE
  5
69F
330
22
100
AcDbEntity
  8
F.Silkscreen
  6
CONTINUOUS
100
AcDbLine
 10
98.2077400000000011
 20
-63.8009149999999963
 30
0
 11
98.2013539999999949
 21
-63.7920909999999992
 31
0
  0
LINE
  5
6A0
330
22
100
AcDbEntity
  8
F.Silkscreen
  6
CONTINUOUS
100
AcDbLine
 10
98.2013539999999949
 20
-63.7920909999999992
 30
0
 11
98.1994749999999925
 21
-63.7866399999999985
 31
0
  0
LINE
  5
6A1
330
22
100
AcDbEntity
  8
F.Silkscreen
  6
CONTINUOUS
100
AcDbLine
 10
98.1994749999999925
 20
-63.7866399999999985
 30
0
 11
98.1985329999999976
 21
-63.7850119999999947
 31
0
  0
LINE
  5
6A2
330
22
100
AcDbEntity
  8
F.Silkscreen
  6
CONTINUOUS
100
AcDbLine
 10
98.1985329999999976
 20
-63.7850119999999947
 30
0
 11
98.1982929999999925
 21
-63.7832099999999969
 31
0
  0
LINE
  5
6A3
330
22
100
AcDbEntity
  8
F.Silkscreen
  6
CONTINUOUS
100
AcDbLine
 10
98.1982929999999925
 20
-63.7832099999999969
 30
0
 11
98.1965639999999951
 21
-63.7781909999999996
 31
0
  0
LINE
  5
6A4
330
22
100
AcDbEntity
  8
F.Silkscreen
  6
CONTINUOUS
100
AcDbLine
 10
98.1965639999999951
 20
-63.7781909999999996
 30
0
 11
97.9584689999999938
 21
-62.7781909999999996
 31
0
  0
LINE
  5
6A5
330
22
100
AcDbEntity
  8
F.Silkscreen
  6
CONTINUOUS
100
AcDbLine
 10
97.9584689999999938
 20
-62.7781909999999996
 30
0
 11
97.9564809999999966
 21
-62.7636229999999955
 31
0
  0
LINE
  5
6A6
330
22
100
AcDbEntity
  8
F.Silkscreen
  6
CONTINUOUS
100
AcDbLine
 10
97.9564809999999966
 20
-62.7636229999999955
 30
0
 11
97.9611139999999949
 21
-62.7347279999999969
 31
0
  0
LINE
  5
6A7
330
22
100
AcDbEntity
  8
F.Silkscreen
  6
CONTINUOUS
100
AcDbLine
 10
97.9611139999999949
 20
-62.7347279999999969
 30
0
 11
97.9764499999999998
 21
-62.7098060000000004
 31
0
  0
LINE
  5
6A8
330
22
100
AcDbEntity
  8
F.Silkscreen
  6
CONTINUOUS
100
AcDbLine
 10
97.9764499999999998
 20
-62.7098060000000004
 30
0
 11
98.0001570000000015
 21
-62.6926489999999959
 31
0
  0
LINE
  5
6A9
330
22
100
AcDbEntity
  8
F.Silkscreen
  6
CONTINUOUS
100
AcDbLine
 10
98.0001570000000015
 20
-62.6926489999999959
 30
0
 11
98.028624999999991
 21
-62.6858709999999988
 31
0
  0
LINE
  5
6AA
330
22
100
AcDbEntity
  8
F.Silkscreen
  6
CONTINUOUS
100
AcDbLine
 10
98.028624999999991
 20
-62.6858709999999988
 30
0
 11
98.0575199999999967
 21
-62.6905039999999971
 31
0
  0
LINE
  5
6AB
330
22
100
AcDbEntity
  8
F.Silkscreen
  6
CONTINUOUS
100
AcDbLine
 10
98.0575199999999967
 20
-62.6905039999999971
 30
0
 11
98.0824420000000003
 21
-62.7058399999999949
 31
0
  0
LINE
  5
6AC
330
22
100
AcDbEntity
  8
F.Silkscreen
  6
CONTINUOUS
100
AcDbLine
 10
98.0824420000000003
 20
-62.7058399999999949
 30
0
 11
98.0995989999999978
 21
-62.7295469999999966
 31
0
  0
LINE
  5
6AD
330
22
100
AcDbEntity
  8
F.Silkscreen
  6
CONTINUOUS
100
AcDbLine
 10
98.0995989999999978
 20
-62.7295469999999966
 30
0
 11
98.1043889999999976
 21
-62.7434469999999962
 31
0
  0
LINE
  5
6AE
330
22
100
AcDbEntity
  8
F.Silkscreen
  6
CONTINUOUS
100
AcDbLine
 10
98.1043889999999976
 20
-62.7434469999999962
 30
0
 11
98.2736400000000003
 21
-63.4543029999999959
 31
0
  0
LINE
  5
6AF
330
22
100
AcDbEntity
  8
F.Silkscreen
  6
CONTINUOUS
100
AcDbLine
 10
98.2736400000000003
 20
-63.4543029999999959
 30
0
 11
98.3875319999999931
 21
-63.0272079999999946
 31
0
  0
LINE
  5
6B0
330
22
100
AcDbEntity
  8
F.Silkscreen
  6
CONTINUOUS
100
AcDbLine
 10
98.3875319999999931
 20
-63.0272079999999946
 30
0
 11
98.3888169999999889
 21
-63.0237789999999976
 31
0
  0
LINE
  5
6B1
330
22
100
AcDbEntity
  8
F.Silkscreen
  6
CONTINUOUS
100
AcDbLine
 10
98.3888169999999889
 20
-63.0237789999999976
 30
0
 11
98.3890090000000015
 21
-63.0223399999999998
 31
0
  0
LINE
  5
6B2
330
22
100
AcDbEntity
  8
F.Silkscreen
  6
CONTINUOUS
100
AcDbLine
 10
98.3890090000000015
 20
-63.0223399999999998
 30
0
 11
98.3899979999999914
 21
-63.020629999999997
 31
0
  0
LINE
  5
6B3
330
22
100
AcDbEntity
  8
F.Silkscreen
  6
CONTINUOUS
100
AcDbLine
 10
98.3899979999999914
 20
-63.020629999999997
 30
0
 11
98.3926949999999891
 21
-63.0134410000000003
 31
0
  0
LINE
  5
6B4
330
22
100
AcDbEntity
  8
F.Silkscreen
  6
CONTINUOUS
100
AcDbLine
 10
98.3926949999999891
 20
-63.0134410000000003
 30
0
 11
98.3987119999999891
 21
-63.0055799999999948
 31
0
  0
LINE
  5
6B5
330
22
100
AcDbEntity
  8
F.Silkscreen
  6
CONTINUOUS
100
AcDbLine
 10
98.3987119999999891
 20
-63.0055799999999948
 30
0
 11
98.4036709999999886
 21
-62.9970149999999975
 31
0
  0
LINE
  5
6B6
330
22
100
AcDbEntity
  8
F.Silkscreen
  6
CONTINUOUS
100
AcDbLine
 10
98.4036709999999886
 20
-62.9970149999999975
 30
0
 11
98.4075279999999992
 21
-62.9940619999999996
 31
0
  0
LINE
  5
6B7
330
22
100
AcDbEntity
  8
F.Silkscreen
  6
CONTINUOUS
100
AcDbLine
 10
98.4075279999999992
 20
-62.9940619999999996
 30
0
 11
98.4104820000000018
 21
-62.9902039999999985
 31
0
  0
LINE
  5
6B8
330
22
100
AcDbEntity
  8
F.Silkscreen
  6
CONTINUOUS
100
AcDbLine
 10
98.4104820000000018
 20
-62.9902039999999985
 30
0
 11
98.4190490000000011
 21
-62.985242999999997
 31
0
  0
LINE
  5
6B9
330
22
100
AcDbEntity
  8
F.Silkscreen
  6
CONTINUOUS
100
AcDbLine
 10
98.4190490000000011
 20
-62.985242999999997
 30
0
 11
98.4269089999999949
 21
-62.9792279999999991
 31
0
  0
LINE
  5
6BA
330
22
100
AcDbEntity
  8
F.Silkscreen
  6
CONTINUOUS
100
AcDbLine
 10
98.4269089999999949
 20
-62.9792279999999991
 30
0
 11
98.4316010000000006
 21
-62.9779759999999982
 31
0
  0
LINE
  5
6BB
330
22
100
AcDbEntity
  8
F.Silkscreen
  6
CONTINUOUS
100
AcDbLine
 10
98.4316010000000006
 20
-62.9779759999999982
 30
0
 11
98.4358069999999969
 21
-62.9755419999999972
 31
0
  0
LINE
  5
6BC
330
22
100
AcDbEntity
  8
F.Silkscreen
  6
CONTINUOUS
100
AcDbLine
 10
98.4358069999999969
 20
-62.9755419999999972
 30
0
 11
98.4456239999999951
 21
-62.9742369999999951
 31
0
  0
LINE
  5
6BD
330
22
100
AcDbEntity
  8
F.Silkscreen
  6
CONTINUOUS
100
AcDbLine
 10
98.4456239999999951
 20
-62.9742369999999951
 30
0
 11
98.4551850000000002
 21
-62.9716880000000003
 31
0
  0
LINE
  5
6BE
330
22
100
AcDbEntity
  8
F.Silkscreen
  6
CONTINUOUS
100
AcDbLine
 10
98.4551850000000002
 20
-62.9716880000000003
 30
0
 11
98.4599970000000013
 21
-62.9723269999999999
 31
0
  0
LINE
  5
6BF
330
22
100
AcDbEntity
  8
F.Silkscreen
  6
CONTINUOUS
100
AcDbLine
 10
98.4599970000000013
 20
-62.9723269999999999
 30
0
 11
98.464815999999999
 21
-62.9716869999999957
 31
0
  0
LINE
  5
6C0
330
22
100
AcDbEntity
  8
F.Silkscreen
  6
CONTINUOUS
100
AcDbLine
 10
98.464815999999999
 20
-62.9716869999999957
 30
0
 11
98.4743859999999955
 21
-62.9742389999999972
 31
0
  0
LINE
  5
6C1
330
22
100
AcDbEntity
  8
F.Silkscreen
  6
CONTINUOUS
100
AcDbLine
 10
98.4743859999999955
 20
-62.9742389999999972
 30
0
 11
98.4841929999999905
 21
-62.9755419999999972
 31
0
  0
LINE
  5
6C2
330
22
100
AcDbEntity
  8
F.Silkscreen
  6
CONTINUOUS
100
AcDbLine
 10
98.4841929999999905
 20
-62.9755419999999972
 30
0
 11
98.4883939999999996
 21
-62.9779739999999961
 31
0
  0
LINE
  5
6C3
330
22
100
AcDbEntity
  8
F.Silkscreen
  6
CONTINUOUS
100
AcDbLine
 10
98.4883939999999996
 20
-62.9779739999999961
 30
0
 11
98.4930909999999926
 21
-62.9792269999999945
 31
0
  0
LINE
  5
6C4
330
22
100
AcDbEntity
  8
F.Silkscreen
  6
CONTINUOUS
100
AcDbLine
 10
98.4930909999999926
 20
-62.9792269999999945
 30
0
 11
98.5009529999999955
 21
-62.985244999999999
 31
0
  0
LINE
  5
6C5
330
22
100
AcDbEntity
  8
F.Silkscreen
  6
CONTINUOUS
100
AcDbLine
 10
98.5009529999999955
 20
-62.985244999999999
 30
0
 11
98.5095179999999999
 21
-62.9902039999999985
 31
0
  0
LINE
  5
6C6
330
22
100
AcDbEntity
  8
F.Silkscreen
  6
CONTINUOUS
100
AcDbLine
 10
98.5095179999999999
 20
-62.9902039999999985
 30
0
 11
98.5124699999999933
 21
-62.994060999999995
 31
0
  0
LINE
  5
6C7
330
22
100
AcDbEntity
  8
F.Silkscreen
  6
CONTINUOUS
100
AcDbLine
 10
98.5124699999999933
 20
-62.994060999999995
 30
0
 11
98.5163289999999989
 21
-62.9970149999999975
 31
0
  0
LINE
  5
6C8
330
22
100
AcDbEntity
  8
F.Silkscreen
  6
CONTINUOUS
100
AcDbLine
 10
98.5163289999999989
 20
-62.9970149999999975
 30
0
 11
98.5212899999999934
 21
-63.0055829999999943
 31
0
  0
LINE
  5
6C9
330
22
100
AcDbEntity
  8
F.Silkscreen
  6
CONTINUOUS
100
AcDbLine
 10
98.5212899999999934
 20
-63.0055829999999943
 30
0
 11
98.5273049999999984
 21
-63.0134419999999977
 31
0
  0
LINE
  5
6CA
330
22
100
AcDbEntity
  8
F.Silkscreen
  6
CONTINUOUS
100
AcDbLine
 10
98.5273049999999984
 20
-63.0134419999999977
 30
0
 11
98.5299989999999895
 21
-63.020626
 31
0
  0
LINE
  5
6CB
330
22
100
AcDbEntity
  8
F.Silkscreen
  6
CONTINUOUS
100
AcDbLine
 10
98.5299989999999895
 20
-63.020626
 30
0
 11
98.5309910000000002
 21
-63.0223389999999952
 31
0
  0
LINE
  5
6CC
330
22
100
AcDbEntity
  8
F.Silkscreen
  6
CONTINUOUS
100
AcDbLine
 10
98.5309910000000002
 20
-63.0223389999999952
 30
0
 11
98.5311820000000012
 21
-63.023779999999995
 31
0
  0
LINE
  5
6CD
330
22
100
AcDbEntity
  8
F.Silkscreen
  6
CONTINUOUS
100
AcDbLine
 10
98.5311820000000012
 20
-63.023779999999995
 30
0
 11
98.5324679999999944
 21
-63.0272079999999946
 31
0
  0
LINE
  5
6CE
330
22
100
AcDbEntity
  8
F.Silkscreen
  6
CONTINUOUS
100
AcDbLine
 10
98.5324679999999944
 20
-63.0272079999999946
 30
0
 11
98.6463589999999897
 21
-63.4543029999999959
 31
0
  0
LINE
  5
6CF
330
22
100
AcDbEntity
  8
F.Silkscreen
  6
CONTINUOUS
100
AcDbLine
 10
98.6463589999999897
 20
-63.4543029999999959
 30
0
 11
98.8156120000000016
 21
-62.7434479999999937
 31
0
  0
LINE
  5
6D0
330
22
100
AcDbEntity
  8
F.Silkscreen
  6
CONTINUOUS
100
AcDbLine
 10
98.8156120000000016
 20
-62.7434479999999937
 30
0
 11
98.8204020000000014
 21
-62.7295469999999966
 31
0
  0
LINE
  5
6D1
330
22
100
AcDbEntity
  8
F.Silkscreen
  6
CONTINUOUS
100
AcDbLine
 10
98.8204020000000014
 20
-62.7295469999999966
 30
0
 11
98.8375589999999988
 21
-62.7058399999999949
 31
0
  0
LINE
  5
6D2
330
22
100
AcDbEntity
  8
F.Silkscreen
  6
CONTINUOUS
100
AcDbLine
 10
98.8375589999999988
 20
-62.7058399999999949
 30
0
 11
98.8624810000000025
 21
-62.6905039999999971
 31
0
  0
LINE
  5
6D3
330
22
100
AcDbEntity
  8
F.Silkscreen
  6
CONTINUOUS
100
AcDbLine
 10
98.8624810000000025
 20
-62.6905039999999971
 30
0
 11
98.891375999999994
 21
-62.6858709999999988
 31
0
  0
LINE
  5
6D4
330
22
100
AcDbEntity
  8
F.Silkscreen
  6
CONTINUOUS
100
AcDbLine
 10
98.891375999999994
 20
-62.6858709999999988
 30
0
 11
98.9198439999999977
 21
-62.6926500000000004
 31
0
  0
LINE
  5
6D5
330
22
100
AcDbEntity
  8
F.Silkscreen
  6
CONTINUOUS
100
AcDbLine
 10
112.4026429999999976
 20
-61.6805479999999946
 30
0
 11
112.4046179999999993
 21
-61.6804079999999999
 31
0
  0
LINE
  5
6D6
330
22
100
AcDbEntity
  8
F.Silkscreen
  6
CONTINUOUS
100
AcDbLine
 10
112.4046179999999993
 20
-61.6804079999999999
 30
0
 11
112.4072149999999937
 21
-61.6809979999999953
 31
0
  0
LINE
  5
6D7
330
22
100
AcDbEntity
  8
F.Silkscreen
  6
CONTINUOUS
100
AcDbLine
 10
112.4072149999999937
 20
-61.6809979999999953
 30
0
 11
112.409869999999998
 21
-61.6812599999999946
 31
0
  0
LINE
  5
6D8
330
22
100
AcDbEntity
  8
F.Silkscreen
  6
CONTINUOUS
100
AcDbLine
 10
112.409869999999998
 20
-61.6812599999999946
 30
0
 11
112.4117009999999937
 21
-61.6820179999999993
 31
0
  0
LINE
  5
6D9
330
22
100
AcDbEntity
  8
F.Silkscreen
  6
CONTINUOUS
100
AcDbLine
 10
112.4117009999999937
 20
-61.6820179999999993
 30
0
 11
112.4189549999999969
 21
-61.6836679999999973
 31
0
  0
LINE
  5
6DA
330
22
100
AcDbEntity
  8
F.Silkscreen
  6
CONTINUOUS
100
AcDbLine
 10
112.4189549999999969
 20
-61.6836679999999973
 30
0
 11
112.5618119999999891
 21
-61.7312869999999947
 31
0
  0
LINE
  5
6DB
330
22
100
AcDbEntity
  8
F.Silkscreen
  6
CONTINUOUS
100
AcDbLine
 10
112.5618119999999891
 20
-61.7312869999999947
 30
0
 11
112.5752370000000013
 21
-61.7372809999999959
 31
0
  0
LINE
  5
6DC
330
22
100
AcDbEntity
  8
F.Silkscreen
  6
CONTINUOUS
100
AcDbLine
 10
112.5752370000000013
 20
-61.7372809999999959
 30
0
 11
112.5973439999999925
 21
-61.7564549999999954
 31
0
  0
LINE
  5
6DD
330
22
100
AcDbEntity
  8
F.Silkscreen
  6
CONTINUOUS
100
AcDbLine
 10
112.5973439999999925
 20
-61.7564549999999954
 30
0
 11
112.6104309999999913
 21
-61.7826279999999954
 31
0
  0
LINE
  5
6DE
330
22
100
AcDbEntity
  8
F.Silkscreen
  6
CONTINUOUS
100
AcDbLine
 10
112.6104309999999913
 20
-61.7826279999999954
 30
0
 11
112.6125059999999962
 21
-61.8118179999999953
 31
0
  0
LINE
  5
6DF
330
22
100
AcDbEntity
  8
F.Silkscreen
  6
CONTINUOUS
100
AcDbLine
 10
112.6125059999999962
 20
-61.8118179999999953
 30
0
 11
112.6032519999999977
 21
-61.839579999999998
 31
0
  0
LINE
  5
6E0
330
22
100
AcDbEntity
  8
F.Silkscreen
  6
CONTINUOUS
100
AcDbLine
 10
112.6032519999999977
 20
-61.839579999999998
 30
0
 11
112.584077999999991
 21
-61.8616879999999938
 31
0
  0
LINE
  5
6E1
330
22
100
AcDbEntity
  8
F.Silkscreen
  6
CONTINUOUS
100
AcDbLine
 10
112.584077999999991
 20
-61.8616879999999938
 30
0
 11
112.5579039999999935
 21
-61.8747739999999951
 31
0
  0
LINE
  5
6E2
330
22
100
AcDbEntity
  8
F.Silkscreen
  6
CONTINUOUS
100
AcDbLine
 10
112.5579039999999935
 20
-61.8747739999999951
 30
0
 11
112.5287139999999937
 21
-61.876849
 31
0
  0
LINE
  5
6E3
330
22
100
AcDbEntity
  8
F.Silkscreen
  6
CONTINUOUS
100
AcDbLine
 10
112.5287139999999937
 20
-61.876849
 30
0
 11
112.5143769999999961
 21
-61.8735889999999955
 31
0
  0
LINE
  5
6E4
330
22
100
AcDbEntity
  8
F.Silkscreen
  6
CONTINUOUS
100
AcDbLine
 10
112.5143769999999961
 20
-61.8735889999999955
 30
0
 11
112.3830679999999944
 21
-61.8298190000000005
 31
0
  0
LINE
  5
6E5
330
22
100
AcDbEntity
  8
F.Silkscreen
  6
CONTINUOUS
100
AcDbLine
 10
112.3830679999999944
 20
-61.8298190000000005
 30
0
 11
112.1748479999999972
 21
-61.8298190000000005
 31
0
  0
LINE
  5
6E6
330
22
100
AcDbEntity
  8
F.Silkscreen
  6
CONTINUOUS
100
AcDbLine
 10
112.1748479999999972
 20
-61.8298190000000005
 30
0
 11
112.1063319999999948
 21
-61.8640769999999947
 31
0
  0
LINE
  5
6E7
330
22
100
AcDbEntity
  8
F.Silkscreen
  6
CONTINUOUS
100
AcDbLine
 10
112.1063319999999948
 20
-61.8640769999999947
 30
0
 11
112.075924999999998
 21
-61.8944839999999985
 31
0
  0
LINE
  5
6E8
330
22
100
AcDbEntity
  8
F.Silkscreen
  6
CONTINUOUS
100
AcDbLine
 10
112.075924999999998
 20
-61.8944839999999985
 30
0
 11
112.0416669999999897
 21
-61.9629999999999939
 31
0
  0
LINE
  5
6E9
330
22
100
AcDbEntity
  8
F.Silkscreen
  6
CONTINUOUS
100
AcDbLine
 10
112.0416669999999897
 20
-61.9629999999999939
 30
0
 11
112.0416669999999897
 21
-62.022827999999997
 31
0
  0
LINE
  5
6EA
330
22
100
AcDbEntity
  8
F.Silkscreen
  6
CONTINUOUS
100
AcDbLine
 10
112.0416669999999897
 20
-62.022827999999997
 30
0
 11
112.075924999999998
 21
-62.0913439999999994
 31
0
  0
LINE
  5
6EB
330
22
100
AcDbEntity
  8
F.Silkscreen
  6
CONTINUOUS
100
AcDbLine
 10
112.075924999999998
 20
-62.0913439999999994
 30
0
 11
112.1063319999999948
 21
-62.1217509999999962
 31
0
  0
LINE
  5
6EC
330
22
100
AcDbEntity
  8
F.Silkscreen
  6
CONTINUOUS
100
AcDbLine
 10
112.1063319999999948
 20
-62.1217509999999962
 30
0
 11
112.1833189999999973
 21
-62.1602439999999987
 31
0
  0
LINE
  5
6ED
330
22
100
AcDbEntity
  8
F.Silkscreen
  6
CONTINUOUS
100
AcDbLine
 10
112.1833189999999973
 20
-62.1602439999999987
 30
0
 11
112.3658089999999987
 21
-62.2058669999999978
 31
0
  0
LINE
  5
6EE
330
22
100
AcDbEntity
  8
F.Silkscreen
  6
CONTINUOUS
100
AcDbLine
 10
112.3658089999999987
 20
-62.2058669999999978
 30
0
 11
112.3668879999999888
 21
-62.2062519999999992
 31
0
  0
LINE
  5
6EF
330
22
100
AcDbEntity
  8
F.Silkscreen
  6
CONTINUOUS
100
AcDbLine
 10
112.3668879999999888
 20
-62.2062519999999992
 30
0
 11
112.3674279999999897
 21
-62.2062910000000002
 31
0
  0
LINE
  5
6F0
330
22
100
AcDbEntity
  8
F.Silkscreen
  6
CONTINUOUS
100
AcDbLine
 10
112.3674279999999897
 20
-62.2062910000000002
 30
0
 11
112.3735089999999985
 21
-62.2086179999999942
 31
0
  0
LINE
  5
6F1
330
22
100
AcDbEntity
  8
F.Silkscreen
  6
CONTINUOUS
100
AcDbLine
 10
112.3735089999999985
 20
-62.2086179999999942
 30
0
 11
112.3796549999999996
 21
-62.2108139999999992
 31
0
  0
LINE
  5
6F2
330
22
100
AcDbEntity
  8
F.Silkscreen
  6
CONTINUOUS
100
AcDbLine
 10
112.3796549999999996
 20
-62.2108139999999992
 30
0
 11
112.3800899999999956
 21
-62.2111359999999962
 31
0
  0
LINE
  5
6F3
330
22
100
AcDbEntity
  8
F.Silkscreen
  6
CONTINUOUS
100
AcDbLine
 10
112.3800899999999956
 20
-62.2111359999999962
 30
0
 11
112.3811599999999942
 21
-62.2115459999999985
 31
0
  0
LINE
  5
6F4
330
22
100
AcDbEntity
  8
F.Silkscreen
  6
CONTINUOUS
100
AcDbLine
 10
112.3811599999999942
 20
-62.2115459999999985
 30
0
 11
112.476397999999989
 21
-62.2591649999999959
 31
0
  0
LINE
  5
6F5
330
22
100
AcDbEntity
  8
F.Silkscreen
  6
CONTINUOUS
100
AcDbLine
 10
112.476397999999989
 20
-62.2591649999999959
 30
0
 11
112.4826970000000017
 21
-62.2631289999999993
 31
0
  0
LINE
  5
6F6
330
22
100
AcDbEntity
  8
F.Silkscreen
  6
CONTINUOUS
100
AcDbLine
 10
112.4826970000000017
 20
-62.2631289999999993
 30
0
 11
112.4845249999999908
 21
-62.2638869999999969
 31
0
  0
LINE
  5
6F7
330
22
100
AcDbEntity
  8
F.Silkscreen
  6
CONTINUOUS
100
AcDbLine
 10
112.4845249999999908
 20
-62.2638869999999969
 30
0
 11
112.486581000000001
 21
-62.2655749999999983
 31
0
  0
LINE
  5
6F8
330
22
100
AcDbEntity
  8
F.Silkscreen
  6
CONTINUOUS
100
AcDbLine
 10
112.486581000000001
 20
-62.2655749999999983
 30
0
 11
112.4888409999999936
 21
-62.2669969999999964
 31
0
  0
LINE
  5
6F9
330
22
100
AcDbEntity
  8
F.Silkscreen
  6
CONTINUOUS
100
AcDbLine
 10
112.4888409999999936
 20
-62.2669969999999964
 30
0
 11
112.4901399999999967
 21
-62.2684949999999944
 31
0
  0
LINE
  5
6FA
330
22
100
AcDbEntity
  8
F.Silkscreen
  6
CONTINUOUS
100
AcDbLine
 10
112.4901399999999967
 20
-62.2684949999999944
 30
0
 11
112.4958899999999886
 21
-62.2732139999999958
 31
0
  0
LINE
  5
6FB
330
22
100
AcDbEntity
  8
F.Silkscreen
  6
CONTINUOUS
100
AcDbLine
 10
112.4958899999999886
 20
-62.2732139999999958
 30
0
 11
112.5435090000000002
 21
-62.3208330000000004
 31
0
  0
LINE
  5
6FC
330
22
100
AcDbEntity
  8
F.Silkscreen
  6
CONTINUOUS
100
AcDbLine
 10
112.5435090000000002
 20
-62.3208330000000004
 30
0
 11
112.5482269999999971
 21
-62.3265819999999948
 31
0
  0
LINE
  5
6FD
330
22
100
AcDbEntity
  8
F.Silkscreen
  6
CONTINUOUS
100
AcDbLine
 10
112.5482269999999971
 20
-62.3265819999999948
 30
0
 11
112.5497259999999926
 21
-62.3278819999999953
 31
0
  0
LINE
  5
6FE
330
22
100
AcDbEntity
  8
F.Silkscreen
  6
CONTINUOUS
100
AcDbLine
 10
112.5497259999999926
 20
-62.3278819999999953
 30
0
 11
112.5511470000000003
 21
-62.3301409999999976
 31
0
  0
LINE
  5
6FF
330
22
100
AcDbEntity
  8
F.Silkscreen
  6
CONTINUOUS
100
AcDbLine
 10
112.5511470000000003
 20
-62.3301409999999976
 30
0
 11
112.5528359999999992
 21
-62.3321979999999982
 31
0
  0
LINE
  5
700
330
22
100
AcDbEntity
  8
F.Silkscreen
  6
CONTINUOUS
100
AcDbLine
 10
112.5528359999999992
 20
-62.3321979999999982
 30
0
 11
112.5535929999999922
 21
-62.3340249999999969
 31
0
  0
LINE
  5
701
330
22
100
AcDbEntity
  8
F.Silkscreen
  6
CONTINUOUS
100
AcDbLine
 10
112.5535929999999922
 20
-62.3340249999999969
 30
0
 11
112.5575580000000002
 21
-62.340325
 31
0
  0
LINE
  5
702
330
22
100
AcDbEntity
  8
F.Silkscreen
  6
CONTINUOUS
100
AcDbLine
 10
112.5575580000000002
 20
-62.340325
 30
0
 11
112.6051769999999976
 21
-62.4355629999999948
 31
0
  0
LINE
  5
703
330
22
100
AcDbEntity
  8
F.Silkscreen
  6
CONTINUOUS
100
AcDbLine
 10
112.6051769999999976
 20
-62.4355629999999948
 30
0
 11
112.6104319999999888
 21
-62.4492939999999948
 31
0
  0
LINE
  5
704
330
22
100
AcDbEntity
  8
F.Silkscreen
  6
CONTINUOUS
100
AcDbLine
 10
112.6104319999999888
 20
-62.4492939999999948
 30
0
 11
112.6106229999999897
 21
-62.4519829999999985
 31
0
  0
LINE
  5
705
330
22
100
AcDbEntity
  8
F.Silkscreen
  6
CONTINUOUS
100
AcDbLine
 10
112.6106229999999897
 20
-62.4519829999999985
 30
0
 11
112.6116540000000015
 21
-62.4544719999999955
 31
0
  0
LINE
  5
706
330
22
100
AcDbEntity
  8
F.Silkscreen
  6
CONTINUOUS
100
AcDbLine
 10
112.6116540000000015
 20
-62.4544719999999955
 30
0
 11
112.6130950000000013
 21
-62.4691039999999944
 31
0
  0
LINE
  5
707
330
22
100
AcDbEntity
  8
F.Silkscreen
  6
CONTINUOUS
100
AcDbLine
 10
112.6130950000000013
 20
-62.4691039999999944
 30
0
 11
112.6130950000000013
 21
-62.5643419999999963
 31
0
  0
LINE
  5
708
330
22
100
AcDbEntity
  8
F.Silkscreen
  6
CONTINUOUS
100
AcDbLine
 10
112.6130950000000013
 20
-62.5643419999999963
 30
0
 11
112.6116540000000015
 21
-62.5789739999999952
 31
0
  0
LINE
  5
709
330
22
100
AcDbEntity
  8
F.Silkscreen
  6
CONTINUOUS
100
AcDbLine
 10
112.6116540000000015
 20
-62.5789739999999952
 30
0
 11
112.6106229999999897
 21
-62.5814619999999948
 31
0
  0
LINE
  5
70A
330
22
100
AcDbEntity
  8
F.Silkscreen
  6
CONTINUOUS
100
AcDbLine
 10
112.6106229999999897
 20
-62.5814619999999948
 30
0
 11
112.6104319999999888
 21
-62.584151999999996
 31
0
  0
LINE
  5
70B
330
22
100
AcDbEntity
  8
F.Silkscreen
  6
CONTINUOUS
100
AcDbLine
 10
112.6104319999999888
 20
-62.584151999999996
 30
0
 11
112.6051769999999976
 21
-62.5978829999999959
 31
0
  0
LINE
  5
70C
330
22
100
AcDbEntity
  8
F.Silkscreen
  6
CONTINUOUS
100
AcDbLine
 10
112.6051769999999976
 20
-62.5978829999999959
 30
0
 11
112.5575580000000002
 21
-62.6931209999999979
 31
0
  0
LINE
  5
70D
330
22
100
AcDbEntity
  8
F.Silkscreen
  6
CONTINUOUS
100
AcDbLine
 10
112.5575580000000002
 20
-62.6931209999999979
 30
0
 11
112.5535939999999897
 21
-62.6994169999999968
 31
0
  0
LINE
  5
70E
330
22
100
AcDbEntity
  8
F.Silkscreen
  6
CONTINUOUS
100
AcDbLine
 10
112.5535939999999897
 20
-62.6994169999999968
 30
0
 11
112.5528369999999967
 21
-62.7012469999999951
 31
0
  0
LINE
  5
70F
330
22
100
AcDbEntity
  8
F.Silkscreen
  6
CONTINUOUS
100
AcDbLine
 10
112.5528369999999967
 20
-62.7012469999999951
 30
0
 11
112.5511470000000003
 21
-62.7033050000000003
 31
0
  0
LINE
  5
710
330
22
100
AcDbEntity
  8
F.Silkscreen
  6
CONTINUOUS
100
AcDbLine
 10
112.5511470000000003
 20
-62.7033050000000003
 30
0
 11
112.5497259999999926
 21
-62.7055639999999954
 31
0
  0
LINE
  5
711
330
22
100
AcDbEntity
  8
F.Silkscreen
  6
CONTINUOUS
100
AcDbLine
 10
112.5497259999999926
 20
-62.7055639999999954
 30
0
 11
112.5482269999999971
 21
-62.7068629999999985
 31
0
  0
LINE
  5
712
330
22
100
AcDbEntity
  8
F.Silkscreen
  6
CONTINUOUS
100
AcDbLine
 10
112.5482269999999971
 20
-62.7068629999999985
 30
0
 11
112.5435090000000002
 21
-62.7126129999999975
 31
0
  0
LINE
  5
713
330
22
100
AcDbEntity
  8
F.Silkscreen
  6
CONTINUOUS
100
AcDbLine
 10
112.5435090000000002
 20
-62.7126129999999975
 30
0
 11
112.4958910000000003
 21
-62.7602319999999949
 31
0
  0
LINE
  5
714
330
22
100
AcDbEntity
  8
F.Silkscreen
  6
CONTINUOUS
100
AcDbLine
 10
112.4958910000000003
 20
-62.7602319999999949
 30
0
 11
112.4901409999999942
 21
-62.7649499999999989
 31
0
  0
LINE
  5
715
330
22
100
AcDbEntity
  8
F.Silkscreen
  6
CONTINUOUS
100
AcDbLine
 10
112.4901409999999942
 20
-62.7649499999999989
 30
0
 11
112.4888409999999936
 21
-62.766449999999999
 31
0
  0
LINE
  5
716
330
22
100
AcDbEntity
  8
F.Silkscreen
  6
CONTINUOUS
100
AcDbLine
 10
112.4888409999999936
 20
-62.766449999999999
 30
0
 11
112.486581000000001
 21
-62.767871999999997
 31
0
  0
LINE
  5
717
330
22
100
AcDbEntity
  8
F.Silkscreen
  6
CONTINUOUS
100
AcDbLine
 10
112.486581000000001
 20
-62.767871999999997
 30
0
 11
112.4845249999999908
 21
-62.7695599999999985
 31
0
  0
LINE
  5
718
330
22
100
AcDbEntity
  8
F.Silkscreen
  6
CONTINUOUS
100
AcDbLine
 10
112.4845249999999908
 20
-62.7695599999999985
 30
0
 11
112.4826970000000017
 21
-62.7703169999999986
 31
0
  0
LINE
  5
719
330
22
100
AcDbEntity
  8
F.Silkscreen
  6
CONTINUOUS
100
AcDbLine
 10
112.4826970000000017
 20
-62.7703169999999986
 30
0
 11
112.476397999999989
 21
-62.7742819999999995
 31
0
  0
LINE
  5
71A
330
22
100
AcDbEntity
  8
F.Silkscreen
  6
CONTINUOUS
100
AcDbLine
 10
112.476397999999989
 20
-62.7742819999999995
 30
0
 11
112.3811599999999942
 21
-62.8219009999999969
 31
0
  0
LINE
  5
71B
330
22
100
AcDbEntity
  8
F.Silkscreen
  6
CONTINUOUS
100
AcDbLine
 10
112.3811599999999942
 20
-62.8219009999999969
 30
0
 11
112.3674279999999897
 21
-62.8271559999999951
 31
0
  0
LINE
  5
71C
330
22
100
AcDbEntity
  8
F.Silkscreen
  6
CONTINUOUS
100
AcDbLine
 10
112.3674279999999897
 20
-62.8271559999999951
 30
0
 11
112.3647399999999976
 21
-62.8273459999999986
 31
0
  0
LINE
  5
71D
330
22
100
AcDbEntity
  8
F.Silkscreen
  6
CONTINUOUS
100
AcDbLine
 10
112.3647399999999976
 20
-62.8273459999999986
 30
0
 11
112.3622510000000005
 21
-62.8283779999999936
 31
0
  0
LINE
  5
71E
330
22
100
AcDbEntity
  8
F.Silkscreen
  6
CONTINUOUS
100
AcDbLine
 10
112.3622510000000005
 20
-62.8283779999999936
 30
0
 11
112.3476189999999946
 21
-62.8298190000000005
 31
0
  0
LINE
  5
71F
330
22
100
AcDbEntity
  8
F.Silkscreen
  6
CONTINUOUS
100
AcDbLine
 10
112.3476189999999946
 20
-62.8298190000000005
 30
0
 11
112.1095239999999933
 21
-62.8298190000000005
 31
0
  0
LINE
  5
720
330
22
100
AcDbEntity
  8
F.Silkscreen
  6
CONTINUOUS
100
AcDbLine
 10
112.1095239999999933
 20
-62.8298190000000005
 30
0
 11
112.1021169999999927
 21
-62.8290889999999962
 31
0
  0
LINE
  5
721
330
22
100
AcDbEntity
  8
F.Silkscreen
  6
CONTINUOUS
100
AcDbLine
 10
112.1021169999999927
 20
-62.8290889999999962
 30
0
 11
112.1001429999999885
 21
-62.8292299999999955
 31
0
  0
LINE
  5
722
330
22
100
AcDbEntity
  8
F.Silkscreen
  6
CONTINUOUS
100
AcDbLine
 10
112.1001429999999885
 20
-62.8292299999999955
 30
0
 11
112.0975449999999967
 21
-62.8286389999999955
 31
0
  0
LINE
  5
723
330
22
100
AcDbEntity
  8
F.Silkscreen
  6
CONTINUOUS
100
AcDbLine
 10
112.0975449999999967
 20
-62.8286389999999955
 30
0
 11
112.0948920000000015
 21
-62.8283779999999936
 31
0
  0
LINE
  5
724
330
22
100
AcDbEntity
  8
F.Silkscreen
  6
CONTINUOUS
100
AcDbLine
 10
112.0948920000000015
 20
-62.8283779999999936
 30
0
 11
112.0930609999999916
 21
-62.8276189999999986
 31
0
  0
LINE
  5
725
330
22
100
AcDbEntity
  8
F.Silkscreen
  6
CONTINUOUS
100
AcDbLine
 10
112.0930609999999916
 20
-62.8276189999999986
 30
0
 11
112.0858059999999909
 21
-62.8259699999999981
 31
0
  0
LINE
  5
726
330
22
100
AcDbEntity
  8
F.Silkscreen
  6
CONTINUOUS
100
AcDbLine
 10
112.0858059999999909
 20
-62.8259699999999981
 30
0
 11
111.9429499999999962
 21
-62.7783510000000007
 31
0
  0
LINE
  5
727
330
22
100
AcDbEntity
  8
F.Silkscreen
  6
CONTINUOUS
100
AcDbLine
 10
111.9429499999999962
 20
-62.7783510000000007
 30
0
 11
111.9295240000000007
 21
-62.7723569999999995
 31
0
  0
LINE
  5
728
330
22
100
AcDbEntity
  8
F.Silkscreen
  6
CONTINUOUS
100
AcDbLine
 10
111.9295240000000007
 20
-62.7723569999999995
 30
0
 11
111.9074169999999953
 21
-62.7531829999999999
 31
0
  0
LINE
  5
729
330
22
100
AcDbEntity
  8
F.Silkscreen
  6
CONTINUOUS
100
AcDbLine
 10
111.9074169999999953
 20
-62.7531829999999999
 30
0
 11
111.894330999999994
 21
-62.7270099999999999
 31
0
  0
LINE
  5
72A
330
22
100
AcDbEntity
  8
F.Silkscreen
  6
CONTINUOUS
100
AcDbLine
 10
111.894330999999994
 20
-62.7270099999999999
 30
0
 11
111.8922559999999891
 21
-62.6978200000000001
 31
0
  0
LINE
  5
72B
330
22
100
AcDbEntity
  8
F.Silkscreen
  6
CONTINUOUS
100
AcDbLine
 10
111.8922559999999891
 20
-62.6978200000000001
 30
0
 11
111.9015100000000018
 21
-62.6700569999999999
 31
0
  0
LINE
  5
72C
330
22
100
AcDbEntity
  8
F.Silkscreen
  6
CONTINUOUS
100
AcDbLine
 10
111.9015100000000018
 20
-62.6700569999999999
 30
0
 11
111.9206839999999943
 21
-62.6479499999999945
 31
0
  0
LINE
  5
72D
330
22
100
AcDbEntity
  8
F.Silkscreen
  6
CONTINUOUS
100
AcDbLine
 10
111.9206839999999943
 20
-62.6479499999999945
 30
0
 11
111.9468569999999943
 21
-62.6348640000000003
 31
0
  0
LINE
  5
72E
330
22
100
AcDbEntity
  8
F.Silkscreen
  6
CONTINUOUS
100
AcDbLine
 10
111.9468569999999943
 20
-62.6348640000000003
 30
0
 11
111.9760469999999941
 21
-62.6327889999999954
 31
0
  0
LINE
  5
72F
330
22
100
AcDbEntity
  8
F.Silkscreen
  6
CONTINUOUS
100
AcDbLine
 10
111.9760469999999941
 20
-62.6327889999999954
 30
0
 11
111.9903839999999917
 21
-62.6360489999999999
 31
0
  0
LINE
  5
730
330
22
100
AcDbEntity
  8
F.Silkscreen
  6
CONTINUOUS
100
AcDbLine
 10
111.9903839999999917
 20
-62.6360489999999999
 30
0
 11
112.1216939999999909
 21
-62.6798189999999948
 31
0
  0
LINE
  5
731
330
22
100
AcDbEntity
  8
F.Silkscreen
  6
CONTINUOUS
100
AcDbLine
 10
112.1216939999999909
 20
-62.6798189999999948
 30
0
 11
112.3299139999999881
 21
-62.6798189999999948
 31
0
  0
LINE
  5
732
330
22
100
AcDbEntity
  8
F.Silkscreen
  6
CONTINUOUS
100
AcDbLine
 10
112.3299139999999881
 20
-62.6798189999999948
 30
0
 11
112.398428999999993
 21
-62.6455610000000007
 31
0
  0
LINE
  5
733
330
22
100
AcDbEntity
  8
F.Silkscreen
  6
CONTINUOUS
100
AcDbLine
 10
112.398428999999993
 20
-62.6455610000000007
 30
0
 11
112.4288359999999898
 21
-62.6151529999999994
 31
0
  0
LINE
  5
734
330
22
100
AcDbEntity
  8
F.Silkscreen
  6
CONTINUOUS
100
AcDbLine
 10
112.4288359999999898
 20
-62.6151529999999994
 30
0
 11
112.4630949999999956
 21
-62.5466369999999969
 31
0
  0
LINE
  5
735
330
22
100
AcDbEntity
  8
F.Silkscreen
  6
CONTINUOUS
100
AcDbLine
 10
112.4630949999999956
 20
-62.5466369999999969
 30
0
 11
112.4630949999999956
 21
-62.4868089999999938
 31
0
  0
LINE
  5
736
330
22
100
AcDbEntity
  8
F.Silkscreen
  6
CONTINUOUS
100
AcDbLine
 10
112.4630949999999956
 20
-62.4868089999999938
 30
0
 11
112.4288370000000015
 21
-62.4182929999999985
 31
0
  0
LINE
  5
737
330
22
100
AcDbEntity
  8
F.Silkscreen
  6
CONTINUOUS
100
AcDbLine
 10
112.4288370000000015
 20
-62.4182929999999985
 30
0
 11
112.3984299999999905
 21
-62.3878859999999946
 31
0
  0
LINE
  5
738
330
22
100
AcDbEntity
  8
F.Silkscreen
  6
CONTINUOUS
100
AcDbLine
 10
112.3984299999999905
 20
-62.3878859999999946
 30
0
 11
112.3214429999999879
 21
-62.3493919999999946
 31
0
  0
LINE
  5
739
330
22
100
AcDbEntity
  8
F.Silkscreen
  6
CONTINUOUS
100
AcDbLine
 10
112.3214429999999879
 20
-62.3493919999999946
 30
0
 11
112.1389530000000008
 21
-62.3037700000000001
 31
0
  0
LINE
  5
73A
330
22
100
AcDbEntity
  8
F.Silkscreen
  6
CONTINUOUS
100
AcDbLine
 10
112.1389530000000008
 20
-62.3037700000000001
 30
0
 11
112.137872999999999
 21
-62.3033839999999941
 31
0
  0
LINE
  5
73B
330
22
100
AcDbEntity
  8
F.Silkscreen
  6
CONTINUOUS
100
AcDbLine
 10
112.137872999999999
 20
-62.3033839999999941
 30
0
 11
112.1373329999999982
 21
-62.3033459999999977
 31
0
  0
LINE
  5
73C
330
22
100
AcDbEntity
  8
F.Silkscreen
  6
CONTINUOUS
100
AcDbLine
 10
112.1373329999999982
 20
-62.3033459999999977
 30
0
 11
112.1312429999999978
 21
-62.3010149999999996
 31
0
  0
LINE
  5
73D
330
22
100
AcDbEntity
  8
F.Silkscreen
  6
CONTINUOUS
100
AcDbLine
 10
112.1312429999999978
 20
-62.3010149999999996
 30
0
 11
112.1251069999999999
 21
-62.2988229999999987
 31
0
  0
LINE
  5
73E
330
22
100
AcDbEntity
  8
F.Silkscreen
  6
CONTINUOUS
100
AcDbLine
 10
112.1251069999999999
 20
-62.2988229999999987
 30
0
 11
112.1246709999999922
 21
-62.2984999999999971
 31
0
  0
LINE
  5
73F
330
22
100
AcDbEntity
  8
F.Silkscreen
  6
CONTINUOUS
100
AcDbLine
 10
112.1246709999999922
 20
-62.2984999999999971
 30
0
 11
112.1236019999999911
 21
-62.2980909999999994
 31
0
  0
LINE
  5
740
330
22
100
AcDbEntity
  8
F.Silkscreen
  6
CONTINUOUS
100
AcDbLine
 10
112.1236019999999911
 20
-62.2980909999999994
 30
0
 11
112.0283639999999963
 21
-62.2504719999999949
 31
0
  0
LINE
  5
741
330
22
100
AcDbEntity
  8
F.Silkscreen
  6
CONTINUOUS
100
AcDbLine
 10
112.0283639999999963
 20
-62.2504719999999949
 30
0
 11
112.0220640000000003
 21
-62.246506999999994
 31
0
  0
LINE
  5
742
330
22
100
AcDbEntity
  8
F.Silkscreen
  6
CONTINUOUS
100
AcDbLine
 10
112.0220640000000003
 20
-62.246506999999994
 30
0
 11
112.0202369999999945
 21
-62.2457499999999939
 31
0
  0
LINE
  5
743
330
22
100
AcDbEntity
  8
F.Silkscreen
  6
CONTINUOUS
100
AcDbLine
 10
112.0202369999999945
 20
-62.2457499999999939
 30
0
 11
112.018180000000001
 21
-62.244060999999995
 31
0
  0
LINE
  5
744
330
22
100
AcDbEntity
  8
F.Silkscreen
  6
CONTINUOUS
100
AcDbLine
 10
112.018180000000001
 20
-62.244060999999995
 30
0
 11
112.0159209999999916
 21
-62.2426399999999944
 31
0
  0
LINE
  5
745
330
22
100
AcDbEntity
  8
F.Silkscreen
  6
CONTINUOUS
100
AcDbLine
 10
112.0159209999999916
 20
-62.2426399999999944
 30
0
 11
112.0146209999999911
 21
-62.2411409999999989
 31
0
  0
LINE
  5
746
330
22
100
AcDbEntity
  8
F.Silkscreen
  6
CONTINUOUS
100
AcDbLine
 10
112.0146209999999911
 20
-62.2411409999999989
 30
0
 11
112.0088719999999967
 21
-62.2364229999999949
 31
0
  0
LINE
  5
747
330
22
100
AcDbEntity
  8
F.Silkscreen
  6
CONTINUOUS
100
AcDbLine
 10
112.0088719999999967
 20
-62.2364229999999949
 30
0
 11
111.9612529999999992
 21
-62.1888039999999975
 31
0
  0
LINE
  5
748
330
22
100
AcDbEntity
  8
F.Silkscreen
  6
CONTINUOUS
100
AcDbLine
 10
111.9612529999999992
 20
-62.1888039999999975
 30
0
 11
111.9565339999999907
 21
-62.1830539999999985
 31
0
  0
LINE
  5
749
330
22
100
AcDbEntity
  8
F.Silkscreen
  6
CONTINUOUS
100
AcDbLine
 10
111.9565339999999907
 20
-62.1830539999999985
 30
0
 11
111.9550359999999927
 21
-62.1817549999999954
 31
0
  0
LINE
  5
74A
330
22
100
AcDbEntity
  8
F.Silkscreen
  6
CONTINUOUS
100
AcDbLine
 10
111.9550359999999927
 20
-62.1817549999999954
 30
0
 11
111.9536140000000017
 21
-62.1794949999999957
 31
0
  0
LINE
  5
74B
330
22
100
AcDbEntity
  8
F.Silkscreen
  6
CONTINUOUS
100
AcDbLine
 10
111.9536140000000017
 20
-62.1794949999999957
 30
0
 11
111.9519260000000003
 21
-62.1774389999999997
 31
0
  0
LINE
  5
74C
330
22
100
AcDbEntity
  8
F.Silkscreen
  6
CONTINUOUS
100
AcDbLine
 10
111.9519260000000003
 20
-62.1774389999999997
 30
0
 11
111.9511679999999956
 21
-62.1756109999999964
 31
0
  0
LINE
  5
74D
330
22
100
AcDbEntity
  8
F.Silkscreen
  6
CONTINUOUS
100
AcDbLine
 10
111.9511679999999956
 20
-62.1756109999999964
 30
0
 11
111.9472039999999993
 21
-62.1693119999999979
 31
0
  0
LINE
  5
74E
330
22
100
AcDbEntity
  8
F.Silkscreen
  6
CONTINUOUS
100
AcDbLine
 10
111.9472039999999993
 20
-62.1693119999999979
 30
0
 11
111.8995850000000019
 21
-62.074073999999996
 31
0
  0
LINE
  5
74F
330
22
100
AcDbEntity
  8
F.Silkscreen
  6
CONTINUOUS
100
AcDbLine
 10
111.8995850000000019
 20
-62.074073999999996
 30
0
 11
111.8943299999999965
 21
-62.0603419999999986
 31
0
  0
LINE
  5
750
330
22
100
AcDbEntity
  8
F.Silkscreen
  6
CONTINUOUS
100
AcDbLine
 10
111.8943299999999965
 20
-62.0603419999999986
 30
0
 11
111.8941389999999956
 21
-62.0576539999999994
 31
0
  0
LINE
  5
751
330
22
100
AcDbEntity
  8
F.Silkscreen
  6
CONTINUOUS
100
AcDbLine
 10
111.8941389999999956
 20
-62.0576539999999994
 30
0
 11
111.893107999999998
 21
-62.0551649999999952
 31
0
  0
LINE
  5
752
330
22
100
AcDbEntity
  8
F.Silkscreen
  6
CONTINUOUS
100
AcDbLine
 10
111.893107999999998
 20
-62.0551649999999952
 30
0
 11
111.8916669999999982
 21
-62.0405329999999964
 31
0
  0
LINE
  5
753
330
22
100
AcDbEntity
  8
F.Silkscreen
  6
CONTINUOUS
100
AcDbLine
 10
111.8916669999999982
 20
-62.0405329999999964
 30
0
 11
111.8916669999999982
 21
-61.9452949999999944
 31
0
  0
LINE
  5
754
330
22
100
AcDbEntity
  8
F.Silkscreen
  6
CONTINUOUS
100
AcDbLine
 10
111.8916669999999982
 20
-61.9452949999999944
 30
0
 11
111.893107999999998
 21
-61.9306629999999956
 31
0
  0
LINE
  5
755
330
22
100
AcDbEntity
  8
F.Silkscreen
  6
CONTINUOUS
100
AcDbLine
 10
111.893107999999998
 20
-61.9306629999999956
 30
0
 11
111.8941389999999956
 21
-61.9281729999999939
 31
0
  0
LINE
  5
756
330
22
100
AcDbEntity
  8
F.Silkscreen
  6
CONTINUOUS
100
AcDbLine
 10
111.8941389999999956
 20
-61.9281729999999939
 30
0
 11
111.8943299999999965
 21
-61.9254859999999994
 31
0
  0
LINE
  5
757
330
22
100
AcDbEntity
  8
F.Silkscreen
  6
CONTINUOUS
100
AcDbLine
 10
111.8943299999999965
 20
-61.9254859999999994
 30
0
 11
111.8995850000000019
 21
-61.9117539999999948
 31
0
  0
LINE
  5
758
330
22
100
AcDbEntity
  8
F.Silkscreen
  6
CONTINUOUS
100
AcDbLine
 10
111.8995850000000019
 20
-61.9117539999999948
 30
0
 11
111.9472039999999993
 21
-61.816516
 31
0
  0
LINE
  5
759
330
22
100
AcDbEntity
  8
F.Silkscreen
  6
CONTINUOUS
100
AcDbLine
 10
111.9472039999999993
 20
-61.816516
 30
0
 11
111.9511679999999956
 21
-61.8102159999999969
 31
0
  0
LINE
  5
75A
330
22
100
AcDbEntity
  8
F.Silkscreen
  6
CONTINUOUS
100
AcDbLine
 10
111.9511679999999956
 20
-61.8102159999999969
 30
0
 11
111.9519260000000003
 21
-61.8083889999999982
 31
0
  0
LINE
  5
75B
330
22
100
AcDbEntity
  8
F.Silkscreen
  6
CONTINUOUS
100
AcDbLine
 10
111.9519260000000003
 20
-61.8083889999999982
 30
0
 11
111.9536140000000017
 21
-61.8063319999999976
 31
0
  0
LINE
  5
75C
330
22
100
AcDbEntity
  8
F.Silkscreen
  6
CONTINUOUS
100
AcDbLine
 10
111.9536140000000017
 20
-61.8063319999999976
 30
0
 11
111.9550359999999927
 21
-61.8040729999999954
 31
0
  0
LINE
  5
75D
330
22
100
AcDbEntity
  8
F.Silkscreen
  6
CONTINUOUS
100
AcDbLine
 10
111.9550359999999927
 20
-61.8040729999999954
 30
0
 11
111.9565339999999907
 21
-61.8027729999999949
 31
0
  0
LINE
  5
75E
330
22
100
AcDbEntity
  8
F.Silkscreen
  6
CONTINUOUS
100
AcDbLine
 10
111.9565339999999907
 20
-61.8027729999999949
 30
0
 11
111.9612529999999992
 21
-61.7970240000000004
 31
0
  0
LINE
  5
75F
330
22
100
AcDbEntity
  8
F.Silkscreen
  6
CONTINUOUS
100
AcDbLine
 10
111.9612529999999992
 20
-61.7970240000000004
 30
0
 11
112.0088719999999967
 21
-61.7494049999999959
 31
0
  0
LINE
  5
760
330
22
100
AcDbEntity
  8
F.Silkscreen
  6
CONTINUOUS
100
AcDbLine
 10
112.0088719999999967
 20
-61.7494049999999959
 30
0
 11
112.0146209999999911
 21
-61.7446859999999944
 31
0
  0
LINE
  5
761
330
22
100
AcDbEntity
  8
F.Silkscreen
  6
CONTINUOUS
100
AcDbLine
 10
112.0146209999999911
 20
-61.7446859999999944
 30
0
 11
112.0159209999999916
 21
-61.7431879999999964
 31
0
  0
LINE
  5
762
330
22
100
AcDbEntity
  8
F.Silkscreen
  6
CONTINUOUS
100
AcDbLine
 10
112.0159209999999916
 20
-61.7431879999999964
 30
0
 11
112.018180000000001
 21
-61.7417659999999984
 31
0
  0
LINE
  5
763
330
22
100
AcDbEntity
  8
F.Silkscreen
  6
CONTINUOUS
100
AcDbLine
 10
112.018180000000001
 20
-61.7417659999999984
 30
0
 11
112.0202369999999945
 21
-61.7400779999999969
 31
0
  0
LINE
  5
764
330
22
100
AcDbEntity
  8
F.Silkscreen
  6
CONTINUOUS
100
AcDbLine
 10
112.0202369999999945
 20
-61.7400779999999969
 30
0
 11
112.0220640000000003
 21
-61.7393199999999993
 31
0
  0
LINE
  5
765
330
22
100
AcDbEntity
  8
F.Silkscreen
  6
CONTINUOUS
100
AcDbLine
 10
112.0220640000000003
 20
-61.7393199999999993
 30
0
 11
112.0283639999999963
 21
-61.7353559999999959
 31
0
  0
LINE
  5
766
330
22
100
AcDbEntity
  8
F.Silkscreen
  6
CONTINUOUS
100
AcDbLine
 10
112.0283639999999963
 20
-61.7353559999999959
 30
0
 11
112.1236019999999911
 21
-61.6877369999999985
 31
0
  0
LINE
  5
767
330
22
100
AcDbEntity
  8
F.Silkscreen
  6
CONTINUOUS
100
AcDbLine
 10
112.1236019999999911
 20
-61.6877369999999985
 30
0
 11
112.1373329999999982
 21
-61.6824820000000003
 31
0
  0
LINE
  5
768
330
22
100
AcDbEntity
  8
F.Silkscreen
  6
CONTINUOUS
100
AcDbLine
 10
112.1373329999999982
 20
-61.6824820000000003
 30
0
 11
112.1400220000000019
 21
-61.6822899999999947
 31
0
  0
LINE
  5
769
330
22
100
AcDbEntity
  8
F.Silkscreen
  6
CONTINUOUS
100
AcDbLine
 10
112.1400220000000019
 20
-61.6822899999999947
 30
0
 11
112.1425109999999989
 21
-61.6812599999999946
 31
0
  0
LINE
  5
76A
330
22
100
AcDbEntity
  8
F.Silkscreen
  6
CONTINUOUS
100
AcDbLine
 10
112.1425109999999989
 20
-61.6812599999999946
 30
0
 11
112.1571429999999907
 21
-61.6798189999999948
 31
0
  0
LINE
  5
76B
330
22
100
AcDbEntity
  8
F.Silkscreen
  6
CONTINUOUS
100
AcDbLine
 10
112.1571429999999907
 20
-61.6798189999999948
 30
0
 11
112.395237999999992
 21
-61.6798189999999948
 31
0
  0
LINE
  5
76C
330
22
100
AcDbEntity
  8
F.Silkscreen
  6
CONTINUOUS
100
AcDbLine
 10
112.395237999999992
 20
-61.6798189999999948
 30
0
 11
112.4026429999999976
 21
-61.6805479999999946
 31
0
  0
LINE
  5
76D
330
22
100
AcDbEntity
  8
F.Silkscreen
  6
CONTINUOUS
100
AcDbLine
 10
113.7598440000000011
 20
-61.6866500000000002
 30
0
 11
113.7835509999999886
 21
-61.7038060000000002
 31
0
  0
LINE
  5
76E
330
22
100
AcDbEntity
  8
F.Silkscreen
  6
CONTINUOUS
100
AcDbLine
 10
113.7835509999999886
 20
-61.7038060000000002
 30
0
 11
113.7988869999999935
 21
-61.7287279999999967
 31
0
  0
LINE
  5
76F
330
22
100
AcDbEntity
  8
F.Silkscreen
  6
CONTINUOUS
100
AcDbLine
 10
113.7988869999999935
 20
-61.7287279999999967
 30
0
 11
113.8035199999999918
 21
-61.7576229999999953
 31
0
  0
LINE
  5
770
330
22
100
AcDbEntity
  8
F.Silkscreen
  6
CONTINUOUS
100
AcDbLine
 10
113.8035199999999918
 20
-61.7576229999999953
 30
0
 11
113.8015319999999946
 21
-61.7721909999999994
 31
0
  0
LINE
  5
771
330
22
100
AcDbEntity
  8
F.Silkscreen
  6
CONTINUOUS
100
AcDbLine
 10
113.8015319999999946
 20
-61.7721909999999994
 30
0
 11
113.5634359999999958
 21
-62.7721909999999994
 31
0
  0
LINE
  5
772
330
22
100
AcDbEntity
  8
F.Silkscreen
  6
CONTINUOUS
100
AcDbLine
 10
113.5634359999999958
 20
-62.7721909999999994
 30
0
 11
113.5617060000000009
 21
-62.7772089999999992
 31
0
  0
LINE
  5
773
330
22
100
AcDbEntity
  8
F.Silkscreen
  6
CONTINUOUS
100
AcDbLine
 10
113.5617060000000009
 20
-62.7772089999999992
 30
0
 11
113.5614669999999933
 21
-62.7790129999999991
 31
0
  0
LINE
  5
774
330
22
100
AcDbEntity
  8
F.Silkscreen
  6
CONTINUOUS
100
AcDbLine
 10
113.5614669999999933
 20
-62.7790129999999991
 30
0
 11
113.5605229999999892
 21
-62.7806420000000003
 31
0
  0
LINE
  5
775
330
22
100
AcDbEntity
  8
F.Silkscreen
  6
CONTINUOUS
100
AcDbLine
 10
113.5605229999999892
 20
-62.7806420000000003
 30
0
 11
113.558645999999996
 21
-62.786090999999999
 31
0
  0
LINE
  5
776
330
22
100
AcDbEntity
  8
F.Silkscreen
  6
CONTINUOUS
100
AcDbLine
 10
113.558645999999996
 20
-62.786090999999999
 30
0
 11
113.5522599999999898
 21
-62.7949139999999986
 31
0
  0
LINE
  5
777
330
22
100
AcDbEntity
  8
F.Silkscreen
  6
CONTINUOUS
100
AcDbLine
 10
113.5522599999999898
 20
-62.7949139999999986
 30
0
 11
113.546804999999992
 21
-62.8043369999999967
 31
0
  0
LINE
  5
778
330
22
100
AcDbEntity
  8
F.Silkscreen
  6
CONTINUOUS
100
AcDbLine
 10
113.546804999999992
 20
-62.8043369999999967
 30
0
 11
113.5437469999999962
 21
-62.8066770000000005
 31
0
  0
LINE
  5
779
330
22
100
AcDbEntity
  8
F.Silkscreen
  6
CONTINUOUS
100
AcDbLine
 10
113.5437469999999962
 20
-62.8066770000000005
 30
0
 11
113.5414889999999986
 21
-62.8097980000000007
 31
0
  0
LINE
  5
77A
330
22
100
AcDbEntity
  8
F.Silkscreen
  6
CONTINUOUS
100
AcDbLine
 10
113.5414889999999986
 20
-62.8097980000000007
 30
0
 11
113.5322169999999886
 21
-62.8155029999999996
 31
0
  0
LINE
  5
77B
330
22
100
AcDbEntity
  8
F.Silkscreen
  6
CONTINUOUS
100
AcDbLine
 10
113.5322169999999886
 20
-62.8155029999999996
 30
0
 11
113.5235669999999999
 21
-62.8221249999999998
 31
0
  0
LINE
  5
77C
330
22
100
AcDbEntity
  8
F.Silkscreen
  6
CONTINUOUS
100
AcDbLine
 10
113.5235669999999999
 20
-62.8221249999999998
 30
0
 11
113.5198429999999945
 21
-62.8231179999999938
 31
0
  0
LINE
  5
77D
330
22
100
AcDbEntity
  8
F.Silkscreen
  6
CONTINUOUS
100
AcDbLine
 10
113.5198429999999945
 20
-62.8231179999999938
 30
0
 11
113.5165669999999949
 21
-62.8251339999999985
 31
0
  0
LINE
  5
77E
330
22
100
AcDbEntity
  8
F.Silkscreen
  6
CONTINUOUS
100
AcDbLine
 10
113.5165669999999949
 20
-62.8251339999999985
 30
0
 11
113.5058229999999924
 21
-62.8268559999999994
 31
0
  0
LINE
  5
77F
330
22
100
AcDbEntity
  8
F.Silkscreen
  6
CONTINUOUS
100
AcDbLine
 10
113.5058229999999924
 20
-62.8268559999999994
 30
0
 11
113.4952919999999921
 21
-62.8296649999999985
 31
0
  0
LINE
  5
780
330
22
100
AcDbEntity
  8
F.Silkscreen
  6
CONTINUOUS
100
AcDbLine
 10
113.4952919999999921
 20
-62.8296649999999985
 30
0
 11
113.4914729999999992
 21
-62.829156999999995
 31
0
  0
LINE
  5
781
330
22
100
AcDbEntity
  8
F.Silkscreen
  6
CONTINUOUS
100
AcDbLine
 10
113.4914729999999992
 20
-62.829156999999995
 30
0
 11
113.4876719999999892
 21
-62.8297669999999968
 31
0
  0
LINE
  5
782
330
22
100
AcDbEntity
  8
F.Silkscreen
  6
CONTINUOUS
100
AcDbLine
 10
113.4876719999999892
 20
-62.8297669999999968
 30
0
 11
113.4770759999999967
 21
-62.8272440000000003
 31
0
  0
LINE
  5
783
330
22
100
AcDbEntity
  8
F.Silkscreen
  6
CONTINUOUS
100
AcDbLine
 10
113.4770759999999967
 20
-62.8272440000000003
 30
0
 11
113.46628299999999
 21
-62.825809999999997
 31
0
  0
LINE
  5
784
330
22
100
AcDbEntity
  8
F.Silkscreen
  6
CONTINUOUS
100
AcDbLine
 10
113.46628299999999
 20
-62.825809999999997
 30
0
 11
113.4629509999999897
 21
-62.8238810000000001
 31
0
  0
LINE
  5
785
330
22
100
AcDbEntity
  8
F.Silkscreen
  6
CONTINUOUS
100
AcDbLine
 10
113.4629509999999897
 20
-62.8238810000000001
 30
0
 11
113.4592039999999997
 21
-62.8229889999999997
 31
0
  0
LINE
  5
786
330
22
100
AcDbEntity
  8
F.Silkscreen
  6
CONTINUOUS
100
AcDbLine
 10
113.4592039999999997
 20
-62.8229889999999997
 30
0
 11
113.4503789999999981
 21
-62.8166019999999961
 31
0
  0
LINE
  5
787
330
22
100
AcDbEntity
  8
F.Silkscreen
  6
CONTINUOUS
100
AcDbLine
 10
113.4503789999999981
 20
-62.8166019999999961
 30
0
 11
113.4409579999999949
 21
-62.8111479999999958
 31
0
  0
LINE
  5
788
330
22
100
AcDbEntity
  8
F.Silkscreen
  6
CONTINUOUS
100
AcDbLine
 10
113.4409579999999949
 20
-62.8111479999999958
 30
0
 11
113.4386169999999936
 21
-62.80809
 31
0
  0
LINE
  5
789
330
22
100
AcDbEntity
  8
F.Silkscreen
  6
CONTINUOUS
100
AcDbLine
 10
113.4386169999999936
 20
-62.80809
 30
0
 11
113.435496999999998
 21
-62.8058319999999952
 31
0
  0
LINE
  5
78A
330
22
100
AcDbEntity
  8
F.Silkscreen
  6
CONTINUOUS
100
AcDbLine
 10
113.435496999999998
 20
-62.8058319999999952
 30
0
 11
113.4297909999999945
 21
-62.7965589999999949
 31
0
  0
LINE
  5
78B
330
22
100
AcDbEntity
  8
F.Silkscreen
  6
CONTINUOUS
100
AcDbLine
 10
113.4297909999999945
 20
-62.7965589999999949
 30
0
 11
113.4231709999999964
 21
-62.787910999999994
 31
0
  0
LINE
  5
78C
330
22
100
AcDbEntity
  8
F.Silkscreen
  6
CONTINUOUS
100
AcDbLine
 10
113.4231709999999964
 20
-62.787910999999994
 30
0
 11
113.4211449999999957
 21
-62.7825089999999975
 31
0
  0
LINE
  5
78D
330
22
100
AcDbEntity
  8
F.Silkscreen
  6
CONTINUOUS
100
AcDbLine
 10
113.4211449999999957
 20
-62.7825089999999975
 30
0
 11
113.4201609999999931
 21
-62.7809099999999987
 31
0
  0
LINE
  5
78E
330
22
100
AcDbEntity
  8
F.Silkscreen
  6
CONTINUOUS
100
AcDbLine
 10
113.4201609999999931
 20
-62.7809099999999987
 30
0
 11
113.4198729999999955
 21
-62.7791189999999943
 31
0
  0
LINE
  5
78F
330
22
100
AcDbEntity
  8
F.Silkscreen
  6
CONTINUOUS
100
AcDbLine
 10
113.4198729999999955
 20
-62.7791189999999943
 30
0
 11
113.4180080000000004
 21
-62.7741439999999997
 31
0
  0
LINE
  5
790
330
22
100
AcDbEntity
  8
F.Silkscreen
  6
CONTINUOUS
100
AcDbLine
 10
113.4180080000000004
 20
-62.7741439999999997
 30
0
 11
113.2999989999999997
 21
-62.3316129999999973
 31
0
  0
LINE
  5
791
330
22
100
AcDbEntity
  8
F.Silkscreen
  6
CONTINUOUS
100
AcDbLine
 10
113.2999989999999997
 20
-62.3316129999999973
 30
0
 11
113.1819919999999939
 21
-62.7741439999999997
 31
0
  0
LINE
  5
792
330
22
100
AcDbEntity
  8
F.Silkscreen
  6
CONTINUOUS
100
AcDbLine
 10
113.1819919999999939
 20
-62.7741439999999997
 30
0
 11
113.1801260000000013
 21
-62.7791179999999969
 31
0
  0
LINE
  5
793
330
22
100
AcDbEntity
  8
F.Silkscreen
  6
CONTINUOUS
100
AcDbLine
 10
113.1801260000000013
 20
-62.7791179999999969
 30
0
 11
113.1798390000000012
 21
-62.7809099999999987
 31
0
  0
LINE
  5
794
330
22
100
AcDbEntity
  8
F.Silkscreen
  6
CONTINUOUS
100
AcDbLine
 10
113.1798390000000012
 20
-62.7809099999999987
 30
0
 11
113.1788540000000012
 21
-62.7825099999999949
 31
0
  0
LINE
  5
795
330
22
100
AcDbEntity
  8
F.Silkscreen
  6
CONTINUOUS
100
AcDbLine
 10
113.1788540000000012
 20
-62.7825099999999949
 30
0
 11
113.1768289999999979
 21
-62.7879099999999966
 31
0
  0
LINE
  5
796
330
22
100
AcDbEntity
  8
F.Silkscreen
  6
CONTINUOUS
100
AcDbLine
 10
113.1768289999999979
 20
-62.7879099999999966
 30
0
 11
113.1702099999999973
 21
-62.7965559999999954
 31
0
  0
LINE
  5
797
330
22
100
AcDbEntity
  8
F.Silkscreen
  6
CONTINUOUS
100
AcDbLine
 10
113.1702099999999973
 20
-62.7965559999999954
 30
0
 11
113.1645029999999963
 21
-62.8058319999999952
 31
0
  0
LINE
  5
798
330
22
100
AcDbEntity
  8
F.Silkscreen
  6
CONTINUOUS
100
AcDbLine
 10
113.1645029999999963
 20
-62.8058319999999952
 30
0
 11
113.161381999999989
 21
-62.80809
 31
0
  0
LINE
  5
799
330
22
100
AcDbEntity
  8
F.Silkscreen
  6
CONTINUOUS
100
AcDbLine
 10
113.161381999999989
 20
-62.80809
 30
0
 11
113.1590419999999995
 21
-62.8111479999999958
 31
0
  0
LINE
  5
79A
330
22
100
AcDbEntity
  8
F.Silkscreen
  6
CONTINUOUS
100
AcDbLine
 10
113.1590419999999995
 20
-62.8111479999999958
 30
0
 11
113.1496199999999988
 21
-62.8166019999999961
 31
0
  0
LINE
  5
79B
330
22
100
AcDbEntity
  8
F.Silkscreen
  6
CONTINUOUS
100
AcDbLine
 10
113.1496199999999988
 20
-62.8166019999999961
 30
0
 11
113.1407959999999946
 21
-62.8229889999999997
 31
0
  0
LINE
  5
79C
330
22
100
AcDbEntity
  8
F.Silkscreen
  6
CONTINUOUS
100
AcDbLine
 10
113.1407959999999946
 20
-62.8229889999999997
 30
0
 11
113.137047999999993
 21
-62.8238810000000001
 31
0
  0
LINE
  5
79D
330
22
100
AcDbEntity
  8
F.Silkscreen
  6
CONTINUOUS
100
AcDbLine
 10
113.137047999999993
 20
-62.8238810000000001
 30
0
 11
113.1337169999999901
 21
-62.825809999999997
 31
0
  0
LINE
  5
79E
330
22
100
AcDbEntity
  8
F.Silkscreen
  6
CONTINUOUS
100
AcDbLine
 10
113.1337169999999901
 20
-62.825809999999997
 30
0
 11
113.1229259999999925
 21
-62.8272429999999957
 31
0
  0
LINE
  5
79F
330
22
100
AcDbEntity
  8
F.Silkscreen
  6
CONTINUOUS
100
AcDbLine
 10
113.1229259999999925
 20
-62.8272429999999957
 30
0
 11
113.1123279999999909
 21
-62.8297669999999968
 31
0
  0
LINE
  5
7A0
330
22
100
AcDbEntity
  8
F.Silkscreen
  6
CONTINUOUS
100
AcDbLine
 10
113.1123279999999909
 20
-62.8297669999999968
 30
0
 11
113.1085239999999885
 21
-62.829156999999995
 31
0
  0
LINE
  5
7A1
330
22
100
AcDbEntity
  8
F.Silkscreen
  6
CONTINUOUS
100
AcDbLine
 10
113.1085239999999885
 20
-62.829156999999995
 30
0
 11
113.1047089999999997
 21
-62.829663999999994
 31
0
  0
LINE
  5
7A2
330
22
100
AcDbEntity
  8
F.Silkscreen
  6
CONTINUOUS
100
AcDbLine
 10
113.1047089999999997
 20
-62.829663999999994
 30
0
 11
113.0941869999999909
 21
-62.8268579999999943
 31
0
  0
LINE
  5
7A3
330
22
100
AcDbEntity
  8
F.Silkscreen
  6
CONTINUOUS
100
AcDbLine
 10
113.0941869999999909
 20
-62.8268579999999943
 30
0
 11
113.0834329999999994
 21
-62.8251339999999985
 31
0
  0
LINE
  5
7A4
330
22
100
AcDbEntity
  8
F.Silkscreen
  6
CONTINUOUS
100
AcDbLine
 10
113.0834329999999994
 20
-62.8251339999999985
 30
0
 11
113.0801529999999957
 21
-62.8231159999999988
 31
0
  0
LINE
  5
7A5
330
22
100
AcDbEntity
  8
F.Silkscreen
  6
CONTINUOUS
100
AcDbLine
 10
113.0801529999999957
 20
-62.8231159999999988
 30
0
 11
113.0764329999999944
 21
-62.8221239999999952
 31
0
  0
LINE
  5
7A6
330
22
100
AcDbEntity
  8
F.Silkscreen
  6
CONTINUOUS
100
AcDbLine
 10
113.0764329999999944
 20
-62.8221239999999952
 30
0
 11
113.0677859999999981
 21
-62.8155049999999946
 31
0
  0
LINE
  5
7A7
330
22
100
AcDbEntity
  8
F.Silkscreen
  6
CONTINUOUS
100
AcDbLine
 10
113.0677859999999981
 20
-62.8155049999999946
 30
0
 11
113.0585109999999958
 21
-62.8097980000000007
 31
0
  0
LINE
  5
7A8
330
22
100
AcDbEntity
  8
F.Silkscreen
  6
CONTINUOUS
100
AcDbLine
 10
113.0585109999999958
 20
-62.8097980000000007
 30
0
 11
113.0562520000000006
 21
-62.8066770000000005
 31
0
  0
LINE
  5
7A9
330
22
100
AcDbEntity
  8
F.Silkscreen
  6
CONTINUOUS
100
AcDbLine
 10
113.0562520000000006
 20
-62.8066770000000005
 30
0
 11
113.0531949999999881
 21
-62.8043369999999967
 31
0
  0
LINE
  5
7AA
330
22
100
AcDbEntity
  8
F.Silkscreen
  6
CONTINUOUS
100
AcDbLine
 10
113.0531949999999881
 20
-62.8043369999999967
 30
0
 11
113.0477399999999903
 21
-62.794914999999996
 31
0
  0
LINE
  5
7AB
330
22
100
AcDbEntity
  8
F.Silkscreen
  6
CONTINUOUS
100
AcDbLine
 10
113.0477399999999903
 20
-62.794914999999996
 30
0
 11
113.0413539999999983
 21
-62.786090999999999
 31
0
  0
LINE
  5
7AC
330
22
100
AcDbEntity
  8
F.Silkscreen
  6
CONTINUOUS
100
AcDbLine
 10
113.0413539999999983
 20
-62.786090999999999
 30
0
 11
113.0394749999999959
 21
-62.7806399999999982
 31
0
  0
LINE
  5
7AD
330
22
100
AcDbEntity
  8
F.Silkscreen
  6
CONTINUOUS
100
AcDbLine
 10
113.0394749999999959
 20
-62.7806399999999982
 30
0
 11
113.038533000000001
 21
-62.7790119999999945
 31
0
  0
LINE
  5
7AE
330
22
100
AcDbEntity
  8
F.Silkscreen
  6
CONTINUOUS
100
AcDbLine
 10
113.038533000000001
 20
-62.7790119999999945
 30
0
 11
113.0382929999999959
 21
-62.7772099999999966
 31
0
  0
LINE
  5
7AF
330
22
100
AcDbEntity
  8
F.Silkscreen
  6
CONTINUOUS
100
AcDbLine
 10
113.0382929999999959
 20
-62.7772099999999966
 30
0
 11
113.0365639999999985
 21
-62.7721909999999994
 31
0
  0
LINE
  5
7B0
330
22
100
AcDbEntity
  8
F.Silkscreen
  6
CONTINUOUS
100
AcDbLine
 10
113.0365639999999985
 20
-62.7721909999999994
 30
0
 11
112.7984689999999972
 21
-61.7721909999999994
 31
0
  0
LINE
  5
7B1
330
22
100
AcDbEntity
  8
F.Silkscreen
  6
CONTINUOUS
100
AcDbLine
 10
112.7984689999999972
 20
-61.7721909999999994
 30
0
 11
112.796481
 21
-61.7576229999999953
 31
0
  0
LINE
  5
7B2
330
22
100
AcDbEntity
  8
F.Silkscreen
  6
CONTINUOUS
100
AcDbLine
 10
112.796481
 20
-61.7576229999999953
 30
0
 11
112.8011139999999983
 21
-61.7287279999999967
 31
0
  0
LINE
  5
7B3
330
22
100
AcDbEntity
  8
F.Silkscreen
  6
CONTINUOUS
100
AcDbLine
 10
112.8011139999999983
 20
-61.7287279999999967
 30
0
 11
112.816449999999989
 21
-61.7038060000000002
 31
0
  0
LINE
  5
7B4
330
22
100
AcDbEntity
  8
F.Silkscreen
  6
CONTINUOUS
100
AcDbLine
 10
112.816449999999989
 20
-61.7038060000000002
 30
0
 11
112.8401569999999907
 21
-61.6866489999999956
 31
0
  0
LINE
  5
7B5
330
22
100
AcDbEntity
  8
F.Silkscreen
  6
CONTINUOUS
100
AcDbLine
 10
112.8401569999999907
 20
-61.6866489999999956
 30
0
 11
112.8686249999999944
 21
-61.6798709999999986
 31
0
  0
LINE
  5
7B6
330
22
100
AcDbEntity
  8
F.Silkscreen
  6
CONTINUOUS
100
AcDbLine
 10
112.8686249999999944
 20
-61.6798709999999986
 30
0
 11
112.8975200000000001
 21
-61.6845039999999969
 31
0
  0
LINE
  5
7B7
330
22
100
AcDbEntity
  8
F.Silkscreen
  6
CONTINUOUS
100
AcDbLine
 10
112.8975200000000001
 20
-61.6845039999999969
 30
0
 11
112.9224419999999895
 21
-61.6998399999999947
 31
0
  0
LINE
  5
7B8
330
22
100
AcDbEntity
  8
F.Silkscreen
  6
CONTINUOUS
100
AcDbLine
 10
112.9224419999999895
 20
-61.6998399999999947
 30
0
 11
112.9395990000000012
 21
-61.7235469999999964
 31
0
  0
LINE
  5
7B9
330
22
100
AcDbEntity
  8
F.Silkscreen
  6
CONTINUOUS
100
AcDbLine
 10
112.9395990000000012
 20
-61.7235469999999964
 30
0
 11
112.944389000000001
 21
-61.737446999999996
 31
0
  0
LINE
  5
7BA
330
22
100
AcDbEntity
  8
F.Silkscreen
  6
CONTINUOUS
100
AcDbLine
 10
112.944389000000001
 20
-61.737446999999996
 30
0
 11
113.1136399999999895
 21
-62.4483029999999957
 31
0
  0
LINE
  5
7BB
330
22
100
AcDbEntity
  8
F.Silkscreen
  6
CONTINUOUS
100
AcDbLine
 10
113.1136399999999895
 20
-62.4483029999999957
 30
0
 11
113.2275319999999965
 21
-62.0212079999999943
 31
0
  0
LINE
  5
7BC
330
22
100
AcDbEntity
  8
F.Silkscreen
  6
CONTINUOUS
100
AcDbLine
 10
113.2275319999999965
 20
-62.0212079999999943
 30
0
 11
113.2288169999999923
 21
-62.0177789999999973
 31
0
  0
LINE
  5
7BD
330
22
100
AcDbEntity
  8
F.Silkscreen
  6
CONTINUOUS
100
AcDbLine
 10
113.2288169999999923
 20
-62.0177789999999973
 30
0
 11
113.2290089999999907
 21
-62.0163399999999996
 31
0
  0
LINE
  5
7BE
330
22
100
AcDbEntity
  8
F.Silkscreen
  6
CONTINUOUS
100
AcDbLine
 10
113.2290089999999907
 20
-62.0163399999999996
 30
0
 11
113.2299979999999948
 21
-62.0146299999999968
 31
0
  0
LINE
  5
7BF
330
22
100
AcDbEntity
  8
F.Silkscreen
  6
CONTINUOUS
100
AcDbLine
 10
113.2299979999999948
 20
-62.0146299999999968
 30
0
 11
113.2326949999999925
 21
-62.007441
 31
0
  0
LINE
  5
7C0
330
22
100
AcDbEntity
  8
F.Silkscreen
  6
CONTINUOUS
100
AcDbLine
 10
113.2326949999999925
 20
-62.007441
 30
0
 11
113.2387119999999925
 21
-61.9995799999999946
 31
0
  0
LINE
  5
7C1
330
22
100
AcDbEntity
  8
F.Silkscreen
  6
CONTINUOUS
100
AcDbLine
 10
113.2387119999999925
 20
-61.9995799999999946
 30
0
 11
113.243670999999992
 21
-61.9910149999999973
 31
0
  0
LINE
  5
7C2
330
22
100
AcDbEntity
  8
F.Silkscreen
  6
CONTINUOUS
100
AcDbLine
 10
113.243670999999992
 20
-61.9910149999999973
 30
0
 11
113.2475279999999884
 21
-61.9880619999999993
 31
0
  0
LINE
  5
7C3
330
22
100
AcDbEntity
  8
F.Silkscreen
  6
CONTINUOUS
100
AcDbLine
 10
113.2475279999999884
 20
-61.9880619999999993
 30
0
 11
113.250481999999991
 21
-61.9842039999999983
 31
0
  0
LINE
  5
7C4
330
22
100
AcDbEntity
  8
F.Silkscreen
  6
CONTINUOUS
100
AcDbLine
 10
113.250481999999991
 20
-61.9842039999999983
 30
0
 11
113.2590489999999903
 21
-61.9792429999999968
 31
0
  0
LINE
  5
7C5
330
22
100
AcDbEntity
  8
F.Silkscreen
  6
CONTINUOUS
100
AcDbLine
 10
113.2590489999999903
 20
-61.9792429999999968
 30
0
 11
113.2669089999999983
 21
-61.9732279999999989
 31
0
  0
LINE
  5
7C6
330
22
100
AcDbEntity
  8
F.Silkscreen
  6
CONTINUOUS
100
AcDbLine
 10
113.2669089999999983
 20
-61.9732279999999989
 30
0
 11
113.2716009999999898
 21
-61.971975999999998
 31
0
  0
LINE
  5
7C7
330
22
100
AcDbEntity
  8
F.Silkscreen
  6
CONTINUOUS
100
AcDbLine
 10
113.2716009999999898
 20
-61.971975999999998
 30
0
 11
113.2758070000000004
 21
-61.969541999999997
 31
0
  0
LINE
  5
7C8
330
22
100
AcDbEntity
  8
F.Silkscreen
  6
CONTINUOUS
100
AcDbLine
 10
113.2758070000000004
 20
-61.969541999999997
 30
0
 11
113.2856239999999985
 21
-61.9682369999999949
 31
0
  0
LINE
  5
7C9
330
22
100
AcDbEntity
  8
F.Silkscreen
  6
CONTINUOUS
100
AcDbLine
 10
113.2856239999999985
 20
-61.9682369999999949
 30
0
 11
113.2951849999999894
 21
-61.9656880000000001
 31
0
  0
LINE
  5
7CA
330
22
100
AcDbEntity
  8
F.Silkscreen
  6
CONTINUOUS
100
AcDbLine
 10
113.2951849999999894
 20
-61.9656880000000001
 30
0
 11
113.2999969999999905
 21
-61.9663269999999997
 31
0
  0
LINE
  5
7CB
330
22
100
AcDbEntity
  8
F.Silkscreen
  6
CONTINUOUS
100
AcDbLine
 10
113.2999969999999905
 20
-61.9663269999999997
 30
0
 11
113.3048159999999882
 21
-61.9656869999999955
 31
0
  0
LINE
  5
7CC
330
22
100
AcDbEntity
  8
F.Silkscreen
  6
CONTINUOUS
100
AcDbLine
 10
113.3048159999999882
 20
-61.9656869999999955
 30
0
 11
113.3143859999999989
 21
-61.968238999999997
 31
0
  0
LINE
  5
7CD
330
22
100
AcDbEntity
  8
F.Silkscreen
  6
CONTINUOUS
100
AcDbLine
 10
113.3143859999999989
 20
-61.968238999999997
 30
0
 11
113.324192999999994
 21
-61.969541999999997
 31
0
  0
LINE
  5
7CE
330
22
100
AcDbEntity
  8
F.Silkscreen
  6
CONTINUOUS
100
AcDbLine
 10
113.324192999999994
 20
-61.969541999999997
 30
0
 11
113.3283939999999888
 21
-61.9719739999999959
 31
0
  0
LINE
  5
7CF
330
22
100
AcDbEntity
  8
F.Silkscreen
  6
CONTINUOUS
100
AcDbLine
 10
113.3283939999999888
 20
-61.9719739999999959
 30
0
 11
113.333090999999996
 21
-61.9732269999999943
 31
0
  0
LINE
  5
7D0
330
22
100
AcDbEntity
  8
F.Silkscreen
  6
CONTINUOUS
100
AcDbLine
 10
113.333090999999996
 20
-61.9732269999999943
 30
0
 11
113.340952999999999
 21
-61.9792449999999988
 31
0
  0
LINE
  5
7D1
330
22
100
AcDbEntity
  8
F.Silkscreen
  6
CONTINUOUS
100
AcDbLine
 10
113.340952999999999
 20
-61.9792449999999988
 30
0
 11
113.3495179999999891
 21
-61.9842039999999983
 31
0
  0
LINE
  5
7D2
330
22
100
AcDbEntity
  8
F.Silkscreen
  6
CONTINUOUS
100
AcDbLine
 10
113.3495179999999891
 20
-61.9842039999999983
 30
0
 11
113.3524699999999967
 21
-61.9880609999999947
 31
0
  0
LINE
  5
7D3
330
22
100
AcDbEntity
  8
F.Silkscreen
  6
CONTINUOUS
100
AcDbLine
 10
113.3524699999999967
 20
-61.9880609999999947
 30
0
 11
113.3563289999999881
 21
-61.9910149999999973
 31
0
  0
LINE
  5
7D4
330
22
100
AcDbEntity
  8
F.Silkscreen
  6
CONTINUOUS
100
AcDbLine
 10
113.3563289999999881
 20
-61.9910149999999973
 30
0
 11
113.3612899999999968
 21
-61.9995829999999941
 31
0
  0
LINE
  5
7D5
330
22
100
AcDbEntity
  8
F.Silkscreen
  6
CONTINUOUS
100
AcDbLine
 10
113.3612899999999968
 20
-61.9995829999999941
 30
0
 11
113.3673050000000018
 21
-62.0074419999999975
 31
0
  0
LINE
  5
7D6
330
22
100
AcDbEntity
  8
F.Silkscreen
  6
CONTINUOUS
100
AcDbLine
 10
113.3673050000000018
 20
-62.0074419999999975
 30
0
 11
113.3699989999999929
 21
-62.0146259999999998
 31
0
  0
LINE
  5
7D7
330
22
100
AcDbEntity
  8
F.Silkscreen
  6
CONTINUOUS
100
AcDbLine
 10
113.3699989999999929
 20
-62.0146259999999998
 30
0
 11
113.3709909999999894
 21
-62.016338999999995
 31
0
  0
LINE
  5
7D8
330
22
100
AcDbEntity
  8
F.Silkscreen
  6
CONTINUOUS
100
AcDbLine
 10
113.3709909999999894
 20
-62.016338999999995
 30
0
 11
113.3711819999999904
 21
-62.0177799999999948
 31
0
  0
LINE
  5
7D9
330
22
100
AcDbEntity
  8
F.Silkscreen
  6
CONTINUOUS
100
AcDbLine
 10
113.3711819999999904
 20
-62.0177799999999948
 30
0
 11
113.3724679999999978
 21
-62.0212079999999943
 31
0
  0
LINE
  5
7DA
330
22
100
AcDbEntity
  8
F.Silkscreen
  6
CONTINUOUS
100
AcDbLine
 10
113.3724679999999978
 20
-62.0212079999999943
 30
0
 11
113.4863589999999931
 21
-62.4483029999999957
 31
0
  0
LINE
  5
7DB
330
22
100
AcDbEntity
  8
F.Silkscreen
  6
CONTINUOUS
100
AcDbLine
 10
113.4863589999999931
 20
-62.4483029999999957
 30
0
 11
113.6556119999999908
 21
-61.7374480000000005
 31
0
  0
LINE
  5
7DC
330
22
100
AcDbEntity
  8
F.Silkscreen
  6
CONTINUOUS
100
AcDbLine
 10
113.6556119999999908
 20
-61.7374480000000005
 30
0
 11
113.6604019999999906
 21
-61.7235469999999964
 31
0
  0
LINE
  5
7DD
330
22
100
AcDbEntity
  8
F.Silkscreen
  6
CONTINUOUS
100
AcDbLine
 10
113.6604019999999906
 20
-61.7235469999999964
 30
0
 11
113.677558999999988
 21
-61.6998399999999947
 31
0
  0
LINE
  5
7DE
330
22
100
AcDbEntity
  8
F.Silkscreen
  6
CONTINUOUS
100
AcDbLine
 10
113.677558999999988
 20
-61.6998399999999947
 30
0
 11
113.7024809999999917
 21
-61.6845039999999969
 31
0
  0
LINE
  5
7DF
330
22
100
AcDbEntity
  8
F.Silkscreen
  6
CONTINUOUS
100
AcDbLine
 10
113.7024809999999917
 20
-61.6845039999999969
 30
0
 11
113.7313759999999974
 21
-61.6798709999999986
 31
0
  0
LINE
  5
7E0
330
22
100
AcDbEntity
  8
F.Silkscreen
  6
CONTINUOUS
100
AcDbLine
 10
113.7313759999999974
 20
-61.6798709999999986
 30
0
 11
113.7598440000000011
 21
-61.6866500000000002
 31
0
  0
LINE
  5
7E1
330
22
100
AcDbEntity
  8
F.Silkscreen
  6
CONTINUOUS
100
AcDbLine
 10
114.3371420000000001
 20
-61.6420429999999939
 30
0
 11
114.3592499999999887
 21
-61.6612170000000006
 31
0
  0
LINE
  5
7E2
330
22
100
AcDbEntity
  8
F.Silkscreen
  6
CONTINUOUS
100
AcDbLine
 10
114.3592499999999887
 20
-61.6612170000000006
 30
0
 11
114.37233599999999
 21
-61.6873909999999981
 31
0
  0
LINE
  5
7E3
330
22
100
AcDbEntity
  8
F.Silkscreen
  6
CONTINUOUS
100
AcDbLine
 10
114.37233599999999
 20
-61.6873909999999981
 30
0
 11
114.3744109999999949
 21
-61.7165809999999979
 31
0
  0
LINE
  5
7E4
330
22
100
AcDbEntity
  8
F.Silkscreen
  6
CONTINUOUS
100
AcDbLine
 10
114.3744109999999949
 20
-61.7165809999999979
 30
0
 11
114.3711509999999976
 21
-61.7309179999999955
 31
0
  0
LINE
  5
7E5
330
22
100
AcDbEntity
  8
F.Silkscreen
  6
CONTINUOUS
100
AcDbLine
 10
114.3711509999999976
 20
-61.7309179999999955
 30
0
 11
114.1659619999999933
 21
-62.3464849999999942
 31
0
  0
LINE
  5
7E6
330
22
100
AcDbEntity
  8
F.Silkscreen
  6
CONTINUOUS
100
AcDbLine
 10
114.1659619999999933
 20
-62.3464849999999942
 30
0
 11
114.4630949999999956
 21
-62.3464849999999942
 31
0
  0
LINE
  5
7E7
330
22
100
AcDbEntity
  8
F.Silkscreen
  6
CONTINUOUS
100
AcDbLine
 10
114.4630949999999956
 20
-62.3464849999999942
 30
0
 11
114.4630949999999956
 21
-62.0881519999999938
 31
0
  0
LINE
  5
7E8
330
22
100
AcDbEntity
  8
F.Silkscreen
  6
CONTINUOUS
100
AcDbLine
 10
114.4630949999999956
 20
-62.0881519999999938
 30
0
 11
114.4645359999999954
 21
-62.0735199999999949
 31
0
  0
LINE
  5
7E9
330
22
100
AcDbEntity
  8
F.Silkscreen
  6
CONTINUOUS
100
AcDbLine
 10
114.4645359999999954
 20
-62.0735199999999949
 30
0
 11
114.4757350000000002
 21
-62.0464839999999995
 31
0
  0
LINE
  5
7EA
330
22
100
AcDbEntity
  8
F.Silkscreen
  6
CONTINUOUS
100
AcDbLine
 10
114.4757350000000002
 20
-62.0464839999999995
 30
0
 11
114.4964269999999971
 21
-62.0257919999999956
 31
0
  0
LINE
  5
7EB
330
22
100
AcDbEntity
  8
F.Silkscreen
  6
CONTINUOUS
100
AcDbLine
 10
114.4964269999999971
 20
-62.0257919999999956
 30
0
 11
114.5234629999999925
 21
-62.0145929999999979
 31
0
  0
LINE
  5
7EC
330
22
100
AcDbEntity
  8
F.Silkscreen
  6
CONTINUOUS
100
AcDbLine
 10
114.5234629999999925
 20
-62.0145929999999979
 30
0
 11
114.5527269999999902
 21
-62.0145929999999979
 31
0
  0
LINE
  5
7ED
330
22
100
AcDbEntity
  8
F.Silkscreen
  6
CONTINUOUS
100
AcDbLine
 10
114.5527269999999902
 20
-62.0145929999999979
 30
0
 11
114.5797629999999998
 21
-62.0257919999999956
 31
0
  0
LINE
  5
7EE
330
22
100
AcDbEntity
  8
F.Silkscreen
  6
CONTINUOUS
100
AcDbLine
 10
114.5797629999999998
 20
-62.0257919999999956
 30
0
 11
114.6004549999999966
 21
-62.0464839999999995
 31
0
  0
LINE
  5
7EF
330
22
100
AcDbEntity
  8
F.Silkscreen
  6
CONTINUOUS
100
AcDbLine
 10
114.6004549999999966
 20
-62.0464839999999995
 30
0
 11
114.6116540000000015
 21
-62.0735199999999949
 31
0
  0
LINE
  5
7F0
330
22
100
AcDbEntity
  8
F.Silkscreen
  6
CONTINUOUS
100
AcDbLine
 10
114.6116540000000015
 20
-62.0735199999999949
 30
0
 11
114.6130950000000013
 21
-62.0881519999999938
 31
0
  0
LINE
  5
7F1
330
22
100
AcDbEntity
  8
F.Silkscreen
  6
CONTINUOUS
100
AcDbLine
 10
114.6130950000000013
 20
-62.0881519999999938
 30
0
 11
114.6130950000000013
 21
-62.3464849999999942
 31
0
  0
LINE
  5
7F2
330
22
100
AcDbEntity
  8
F.Silkscreen
  6
CONTINUOUS
100
AcDbLine
 10
114.6130950000000013
 20
-62.3464849999999942
 30
0
 11
114.6809519999999907
 21
-62.3464849999999942
 31
0
  0
LINE
  5
7F3
330
22
100
AcDbEntity
  8
F.Silkscreen
  6
CONTINUOUS
100
AcDbLine
 10
114.6809519999999907
 20
-62.3464849999999942
 30
0
 11
114.6955839999999966
 21
-62.347925999999994
 31
0
  0
LINE
  5
7F4
330
22
100
AcDbEntity
  8
F.Silkscreen
  6
CONTINUOUS
100
AcDbLine
 10
114.6955839999999966
 20
-62.347925999999994
 30
0
 11
114.722619999999992
 21
-62.3591249999999988
 31
0
  0
LINE
  5
7F5
330
22
100
AcDbEntity
  8
F.Silkscreen
  6
CONTINUOUS
100
AcDbLine
 10
114.722619999999992
 20
-62.3591249999999988
 30
0
 11
114.7433119999999889
 21
-62.3798169999999956
 31
0
  0
LINE
  5
7F6
330
22
100
AcDbEntity
  8
F.Silkscreen
  6
CONTINUOUS
100
AcDbLine
 10
114.7433119999999889
 20
-62.3798169999999956
 30
0
 11
114.7545109999999937
 21
-62.4068529999999981
 31
0
  0
LINE
  5
7F7
330
22
100
AcDbEntity
  8
F.Silkscreen
  6
CONTINUOUS
100
AcDbLine
 10
114.7545109999999937
 20
-62.4068529999999981
 30
0
 11
114.7545109999999937
 21
-62.4361169999999959
 31
0
  0
LINE
  5
7F8
330
22
100
AcDbEntity
  8
F.Silkscreen
  6
CONTINUOUS
100
AcDbLine
 10
114.7545109999999937
 20
-62.4361169999999959
 30
0
 11
114.7433119999999889
 21
-62.4631529999999984
 31
0
  0
LINE
  5
7F9
330
22
100
AcDbEntity
  8
F.Silkscreen
  6
CONTINUOUS
100
AcDbLine
 10
114.7433119999999889
 20
-62.4631529999999984
 30
0
 11
114.722619999999992
 21
-62.4838449999999952
 31
0
  0
LINE
  5
7FA
330
22
100
AcDbEntity
  8
F.Silkscreen
  6
CONTINUOUS
100
AcDbLine
 10
114.722619999999992
 20
-62.4838449999999952
 30
0
 11
114.6955839999999966
 21
-62.495044
 31
0
  0
LINE
  5
7FB
330
22
100
AcDbEntity
  8
F.Silkscreen
  6
CONTINUOUS
100
AcDbLine
 10
114.6955839999999966
 20
-62.495044
 30
0
 11
114.6809519999999907
 21
-62.4964849999999998
 31
0
  0
LINE
  5
7FC
330
22
100
AcDbEntity
  8
F.Silkscreen
  6
CONTINUOUS
100
AcDbLine
 10
114.6809519999999907
 20
-62.4964849999999998
 30
0
 11
114.6130950000000013
 21
-62.4964849999999998
 31
0
  0
LINE
  5
7FD
330
22
100
AcDbEntity
  8
F.Silkscreen
  6
CONTINUOUS
100
AcDbLine
 10
114.6130950000000013
 20
-62.4964849999999998
 30
0
 11
114.6130950000000013
 21
-62.7548189999999977
 31
0
  0
LINE
  5
7FE
330
22
100
AcDbEntity
  8
F.Silkscreen
  6
CONTINUOUS
100
AcDbLine
 10
114.6130950000000013
 20
-62.7548189999999977
 30
0
 11
114.6116540000000015
 21
-62.7694509999999966
 31
0
  0
LINE
  5
7FF
330
22
100
AcDbEntity
  8
F.Silkscreen
  6
CONTINUOUS
100
AcDbLine
 10
114.6116540000000015
 20
-62.7694509999999966
 30
0
 11
114.6004549999999966
 21
-62.7964869999999991
 31
0
  0
LINE
  5
800
330
22
100
AcDbEntity
  8
F.Silkscreen
  6
CONTINUOUS
100
AcDbLine
 10
114.6004549999999966
 20
-62.7964869999999991
 30
0
 11
114.5797629999999998
 21
-62.8171789999999959
 31
0
  0
LINE
  5
801
330
22
100
AcDbEntity
  8
F.Silkscreen
  6
CONTINUOUS
100
AcDbLine
 10
114.5797629999999998
 20
-62.8171789999999959
 30
0
 11
114.5527269999999902
 21
-62.8283779999999936
 31
0
  0
LINE
  5
802
330
22
100
AcDbEntity
  8
F.Silkscreen
  6
CONTINUOUS
100
AcDbLine
 10
114.5527269999999902
 20
-62.8283779999999936
 30
0
 11
114.5234629999999925
 21
-62.8283779999999936
 31
0
  0
LINE
  5
803
330
22
100
AcDbEntity
  8
F.Silkscreen
  6
CONTINUOUS
100
AcDbLine
 10
114.5234629999999925
 20
-62.8283779999999936
 30
0
 11
114.4964269999999971
 21
-62.8171789999999959
 31
0
  0
LINE
  5
804
330
22
100
AcDbEntity
  8
F.Silkscreen
  6
CONTINUOUS
100
AcDbLine
 10
114.4964269999999971
 20
-62.8171789999999959
 30
0
 11
114.4757350000000002
 21
-62.7964869999999991
 31
0
  0
LINE
  5
805
330
22
100
AcDbEntity
  8
F.Silkscreen
  6
CONTINUOUS
100
AcDbLine
 10
114.4757350000000002
 20
-62.7964869999999991
 30
0
 11
114.4645359999999954
 21
-62.7694509999999966
 31
0
  0
LINE
  5
806
330
22
100
AcDbEntity
  8
F.Silkscreen
  6
CONTINUOUS
100
AcDbLine
 10
114.4645359999999954
 20
-62.7694509999999966
 30
0
 11
114.4630949999999956
 21
-62.7548189999999977
 31
0
  0
LINE
  5
807
330
22
100
AcDbEntity
  8
F.Silkscreen
  6
CONTINUOUS
100
AcDbLine
 10
114.4630949999999956
 20
-62.7548189999999977
 30
0
 11
114.4630949999999956
 21
-62.4964849999999998
 31
0
  0
LINE
  5
808
330
22
100
AcDbEntity
  8
F.Silkscreen
  6
CONTINUOUS
100
AcDbLine
 10
114.4630949999999956
 20
-62.4964849999999998
 30
0
 11
114.0619049999999959
 21
-62.4964849999999998
 31
0
  0
LINE
  5
809
330
22
100
AcDbEntity
  8
F.Silkscreen
  6
CONTINUOUS
100
AcDbLine
 10
114.0619049999999959
 20
-62.4964849999999998
 30
0
 11
114.0544989999999927
 21
-62.4957549999999955
 31
0
  0
LINE
  5
80A
330
22
100
AcDbEntity
  8
F.Silkscreen
  6
CONTINUOUS
100
AcDbLine
 10
114.0544989999999927
 20
-62.4957549999999955
 30
0
 11
114.0525249999999886
 21
-62.4958959999999948
 31
0
  0
LINE
  5
80B
330
22
100
AcDbEntity
  8
F.Silkscreen
  6
CONTINUOUS
100
AcDbLine
 10
114.0525249999999886
 20
-62.4958959999999948
 30
0
 11
114.0510989999999936
 21
-62.4954199999999958
 31
0
  0
LINE
  5
80C
330
22
100
AcDbEntity
  8
F.Silkscreen
  6
CONTINUOUS
100
AcDbLine
 10
114.0510989999999936
 20
-62.4954199999999958
 30
0
 11
114.0472729999999899
 21
-62.495044
 31
0
  0
LINE
  5
80D
330
22
100
AcDbEntity
  8
F.Silkscreen
  6
CONTINUOUS
100
AcDbLine
 10
114.0472729999999899
 20
-62.495044
 30
0
 11
114.0361649999999969
 21
-62.4904429999999991
 31
0
  0
LINE
  5
80E
330
22
100
AcDbEntity
  8
F.Silkscreen
  6
CONTINUOUS
100
AcDbLine
 10
114.0361649999999969
 20
-62.4904429999999991
 30
0
 11
114.0247619999999955
 21
-62.4866419999999962
 31
0
  0
LINE
  5
80F
330
22
100
AcDbEntity
  8
F.Silkscreen
  6
CONTINUOUS
100
AcDbLine
 10
114.0247619999999955
 20
-62.4866419999999962
 30
0
 11
114.0227249999999941
 21
-62.4848749999999953
 31
0
  0
LINE
  5
810
330
22
100
AcDbEntity
  8
F.Silkscreen
  6
CONTINUOUS
100
AcDbLine
 10
114.0227249999999941
 20
-62.4848749999999953
 30
0
 11
114.0202369999999945
 21
-62.4838449999999952
 31
0
  0
LINE
  5
811
330
22
100
AcDbEntity
  8
F.Silkscreen
  6
CONTINUOUS
100
AcDbLine
 10
114.0202369999999945
 20
-62.4838449999999952
 30
0
 11
114.0117369999999966
 21
-62.4753449999999972
 31
0
  0
LINE
  5
812
330
22
100
AcDbEntity
  8
F.Silkscreen
  6
CONTINUOUS
100
AcDbLine
 10
114.0117369999999966
 20
-62.4753449999999972
 30
0
 11
114.0026549999999901
 21
-62.4674679999999967
 31
0
  0
LINE
  5
813
330
22
100
AcDbEntity
  8
F.Silkscreen
  6
CONTINUOUS
100
AcDbLine
 10
114.0026549999999901
 20
-62.4674679999999967
 30
0
 11
114.0014499999999913
 21
-62.4650579999999991
 31
0
  0
LINE
  5
814
330
22
100
AcDbEntity
  8
F.Silkscreen
  6
CONTINUOUS
100
AcDbLine
 10
114.0014499999999913
 20
-62.4650579999999991
 30
0
 11
113.9995449999999977
 21
-62.4631529999999984
 31
0
  0
LINE
  5
815
330
22
100
AcDbEntity
  8
F.Silkscreen
  6
CONTINUOUS
100
AcDbLine
 10
113.9995449999999977
 20
-62.4631529999999984
 30
0
 11
113.9949429999999921
 21
-62.4520439999999937
 31
0
  0
LINE
  5
816
330
22
100
AcDbEntity
  8
F.Silkscreen
  6
CONTINUOUS
100
AcDbLine
 10
113.9949429999999921
 20
-62.4520439999999937
 30
0
 11
113.9895689999999888
 21
-62.4412949999999967
 31
0
  0
LINE
  5
817
330
22
100
AcDbEntity
  8
F.Silkscreen
  6
CONTINUOUS
100
AcDbLine
 10
113.9895689999999888
 20
-62.4412949999999967
 30
0
 11
113.9893779999999879
 21
-62.438607999999995
 31
0
  0
LINE
  5
818
330
22
100
AcDbEntity
  8
F.Silkscreen
  6
CONTINUOUS
100
AcDbLine
 10
113.9893779999999879
 20
-62.438607999999995
 30
0
 11
113.9883459999999928
 21
-62.4361169999999959
 31
0
  0
LINE
  5
819
330
22
100
AcDbEntity
  8
F.Silkscreen
  6
CONTINUOUS
100
AcDbLine
 10
113.9883459999999928
 20
-62.4361169999999959
 30
0
 11
113.9883459999999928
 21
-62.4240899999999996
 31
0
  0
LINE
  5
81A
330
22
100
AcDbEntity
  8
F.Silkscreen
  6
CONTINUOUS
100
AcDbLine
 10
113.9883459999999928
 20
-62.4240899999999996
 30
0
 11
113.9874939999999981
 21
-62.4121049999999968
 31
0
  0
LINE
  5
81B
330
22
100
AcDbEntity
  8
F.Silkscreen
  6
CONTINUOUS
100
AcDbLine
 10
113.9874939999999981
 20
-62.4121049999999968
 30
0
 11
113.9883459999999928
 21
-62.4083579999999998
 31
0
  0
LINE
  5
81C
330
22
100
AcDbEntity
  8
F.Silkscreen
  6
CONTINUOUS
100
AcDbLine
 10
113.9883459999999928
 20
-62.4083579999999998
 30
0
 11
113.9883459999999928
 21
-62.4068529999999981
 31
0
  0
LINE
  5
81D
330
22
100
AcDbEntity
  8
F.Silkscreen
  6
CONTINUOUS
100
AcDbLine
 10
113.9883459999999928
 20
-62.4068529999999981
 30
0
 11
113.9891039999999975
 21
-62.4050209999999979
 31
0
  0
LINE
  5
81E
330
22
100
AcDbEntity
  8
F.Silkscreen
  6
CONTINUOUS
100
AcDbLine
 10
113.9891039999999975
 20
-62.4050209999999979
 30
0
 11
113.9907539999999955
 21
-62.3977679999999992
 31
0
  0
LINE
  5
81F
330
22
100
AcDbEntity
  8
F.Silkscreen
  6
CONTINUOUS
100
AcDbLine
 10
113.9907539999999955
 20
-62.3977679999999992
 30
0
 11
114.2288489999999967
 21
-61.6834829999999954
 31
0
  0
LINE
  5
820
330
22
100
AcDbEntity
  8
F.Silkscreen
  6
CONTINUOUS
100
AcDbLine
 10
114.2288489999999967
 20
-61.6834829999999954
 30
0
 11
114.2348429999999979
 21
-61.6700579999999974
 31
0
  0
LINE
  5
821
330
22
100
AcDbEntity
  8
F.Silkscreen
  6
CONTINUOUS
100
AcDbLine
 10
114.2348429999999979
 20
-61.6700579999999974
 30
0
 11
114.2540169999999904
 21
-61.6479509999999991
 31
0
  0
LINE
  5
822
330
22
100
AcDbEntity
  8
F.Silkscreen
  6
CONTINUOUS
100
AcDbLine
 10
114.2540169999999904
 20
-61.6479509999999991
 30
0
 11
114.2801899999999904
 21
-61.6348640000000003
 31
0
  0
LINE
  5
823
330
22
100
AcDbEntity
  8
F.Silkscreen
  6
CONTINUOUS
100
AcDbLine
 10
114.2801899999999904
 20
-61.6348640000000003
 30
0
 11
114.3093799999999902
 21
-61.6327889999999954
 31
0
  0
LINE
  5
824
330
22
100
AcDbEntity
  8
F.Silkscreen
  6
CONTINUOUS
100
AcDbLine
 10
114.3093799999999902
 20
-61.6327889999999954
 30
0
 11
114.3371420000000001
 21
-61.6420429999999939
 31
0
  0
LINE
  5
825
330
22
100
AcDbEntity
  8
F.Silkscreen
  6
CONTINUOUS
100
AcDbLine
 10
126.6411149999999992
 20
-60.9888069999999942
 30
0
 11
126.7111929999999944
 21
-61.0588849999999965
 31
0
  0
LINE
  5
826
330
22
100
AcDbEntity
  8
F.Silkscreen
  6
CONTINUOUS
100
AcDbLine
 10
126.7111929999999944
 20
-61.0588849999999965
 30
0
 11
126.7491189999999932
 21
-61.1504469999999998
 31
0
  0
LINE
  5
827
330
22
100
AcDbEntity
  8
F.Silkscreen
  6
CONTINUOUS
100
AcDbLine
 10
126.7491189999999932
 20
-61.1504469999999998
 30
0
 11
126.7491189999999932
 21
-61.2495529999999988
 31
0
  0
LINE
  5
828
330
22
100
AcDbEntity
  8
F.Silkscreen
  6
CONTINUOUS
100
AcDbLine
 10
126.7491189999999932
 20
-61.2495529999999988
 30
0
 11
126.7111929999999944
 21
-61.341114999999995
 31
0
  0
LINE
  5
829
330
22
100
AcDbEntity
  8
F.Silkscreen
  6
CONTINUOUS
100
AcDbLine
 10
126.7111929999999944
 20
-61.341114999999995
 30
0
 11
126.6411149999999992
 21
-61.4111929999999973
 31
0
  0
LINE
  5
82A
330
22
100
AcDbEntity
  8
F.Silkscreen
  6
CONTINUOUS
100
AcDbLine
 10
126.6411149999999992
 20
-61.4111929999999973
 30
0
 11
126.5495529999999889
 21
-61.449118999999996
 31
0
  0
LINE
  5
82B
330
22
100
AcDbEntity
  8
F.Silkscreen
  6
CONTINUOUS
100
AcDbLine
 10
126.5495529999999889
 20
-61.449118999999996
 30
0
 11
126.4504469999999969
 21
-61.449118999999996
 31
0
  0
LINE
  5
82C
330
22
100
AcDbEntity
  8
F.Silkscreen
  6
CONTINUOUS
100
AcDbLine
 10
126.4504469999999969
 20
-61.449118999999996
 30
0
 11
126.3588850000000008
 21
-61.4111929999999973
 31
0
  0
LINE
  5
82D
330
22
100
AcDbEntity
  8
F.Silkscreen
  6
CONTINUOUS
100
AcDbLine
 10
126.3588850000000008
 20
-61.4111929999999973
 30
0
 11
126.2888069999999914
 21
-61.341114999999995
 31
0
  0
LINE
  5
82E
330
22
100
AcDbEntity
  8
F.Silkscreen
  6
CONTINUOUS
100
AcDbLine
 10
126.2888069999999914
 20
-61.341114999999995
 30
0
 11
126.2508809999999926
 21
-61.2495529999999988
 31
0
  0
LINE
  5
82F
330
22
100
AcDbEntity
  8
F.Silkscreen
  6
CONTINUOUS
100
AcDbLine
 10
126.2508809999999926
 20
-61.2495529999999988
 30
0
 11
126.2508809999999926
 21
-61.1504469999999998
 31
0
  0
LINE
  5
830
330
22
100
AcDbEntity
  8
F.Silkscreen
  6
CONTINUOUS
100
AcDbLine
 10
126.2508809999999926
 20
-61.1504469999999998
 30
0
 11
126.2888069999999914
 21
-61.0588849999999965
 31
0
  0
LINE
  5
831
330
22
100
AcDbEntity
  8
F.Silkscreen
  6
CONTINUOUS
100
AcDbLine
 10
126.2888069999999914
 20
-61.0588849999999965
 30
0
 11
126.3588850000000008
 21
-60.9888069999999942
 31
0
  0
LINE
  5
832
330
22
100
AcDbEntity
  8
F.Silkscreen
  6
CONTINUOUS
100
AcDbLine
 10
126.3588850000000008
 20
-60.9888069999999942
 30
0
 11
126.4504469999999969
 21
-60.9508809999999954
 31
0
  0
LINE
  5
833
330
22
100
AcDbEntity
  8
F.Silkscreen
  6
CONTINUOUS
100
AcDbLine
 10
126.4504469999999969
 20
-60.9508809999999954
 30
0
 11
126.5495529999999889
 21
-60.9508809999999954
 31
0
  0
LINE
  5
834
330
22
100
AcDbEntity
  8
F.Silkscreen
  6
CONTINUOUS
100
AcDbLine
 10
126.5495529999999889
 20
-60.9508809999999954
 30
0
 11
126.6411149999999992
 21
-60.9888069999999942
 31
0
  0
LINE
  5
835
330
22
100
AcDbEntity
  8
F.Silkscreen
  6
CONTINUOUS
100
AcDbLine
 10
105.4679609999999883
 20
-45.0895669999999953
 30
0
 11
105.500433000000001
 21
-45.1220390000000009
 31
0
  0
LINE
  5
836
330
22
100
AcDbEntity
  8
F.Silkscreen
  6
CONTINUOUS
100
AcDbLine
 10
105.500433000000001
 20
-45.1220390000000009
 30
0
 11
105.5049999999999955
 21
-45.144999999999996
 31
0
  0
LINE
  5
837
330
22
100
AcDbEntity
  8
F.Silkscreen
  6
CONTINUOUS
100
AcDbLine
 10
105.5049999999999955
 20
-45.144999999999996
 30
0
 11
105.5049999999999955
 21
-59.1149999999999949
 31
0
  0
LINE
  5
838
330
22
100
AcDbEntity
  8
F.Silkscreen
  6
CONTINUOUS
100
AcDbLine
 10
105.5049999999999955
 20
-59.1149999999999949
 30
0
 11
105.500433000000001
 21
-59.1379609999999971
 31
0
  0
LINE
  5
839
330
22
100
AcDbEntity
  8
F.Silkscreen
  6
CONTINUOUS
100
AcDbLine
 10
105.500433000000001
 20
-59.1379609999999971
 30
0
 11
105.4679609999999883
 21
-59.1704329999999956
 31
0
  0
LINE
  5
83A
330
22
100
AcDbEntity
  8
F.Silkscreen
  6
CONTINUOUS
100
AcDbLine
 10
105.4679609999999883
 20
-59.1704329999999956
 30
0
 11
105.4449999999999932
 21
-59.1749999999999972
 31
0
  0
LINE
  5
83B
330
22
100
AcDbEntity
  8
F.Silkscreen
  6
CONTINUOUS
100
AcDbLine
 10
105.4449999999999932
 20
-59.1749999999999972
 30
0
 11
91.4749999999999943
 21
-59.1749999999999972
 31
0
  0
LINE
  5
83C
330
22
100
AcDbEntity
  8
F.Silkscreen
  6
CONTINUOUS
100
AcDbLine
 10
91.4749999999999943
 20
-59.1749999999999972
 30
0
 11
91.4520389999999992
 21
-59.1704329999999956
 31
0
  0
LINE
  5
83D
330
22
100
AcDbEntity
  8
F.Silkscreen
  6
CONTINUOUS
100
AcDbLine
 10
91.4520389999999992
 20
-59.1704329999999956
 30
0
 11
91.4195670000000007
 21
-59.1379609999999971
 31
0
  0
LINE
  5
83E
330
22
100
AcDbEntity
  8
F.Silkscreen
  6
CONTINUOUS
100
AcDbLine
 10
91.4195670000000007
 20
-59.1379609999999971
 30
0
 11
91.414999999999992
 21
-59.1149999999999949
 31
0
  0
LINE
  5
83F
330
22
100
AcDbEntity
  8
F.Silkscreen
  6
CONTINUOUS
100
AcDbLine
 10
91.414999999999992
 20
-59.1149999999999949
 30
0
 11
91.414999999999992
 21
-45.144999999999996
 31
0
  0
LINE
  5
840
330
22
100
AcDbEntity
  8
F.Silkscreen
  6
CONTINUOUS
100
AcDbLine
 10
91.414999999999992
 20
-45.144999999999996
 30
0
 11
91.4195670000000007
 21
-45.1220390000000009
 31
0
  0
LINE
  5
841
330
22
100
AcDbEntity
  8
F.Silkscreen
  6
CONTINUOUS
100
AcDbLine
 10
91.4195670000000007
 20
-45.1220390000000009
 30
0
 11
91.4520389999999992
 21
-45.0895669999999953
 31
0
  0
LINE
  5
842
330
22
100
AcDbEntity
  8
F.Silkscreen
  6
CONTINUOUS
100
AcDbLine
 10
91.4520389999999992
 20
-45.0895669999999953
 30
0
 11
91.4749999999999943
 21
-45.0850000000000009
 31
0
  0
LINE
  5
843
330
22
100
AcDbEntity
  8
F.Silkscreen
  6
CONTINUOUS
100
AcDbLine
 10
91.4749999999999943
 20
-45.0850000000000009
 30
0
 11
105.4449999999999932
 21
-45.0850000000000009
 31
0
  0
LINE
  5
844
330
22
100
AcDbEntity
  8
F.Silkscreen
  6
CONTINUOUS
100
AcDbLine
 10
105.4449999999999932
 20
-45.0850000000000009
 30
0
 11
105.4679609999999883
 21
-45.0895669999999953
 31
0
  0
LINE
  5
845
330
22
100
AcDbEntity
  8
F.Silkscreen
  6
CONTINUOUS
100
AcDbLine
 10
91.5349999999999966
 20
-45.2049999999999983
 30
0
 11
91.5349999999999966
 21
-59.0549999999999997
 31
0
  0
LINE
  5
846
330
22
100
AcDbEntity
  8
F.Silkscreen
  6
CONTINUOUS
100
AcDbLine
 10
91.5349999999999966
 20
-59.0549999999999997
 30
0
 11
105.3849999999999909
 21
-59.0549999999999997
 31
0
  0
LINE
  5
847
330
22
100
AcDbEntity
  8
F.Silkscreen
  6
CONTINUOUS
100
AcDbLine
 10
105.3849999999999909
 20
-59.0549999999999997
 30
0
 11
105.3849999999999909
 21
-45.2049999999999983
 31
0
  0
LINE
  5
848
330
22
100
AcDbEntity
  8
F.Silkscreen
  6
CONTINUOUS
100
AcDbLine
 10
105.3849999999999909
 20
-45.2049999999999983
 30
0
 11
91.5349999999999966
 21
-45.2049999999999983
 31
0
  0
LINE
  5
849
330
22
100
AcDbEntity
  8
F.Silkscreen
  6
CONTINUOUS
100
AcDbLine
 10
136.0449610000000007
 20
-24.2465669999999989
 30
0
 11
136.077432999999985
 21
-24.2790389999999974
 31
0
  0
LINE
  5
84A
330
22
100
AcDbEntity
  8
F.Silkscreen
  6
CONTINUOUS
100
AcDbLine
 10
136.077432999999985
 20
-24.2790389999999974
 30
0
 11
136.0819999999999936
 21
-24.3019999999999996
 31
0
  0
LINE
  5
84B
330
22
100
AcDbEntity
  8
F.Silkscreen
  6
CONTINUOUS
100
AcDbLine
 10
136.0819999999999936
 20
-24.3019999999999996
 30
0
 11
136.0819999999999936
 21
-53.4779999999999944
 31
0
  0
LINE
  5
84C
330
22
100
AcDbEntity
  8
F.Silkscreen
  6
CONTINUOUS
100
AcDbLine
 10
136.0819999999999936
 20
-53.4779999999999944
 30
0
 11
136.077432999999985
 21
-53.5009609999999967
 31
0
  0
LINE
  5
84D
330
22
100
AcDbEntity
  8
F.Silkscreen
  6
CONTINUOUS
100
AcDbLine
 10
136.077432999999985
 20
-53.5009609999999967
 30
0
 11
136.0449610000000007
 21
-53.5334329999999952
 31
0
  0
LINE
  5
84E
330
22
100
AcDbEntity
  8
F.Silkscreen
  6
CONTINUOUS
100
AcDbLine
 10
136.0449610000000007
 20
-53.5334329999999952
 30
0
 11
136.0219999999999914
 21
-53.5379999999999967
 31
0
  0
LINE
  5
84F
330
22
100
AcDbEntity
  8
F.Silkscreen
  6
CONTINUOUS
100
AcDbLine
 10
136.0219999999999914
 20
-53.5379999999999967
 30
0
 11
121.3239999999999981
 21
-53.5379999999999967
 31
0
  0
LINE
  5
850
330
22
100
AcDbEntity
  8
F.Silkscreen
  6
CONTINUOUS
100
AcDbLine
 10
121.3239999999999981
 20
-53.5379999999999967
 30
0
 11
121.3010389999999887
 21
-53.5334329999999952
 31
0
  0
LINE
  5
851
330
22
100
AcDbEntity
  8
F.Silkscreen
  6
CONTINUOUS
100
AcDbLine
 10
121.3010389999999887
 20
-53.5334329999999952
 30
0
 11
121.2685669999999902
 21
-53.5009609999999967
 31
0
  0
LINE
  5
852
330
22
100
AcDbEntity
  8
F.Silkscreen
  6
CONTINUOUS
100
AcDbLine
 10
121.2685669999999902
 20
-53.5009609999999967
 30
0
 11
121.2639999999999958
 21
-53.4779999999999944
 31
0
  0
LINE
  5
853
330
22
100
AcDbEntity
  8
F.Silkscreen
  6
CONTINUOUS
100
AcDbLine
 10
121.2639999999999958
 20
-53.4779999999999944
 30
0
 11
121.2639999999999958
 21
-24.3019999999999996
 31
0
  0
LINE
  5
854
330
22
100
AcDbEntity
  8
F.Silkscreen
  6
CONTINUOUS
100
AcDbLine
 10
121.2639999999999958
 20
-24.3019999999999996
 30
0
 11
121.2685669999999902
 21
-24.2790389999999974
 31
0
  0
LINE
  5
855
330
22
100
AcDbEntity
  8
F.Silkscreen
  6
CONTINUOUS
100
AcDbLine
 10
121.2685669999999902
 20
-24.2790389999999974
 30
0
 11
121.3010389999999887
 21
-24.2465669999999989
 31
0
  0
LINE
  5
856
330
22
100
AcDbEntity
  8
F.Silkscreen
  6
CONTINUOUS
100
AcDbLine
 10
121.3010389999999887
 20
-24.2465669999999989
 30
0
 11
121.3239999999999981
 21
-24.2419999999999973
 31
0
  0
LINE
  5
857
330
22
100
AcDbEntity
  8
F.Silkscreen
  6
CONTINUOUS
100
AcDbLine
 10
121.3239999999999981
 20
-24.2419999999999973
 30
0
 11
136.0219999999999914
 21
-24.2419999999999973
 31
0
  0
LINE
  5
858
330
22
100
AcDbEntity
  8
F.Silkscreen
  6
CONTINUOUS
100
AcDbLine
 10
136.0219999999999914
 20
-24.2419999999999973
 30
0
 11
136.0449610000000007
 21
-24.2465669999999989
 31
0
  0
LINE
  5
859
330
22
100
AcDbEntity
  8
F.Silkscreen
  6
CONTINUOUS
100
AcDbLine
 10
121.3840000000000003
 20
-24.3619999999999983
 30
0
 11
121.3840000000000003
 21
-53.4179999999999993
 31
0
  0
LINE
  5
85A
330
22
100
AcDbEntity
  8
F.Silkscreen
  6
CONTINUOUS
100
AcDbLine
 10
121.3840000000000003
 20
-53.4179999999999993
 30
0
 11
135.9619999999999891
 21
-53.4179999999999993
 31
0
  0
LINE
  5
85B
330
22
100
AcDbEntity
  8
F.Silkscreen
  6
CONTINUOUS
100
AcDbLine
 10
135.9619999999999891
 20
-53.4179999999999993
 30
0
 11
135.9619999999999891
 21
-24.3619999999999983
 31
0
  0
LINE
  5
85C
330
22
100
AcDbEntity
  8
F.Silkscreen
  6
CONTINUOUS
100
AcDbLine
 10
135.9619999999999891
 20
-24.3619999999999983
 30
0
 11
121.3840000000000003
 21
-24.3619999999999983
 31
0
  0
LINE
  5
85D
330
22
100
AcDbEntity
  8
F.Silkscreen
  6
CONTINUOUS
100
AcDbLine
 10
141.5
 20
-21.1939999999999991
 30
0
 11
141.8363729999999805
 21
-21.2116289999999985
 31
0
  0
LINE
  5
85E
330
22
100
AcDbEntity
  8
F.Silkscreen
  6
CONTINUOUS
100
AcDbLine
 10
141.8363729999999805
 20
-21.2116289999999985
 30
0
 11
142.1690600000000018
 21
-21.2643209999999989
 31
0
  0
LINE
  5
85F
330
22
100
AcDbEntity
  8
F.Silkscreen
  6
CONTINUOUS
100
AcDbLine
 10
142.1690600000000018
 20
-21.2643209999999989
 30
0
 11
142.4944169999999986
 21
-21.3514999999999979
 31
0
  0
LINE
  5
860
330
22
100
AcDbEntity
  8
F.Silkscreen
  6
CONTINUOUS
100
AcDbLine
 10
142.4944169999999986
 20
-21.3514999999999979
 30
0
 11
142.8088779999999929
 21
-21.4722109999999979
 31
0
  0
LINE
  5
861
330
22
100
AcDbEntity
  8
F.Silkscreen
  6
CONTINUOUS
100
AcDbLine
 10
142.8088779999999929
 20
-21.4722109999999979
 30
0
 11
143.1089999999999804
 21
-21.6251299999999986
 31
0
  0
LINE
  5
862
330
22
100
AcDbEntity
  8
F.Silkscreen
  6
CONTINUOUS
100
AcDbLine
 10
143.1089999999999804
 20
-21.6251299999999986
 30
0
 11
143.391492999999997
 21
-21.8085839999999997
 31
0
  0
LINE
  5
863
330
22
100
AcDbEntity
  8
F.Silkscreen
  6
CONTINUOUS
100
AcDbLine
 10
143.391492999999997
 20
-21.8085839999999997
 30
0
 11
143.6532619999999838
 21
-22.0205599999999997
 31
0
  0
LINE
  5
864
330
22
100
AcDbEntity
  8
F.Silkscreen
  6
CONTINUOUS
100
AcDbLine
 10
143.6532619999999838
 20
-22.0205599999999997
 30
0
 11
143.8914399999999887
 21
-22.2587379999999975
 31
0
  0
LINE
  5
865
330
22
100
AcDbEntity
  8
F.Silkscreen
  6
CONTINUOUS
100
AcDbLine
 10
143.8914399999999887
 20
-22.2587379999999975
 30
0
 11
144.1034159999999815
 21
-22.5205069999999985
 31
0
  0
LINE
  5
866
330
22
100
AcDbEntity
  8
F.Silkscreen
  6
CONTINUOUS
100
AcDbLine
 10
144.1034159999999815
 20
-22.5205069999999985
 30
0
 11
144.2868699999999933
 21
-22.8029999999999973
 31
0
  0
LINE
  5
867
330
22
100
AcDbEntity
  8
F.Silkscreen
  6
CONTINUOUS
100
AcDbLine
 10
144.2868699999999933
 20
-22.8029999999999973
 30
0
 11
144.4397889999999904
 21
-23.103121999999999
 31
0
  0
LINE
  5
868
330
22
100
AcDbEntity
  8
F.Silkscreen
  6
CONTINUOUS
100
AcDbLine
 10
144.4397889999999904
 20
-23.103121999999999
 30
0
 11
144.5604999999999905
 21
-23.4175830000000005
 31
0
  0
LINE
  5
869
330
22
100
AcDbEntity
  8
F.Silkscreen
  6
CONTINUOUS
100
AcDbLine
 10
144.5604999999999905
 20
-23.4175830000000005
 30
0
 11
144.6476789999999824
 21
-23.7429399999999973
 31
0
  0
LINE
  5
86A
330
22
100
AcDbEntity
  8
F.Silkscreen
  6
CONTINUOUS
100
AcDbLine
 10
144.6476789999999824
 20
-23.7429399999999973
 30
0
 11
144.7003709999999899
 21
-24.0756269999999972
 31
0
  0
LINE
  5
86B
330
22
100
AcDbEntity
  8
F.Silkscreen
  6
CONTINUOUS
100
AcDbLine
 10
144.7003709999999899
 20
-24.0756269999999972
 30
0
 11
144.7179999999999893
 21
-24.411999999999999
 31
0
  0
LINE
  5
86C
330
22
100
AcDbEntity
  8
F.Silkscreen
  6
CONTINUOUS
100
AcDbLine
 10
144.7179999999999893
 20
-24.411999999999999
 30
0
 11
144.7179999999999893
 21
-53.367999999999995
 31
0
  0
LINE
  5
86D
330
22
100
AcDbEntity
  8
F.Silkscreen
  6
CONTINUOUS
100
AcDbLine
 10
144.7179999999999893
 20
-53.367999999999995
 30
0
 11
144.7003709999999899
 21
-53.7043729999999968
 31
0
  0
LINE
  5
86E
330
22
100
AcDbEntity
  8
F.Silkscreen
  6
CONTINUOUS
100
AcDbLine
 10
144.7003709999999899
 20
-53.7043729999999968
 30
0
 11
144.6476789999999824
 21
-54.0370599999999968
 31
0
  0
LINE
  5
86F
330
22
100
AcDbEntity
  8
F.Silkscreen
  6
CONTINUOUS
100
AcDbLine
 10
144.6476789999999824
 20
-54.0370599999999968
 30
0
 11
144.5604999999999905
 21
-54.3624170000000007
 31
0
  0
LINE
  5
870
330
22
100
AcDbEntity
  8
F.Silkscreen
  6
CONTINUOUS
100
AcDbLine
 10
144.5604999999999905
 20
-54.3624170000000007
 30
0
 11
144.4397889999999904
 21
-54.676877999999995
 31
0
  0
LINE
  5
871
330
22
100
AcDbEntity
  8
F.Silkscreen
  6
CONTINUOUS
100
AcDbLine
 10
144.4397889999999904
 20
-54.676877999999995
 30
0
 11
144.2868699999999933
 21
-54.9769999999999968
 31
0
  0
LINE
  5
872
330
22
100
AcDbEntity
  8
F.Silkscreen
  6
CONTINUOUS
100
AcDbLine
 10
144.2868699999999933
 20
-54.9769999999999968
 30
0
 11
144.1034159999999815
 21
-55.2594929999999991
 31
0
  0
LINE
  5
873
330
22
100
AcDbEntity
  8
F.Silkscreen
  6
CONTINUOUS
100
AcDbLine
 10
144.1034159999999815
 20
-55.2594929999999991
 30
0
 11
143.8914399999999887
 21
-55.5212620000000001
 31
0
  0
LINE
  5
874
330
22
100
AcDbEntity
  8
F.Silkscreen
  6
CONTINUOUS
100
AcDbLine
 10
143.8914399999999887
 20
-55.5212620000000001
 30
0
 11
143.6532619999999838
 21
-55.7594399999999979
 31
0
  0
LINE
  5
875
330
22
100
AcDbEntity
  8
F.Silkscreen
  6
CONTINUOUS
100
AcDbLine
 10
143.6532619999999838
 20
-55.7594399999999979
 30
0
 11
143.391492999999997
 21
-55.9714159999999978
 31
0
  0
LINE
  5
876
330
22
100
AcDbEntity
  8
F.Silkscreen
  6
CONTINUOUS
100
AcDbLine
 10
143.391492999999997
 20
-55.9714159999999978
 30
0
 11
143.1089999999999804
 21
-56.1548699999999954
 31
0
  0
LINE
  5
877
330
22
100
AcDbEntity
  8
F.Silkscreen
  6
CONTINUOUS
100
AcDbLine
 10
143.1089999999999804
 20
-56.1548699999999954
 30
0
 11
142.8088779999999929
 21
-56.3077889999999996
 31
0
  0
LINE
  5
878
330
22
100
AcDbEntity
  8
F.Silkscreen
  6
CONTINUOUS
100
AcDbLine
 10
142.8088779999999929
 20
-56.3077889999999996
 30
0
 11
142.4944169999999986
 21
-56.4284999999999997
 31
0
  0
LINE
  5
879
330
22
100
AcDbEntity
  8
F.Silkscreen
  6
CONTINUOUS
100
AcDbLine
 10
142.4944169999999986
 20
-56.4284999999999997
 30
0
 11
142.1690600000000018
 21
-56.5156789999999987
 31
0
  0
LINE
  5
87A
330
22
100
AcDbEntity
  8
F.Silkscreen
  6
CONTINUOUS
100
AcDbLine
 10
142.1690600000000018
 20
-56.5156789999999987
 30
0
 11
141.8363729999999805
 21
-56.5683709999999991
 31
0
  0
LINE
  5
87B
330
22
100
AcDbEntity
  8
F.Silkscreen
  6
CONTINUOUS
100
AcDbLine
 10
141.8363729999999805
 20
-56.5683709999999991
 30
0
 11
141.5
 21
-56.5859999999999985
 31
0
  0
LINE
  5
87C
330
22
100
AcDbEntity
  8
F.Silkscreen
  6
CONTINUOUS
100
AcDbLine
 10
141.5
 20
-56.5859999999999985
 30
0
 11
112.0360000000000014
 21
-56.5859999999999985
 31
0
  0
LINE
  5
87D
330
22
100
AcDbEntity
  8
F.Silkscreen
  6
CONTINUOUS
100
AcDbLine
 10
112.0360000000000014
 20
-56.5859999999999985
 30
0
 11
111.6996269999999924
 21
-56.5683709999999991
 31
0
  0
LINE
  5
87E
330
22
100
AcDbEntity
  8
F.Silkscreen
  6
CONTINUOUS
100
AcDbLine
 10
111.6996269999999924
 20
-56.5683709999999991
 30
0
 11
111.3669399999999996
 21
-56.5156789999999987
 31
0
  0
LINE
  5
87F
330
22
100
AcDbEntity
  8
F.Silkscreen
  6
CONTINUOUS
100
AcDbLine
 10
111.3669399999999996
 20
-56.5156789999999987
 30
0
 11
111.0415829999999886
 21
-56.4284999999999997
 31
0
  0
LINE
  5
880
330
22
100
AcDbEntity
  8
F.Silkscreen
  6
CONTINUOUS
100
AcDbLine
 10
111.0415829999999886
 20
-56.4284999999999997
 30
0
 11
110.7271219999999943
 21
-56.3077889999999996
 31
0
  0
LINE
  5
881
330
22
100
AcDbEntity
  8
F.Silkscreen
  6
CONTINUOUS
100
AcDbLine
 10
110.7271219999999943
 20
-56.3077889999999996
 30
0
 11
110.4269999999999925
 21
-56.1548699999999954
 31
0
  0
LINE
  5
882
330
22
100
AcDbEntity
  8
F.Silkscreen
  6
CONTINUOUS
100
AcDbLine
 10
110.4269999999999925
 20
-56.1548699999999954
 30
0
 11
110.1445069999999902
 21
-55.9714159999999978
 31
0
  0
LINE
  5
883
330
22
100
AcDbEntity
  8
F.Silkscreen
  6
CONTINUOUS
100
AcDbLine
 10
110.1445069999999902
 20
-55.9714159999999978
 30
0
 11
109.8827379999999891
 21
-55.7594399999999979
 31
0
  0
LINE
  5
884
330
22
100
AcDbEntity
  8
F.Silkscreen
  6
CONTINUOUS
100
AcDbLine
 10
109.8827379999999891
 20
-55.7594399999999979
 30
0
 11
109.6445599999999985
 21
-55.5212620000000001
 31
0
  0
LINE
  5
885
330
22
100
AcDbEntity
  8
F.Silkscreen
  6
CONTINUOUS
100
AcDbLine
 10
109.6445599999999985
 20
-55.5212620000000001
 30
0
 11
109.4325839999999914
 21
-55.2594929999999991
 31
0
  0
LINE
  5
886
330
22
100
AcDbEntity
  8
F.Silkscreen
  6
CONTINUOUS
100
AcDbLine
 10
109.4325839999999914
 20
-55.2594929999999991
 30
0
 11
109.2491299999999939
 21
-54.9769999999999968
 31
0
  0
LINE
  5
887
330
22
100
AcDbEntity
  8
F.Silkscreen
  6
CONTINUOUS
100
AcDbLine
 10
109.2491299999999939
 20
-54.9769999999999968
 30
0
 11
109.0962109999999967
 21
-54.676877999999995
 31
0
  0
LINE
  5
888
330
22
100
AcDbEntity
  8
F.Silkscreen
  6
CONTINUOUS
100
AcDbLine
 10
109.0962109999999967
 20
-54.676877999999995
 30
0
 11
108.9754999999999967
 21
-54.3624170000000007
 31
0
  0
LINE
  5
889
330
22
100
AcDbEntity
  8
F.Silkscreen
  6
CONTINUOUS
100
AcDbLine
 10
108.9754999999999967
 20
-54.3624170000000007
 30
0
 11
108.8883209999999906
 21
-54.0370599999999968
 31
0
  0
LINE
  5
88A
330
22
100
AcDbEntity
  8
F.Silkscreen
  6
CONTINUOUS
100
AcDbLine
 10
108.8883209999999906
 20
-54.0370599999999968
 30
0
 11
108.8356289999999973
 21
-53.7043729999999968
 31
0
  0
LINE
  5
88B
330
22
100
AcDbEntity
  8
F.Silkscreen
  6
CONTINUOUS
100
AcDbLine
 10
108.8356289999999973
 20
-53.7043729999999968
 30
0
 11
108.8181419999999946
 21
-53.370714999999997
 31
0
  0
LINE
  5
88C
330
22
100
AcDbEntity
  8
F.Silkscreen
  6
CONTINUOUS
100
AcDbLine
 10
108.8181419999999946
 20
-53.370714999999997
 30
0
 11
108.8179999999999978
 21
-53.3699999999999974
 31
0
  0
LINE
  5
88D
330
22
100
AcDbEntity
  8
F.Silkscreen
  6
CONTINUOUS
100
AcDbLine
 10
108.8179999999999978
 20
-53.3699999999999974
 30
0
 11
108.8179999999999978
 21
-52.0180000000000007
 31
0
  0
LINE
  5
88E
330
22
100
AcDbEntity
  8
F.Silkscreen
  6
CONTINUOUS
100
AcDbLine
 10
108.8179999999999978
 20
-52.0180000000000007
 30
0
 11
108.818253999999996
 21
-52.0167199999999994
 31
0
  0
LINE
  5
88F
330
22
100
AcDbEntity
  8
F.Silkscreen
  6
CONTINUOUS
100
AcDbLine
 10
108.818253999999996
 20
-52.0167199999999994
 30
0
 11
108.8179999999999978
 21
-52.0159339999999943
 31
0
  0
LINE
  5
890
330
22
100
AcDbEntity
  8
F.Silkscreen
  6
CONTINUOUS
100
AcDbLine
 10
108.8179999999999978
 20
-52.0159339999999943
 30
0
 11
108.8342509999999947
 21
-51.772127999999995
 31
0
  0
LINE
  5
891
330
22
100
AcDbEntity
  8
F.Silkscreen
  6
CONTINUOUS
100
AcDbLine
 10
108.8342509999999947
 20
-51.772127999999995
 30
0
 11
108.8821849999999927
 21
-51.5325299999999942
 31
0
  0
LINE
  5
892
330
22
100
AcDbEntity
  8
F.Silkscreen
  6
CONTINUOUS
100
AcDbLine
 10
108.8821849999999927
 20
-51.5325299999999942
 30
0
 11
108.9609839999999963
 21
-51.3012379999999979
 31
0
  0
LINE
  5
893
330
22
100
AcDbEntity
  8
F.Silkscreen
  6
CONTINUOUS
100
AcDbLine
 10
108.9609839999999963
 20
-51.3012379999999979
 30
0
 11
109.0692979999999892
 21
-51.0822110000000009
 31
0
  0
LINE
  5
894
330
22
100
AcDbEntity
  8
F.Silkscreen
  6
CONTINUOUS
100
AcDbLine
 10
109.0692979999999892
 20
-51.0822110000000009
 30
0
 11
109.2052739999999886
 21
-50.8791939999999983
 31
0
  0
LINE
  5
895
330
22
100
AcDbEntity
  8
F.Silkscreen
  6
CONTINUOUS
100
AcDbLine
 10
109.2052739999999886
 20
-50.8791939999999983
 30
0
 11
109.3665859999999981
 21
-50.6956629999999961
 31
0
  0
LINE
  5
896
330
22
100
AcDbEntity
  8
F.Silkscreen
  6
CONTINUOUS
100
AcDbLine
 10
109.3665859999999981
 20
-50.6956629999999961
 30
0
 11
109.5504729999999967
 21
-50.5347579999999965
 31
0
  0
LINE
  5
897
330
22
100
AcDbEntity
  8
F.Silkscreen
  6
CONTINUOUS
100
AcDbLine
 10
109.5504729999999967
 20
-50.5347579999999965
 30
0
 11
109.7537899999999951
 21
-50.3992310000000003
 31
0
  0
LINE
  5
898
330
22
100
AcDbEntity
  8
F.Silkscreen
  6
CONTINUOUS
100
AcDbLine
 10
109.7537899999999951
 20
-50.3992310000000003
 30
0
 11
109.9730559999999997
 21
-50.2914019999999979
 31
0
  0
LINE
  5
899
330
22
100
AcDbEntity
  8
F.Silkscreen
  6
CONTINUOUS
100
AcDbLine
 10
109.9730559999999997
 20
-50.2914019999999979
 30
0
 11
110.2045219999999972
 21
-50.2131159999999994
 31
0
  0
LINE
  5
89A
330
22
100
AcDbEntity
  8
F.Silkscreen
  6
CONTINUOUS
100
AcDbLine
 10
110.2045219999999972
 20
-50.2131159999999994
 30
0
 11
110.4442260000000005
 21
-50.1657109999999946
 31
0
  0
LINE
  5
89B
330
22
100
AcDbEntity
  8
F.Silkscreen
  6
CONTINUOUS
100
AcDbLine
 10
110.4442260000000005
 20
-50.1657109999999946
 30
0
 11
110.6850099999999912
 21
-50.1501960000000011
 31
0
  0
LINE
  5
89C
330
22
100
AcDbEntity
  8
F.Silkscreen
  6
CONTINUOUS
100
AcDbLine
 10
110.6850099999999912
 20
-50.1501960000000011
 30
0
 11
110.6859999999999928
 21
-50.1499999999999986
 31
0
  0
LINE
  5
89D
330
22
100
AcDbEntity
  8
F.Silkscreen
  6
CONTINUOUS
100
AcDbLine
 10
110.6859999999999928
 20
-50.1499999999999986
 30
0
 11
114.9140000000000015
 21
-50.1499999999999986
 31
0
  0
LINE
  5
89E
330
22
100
AcDbEntity
  8
F.Silkscreen
  6
CONTINUOUS
100
AcDbLine
 10
114.9140000000000015
 20
-50.1499999999999986
 30
0
 11
114.9140000000000015
 21
-27.629999999999999
 31
0
  0
LINE
  5
89F
330
22
100
AcDbEntity
  8
F.Silkscreen
  6
CONTINUOUS
100
AcDbLine
 10
114.9140000000000015
 20
-27.629999999999999
 30
0
 11
110.6880659999999921
 21
-27.629999999999999
 31
0
  0
LINE
  5
8A0
330
22
100
AcDbEntity
  8
F.Silkscreen
  6
CONTINUOUS
100
AcDbLine
 10
110.6880659999999921
 20
-27.629999999999999
 30
0
 11
110.6859999999999928
 21
-27.629999999999999
 31
0
  0
LINE
  5
8A1
330
22
100
AcDbEntity
  8
F.Silkscreen
  6
CONTINUOUS
100
AcDbLine
 10
110.6859999999999928
 20
-27.629999999999999
 30
0
 11
110.6850099999999912
 21
-27.629802999999999
 31
0
  0
LINE
  5
8A2
330
22
100
AcDbEntity
  8
F.Silkscreen
  6
CONTINUOUS
100
AcDbLine
 10
110.6850099999999912
 20
-27.629802999999999
 30
0
 11
110.4442260000000005
 21
-27.6142889999999994
 31
0
  0
LINE
  5
8A3
330
22
100
AcDbEntity
  8
F.Silkscreen
  6
CONTINUOUS
100
AcDbLine
 10
110.4442260000000005
 20
-27.6142889999999994
 30
0
 11
110.2045219999999972
 21
-27.5668839999999982
 31
0
  0
LINE
  5
8A4
330
22
100
AcDbEntity
  8
F.Silkscreen
  6
CONTINUOUS
100
AcDbLine
 10
110.2045219999999972
 20
-27.5668839999999982
 30
0
 11
109.9730559999999997
 21
-27.4885979999999996
 31
0
  0
LINE
  5
8A5
330
22
100
AcDbEntity
  8
F.Silkscreen
  6
CONTINUOUS
100
AcDbLine
 10
109.9730559999999997
 20
-27.4885979999999996
 30
0
 11
109.7537899999999951
 21
-27.3807689999999972
 31
0
  0
LINE
  5
8A6
330
22
100
AcDbEntity
  8
F.Silkscreen
  6
CONTINUOUS
100
AcDbLine
 10
109.7537899999999951
 20
-27.3807689999999972
 30
0
 11
109.5504729999999967
 21
-27.2452419999999975
 31
0
  0
LINE
  5
8A7
330
22
100
AcDbEntity
  8
F.Silkscreen
  6
CONTINUOUS
100
AcDbLine
 10
109.5504729999999967
 20
-27.2452419999999975
 30
0
 11
109.3665859999999981
 21
-27.0843369999999979
 31
0
  0
LINE
  5
8A8
330
22
100
AcDbEntity
  8
F.Silkscreen
  6
CONTINUOUS
100
AcDbLine
 10
109.3665859999999981
 20
-27.0843369999999979
 30
0
 11
109.2052739999999886
 21
-26.9008059999999993
 31
0
  0
LINE
  5
8A9
330
22
100
AcDbEntity
  8
F.Silkscreen
  6
CONTINUOUS
100
AcDbLine
 10
109.2052739999999886
 20
-26.9008059999999993
 30
0
 11
109.0692979999999892
 21
-26.6977890000000002
 31
0
  0
LINE
  5
8AA
330
22
100
AcDbEntity
  8
F.Silkscreen
  6
CONTINUOUS
100
AcDbLine
 10
109.0692979999999892
 20
-26.6977890000000002
 30
0
 11
108.9609839999999963
 21
-26.4787619999999997
 31
0
  0
LINE
  5
8AB
330
22
100
AcDbEntity
  8
F.Silkscreen
  6
CONTINUOUS
100
AcDbLine
 10
108.9609839999999963
 20
-26.4787619999999997
 30
0
 11
108.8821849999999927
 21
-26.2474699999999999
 31
0
  0
LINE
  5
8AC
330
22
100
AcDbEntity
  8
F.Silkscreen
  6
CONTINUOUS
100
AcDbLine
 10
108.8821849999999927
 20
-26.2474699999999999
 30
0
 11
108.8342509999999947
 21
-26.007871999999999
 31
0
  0
LINE
  5
8AD
330
22
100
AcDbEntity
  8
F.Silkscreen
  6
CONTINUOUS
100
AcDbLine
 10
108.8342509999999947
 20
-26.007871999999999
 30
0
 11
108.8179999999999978
 21
-25.7640659999999997
 31
0
  0
LINE
  5
8AE
330
22
100
AcDbEntity
  8
F.Silkscreen
  6
CONTINUOUS
100
AcDbLine
 10
108.8179999999999978
 20
-25.7640659999999997
 30
0
 11
108.818253999999996
 21
-25.7632789999999972
 31
0
  0
LINE
  5
8AF
330
22
100
AcDbEntity
  8
F.Silkscreen
  6
CONTINUOUS
100
AcDbLine
 10
108.818253999999996
 20
-25.7632789999999972
 30
0
 11
108.8179999999999978
 21
-25.7620000000000005
 31
0
  0
LINE
  5
8B0
330
22
100
AcDbEntity
  8
F.Silkscreen
  6
CONTINUOUS
100
AcDbLine
 10
108.8179999999999978
 20
-25.7620000000000005
 30
0
 11
108.8179999999999978
 21
-24.4100000000000001
 31
0
  0
LINE
  5
8B1
330
22
100
AcDbEntity
  8
F.Silkscreen
  6
CONTINUOUS
100
AcDbLine
 10
108.8179999999999978
 20
-24.4100000000000001
 30
0
 11
108.8181419999999946
 21
-24.4092839999999995
 31
0
  0
LINE
  5
8B2
330
22
100
AcDbEntity
  8
F.Silkscreen
  6
CONTINUOUS
100
AcDbLine
 10
108.8181419999999946
 20
-24.4092839999999995
 30
0
 11
108.8356289999999973
 21
-24.0756269999999972
 31
0
  0
LINE
  5
8B3
330
22
100
AcDbEntity
  8
F.Silkscreen
  6
CONTINUOUS
100
AcDbLine
 10
108.8356289999999973
 20
-24.0756269999999972
 30
0
 11
108.8883209999999906
 21
-23.7429399999999973
 31
0
  0
LINE
  5
8B4
330
22
100
AcDbEntity
  8
F.Silkscreen
  6
CONTINUOUS
100
AcDbLine
 10
108.8883209999999906
 20
-23.7429399999999973
 30
0
 11
108.9754999999999967
 21
-23.4175830000000005
 31
0
  0
LINE
  5
8B5
330
22
100
AcDbEntity
  8
F.Silkscreen
  6
CONTINUOUS
100
AcDbLine
 10
108.9754999999999967
 20
-23.4175830000000005
 30
0
 11
109.0962109999999967
 21
-23.103121999999999
 31
0
  0
LINE
  5
8B6
330
22
100
AcDbEntity
  8
F.Silkscreen
  6
CONTINUOUS
100
AcDbLine
 10
109.0962109999999967
 20
-23.103121999999999
 30
0
 11
109.2491299999999939
 21
-22.8029999999999973
 31
0
  0
LINE
  5
8B7
330
22
100
AcDbEntity
  8
F.Silkscreen
  6
CONTINUOUS
100
AcDbLine
 10
109.2491299999999939
 20
-22.8029999999999973
 30
0
 11
109.4325839999999914
 21
-22.5205069999999985
 31
0
  0
LINE
  5
8B8
330
22
100
AcDbEntity
  8
F.Silkscreen
  6
CONTINUOUS
100
AcDbLine
 10
109.4325839999999914
 20
-22.5205069999999985
 30
0
 11
109.6445599999999985
 21
-22.2587379999999975
 31
0
  0
LINE
  5
8B9
330
22
100
AcDbEntity
  8
F.Silkscreen
  6
CONTINUOUS
100
AcDbLine
 10
109.6445599999999985
 20
-22.2587379999999975
 30
0
 11
109.8827379999999891
 21
-22.0205599999999997
 31
0
  0
LINE
  5
8BA
330
22
100
AcDbEntity
  8
F.Silkscreen
  6
CONTINUOUS
100
AcDbLine
 10
109.8827379999999891
 20
-22.0205599999999997
 30
0
 11
110.1445069999999902
 21
-21.8085839999999997
 31
0
  0
LINE
  5
8BB
330
22
100
AcDbEntity
  8
F.Silkscreen
  6
CONTINUOUS
100
AcDbLine
 10
110.1445069999999902
 20
-21.8085839999999997
 30
0
 11
110.4269999999999925
 21
-21.6251299999999986
 31
0
  0
LINE
  5
8BC
330
22
100
AcDbEntity
  8
F.Silkscreen
  6
CONTINUOUS
100
AcDbLine
 10
110.4269999999999925
 20
-21.6251299999999986
 30
0
 11
110.7271219999999943
 21
-21.4722109999999979
 31
0
  0
LINE
  5
8BD
330
22
100
AcDbEntity
  8
F.Silkscreen
  6
CONTINUOUS
100
AcDbLine
 10
110.7271219999999943
 20
-21.4722109999999979
 30
0
 11
111.0415829999999886
 21
-21.3514999999999979
 31
0
  0
LINE
  5
8BE
330
22
100
AcDbEntity
  8
F.Silkscreen
  6
CONTINUOUS
100
AcDbLine
 10
111.0415829999999886
 20
-21.3514999999999979
 30
0
 11
111.3669399999999996
 21
-21.2643209999999989
 31
0
  0
LINE
  5
8BF
330
22
100
AcDbEntity
  8
F.Silkscreen
  6
CONTINUOUS
100
AcDbLine
 10
111.3669399999999996
 20
-21.2643209999999989
 30
0
 11
111.6996269999999924
 21
-21.2116289999999985
 31
0
  0
LINE
  5
8C0
330
22
100
AcDbEntity
  8
F.Silkscreen
  6
CONTINUOUS
100
AcDbLine
 10
111.6996269999999924
 20
-21.2116289999999985
 30
0
 11
112.0360000000000014
 21
-21.1939999999999991
 31
0
  0
LINE
  5
8C1
330
22
100
AcDbEntity
  8
F.Silkscreen
  6
CONTINUOUS
100
AcDbLine
 10
112.0360000000000014
 20
-21.1939999999999991
 30
0
 11
141.5
 21
-21.1939999999999991
 31
0
  0
LINE
  5
8C2
330
22
100
AcDbEntity
  8
F.Silkscreen
  6
CONTINUOUS
100
AcDbLine
 10
112.0360000000000014
 20
-21.3140000000000001
 30
0
 11
111.8736409999999921
 21
-21.3140000000000001
 31
0
  0
LINE
  5
8C3
330
22
100
AcDbEntity
  8
F.Silkscreen
  6
CONTINUOUS
100
AcDbLine
 10
111.8736409999999921
 20
-21.3140000000000001
 30
0
 11
111.5507009999999894
 21
-21.3479419999999998
 31
0
  0
LINE
  5
8C4
330
22
100
AcDbEntity
  8
F.Silkscreen
  6
CONTINUOUS
100
AcDbLine
 10
111.5507009999999894
 20
-21.3479419999999998
 30
0
 11
111.2330779999999919
 21
-21.4154549999999979
 31
0
  0
LINE
  5
8C5
330
22
100
AcDbEntity
  8
F.Silkscreen
  6
CONTINUOUS
100
AcDbLine
 10
111.2330779999999919
 20
-21.4154549999999979
 30
0
 11
110.9242519999999956
 21
-21.5157980000000002
 31
0
  0
LINE
  5
8C6
330
22
100
AcDbEntity
  8
F.Silkscreen
  6
CONTINUOUS
100
AcDbLine
 10
110.9242519999999956
 20
-21.5157980000000002
 30
0
 11
110.6276069999999976
 21
-21.6478730000000006
 31
0
  0
LINE
  5
8C7
330
22
100
AcDbEntity
  8
F.Silkscreen
  6
CONTINUOUS
100
AcDbLine
 10
110.6276069999999976
 20
-21.6478730000000006
 30
0
 11
110.346392999999992
 21
-21.8102330000000002
 31
0
  0
LINE
  5
8C8
330
22
100
AcDbEntity
  8
F.Silkscreen
  6
CONTINUOUS
100
AcDbLine
 10
110.346392999999992
 20
-21.8102330000000002
 30
0
 11
110.0836899999999901
 21
-22.0010979999999989
 31
0
  0
LINE
  5
8C9
330
22
100
AcDbEntity
  8
F.Silkscreen
  6
CONTINUOUS
100
AcDbLine
 10
110.0836899999999901
 20
-22.0010979999999989
 30
0
 11
109.842376999999999
 21
-22.2183770000000003
 31
0
  0
LINE
  5
8CA
330
22
100
AcDbEntity
  8
F.Silkscreen
  6
CONTINUOUS
100
AcDbLine
 10
109.842376999999999
 20
-22.2183770000000003
 30
0
 11
109.6250979999999942
 21
-22.4596899999999984
 31
0
  0
LINE
  5
8CB
330
22
100
AcDbEntity
  8
F.Silkscreen
  6
CONTINUOUS
100
AcDbLine
 10
109.6250979999999942
 20
-22.4596899999999984
 30
0
 11
109.4342329999999919
 21
-22.7223930000000003
 31
0
  0
LINE
  5
8CC
330
22
100
AcDbEntity
  8
F.Silkscreen
  6
CONTINUOUS
100
AcDbLine
 10
109.4342329999999919
 20
-22.7223930000000003
 30
0
 11
109.2718729999999994
 21
-23.0036069999999988
 31
0
  0
LINE
  5
8CD
330
22
100
AcDbEntity
  8
F.Silkscreen
  6
CONTINUOUS
100
AcDbLine
 10
109.2718729999999994
 20
-23.0036069999999988
 30
0
 11
109.139797999999999
 21
-23.3002520000000004
 31
0
  0
LINE
  5
8CE
330
22
100
AcDbEntity
  8
F.Silkscreen
  6
CONTINUOUS
100
AcDbLine
 10
109.139797999999999
 20
-23.3002520000000004
 30
0
 11
109.0394549999999896
 21
-23.6090780000000002
 31
0
  0
LINE
  5
8CF
330
22
100
AcDbEntity
  8
F.Silkscreen
  6
CONTINUOUS
100
AcDbLine
 10
109.0394549999999896
 20
-23.6090780000000002
 30
0
 11
108.9719419999999985
 21
-23.9267009999999978
 31
0
  0
LINE
  5
8D0
330
22
100
AcDbEntity
  8
F.Silkscreen
  6
CONTINUOUS
100
AcDbLine
 10
108.9719419999999985
 20
-23.9267009999999978
 30
0
 11
108.9379999999999882
 21
-24.2496410000000004
 31
0
  0
LINE
  5
8D1
330
22
100
AcDbEntity
  8
F.Silkscreen
  6
CONTINUOUS
100
AcDbLine
 10
108.9379999999999882
 20
-24.2496410000000004
 30
0
 11
108.9379999999999882
 21
-24.4100000000000001
 31
0
  0
LINE
  5
8D2
330
22
100
AcDbEntity
  8
F.Silkscreen
  6
CONTINUOUS
100
AcDbLine
 10
108.9379999999999882
 20
-24.4100000000000001
 30
0
 11
108.9379999999999882
 21
-25.7620000000000005
 31
0
  0
LINE
  5
8D3
330
22
100
AcDbEntity
  8
F.Silkscreen
  6
CONTINUOUS
100
AcDbLine
 10
108.9379999999999882
 20
-25.7620000000000005
 30
0
 11
108.9377609999999947
 21
-25.7632009999999987
 31
0
  0
LINE
  5
8D4
330
22
100
AcDbEntity
  8
F.Silkscreen
  6
CONTINUOUS
100
AcDbLine
 10
108.9377609999999947
 20
-25.7632009999999987
 30
0
 11
108.9379999999999882
 21
-25.763933999999999
 31
0
  0
LINE
  5
8D5
330
22
100
AcDbEntity
  8
F.Silkscreen
  6
CONTINUOUS
100
AcDbLine
 10
108.9379999999999882
 20
-25.763933999999999
 30
0
 11
108.938137999999995
 21
-25.8889529999999972
 31
0
  0
LINE
  5
8D6
330
22
100
AcDbEntity
  8
F.Silkscreen
  6
CONTINUOUS
100
AcDbLine
 10
108.938137999999995
 20
-25.8889529999999972
 30
0
 11
108.9739959999999996
 21
-26.1364069999999984
 31
0
  0
LINE
  5
8D7
330
22
100
AcDbEntity
  8
F.Silkscreen
  6
CONTINUOUS
100
AcDbLine
 10
108.9739959999999996
 20
-26.1364069999999984
 30
0
 11
109.0447059999999908
 21
-26.3762399999999992
 31
0
  0
LINE
  5
8D8
330
22
100
AcDbEntity
  8
F.Silkscreen
  6
CONTINUOUS
100
AcDbLine
 10
109.0447059999999908
 20
-26.3762399999999992
 30
0
 11
109.1488269999999972
 21
-26.6035679999999992
 31
0
  0
LINE
  5
8D9
330
22
100
AcDbEntity
  8
F.Silkscreen
  6
CONTINUOUS
100
AcDbLine
 10
109.1488269999999972
 20
-26.6035679999999992
 30
0
 11
109.2842409999999944
 21
-26.8137650000000001
 31
0
  0
LINE
  5
8DA
330
22
100
AcDbEntity
  8
F.Silkscreen
  6
CONTINUOUS
100
AcDbLine
 10
109.2842409999999944
 20
-26.8137650000000001
 30
0
 11
109.4481909999999942
 21
-27.0025510000000004
 31
0
  0
LINE
  5
8DB
330
22
100
AcDbEntity
  8
F.Silkscreen
  6
CONTINUOUS
100
AcDbLine
 10
109.4481909999999942
 20
-27.0025510000000004
 30
0
 11
109.6373389999999972
 21
-27.1660819999999994
 31
0
  0
LINE
  5
8DC
330
22
100
AcDbEntity
  8
F.Silkscreen
  6
CONTINUOUS
100
AcDbLine
 10
109.6373389999999972
 20
-27.1660819999999994
 30
0
 11
109.8478339999999918
 21
-27.3010309999999983
 31
0
  0
LINE
  5
8DD
330
22
100
AcDbEntity
  8
F.Silkscreen
  6
CONTINUOUS
100
AcDbLine
 10
109.8478339999999918
 20
-27.3010309999999983
 30
0
 11
110.0753929999999912
 21
-27.4046489999999991
 31
0
  0
LINE
  5
8DE
330
22
100
AcDbEntity
  8
F.Silkscreen
  6
CONTINUOUS
100
AcDbLine
 10
110.0753929999999912
 20
-27.4046489999999991
 30
0
 11
110.3153809999999879
 21
-27.4748279999999987
 31
0
  0
LINE
  5
8DF
330
22
100
AcDbEntity
  8
F.Silkscreen
  6
CONTINUOUS
100
AcDbLine
 10
110.3153809999999879
 20
-27.4748279999999987
 30
0
 11
110.5629139999999921
 21
-27.5101379999999978
 31
0
  0
LINE
  5
8E0
330
22
100
AcDbEntity
  8
F.Silkscreen
  6
CONTINUOUS
100
AcDbLine
 10
110.5629139999999921
 20
-27.5101379999999978
 30
0
 11
110.6859889999999922
 21
-27.5100020000000001
 31
0
  0
LINE
  5
8E1
330
22
100
AcDbEntity
  8
F.Silkscreen
  6
CONTINUOUS
100
AcDbLine
 10
110.6859889999999922
 20
-27.5100020000000001
 30
0
 11
110.6859999999999928
 21
-27.509999999999998
 31
0
  0
LINE
  5
8E2
330
22
100
AcDbEntity
  8
F.Silkscreen
  6
CONTINUOUS
100
AcDbLine
 10
110.6859999999999928
 20
-27.509999999999998
 30
0
 11
114.9739999999999895
 21
-27.509999999999998
 31
0
  0
LINE
  5
8E3
330
22
100
AcDbEntity
  8
F.Silkscreen
  6
CONTINUOUS
100
AcDbLine
 10
114.9739999999999895
 20
-27.509999999999998
 30
0
 11
114.9969609999999989
 21
-27.5145669999999996
 31
0
  0
LINE
  5
8E4
330
22
100
AcDbEntity
  8
F.Silkscreen
  6
CONTINUOUS
100
AcDbLine
 10
114.9969609999999989
 20
-27.5145669999999996
 30
0
 11
115.0294329999999974
 21
-27.5470389999999981
 31
0
  0
LINE
  5
8E5
330
22
100
AcDbEntity
  8
F.Silkscreen
  6
CONTINUOUS
100
AcDbLine
 10
115.0294329999999974
 20
-27.5470389999999981
 30
0
 11
115.0339999999999918
 21
-27.5700000000000003
 31
0
  0
LINE
  5
8E6
330
22
100
AcDbEntity
  8
F.Silkscreen
  6
CONTINUOUS
100
AcDbLine
 10
115.0339999999999918
 20
-27.5700000000000003
 30
0
 11
115.0339999999999918
 21
-50.2100000000000009
 31
0
  0
LINE
  5
8E7
330
22
100
AcDbEntity
  8
F.Silkscreen
  6
CONTINUOUS
100
AcDbLine
 10
115.0339999999999918
 20
-50.2100000000000009
 30
0
 11
115.0294329999999974
 21
-50.232960999999996
 31
0
  0
LINE
  5
8E8
330
22
100
AcDbEntity
  8
F.Silkscreen
  6
CONTINUOUS
100
AcDbLine
 10
115.0294329999999974
 20
-50.232960999999996
 30
0
 11
114.9969609999999989
 21
-50.2654329999999945
 31
0
  0
LINE
  5
8E9
330
22
100
AcDbEntity
  8
F.Silkscreen
  6
CONTINUOUS
100
AcDbLine
 10
114.9969609999999989
 20
-50.2654329999999945
 30
0
 11
114.9739999999999895
 21
-50.269999999999996
 31
0
  0
LINE
  5
8EA
330
22
100
AcDbEntity
  8
F.Silkscreen
  6
CONTINUOUS
100
AcDbLine
 10
114.9739999999999895
 20
-50.269999999999996
 30
0
 11
110.6879339999999985
 21
-50.269999999999996
 31
0
  0
LINE
  5
8EB
330
22
100
AcDbEntity
  8
F.Silkscreen
  6
CONTINUOUS
100
AcDbLine
 10
110.6879339999999985
 20
-50.269999999999996
 30
0
 11
110.6859999999999928
 21
-50.269999999999996
 31
0
  0
LINE
  5
8EC
330
22
100
AcDbEntity
  8
F.Silkscreen
  6
CONTINUOUS
100
AcDbLine
 10
110.6859999999999928
 20
-50.269999999999996
 30
0
 11
110.6859889999999922
 21
-50.2699969999999965
 31
0
  0
LINE
  5
8ED
330
22
100
AcDbEntity
  8
F.Silkscreen
  6
CONTINUOUS
100
AcDbLine
 10
110.6859889999999922
 20
-50.2699969999999965
 30
0
 11
110.5629139999999921
 21
-50.2698619999999963
 31
0
  0
LINE
  5
8EE
330
22
100
AcDbEntity
  8
F.Silkscreen
  6
CONTINUOUS
100
AcDbLine
 10
110.5629139999999921
 20
-50.2698619999999963
 30
0
 11
110.3153809999999879
 21
-50.3051719999999989
 31
0
  0
LINE
  5
8EF
330
22
100
AcDbEntity
  8
F.Silkscreen
  6
CONTINUOUS
100
AcDbLine
 10
110.3153809999999879
 20
-50.3051719999999989
 30
0
 11
110.0753929999999912
 21
-50.3753509999999949
 31
0
  0
LINE
  5
8F0
330
22
100
AcDbEntity
  8
F.Silkscreen
  6
CONTINUOUS
100
AcDbLine
 10
110.0753929999999912
 20
-50.3753509999999949
 30
0
 11
109.8478339999999918
 21
-50.4789689999999993
 31
0
  0
LINE
  5
8F1
330
22
100
AcDbEntity
  8
F.Silkscreen
  6
CONTINUOUS
100
AcDbLine
 10
109.8478339999999918
 20
-50.4789689999999993
 30
0
 11
109.6373389999999972
 21
-50.6139179999999982
 31
0
  0
LINE
  5
8F2
330
22
100
AcDbEntity
  8
F.Silkscreen
  6
CONTINUOUS
100
AcDbLine
 10
109.6373389999999972
 20
-50.6139179999999982
 30
0
 11
109.4481909999999942
 21
-50.7774489999999972
 31
0
  0
LINE
  5
8F3
330
22
100
AcDbEntity
  8
F.Silkscreen
  6
CONTINUOUS
100
AcDbLine
 10
109.4481909999999942
 20
-50.7774489999999972
 30
0
 11
109.2842409999999944
 21
-50.9662349999999975
 31
0
  0
LINE
  5
8F4
330
22
100
AcDbEntity
  8
F.Silkscreen
  6
CONTINUOUS
100
AcDbLine
 10
109.2842409999999944
 20
-50.9662349999999975
 30
0
 11
109.1488269999999972
 21
-51.1764319999999984
 31
0
  0
LINE
  5
8F5
330
22
100
AcDbEntity
  8
F.Silkscreen
  6
CONTINUOUS
100
AcDbLine
 10
109.1488269999999972
 20
-51.1764319999999984
 30
0
 11
109.0447059999999908
 21
-51.4037599999999983
 31
0
  0
LINE
  5
8F6
330
22
100
AcDbEntity
  8
F.Silkscreen
  6
CONTINUOUS
100
AcDbLine
 10
109.0447059999999908
 20
-51.4037599999999983
 30
0
 11
108.9739959999999996
 21
-51.6435929999999956
 31
0
  0
LINE
  5
8F7
330
22
100
AcDbEntity
  8
F.Silkscreen
  6
CONTINUOUS
100
AcDbLine
 10
108.9739959999999996
 20
-51.6435929999999956
 30
0
 11
108.938137999999995
 21
-51.8910470000000004
 31
0
  0
LINE
  5
8F8
330
22
100
AcDbEntity
  8
F.Silkscreen
  6
CONTINUOUS
100
AcDbLine
 10
108.938137999999995
 20
-51.8910470000000004
 30
0
 11
108.9379999999999882
 21
-52.016065999999995
 31
0
  0
LINE
  5
8F9
330
22
100
AcDbEntity
  8
F.Silkscreen
  6
CONTINUOUS
100
AcDbLine
 10
108.9379999999999882
 20
-52.016065999999995
 30
0
 11
108.9377609999999947
 21
-52.0167979999999943
 31
0
  0
LINE
  5
8FA
330
22
100
AcDbEntity
  8
F.Silkscreen
  6
CONTINUOUS
100
AcDbLine
 10
108.9377609999999947
 20
-52.0167979999999943
 30
0
 11
108.9379999999999882
 21
-52.0180000000000007
 31
0
  0
LINE
  5
8FB
330
22
100
AcDbEntity
  8
F.Silkscreen
  6
CONTINUOUS
100
AcDbLine
 10
108.9379999999999882
 20
-52.0180000000000007
 30
0
 11
108.9379999999999882
 21
-53.367999999999995
 31
0
  0
LINE
  5
8FC
330
22
100
AcDbEntity
  8
F.Silkscreen
  6
CONTINUOUS
100
AcDbLine
 10
108.9379999999999882
 20
-53.367999999999995
 30
0
 11
108.9379999999999882
 21
-53.5303589999999971
 31
0
  0
LINE
  5
8FD
330
22
100
AcDbEntity
  8
F.Silkscreen
  6
CONTINUOUS
100
AcDbLine
 10
108.9379999999999882
 20
-53.5303589999999971
 30
0
 11
108.9719419999999985
 21
-53.8532989999999998
 31
0
  0
LINE
  5
8FE
330
22
100
AcDbEntity
  8
F.Silkscreen
  6
CONTINUOUS
100
AcDbLine
 10
108.9719419999999985
 20
-53.8532989999999998
 30
0
 11
109.0394549999999896
 21
-54.1709219999999974
 31
0
  0
LINE
  5
8FF
330
22
100
AcDbEntity
  8
F.Silkscreen
  6
CONTINUOUS
100
AcDbLine
 10
109.0394549999999896
 20
-54.1709219999999974
 30
0
 11
109.139797999999999
 21
-54.4797480000000007
 31
0
  0
LINE
  5
900
330
22
100
AcDbEntity
  8
F.Silkscreen
  6
CONTINUOUS
100
AcDbLine
 10
109.139797999999999
 20
-54.4797480000000007
 30
0
 11
109.2718729999999994
 21
-54.7763929999999988
 31
0
  0
LINE
  5
901
330
22
100
AcDbEntity
  8
F.Silkscreen
  6
CONTINUOUS
100
AcDbLine
 10
109.2718729999999994
 20
-54.7763929999999988
 30
0
 11
109.4342329999999919
 21
-55.0576069999999973
 31
0
  0
LINE
  5
902
330
22
100
AcDbEntity
  8
F.Silkscreen
  6
CONTINUOUS
100
AcDbLine
 10
109.4342329999999919
 20
-55.0576069999999973
 30
0
 11
109.6250979999999942
 21
-55.3203099999999992
 31
0
  0
LINE
  5
903
330
22
100
AcDbEntity
  8
F.Silkscreen
  6
CONTINUOUS
100
AcDbLine
 10
109.6250979999999942
 20
-55.3203099999999992
 30
0
 11
109.842376999999999
 21
-55.5616229999999973
 31
0
  0
LINE
  5
904
330
22
100
AcDbEntity
  8
F.Silkscreen
  6
CONTINUOUS
100
AcDbLine
 10
109.842376999999999
 20
-55.5616229999999973
 30
0
 11
110.0836899999999901
 21
-55.7789019999999951
 31
0
  0
LINE
  5
905
330
22
100
AcDbEntity
  8
F.Silkscreen
  6
CONTINUOUS
100
AcDbLine
 10
110.0836899999999901
 20
-55.7789019999999951
 30
0
 11
110.346392999999992
 21
-55.9697669999999974
 31
0
  0
LINE
  5
906
330
22
100
AcDbEntity
  8
F.Silkscreen
  6
CONTINUOUS
100
AcDbLine
 10
110.346392999999992
 20
-55.9697669999999974
 30
0
 11
110.6276069999999976
 21
-56.132126999999997
 31
0
  0
LINE
  5
907
330
22
100
AcDbEntity
  8
F.Silkscreen
  6
CONTINUOUS
100
AcDbLine
 10
110.6276069999999976
 20
-56.132126999999997
 30
0
 11
110.9242519999999956
 21
-56.2642019999999974
 31
0
  0
LINE
  5
908
330
22
100
AcDbEntity
  8
F.Silkscreen
  6
CONTINUOUS
100
AcDbLine
 10
110.9242519999999956
 20
-56.2642019999999974
 30
0
 11
111.2330779999999919
 21
-56.3645449999999997
 31
0
  0
LINE
  5
909
330
22
100
AcDbEntity
  8
F.Silkscreen
  6
CONTINUOUS
100
AcDbLine
 10
111.2330779999999919
 20
-56.3645449999999997
 30
0
 11
111.5507009999999894
 21
-56.4320579999999978
 31
0
  0
LINE
  5
90A
330
22
100
AcDbEntity
  8
F.Silkscreen
  6
CONTINUOUS
100
AcDbLine
 10
111.5507009999999894
 20
-56.4320579999999978
 30
0
 11
111.8736409999999921
 21
-56.465999999999994
 31
0
  0
LINE
  5
90B
330
22
100
AcDbEntity
  8
F.Silkscreen
  6
CONTINUOUS
100
AcDbLine
 10
111.8736409999999921
 20
-56.465999999999994
 30
0
 11
112.0360000000000014
 21
-56.465999999999994
 31
0
  0
LINE
  5
90C
330
22
100
AcDbEntity
  8
F.Silkscreen
  6
CONTINUOUS
100
AcDbLine
 10
112.0360000000000014
 20
-56.465999999999994
 30
0
 11
141.5
 21
-56.465999999999994
 31
0
  0
LINE
  5
90D
330
22
100
AcDbEntity
  8
F.Silkscreen
  6
CONTINUOUS
100
AcDbLine
 10
141.5
 20
-56.465999999999994
 30
0
 11
141.6623589999999808
 21
-56.465999999999994
 31
0
  0
LINE
  5
90E
330
22
100
AcDbEntity
  8
F.Silkscreen
  6
CONTINUOUS
100
AcDbLine
 10
141.6623589999999808
 20
-56.465999999999994
 30
0
 11
141.9852989999999977
 21
-56.4320579999999978
 31
0
  0
LINE
  5
90F
330
22
100
AcDbEntity
  8
F.Silkscreen
  6
CONTINUOUS
100
AcDbLine
 10
141.9852989999999977
 20
-56.4320579999999978
 30
0
 11
142.3029219999999953
 21
-56.3645449999999997
 31
0
  0
LINE
  5
910
330
22
100
AcDbEntity
  8
F.Silkscreen
  6
CONTINUOUS
100
AcDbLine
 10
142.3029219999999953
 20
-56.3645449999999997
 30
0
 11
142.6117480000000057
 21
-56.2642019999999974
 31
0
  0
LINE
  5
911
330
22
100
AcDbEntity
  8
F.Silkscreen
  6
CONTINUOUS
100
AcDbLine
 10
142.6117480000000057
 20
-56.2642019999999974
 30
0
 11
142.9083929999999896
 21
-56.132126999999997
 31
0
  0
LINE
  5
912
330
22
100
AcDbEntity
  8
F.Silkscreen
  6
CONTINUOUS
100
AcDbLine
 10
142.9083929999999896
 20
-56.132126999999997
 30
0
 11
143.1896069999999952
 21
-55.9697669999999974
 31
0
  0
LINE
  5
913
330
22
100
AcDbEntity
  8
F.Silkscreen
  6
CONTINUOUS
100
AcDbLine
 10
143.1896069999999952
 20
-55.9697669999999974
 30
0
 11
143.4523099999999829
 21
-55.7789019999999951
 31
0
  0
LINE
  5
914
330
22
100
AcDbEntity
  8
F.Silkscreen
  6
CONTINUOUS
100
AcDbLine
 10
143.4523099999999829
 20
-55.7789019999999951
 30
0
 11
143.6936230000000023
 21
-55.5616229999999973
 31
0
  0
LINE
  5
915
330
22
100
AcDbEntity
  8
F.Silkscreen
  6
CONTINUOUS
100
AcDbLine
 10
143.6936230000000023
 20
-55.5616229999999973
 30
0
 11
143.910901999999993
 21
-55.3203099999999992
 31
0
  0
LINE
  5
916
330
22
100
AcDbEntity
  8
F.Silkscreen
  6
CONTINUOUS
100
AcDbLine
 10
143.910901999999993
 20
-55.3203099999999992
 30
0
 11
144.1017669999999953
 21
-55.0576069999999973
 31
0
  0
LINE
  5
917
330
22
100
AcDbEntity
  8
F.Silkscreen
  6
CONTINUOUS
100
AcDbLine
 10
144.1017669999999953
 20
-55.0576069999999973
 30
0
 11
144.264127000000002
 21
-54.7763929999999988
 31
0
  0
LINE
  5
918
330
22
100
AcDbEntity
  8
F.Silkscreen
  6
CONTINUOUS
100
AcDbLine
 10
144.264127000000002
 20
-54.7763929999999988
 30
0
 11
144.3962019999999882
 21
-54.4797480000000007
 31
0
  0
LINE
  5
919
330
22
100
AcDbEntity
  8
F.Silkscreen
  6
CONTINUOUS
100
AcDbLine
 10
144.3962019999999882
 20
-54.4797480000000007
 30
0
 11
144.4965449999999976
 21
-54.1709219999999974
 31
0
  0
LINE
  5
91A
330
22
100
AcDbEntity
  8
F.Silkscreen
  6
CONTINUOUS
100
AcDbLine
 10
144.4965449999999976
 20
-54.1709219999999974
 30
0
 11
144.5640579999999886
 21
-53.8532989999999998
 31
0
  0
LINE
  5
91B
330
22
100
AcDbEntity
  8
F.Silkscreen
  6
CONTINUOUS
100
AcDbLine
 10
144.5640579999999886
 20
-53.8532989999999998
 30
0
 11
144.5979999999999848
 21
-53.5303589999999971
 31
0
  0
LINE
  5
91C
330
22
100
AcDbEntity
  8
F.Silkscreen
  6
CONTINUOUS
100
AcDbLine
 10
144.5979999999999848
 20
-53.5303589999999971
 30
0
 11
144.5979999999999848
 21
-53.367999999999995
 31
0
  0
LINE
  5
91D
330
22
100
AcDbEntity
  8
F.Silkscreen
  6
CONTINUOUS
100
AcDbLine
 10
144.5979999999999848
 20
-53.367999999999995
 30
0
 11
144.5979999999999848
 21
-24.411999999999999
 31
0
  0
LINE
  5
91E
330
22
100
AcDbEntity
  8
F.Silkscreen
  6
CONTINUOUS
100
AcDbLine
 10
144.5979999999999848
 20
-24.411999999999999
 30
0
 11
144.5979999999999848
 21
-24.2496410000000004
 31
0
  0
LINE
  5
91F
330
22
100
AcDbEntity
  8
F.Silkscreen
  6
CONTINUOUS
100
AcDbLine
 10
144.5979999999999848
 20
-24.2496410000000004
 30
0
 11
144.5640579999999886
 21
-23.9267009999999978
 31
0
  0
LINE
  5
920
330
22
100
AcDbEntity
  8
F.Silkscreen
  6
CONTINUOUS
100
AcDbLine
 10
144.5640579999999886
 20
-23.9267009999999978
 30
0
 11
144.4965449999999976
 21
-23.6090780000000002
 31
0
  0
LINE
  5
921
330
22
100
AcDbEntity
  8
F.Silkscreen
  6
CONTINUOUS
100
AcDbLine
 10
144.4965449999999976
 20
-23.6090780000000002
 30
0
 11
144.3962019999999882
 21
-23.3002520000000004
 31
0
  0
LINE
  5
922
330
22
100
AcDbEntity
  8
F.Silkscreen
  6
CONTINUOUS
100
AcDbLine
 10
144.3962019999999882
 20
-23.3002520000000004
 30
0
 11
144.264127000000002
 21
-23.0036069999999988
 31
0
  0
LINE
  5
923
330
22
100
AcDbEntity
  8
F.Silkscreen
  6
CONTINUOUS
100
AcDbLine
 10
144.264127000000002
 20
-23.0036069999999988
 30
0
 11
144.1017669999999953
 21
-22.7223930000000003
 31
0
  0
LINE
  5
924
330
22
100
AcDbEntity
  8
F.Silkscreen
  6
CONTINUOUS
100
AcDbLine
 10
144.1017669999999953
 20
-22.7223930000000003
 30
0
 11
143.910901999999993
 21
-22.4596899999999984
 31
0
  0
LINE
  5
925
330
22
100
AcDbEntity
  8
F.Silkscreen
  6
CONTINUOUS
100
AcDbLine
 10
143.910901999999993
 20
-22.4596899999999984
 30
0
 11
143.6936230000000023
 21
-22.2183770000000003
 31
0
  0
LINE
  5
926
330
22
100
AcDbEntity
  8
F.Silkscreen
  6
CONTINUOUS
100
AcDbLine
 10
143.6936230000000023
 20
-22.2183770000000003
 30
0
 11
143.4523099999999829
 21
-22.0010979999999989
 31
0
  0
LINE
  5
927
330
22
100
AcDbEntity
  8
F.Silkscreen
  6
CONTINUOUS
100
AcDbLine
 10
143.4523099999999829
 20
-22.0010979999999989
 30
0
 11
143.1896069999999952
 21
-21.8102330000000002
 31
0
  0
LINE
  5
928
330
22
100
AcDbEntity
  8
F.Silkscreen
  6
CONTINUOUS
100
AcDbLine
 10
143.1896069999999952
 20
-21.8102330000000002
 30
0
 11
142.9083929999999896
 21
-21.6478730000000006
 31
0
  0
LINE
  5
929
330
22
100
AcDbEntity
  8
F.Silkscreen
  6
CONTINUOUS
100
AcDbLine
 10
142.9083929999999896
 20
-21.6478730000000006
 30
0
 11
142.6117480000000057
 21
-21.5157980000000002
 31
0
  0
LINE
  5
92A
330
22
100
AcDbEntity
  8
F.Silkscreen
  6
CONTINUOUS
100
AcDbLine
 10
142.6117480000000057
 20
-21.5157980000000002
 30
0
 11
142.3029219999999953
 21
-21.4154549999999979
 31
0
  0
LINE
  5
92B
330
22
100
AcDbEntity
  8
F.Silkscreen
  6
CONTINUOUS
100
AcDbLine
 10
142.3029219999999953
 20
-21.4154549999999979
 30
0
 11
141.9852989999999977
 21
-21.3479419999999998
 31
0
  0
LINE
  5
92C
330
22
100
AcDbEntity
  8
F.Silkscreen
  6
CONTINUOUS
100
AcDbLine
 10
141.9852989999999977
 20
-21.3479419999999998
 30
0
 11
141.6623589999999808
 21
-21.3140000000000001
 31
0
  0
LINE
  5
92D
330
22
100
AcDbEntity
  8
F.Silkscreen
  6
CONTINUOUS
100
AcDbLine
 10
141.6623589999999808
 20
-21.3140000000000001
 30
0
 11
141.5
 21
-21.3140000000000001
 31
0
  0
LINE
  5
92E
330
22
100
AcDbEntity
  8
F.Silkscreen
  6
CONTINUOUS
100
AcDbLine
 10
141.5
 20
-21.3140000000000001
 30
0
 11
112.0360000000000014
 21
-21.3140000000000001
 31
0
  0
LINE
  5
92F
330
22
100
AcDbEntity
  8
F.Silkscreen
  6
CONTINUOUS
100
AcDbLine
 10
97.5626429999999942
 20
-43.6365479999999977
 30
0
 11
97.5646179999999958
 21
-43.6364079999999959
 31
0
  0
LINE
  5
930
330
22
100
AcDbEntity
  8
F.Silkscreen
  6
CONTINUOUS
100
AcDbLine
 10
97.5646179999999958
 20
-43.6364079999999959
 30
0
 11
97.5672149999999903
 21
-43.6369979999999984
 31
0
  0
LINE
  5
931
330
22
100
AcDbEntity
  8
F.Silkscreen
  6
CONTINUOUS
100
AcDbLine
 10
97.5672149999999903
 20
-43.6369979999999984
 30
0
 11
97.5698699999999945
 21
-43.6372599999999977
 31
0
  0
LINE
  5
932
330
22
100
AcDbEntity
  8
F.Silkscreen
  6
CONTINUOUS
100
AcDbLine
 10
97.5698699999999945
 20
-43.6372599999999977
 30
0
 11
97.5717009999999902
 21
-43.6380179999999953
 31
0
  0
LINE
  5
933
330
22
100
AcDbEntity
  8
F.Silkscreen
  6
CONTINUOUS
100
AcDbLine
 10
97.5717009999999902
 20
-43.6380179999999953
 30
0
 11
97.5789549999999934
 21
-43.6396680000000003
 31
0
  0
LINE
  5
934
330
22
100
AcDbEntity
  8
F.Silkscreen
  6
CONTINUOUS
100
AcDbLine
 10
97.5789549999999934
 20
-43.6396680000000003
 30
0
 11
97.7218119999999999
 21
-43.6872869999999978
 31
0
  0
LINE
  5
935
330
22
100
AcDbEntity
  8
F.Silkscreen
  6
CONTINUOUS
100
AcDbLine
 10
97.7218119999999999
 20
-43.6872869999999978
 30
0
 11
97.7352369999999979
 21
-43.6932809999999989
 31
0
  0
LINE
  5
936
330
22
100
AcDbEntity
  8
F.Silkscreen
  6
CONTINUOUS
100
AcDbLine
 10
97.7352369999999979
 20
-43.6932809999999989
 30
0
 11
97.7573439999999891
 21
-43.7124549999999985
 31
0
  0
LINE
  5
937
330
22
100
AcDbEntity
  8
F.Silkscreen
  6
CONTINUOUS
100
AcDbLine
 10
97.7573439999999891
 20
-43.7124549999999985
 30
0
 11
97.7704310000000021
 21
-43.7386279999999985
 31
0
  0
LINE
  5
938
330
22
100
AcDbEntity
  8
F.Silkscreen
  6
CONTINUOUS
100
AcDbLine
 10
97.7704310000000021
 20
-43.7386279999999985
 30
0
 11
97.7725059999999928
 21
-43.7678179999999983
 31
0
  0
LINE
  5
939
330
22
100
AcDbEntity
  8
F.Silkscreen
  6
CONTINUOUS
100
AcDbLine
 10
97.7725059999999928
 20
-43.7678179999999983
 30
0
 11
97.7632519999999943
 21
-43.7955800000000011
 31
0
  0
LINE
  5
93A
330
22
100
AcDbEntity
  8
F.Silkscreen
  6
CONTINUOUS
100
AcDbLine
 10
97.7632519999999943
 20
-43.7955800000000011
 30
0
 11
97.7440780000000018
 21
-43.8176879999999969
 31
0
  0
LINE
  5
93B
330
22
100
AcDbEntity
  8
F.Silkscreen
  6
CONTINUOUS
100
AcDbLine
 10
97.7440780000000018
 20
-43.8176879999999969
 30
0
 11
97.7179039999999901
 21
-43.8307739999999981
 31
0
  0
LINE
  5
93C
330
22
100
AcDbEntity
  8
F.Silkscreen
  6
CONTINUOUS
100
AcDbLine
 10
97.7179039999999901
 20
-43.8307739999999981
 30
0
 11
97.6887139999999903
 21
-43.832848999999996
 31
0
  0
LINE
  5
93D
330
22
100
AcDbEntity
  8
F.Silkscreen
  6
CONTINUOUS
100
AcDbLine
 10
97.6887139999999903
 20
-43.832848999999996
 30
0
 11
97.6743769999999927
 21
-43.8295889999999986
 31
0
  0
LINE
  5
93E
330
22
100
AcDbEntity
  8
F.Silkscreen
  6
CONTINUOUS
100
AcDbLine
 10
97.6743769999999927
 20
-43.8295889999999986
 30
0
 11
97.543067999999991
 21
-43.7858189999999965
 31
0
  0
LINE
  5
93F
330
22
100
AcDbEntity
  8
F.Silkscreen
  6
CONTINUOUS
100
AcDbLine
 10
97.543067999999991
 20
-43.7858189999999965
 30
0
 11
97.3348479999999938
 21
-43.7858189999999965
 31
0
  0
LINE
  5
940
330
22
100
AcDbEntity
  8
F.Silkscreen
  6
CONTINUOUS
100
AcDbLine
 10
97.3348479999999938
 20
-43.7858189999999965
 30
0
 11
97.2663319999999914
 21
-43.8200769999999977
 31
0
  0
LINE
  5
941
330
22
100
AcDbEntity
  8
F.Silkscreen
  6
CONTINUOUS
100
AcDbLine
 10
97.2663319999999914
 20
-43.8200769999999977
 30
0
 11
97.2359249999999946
 21
-43.8504839999999945
 31
0
  0
LINE
  5
942
330
22
100
AcDbEntity
  8
F.Silkscreen
  6
CONTINUOUS
100
AcDbLine
 10
97.2359249999999946
 20
-43.8504839999999945
 30
0
 11
97.2016670000000005
 21
-43.9189999999999969
 31
0
  0
LINE
  5
943
330
22
100
AcDbEntity
  8
F.Silkscreen
  6
CONTINUOUS
100
AcDbLine
 10
97.2016670000000005
 20
-43.9189999999999969
 30
0
 11
97.2016670000000005
 21
-43.978828
 31
0
  0
LINE
  5
944
330
22
100
AcDbEntity
  8
F.Silkscreen
  6
CONTINUOUS
100
AcDbLine
 10
97.2016670000000005
 20
-43.978828
 30
0
 11
97.2359249999999946
 21
-44.0473439999999954
 31
0
  0
LINE
  5
945
330
22
100
AcDbEntity
  8
F.Silkscreen
  6
CONTINUOUS
100
AcDbLine
 10
97.2359249999999946
 20
-44.0473439999999954
 30
0
 11
97.2663319999999914
 21
-44.0777509999999992
 31
0
  0
LINE
  5
946
330
22
100
AcDbEntity
  8
F.Silkscreen
  6
CONTINUOUS
100
AcDbLine
 10
97.2663319999999914
 20
-44.0777509999999992
 30
0
 11
97.3433189999999939
 21
-44.1162439999999947
 31
0
  0
LINE
  5
947
330
22
100
AcDbEntity
  8
F.Silkscreen
  6
CONTINUOUS
100
AcDbLine
 10
97.3433189999999939
 20
-44.1162439999999947
 30
0
 11
97.5258089999999953
 21
-44.1618670000000009
 31
0
  0
LINE
  5
948
330
22
100
AcDbEntity
  8
F.Silkscreen
  6
CONTINUOUS
100
AcDbLine
 10
97.5258089999999953
 20
-44.1618670000000009
 30
0
 11
97.5268879999999996
 21
-44.1622519999999952
 31
0
  0
LINE
  5
949
330
22
100
AcDbEntity
  8
F.Silkscreen
  6
CONTINUOUS
100
AcDbLine
 10
97.5268879999999996
 20
-44.1622519999999952
 30
0
 11
97.5274280000000005
 21
-44.1622909999999962
 31
0
  0
LINE
  5
94A
330
22
100
AcDbEntity
  8
F.Silkscreen
  6
CONTINUOUS
100
AcDbLine
 10
97.5274280000000005
 20
-44.1622909999999962
 30
0
 11
97.5335089999999951
 21
-44.1646179999999973
 31
0
  0
LINE
  5
94B
330
22
100
AcDbEntity
  8
F.Silkscreen
  6
CONTINUOUS
100
AcDbLine
 10
97.5335089999999951
 20
-44.1646179999999973
 30
0
 11
97.5396549999999962
 21
-44.1668139999999951
 31
0
  0
LINE
  5
94C
330
22
100
AcDbEntity
  8
F.Silkscreen
  6
CONTINUOUS
100
AcDbLine
 10
97.5396549999999962
 20
-44.1668139999999951
 30
0
 11
97.5400899999999922
 21
-44.1671359999999993
 31
0
  0
LINE
  5
94D
330
22
100
AcDbEntity
  8
F.Silkscreen
  6
CONTINUOUS
100
AcDbLine
 10
97.5400899999999922
 20
-44.1671359999999993
 30
0
 11
97.5411599999999908
 21
-44.1675460000000015
 31
0
  0
LINE
  5
94E
330
22
100
AcDbEntity
  8
F.Silkscreen
  6
CONTINUOUS
100
AcDbLine
 10
97.5411599999999908
 20
-44.1675460000000015
 30
0
 11
97.6363979999999998
 21
-44.2151649999999989
 31
0
  0
LINE
  5
94F
330
22
100
AcDbEntity
  8
F.Silkscreen
  6
CONTINUOUS
100
AcDbLine
 10
97.6363979999999998
 20
-44.2151649999999989
 30
0
 11
97.6426969999999983
 21
-44.2191289999999952
 31
0
  0
LINE
  5
950
330
22
100
AcDbEntity
  8
F.Silkscreen
  6
CONTINUOUS
100
AcDbLine
 10
97.6426969999999983
 20
-44.2191289999999952
 30
0
 11
97.6445250000000016
 21
-44.2198869999999999
 31
0
  0
LINE
  5
951
330
22
100
AcDbEntity
  8
F.Silkscreen
  6
CONTINUOUS
100
AcDbLine
 10
97.6445250000000016
 20
-44.2198869999999999
 30
0
 11
97.6465809999999976
 21
-44.2215750000000014
 31
0
  0
LINE
  5
952
330
22
100
AcDbEntity
  8
F.Silkscreen
  6
CONTINUOUS
100
AcDbLine
 10
97.6465809999999976
 20
-44.2215750000000014
 30
0
 11
97.6488409999999902
 21
-44.2229969999999994
 31
0
  0
LINE
  5
953
330
22
100
AcDbEntity
  8
F.Silkscreen
  6
CONTINUOUS
100
AcDbLine
 10
97.6488409999999902
 20
-44.2229969999999994
 30
0
 11
97.6501399999999933
 21
-44.2244949999999974
 31
0
  0
LINE
  5
954
330
22
100
AcDbEntity
  8
F.Silkscreen
  6
CONTINUOUS
100
AcDbLine
 10
97.6501399999999933
 20
-44.2244949999999974
 30
0
 11
97.6558899999999994
 21
-44.2292139999999989
 31
0
  0
LINE
  5
955
330
22
100
AcDbEntity
  8
F.Silkscreen
  6
CONTINUOUS
100
AcDbLine
 10
97.6558899999999994
 20
-44.2292139999999989
 30
0
 11
97.7035089999999968
 21
-44.2768329999999963
 31
0
  0
LINE
  5
956
330
22
100
AcDbEntity
  8
F.Silkscreen
  6
CONTINUOUS
100
AcDbLine
 10
97.7035089999999968
 20
-44.2768329999999963
 30
0
 11
97.7082269999999937
 21
-44.2825819999999979
 31
0
  0
LINE
  5
957
330
22
100
AcDbEntity
  8
F.Silkscreen
  6
CONTINUOUS
100
AcDbLine
 10
97.7082269999999937
 20
-44.2825819999999979
 30
0
 11
97.7097259999999892
 21
-44.2838819999999984
 31
0
  0
LINE
  5
958
330
22
100
AcDbEntity
  8
F.Silkscreen
  6
CONTINUOUS
100
AcDbLine
 10
97.7097259999999892
 20
-44.2838819999999984
 30
0
 11
97.7111469999999969
 21
-44.2861410000000006
 31
0
  0
LINE
  5
959
330
22
100
AcDbEntity
  8
F.Silkscreen
  6
CONTINUOUS
100
AcDbLine
 10
97.7111469999999969
 20
-44.2861410000000006
 30
0
 11
97.7128359999999958
 21
-44.2881980000000013
 31
0
  0
LINE
  5
95A
330
22
100
AcDbEntity
  8
F.Silkscreen
  6
CONTINUOUS
100
AcDbLine
 10
97.7128359999999958
 20
-44.2881980000000013
 30
0
 11
97.7135929999999888
 21
-44.290025
 31
0
  0
LINE
  5
95B
330
22
100
AcDbEntity
  8
F.Silkscreen
  6
CONTINUOUS
100
AcDbLine
 10
97.7135929999999888
 20
-44.290025
 30
0
 11
97.7175579999999968
 21
-44.296324999999996
 31
0
  0
LINE
  5
95C
330
22
100
AcDbEntity
  8
F.Silkscreen
  6
CONTINUOUS
100
AcDbLine
 10
97.7175579999999968
 20
-44.296324999999996
 30
0
 11
97.7651769999999942
 21
-44.3915629999999979
 31
0
  0
LINE
  5
95D
330
22
100
AcDbEntity
  8
F.Silkscreen
  6
CONTINUOUS
100
AcDbLine
 10
97.7651769999999942
 20
-44.3915629999999979
 30
0
 11
97.7704319999999996
 21
-44.4052939999999978
 31
0
  0
LINE
  5
95E
330
22
100
AcDbEntity
  8
F.Silkscreen
  6
CONTINUOUS
100
AcDbLine
 10
97.7704319999999996
 20
-44.4052939999999978
 30
0
 11
97.7706230000000005
 21
-44.4079830000000015
 31
0
  0
LINE
  5
95F
330
22
100
AcDbEntity
  8
F.Silkscreen
  6
CONTINUOUS
100
AcDbLine
 10
97.7706230000000005
 20
-44.4079830000000015
 30
0
 11
97.7716539999999981
 21
-44.4104719999999986
 31
0
  0
LINE
  5
960
330
22
100
AcDbEntity
  8
F.Silkscreen
  6
CONTINUOUS
100
AcDbLine
 10
97.7716539999999981
 20
-44.4104719999999986
 30
0
 11
97.7730949999999979
 21
-44.4251039999999975
 31
0
  0
LINE
  5
961
330
22
100
AcDbEntity
  8
F.Silkscreen
  6
CONTINUOUS
100
AcDbLine
 10
97.7730949999999979
 20
-44.4251039999999975
 30
0
 11
97.7730949999999979
 21
-44.5203419999999994
 31
0
  0
LINE
  5
962
330
22
100
AcDbEntity
  8
F.Silkscreen
  6
CONTINUOUS
100
AcDbLine
 10
97.7730949999999979
 20
-44.5203419999999994
 30
0
 11
97.7716539999999981
 21
-44.5349739999999983
 31
0
  0
LINE
  5
963
330
22
100
AcDbEntity
  8
F.Silkscreen
  6
CONTINUOUS
100
AcDbLine
 10
97.7716539999999981
 20
-44.5349739999999983
 30
0
 11
97.7706230000000005
 21
-44.5374619999999979
 31
0
  0
LINE
  5
964
330
22
100
AcDbEntity
  8
F.Silkscreen
  6
CONTINUOUS
100
AcDbLine
 10
97.7706230000000005
 20
-44.5374619999999979
 30
0
 11
97.7704319999999996
 21
-44.5401519999999991
 31
0
  0
LINE
  5
965
330
22
100
AcDbEntity
  8
F.Silkscreen
  6
CONTINUOUS
100
AcDbLine
 10
97.7704319999999996
 20
-44.5401519999999991
 30
0
 11
97.7651769999999942
 21
-44.553882999999999
 31
0
  0
LINE
  5
966
330
22
100
AcDbEntity
  8
F.Silkscreen
  6
CONTINUOUS
100
AcDbLine
 10
97.7651769999999942
 20
-44.553882999999999
 30
0
 11
97.7175579999999968
 21
-44.6491210000000009
 31
0
  0
LINE
  5
967
330
22
100
AcDbEntity
  8
F.Silkscreen
  6
CONTINUOUS
100
AcDbLine
 10
97.7175579999999968
 20
-44.6491210000000009
 30
0
 11
97.7135940000000005
 21
-44.6554169999999999
 31
0
  0
LINE
  5
968
330
22
100
AcDbEntity
  8
F.Silkscreen
  6
CONTINUOUS
100
AcDbLine
 10
97.7135940000000005
 20
-44.6554169999999999
 30
0
 11
97.7128369999999933
 21
-44.6572469999999981
 31
0
  0
LINE
  5
969
330
22
100
AcDbEntity
  8
F.Silkscreen
  6
CONTINUOUS
100
AcDbLine
 10
97.7128369999999933
 20
-44.6572469999999981
 30
0
 11
97.7111469999999969
 21
-44.6593049999999963
 31
0
  0
LINE
  5
96A
330
22
100
AcDbEntity
  8
F.Silkscreen
  6
CONTINUOUS
100
AcDbLine
 10
97.7111469999999969
 20
-44.6593049999999963
 30
0
 11
97.7097259999999892
 21
-44.6615639999999985
 31
0
  0
LINE
  5
96B
330
22
100
AcDbEntity
  8
F.Silkscreen
  6
CONTINUOUS
100
AcDbLine
 10
97.7097259999999892
 20
-44.6615639999999985
 30
0
 11
97.7082269999999937
 21
-44.6628629999999944
 31
0
  0
LINE
  5
96C
330
22
100
AcDbEntity
  8
F.Silkscreen
  6
CONTINUOUS
100
AcDbLine
 10
97.7082269999999937
 20
-44.6628629999999944
 30
0
 11
97.7035089999999968
 21
-44.6686130000000006
 31
0
  0
LINE
  5
96D
330
22
100
AcDbEntity
  8
F.Silkscreen
  6
CONTINUOUS
100
AcDbLine
 10
97.7035089999999968
 20
-44.6686130000000006
 30
0
 11
97.6558909999999969
 21
-44.716231999999998
 31
0
  0
LINE
  5
96E
330
22
100
AcDbEntity
  8
F.Silkscreen
  6
CONTINUOUS
100
AcDbLine
 10
97.6558909999999969
 20
-44.716231999999998
 30
0
 11
97.6501409999999908
 21
-44.7209499999999949
 31
0
  0
LINE
  5
96F
330
22
100
AcDbEntity
  8
F.Silkscreen
  6
CONTINUOUS
100
AcDbLine
 10
97.6501409999999908
 20
-44.7209499999999949
 30
0
 11
97.6488409999999902
 21
-44.7224499999999949
 31
0
  0
LINE
  5
970
330
22
100
AcDbEntity
  8
F.Silkscreen
  6
CONTINUOUS
100
AcDbLine
 10
97.6488409999999902
 20
-44.7224499999999949
 30
0
 11
97.6465809999999976
 21
-44.7238720000000001
 31
0
  0
LINE
  5
971
330
22
100
AcDbEntity
  8
F.Silkscreen
  6
CONTINUOUS
100
AcDbLine
 10
97.6465809999999976
 20
-44.7238720000000001
 30
0
 11
97.6445250000000016
 21
-44.7255599999999944
 31
0
  0
LINE
  5
972
330
22
100
AcDbEntity
  8
F.Silkscreen
  6
CONTINUOUS
100
AcDbLine
 10
97.6445250000000016
 20
-44.7255599999999944
 30
0
 11
97.6426969999999983
 21
-44.7263169999999946
 31
0
  0
LINE
  5
973
330
22
100
AcDbEntity
  8
F.Silkscreen
  6
CONTINUOUS
100
AcDbLine
 10
97.6426969999999983
 20
-44.7263169999999946
 30
0
 11
97.6363979999999998
 21
-44.7302819999999954
 31
0
  0
LINE
  5
974
330
22
100
AcDbEntity
  8
F.Silkscreen
  6
CONTINUOUS
100
AcDbLine
 10
97.6363979999999998
 20
-44.7302819999999954
 30
0
 11
97.5411599999999908
 21
-44.777901
 31
0
  0
LINE
  5
975
330
22
100
AcDbEntity
  8
F.Silkscreen
  6
CONTINUOUS
100
AcDbLine
 10
97.5411599999999908
 20
-44.777901
 30
0
 11
97.5274280000000005
 21
-44.7831559999999982
 31
0
  0
LINE
  5
976
330
22
100
AcDbEntity
  8
F.Silkscreen
  6
CONTINUOUS
100
AcDbLine
 10
97.5274280000000005
 20
-44.7831559999999982
 30
0
 11
97.5247399999999942
 21
-44.7833459999999945
 31
0
  0
LINE
  5
977
330
22
100
AcDbEntity
  8
F.Silkscreen
  6
CONTINUOUS
100
AcDbLine
 10
97.5247399999999942
 20
-44.7833459999999945
 30
0
 11
97.5222509999999971
 21
-44.7843779999999967
 31
0
  0
LINE
  5
978
330
22
100
AcDbEntity
  8
F.Silkscreen
  6
CONTINUOUS
100
AcDbLine
 10
97.5222509999999971
 20
-44.7843779999999967
 30
0
 11
97.5076189999999912
 21
-44.7858189999999965
 31
0
  0
LINE
  5
979
330
22
100
AcDbEntity
  8
F.Silkscreen
  6
CONTINUOUS
100
AcDbLine
 10
97.5076189999999912
 20
-44.7858189999999965
 30
0
 11
97.2695239999999899
 21
-44.7858189999999965
 31
0
  0
LINE
  5
97A
330
22
100
AcDbEntity
  8
F.Silkscreen
  6
CONTINUOUS
100
AcDbLine
 10
97.2695239999999899
 20
-44.7858189999999965
 30
0
 11
97.2621169999999893
 21
-44.7850889999999993
 31
0
  0
LINE
  5
97B
330
22
100
AcDbEntity
  8
F.Silkscreen
  6
CONTINUOUS
100
AcDbLine
 10
97.2621169999999893
 20
-44.7850889999999993
 30
0
 11
97.2601429999999993
 21
-44.7852299999999985
 31
0
  0
LINE
  5
97C
330
22
100
AcDbEntity
  8
F.Silkscreen
  6
CONTINUOUS
100
AcDbLine
 10
97.2601429999999993
 20
-44.7852299999999985
 30
0
 11
97.2575449999999933
 21
-44.7846389999999985
 31
0
  0
LINE
  5
97D
330
22
100
AcDbEntity
  8
F.Silkscreen
  6
CONTINUOUS
100
AcDbLine
 10
97.2575449999999933
 20
-44.7846389999999985
 30
0
 11
97.2548919999999981
 21
-44.7843779999999967
 31
0
  0
LINE
  5
97E
330
22
100
AcDbEntity
  8
F.Silkscreen
  6
CONTINUOUS
100
AcDbLine
 10
97.2548919999999981
 20
-44.7843779999999967
 30
0
 11
97.2530610000000024
 21
-44.7836189999999945
 31
0
  0
LINE
  5
97F
330
22
100
AcDbEntity
  8
F.Silkscreen
  6
CONTINUOUS
100
AcDbLine
 10
97.2530610000000024
 20
-44.7836189999999945
 30
0
 11
97.2458060000000017
 21
-44.7819700000000012
 31
0
  0
LINE
  5
980
330
22
100
AcDbEntity
  8
F.Silkscreen
  6
CONTINUOUS
100
AcDbLine
 10
97.2458060000000017
 20
-44.7819700000000012
 30
0
 11
97.1029499999999928
 21
-44.7343509999999966
 31
0
  0
LINE
  5
981
330
22
100
AcDbEntity
  8
F.Silkscreen
  6
CONTINUOUS
100
AcDbLine
 10
97.1029499999999928
 20
-44.7343509999999966
 30
0
 11
97.0895239999999973
 21
-44.7283569999999955
 31
0
  0
LINE
  5
982
330
22
100
AcDbEntity
  8
F.Silkscreen
  6
CONTINUOUS
100
AcDbLine
 10
97.0895239999999973
 20
-44.7283569999999955
 30
0
 11
97.0674169999999918
 21
-44.7091829999999959
 31
0
  0
LINE
  5
983
330
22
100
AcDbEntity
  8
F.Silkscreen
  6
CONTINUOUS
100
AcDbLine
 10
97.0674169999999918
 20
-44.7091829999999959
 30
0
 11
97.0543309999999906
 21
-44.6830099999999959
 31
0
  0
LINE
  5
984
330
22
100
AcDbEntity
  8
F.Silkscreen
  6
CONTINUOUS
100
AcDbLine
 10
97.0543309999999906
 20
-44.6830099999999959
 30
0
 11
97.0522559999999999
 21
-44.6538199999999961
 31
0
  0
LINE
  5
985
330
22
100
AcDbEntity
  8
F.Silkscreen
  6
CONTINUOUS
100
AcDbLine
 10
97.0522559999999999
 20
-44.6538199999999961
 30
0
 11
97.0615099999999984
 21
-44.6260569999999959
 31
0
  0
LINE
  5
986
330
22
100
AcDbEntity
  8
F.Silkscreen
  6
CONTINUOUS
100
AcDbLine
 10
97.0615099999999984
 20
-44.6260569999999959
 30
0
 11
97.0806839999999909
 21
-44.6039499999999975
 31
0
  0
LINE
  5
987
330
22
100
AcDbEntity
  8
F.Silkscreen
  6
CONTINUOUS
100
AcDbLine
 10
97.0806839999999909
 20
-44.6039499999999975
 30
0
 11
97.1068569999999909
 21
-44.5908639999999963
 31
0
  0
LINE
  5
988
330
22
100
AcDbEntity
  8
F.Silkscreen
  6
CONTINUOUS
100
AcDbLine
 10
97.1068569999999909
 20
-44.5908639999999963
 30
0
 11
97.1360469999999907
 21
-44.5887889999999985
 31
0
  0
LINE
  5
989
330
22
100
AcDbEntity
  8
F.Silkscreen
  6
CONTINUOUS
100
AcDbLine
 10
97.1360469999999907
 20
-44.5887889999999985
 30
0
 11
97.1503840000000025
 21
-44.5920489999999958
 31
0
  0
LINE
  5
98A
330
22
100
AcDbEntity
  8
F.Silkscreen
  6
CONTINUOUS
100
AcDbLine
 10
97.1503840000000025
 20
-44.5920489999999958
 30
0
 11
97.2816940000000017
 21
-44.6358189999999979
 31
0
  0
LINE
  5
98B
330
22
100
AcDbEntity
  8
F.Silkscreen
  6
CONTINUOUS
100
AcDbLine
 10
97.2816940000000017
 20
-44.6358189999999979
 30
0
 11
97.4899139999999989
 21
-44.6358189999999979
 31
0
  0
LINE
  5
98C
330
22
100
AcDbEntity
  8
F.Silkscreen
  6
CONTINUOUS
100
AcDbLine
 10
97.4899139999999989
 20
-44.6358189999999979
 30
0
 11
97.5584289999999896
 21
-44.6015609999999967
 31
0
  0
LINE
  5
98D
330
22
100
AcDbEntity
  8
F.Silkscreen
  6
CONTINUOUS
100
AcDbLine
 10
97.5584289999999896
 20
-44.6015609999999967
 30
0
 11
97.5888360000000006
 21
-44.5711529999999954
 31
0
  0
LINE
  5
98E
330
22
100
AcDbEntity
  8
F.Silkscreen
  6
CONTINUOUS
100
AcDbLine
 10
97.5888360000000006
 20
-44.5711529999999954
 30
0
 11
97.6230949999999922
 21
-44.502637
 31
0
  0
LINE
  5
98F
330
22
100
AcDbEntity
  8
F.Silkscreen
  6
CONTINUOUS
100
AcDbLine
 10
97.6230949999999922
 20
-44.502637
 30
0
 11
97.6230949999999922
 21
-44.4428089999999969
 31
0
  0
LINE
  5
990
330
22
100
AcDbEntity
  8
F.Silkscreen
  6
CONTINUOUS
100
AcDbLine
 10
97.6230949999999922
 20
-44.4428089999999969
 30
0
 11
97.5888369999999981
 21
-44.3742930000000015
 31
0
  0
LINE
  5
991
330
22
100
AcDbEntity
  8
F.Silkscreen
  6
CONTINUOUS
100
AcDbLine
 10
97.5888369999999981
 20
-44.3742930000000015
 30
0
 11
97.5584300000000013
 21
-44.3438859999999977
 31
0
  0
LINE
  5
992
330
22
100
AcDbEntity
  8
F.Silkscreen
  6
CONTINUOUS
100
AcDbLine
 10
97.5584300000000013
 20
-44.3438859999999977
 30
0
 11
97.4814429999999987
 21
-44.3053919999999977
 31
0
  0
LINE
  5
993
330
22
100
AcDbEntity
  8
F.Silkscreen
  6
CONTINUOUS
100
AcDbLine
 10
97.4814429999999987
 20
-44.3053919999999977
 30
0
 11
97.2989529999999974
 21
-44.2597699999999961
 31
0
  0
LINE
  5
994
330
22
100
AcDbEntity
  8
F.Silkscreen
  6
CONTINUOUS
100
AcDbLine
 10
97.2989529999999974
 20
-44.2597699999999961
 30
0
 11
97.2978729999999956
 21
-44.2593839999999972
 31
0
  0
LINE
  5
995
330
22
100
AcDbEntity
  8
F.Silkscreen
  6
CONTINUOUS
100
AcDbLine
 10
97.2978729999999956
 20
-44.2593839999999972
 30
0
 11
97.2973329999999947
 21
-44.2593460000000007
 31
0
  0
LINE
  5
996
330
22
100
AcDbEntity
  8
F.Silkscreen
  6
CONTINUOUS
100
AcDbLine
 10
97.2973329999999947
 20
-44.2593460000000007
 30
0
 11
97.2912429999999944
 21
-44.2570149999999956
 31
0
  0
LINE
  5
997
330
22
100
AcDbEntity
  8
F.Silkscreen
  6
CONTINUOUS
100
AcDbLine
 10
97.2912429999999944
 20
-44.2570149999999956
 30
0
 11
97.2851069999999964
 21
-44.2548229999999947
 31
0
  0
LINE
  5
998
330
22
100
AcDbEntity
  8
F.Silkscreen
  6
CONTINUOUS
100
AcDbLine
 10
97.2851069999999964
 20
-44.2548229999999947
 30
0
 11
97.2846709999999888
 21
-44.2545000000000002
 31
0
  0
LINE
  5
999
330
22
100
AcDbEntity
  8
F.Silkscreen
  6
CONTINUOUS
100
AcDbLine
 10
97.2846709999999888
 20
-44.2545000000000002
 30
0
 11
97.2836020000000019
 21
-44.2540909999999954
 31
0
  0
LINE
  5
99A
330
22
100
AcDbEntity
  8
F.Silkscreen
  6
CONTINUOUS
100
AcDbLine
 10
97.2836020000000019
 20
-44.2540909999999954
 30
0
 11
97.1883639999999929
 21
-44.206471999999998
 31
0
  0
LINE
  5
99B
330
22
100
AcDbEntity
  8
F.Silkscreen
  6
CONTINUOUS
100
AcDbLine
 10
97.1883639999999929
 20
-44.206471999999998
 30
0
 11
97.1820639999999969
 21
-44.2025069999999971
 31
0
  0
LINE
  5
99C
330
22
100
AcDbEntity
  8
F.Silkscreen
  6
CONTINUOUS
100
AcDbLine
 10
97.1820639999999969
 20
-44.2025069999999971
 30
0
 11
97.1802369999999911
 21
-44.201749999999997
 31
0
  0
LINE
  5
99D
330
22
100
AcDbEntity
  8
F.Silkscreen
  6
CONTINUOUS
100
AcDbLine
 10
97.1802369999999911
 20
-44.201749999999997
 30
0
 11
97.1781799999999976
 21
-44.200060999999998
 31
0
  0
LINE
  5
99E
330
22
100
AcDbEntity
  8
F.Silkscreen
  6
CONTINUOUS
100
AcDbLine
 10
97.1781799999999976
 20
-44.200060999999998
 30
0
 11
97.1759210000000024
 21
-44.1986399999999975
 31
0
  0
LINE
  5
99F
330
22
100
AcDbEntity
  8
F.Silkscreen
  6
CONTINUOUS
100
AcDbLine
 10
97.1759210000000024
 20
-44.1986399999999975
 30
0
 11
97.1746210000000019
 21
-44.1971409999999949
 31
0
  0
LINE
  5
9A0
330
22
100
AcDbEntity
  8
F.Silkscreen
  6
CONTINUOUS
100
AcDbLine
 10
97.1746210000000019
 20
-44.1971409999999949
 30
0
 11
97.1688719999999932
 21
-44.192422999999998
 31
0
  0
LINE
  5
9A1
330
22
100
AcDbEntity
  8
F.Silkscreen
  6
CONTINUOUS
100
AcDbLine
 10
97.1688719999999932
 20
-44.192422999999998
 30
0
 11
97.1212529999999958
 21
-44.1448040000000006
 31
0
  0
LINE
  5
9A2
330
22
100
AcDbEntity
  8
F.Silkscreen
  6
CONTINUOUS
100
AcDbLine
 10
97.1212529999999958
 20
-44.1448040000000006
 30
0
 11
97.1165340000000015
 21
-44.1390539999999945
 31
0
  0
LINE
  5
9A3
330
22
100
AcDbEntity
  8
F.Silkscreen
  6
CONTINUOUS
100
AcDbLine
 10
97.1165340000000015
 20
-44.1390539999999945
 30
0
 11
97.1150359999999893
 21
-44.1377549999999985
 31
0
  0
LINE
  5
9A4
330
22
100
AcDbEntity
  8
F.Silkscreen
  6
CONTINUOUS
100
AcDbLine
 10
97.1150359999999893
 20
-44.1377549999999985
 30
0
 11
97.1136139999999983
 21
-44.1354949999999988
 31
0
  0
LINE
  5
9A5
330
22
100
AcDbEntity
  8
F.Silkscreen
  6
CONTINUOUS
100
AcDbLine
 10
97.1136139999999983
 20
-44.1354949999999988
 30
0
 11
97.1119259999999969
 21
-44.1334389999999956
 31
0
  0
LINE
  5
9A6
330
22
100
AcDbEntity
  8
F.Silkscreen
  6
CONTINUOUS
100
AcDbLine
 10
97.1119259999999969
 20
-44.1334389999999956
 30
0
 11
97.1111679999999922
 21
-44.1316109999999995
 31
0
  0
LINE
  5
9A7
330
22
100
AcDbEntity
  8
F.Silkscreen
  6
CONTINUOUS
100
AcDbLine
 10
97.1111679999999922
 20
-44.1316109999999995
 30
0
 11
97.1072039999999959
 21
-44.125312000000001
 31
0
  0
LINE
  5
9A8
330
22
100
AcDbEntity
  8
F.Silkscreen
  6
CONTINUOUS
100
AcDbLine
 10
97.1072039999999959
 20
-44.125312000000001
 30
0
 11
97.0595849999999984
 21
-44.030073999999999
 31
0
  0
LINE
  5
9A9
330
22
100
AcDbEntity
  8
F.Silkscreen
  6
CONTINUOUS
100
AcDbLine
 10
97.0595849999999984
 20
-44.030073999999999
 30
0
 11
97.0543299999999931
 21
-44.0163419999999945
 31
0
  0
LINE
  5
9AA
330
22
100
AcDbEntity
  8
F.Silkscreen
  6
CONTINUOUS
100
AcDbLine
 10
97.0543299999999931
 20
-44.0163419999999945
 30
0
 11
97.0541389999999922
 21
-44.0136539999999954
 31
0
  0
LINE
  5
9AB
330
22
100
AcDbEntity
  8
F.Silkscreen
  6
CONTINUOUS
100
AcDbLine
 10
97.0541389999999922
 20
-44.0136539999999954
 30
0
 11
97.0531079999999946
 21
-44.0111649999999983
 31
0
  0
LINE
  5
9AC
330
22
100
AcDbEntity
  8
F.Silkscreen
  6
CONTINUOUS
100
AcDbLine
 10
97.0531079999999946
 20
-44.0111649999999983
 30
0
 11
97.0516669999999948
 21
-43.9965329999999994
 31
0
  0
LINE
  5
9AD
330
22
100
AcDbEntity
  8
F.Silkscreen
  6
CONTINUOUS
100
AcDbLine
 10
97.0516669999999948
 20
-43.9965329999999994
 30
0
 11
97.0516669999999948
 21
-43.9012949999999975
 31
0
  0
LINE
  5
9AE
330
22
100
AcDbEntity
  8
F.Silkscreen
  6
CONTINUOUS
100
AcDbLine
 10
97.0516669999999948
 20
-43.9012949999999975
 30
0
 11
97.0531079999999946
 21
-43.8866629999999986
 31
0
  0
LINE
  5
9AF
330
22
100
AcDbEntity
  8
F.Silkscreen
  6
CONTINUOUS
100
AcDbLine
 10
97.0531079999999946
 20
-43.8866629999999986
 30
0
 11
97.0541389999999922
 21
-43.884172999999997
 31
0
  0
LINE
  5
9B0
330
22
100
AcDbEntity
  8
F.Silkscreen
  6
CONTINUOUS
100
AcDbLine
 10
97.0541389999999922
 20
-43.884172999999997
 30
0
 11
97.0543299999999931
 21
-43.8814859999999953
 31
0
  0
LINE
  5
9B1
330
22
100
AcDbEntity
  8
F.Silkscreen
  6
CONTINUOUS
100
AcDbLine
 10
97.0543299999999931
 20
-43.8814859999999953
 30
0
 11
97.0595849999999984
 21
-43.8677539999999979
 31
0
  0
LINE
  5
9B2
330
22
100
AcDbEntity
  8
F.Silkscreen
  6
CONTINUOUS
100
AcDbLine
 10
97.0595849999999984
 20
-43.8677539999999979
 30
0
 11
97.1072039999999959
 21
-43.772515999999996
 31
0
  0
LINE
  5
9B3
330
22
100
AcDbEntity
  8
F.Silkscreen
  6
CONTINUOUS
100
AcDbLine
 10
97.1072039999999959
 20
-43.772515999999996
 30
0
 11
97.1111679999999922
 21
-43.766216
 31
0
  0
LINE
  5
9B4
330
22
100
AcDbEntity
  8
F.Silkscreen
  6
CONTINUOUS
100
AcDbLine
 10
97.1111679999999922
 20
-43.766216
 30
0
 11
97.1119259999999969
 21
-43.7643890000000013
 31
0
  0
LINE
  5
9B5
330
22
100
AcDbEntity
  8
F.Silkscreen
  6
CONTINUOUS
100
AcDbLine
 10
97.1119259999999969
 20
-43.7643890000000013
 30
0
 11
97.1136139999999983
 21
-43.7623320000000007
 31
0
  0
LINE
  5
9B6
330
22
100
AcDbEntity
  8
F.Silkscreen
  6
CONTINUOUS
100
AcDbLine
 10
97.1136139999999983
 20
-43.7623320000000007
 30
0
 11
97.1150359999999893
 21
-43.7600729999999984
 31
0
  0
LINE
  5
9B7
330
22
100
AcDbEntity
  8
F.Silkscreen
  6
CONTINUOUS
100
AcDbLine
 10
97.1150359999999893
 20
-43.7600729999999984
 30
0
 11
97.1165340000000015
 21
-43.7587729999999979
 31
0
  0
LINE
  5
9B8
330
22
100
AcDbEntity
  8
F.Silkscreen
  6
CONTINUOUS
100
AcDbLine
 10
97.1165340000000015
 20
-43.7587729999999979
 30
0
 11
97.1212529999999958
 21
-43.7530239999999964
 31
0
  0
LINE
  5
9B9
330
22
100
AcDbEntity
  8
F.Silkscreen
  6
CONTINUOUS
100
AcDbLine
 10
97.1212529999999958
 20
-43.7530239999999964
 30
0
 11
97.1688719999999932
 21
-43.7054049999999989
 31
0
  0
LINE
  5
9BA
330
22
100
AcDbEntity
  8
F.Silkscreen
  6
CONTINUOUS
100
AcDbLine
 10
97.1688719999999932
 20
-43.7054049999999989
 30
0
 11
97.1746210000000019
 21
-43.7006859999999975
 31
0
  0
LINE
  5
9BB
330
22
100
AcDbEntity
  8
F.Silkscreen
  6
CONTINUOUS
100
AcDbLine
 10
97.1746210000000019
 20
-43.7006859999999975
 30
0
 11
97.1759210000000024
 21
-43.6991879999999995
 31
0
  0
LINE
  5
9BC
330
22
100
AcDbEntity
  8
F.Silkscreen
  6
CONTINUOUS
100
AcDbLine
 10
97.1759210000000024
 20
-43.6991879999999995
 30
0
 11
97.1781799999999976
 21
-43.6977660000000014
 31
0
  0
LINE
  5
9BD
330
22
100
AcDbEntity
  8
F.Silkscreen
  6
CONTINUOUS
100
AcDbLine
 10
97.1781799999999976
 20
-43.6977660000000014
 30
0
 11
97.1802369999999911
 21
-43.696078
 31
0
  0
LINE
  5
9BE
330
22
100
AcDbEntity
  8
F.Silkscreen
  6
CONTINUOUS
100
AcDbLine
 10
97.1802369999999911
 20
-43.696078
 30
0
 11
97.1820639999999969
 21
-43.6953199999999953
 31
0
  0
LINE
  5
9BF
330
22
100
AcDbEntity
  8
F.Silkscreen
  6
CONTINUOUS
100
AcDbLine
 10
97.1820639999999969
 20
-43.6953199999999953
 30
0
 11
97.1883639999999929
 21
-43.691355999999999
 31
0
  0
LINE
  5
9C0
330
22
100
AcDbEntity
  8
F.Silkscreen
  6
CONTINUOUS
100
AcDbLine
 10
97.1883639999999929
 20
-43.691355999999999
 30
0
 11
97.2836020000000019
 21
-43.6437370000000016
 31
0
  0
LINE
  5
9C1
330
22
100
AcDbEntity
  8
F.Silkscreen
  6
CONTINUOUS
100
AcDbLine
 10
97.2836020000000019
 20
-43.6437370000000016
 30
0
 11
97.2973329999999947
 21
-43.6384819999999962
 31
0
  0
LINE
  5
9C2
330
22
100
AcDbEntity
  8
F.Silkscreen
  6
CONTINUOUS
100
AcDbLine
 10
97.2973329999999947
 20
-43.6384819999999962
 30
0
 11
97.3000219999999985
 21
-43.6382899999999978
 31
0
  0
LINE
  5
9C3
330
22
100
AcDbEntity
  8
F.Silkscreen
  6
CONTINUOUS
100
AcDbLine
 10
97.3000219999999985
 20
-43.6382899999999978
 30
0
 11
97.3025109999999955
 21
-43.6372599999999977
 31
0
  0
LINE
  5
9C4
330
22
100
AcDbEntity
  8
F.Silkscreen
  6
CONTINUOUS
100
AcDbLine
 10
97.3025109999999955
 20
-43.6372599999999977
 30
0
 11
97.3171430000000015
 21
-43.6358189999999979
 31
0
  0
LINE
  5
9C5
330
22
100
AcDbEntity
  8
F.Silkscreen
  6
CONTINUOUS
100
AcDbLine
 10
97.3171430000000015
 20
-43.6358189999999979
 30
0
 11
97.5552379999999886
 21
-43.6358189999999979
 31
0
  0
LINE
  5
9C6
330
22
100
AcDbEntity
  8
F.Silkscreen
  6
CONTINUOUS
100
AcDbLine
 10
97.5552379999999886
 20
-43.6358189999999979
 30
0
 11
97.5626429999999942
 21
-43.6365479999999977
 31
0
  0
LINE
  5
9C7
330
22
100
AcDbEntity
  8
F.Silkscreen
  6
CONTINUOUS
100
AcDbLine
 10
99.617488999999992
 20
-43.6372599999999977
 30
0
 11
99.619977999999989
 21
-43.6382909999999953
 31
0
  0
LINE
  5
9C8
330
22
100
AcDbEntity
  8
F.Silkscreen
  6
CONTINUOUS
100
AcDbLine
 10
99.619977999999989
 20
-43.6382909999999953
 30
0
 11
99.6226659999999953
 21
-43.6384819999999962
 31
0
  0
LINE
  5
9C9
330
22
100
AcDbEntity
  8
F.Silkscreen
  6
CONTINUOUS
100
AcDbLine
 10
99.6226659999999953
 20
-43.6384819999999962
 30
0
 11
99.6363979999999998
 21
-43.6437370000000016
 31
0
  0
LINE
  5
9CA
330
22
100
AcDbEntity
  8
F.Silkscreen
  6
CONTINUOUS
100
AcDbLine
 10
99.6363979999999998
 20
-43.6437370000000016
 30
0
 11
99.7316359999999946
 21
-43.691355999999999
 31
0
  0
LINE
  5
9CB
330
22
100
AcDbEntity
  8
F.Silkscreen
  6
CONTINUOUS
100
AcDbLine
 10
99.7316359999999946
 20
-43.691355999999999
 30
0
 11
99.7379349999999931
 21
-43.6953199999999953
 31
0
  0
LINE
  5
9CC
330
22
100
AcDbEntity
  8
F.Silkscreen
  6
CONTINUOUS
100
AcDbLine
 10
99.7379349999999931
 20
-43.6953199999999953
 30
0
 11
99.7397629999999964
 21
-43.696078
 31
0
  0
LINE
  5
9CD
330
22
100
AcDbEntity
  8
F.Silkscreen
  6
CONTINUOUS
100
AcDbLine
 10
99.7397629999999964
 20
-43.696078
 30
0
 11
99.7418189999999925
 21
-43.6977660000000014
 31
0
  0
LINE
  5
9CE
330
22
100
AcDbEntity
  8
F.Silkscreen
  6
CONTINUOUS
100
AcDbLine
 10
99.7418189999999925
 20
-43.6977660000000014
 30
0
 11
99.7440789999999993
 21
-43.6991879999999995
 31
0
  0
LINE
  5
9CF
330
22
100
AcDbEntity
  8
F.Silkscreen
  6
CONTINUOUS
100
AcDbLine
 10
99.7440789999999993
 20
-43.6991879999999995
 30
0
 11
99.7453780000000023
 21
-43.7006859999999975
 31
0
  0
LINE
  5
9D0
330
22
100
AcDbEntity
  8
F.Silkscreen
  6
CONTINUOUS
100
AcDbLine
 10
99.7453780000000023
 20
-43.7006859999999975
 30
0
 11
99.7511279999999942
 21
-43.7054049999999989
 31
0
  0
LINE
  5
9D1
330
22
100
AcDbEntity
  8
F.Silkscreen
  6
CONTINUOUS
100
AcDbLine
 10
99.7511279999999942
 20
-43.7054049999999989
 30
0
 11
99.7987469999999917
 21
-43.7530239999999964
 31
0
  0
LINE
  5
9D2
330
22
100
AcDbEntity
  8
F.Silkscreen
  6
CONTINUOUS
100
AcDbLine
 10
99.7987469999999917
 20
-43.7530239999999964
 30
0
 11
99.8034649999999885
 21
-43.7587729999999979
 31
0
  0
LINE
  5
9D3
330
22
100
AcDbEntity
  8
F.Silkscreen
  6
CONTINUOUS
100
AcDbLine
 10
99.8034649999999885
 20
-43.7587729999999979
 30
0
 11
99.8049639999999982
 21
-43.7600729999999984
 31
0
  0
LINE
  5
9D4
330
22
100
AcDbEntity
  8
F.Silkscreen
  6
CONTINUOUS
100
AcDbLine
 10
99.8049639999999982
 20
-43.7600729999999984
 30
0
 11
99.8063849999999917
 21
-43.7623320000000007
 31
0
  0
LINE
  5
9D5
330
22
100
AcDbEntity
  8
F.Silkscreen
  6
CONTINUOUS
100
AcDbLine
 10
99.8063849999999917
 20
-43.7623320000000007
 30
0
 11
99.8080739999999906
 21
-43.7643890000000013
 31
0
  0
LINE
  5
9D6
330
22
100
AcDbEntity
  8
F.Silkscreen
  6
CONTINUOUS
100
AcDbLine
 10
99.8080739999999906
 20
-43.7643890000000013
 30
0
 11
99.8088309999999979
 21
-43.766216
 31
0
  0
LINE
  5
9D7
330
22
100
AcDbEntity
  8
F.Silkscreen
  6
CONTINUOUS
100
AcDbLine
 10
99.8088309999999979
 20
-43.766216
 30
0
 11
99.8127959999999916
 21
-43.772515999999996
 31
0
  0
LINE
  5
9D8
330
22
100
AcDbEntity
  8
F.Silkscreen
  6
CONTINUOUS
100
AcDbLine
 10
99.8127959999999916
 20
-43.772515999999996
 30
0
 11
99.860414999999989
 21
-43.8677539999999979
 31
0
  0
LINE
  5
9D9
330
22
100
AcDbEntity
  8
F.Silkscreen
  6
CONTINUOUS
100
AcDbLine
 10
99.860414999999989
 20
-43.8677539999999979
 30
0
 11
99.8656699999999944
 21
-43.8814849999999979
 31
0
  0
LINE
  5
9DA
330
22
100
AcDbEntity
  8
F.Silkscreen
  6
CONTINUOUS
100
AcDbLine
 10
99.8656699999999944
 20
-43.8814849999999979
 30
0
 11
99.8658609999999953
 21
-43.8841739999999945
 31
0
  0
LINE
  5
9DB
330
22
100
AcDbEntity
  8
F.Silkscreen
  6
CONTINUOUS
100
AcDbLine
 10
99.8658609999999953
 20
-43.8841739999999945
 30
0
 11
99.8668919999999929
 21
-43.8866629999999986
 31
0
  0
LINE
  5
9DC
330
22
100
AcDbEntity
  8
F.Silkscreen
  6
CONTINUOUS
100
AcDbLine
 10
99.8668919999999929
 20
-43.8866629999999986
 30
0
 11
99.8683329999999927
 21
-43.9012949999999975
 31
0
  0
LINE
  5
9DD
330
22
100
AcDbEntity
  8
F.Silkscreen
  6
CONTINUOUS
100
AcDbLine
 10
99.8683329999999927
 20
-43.9012949999999975
 30
0
 11
99.8683329999999927
 21
-43.9965329999999994
 31
0
  0
LINE
  5
9DE
330
22
100
AcDbEntity
  8
F.Silkscreen
  6
CONTINUOUS
100
AcDbLine
 10
99.8683329999999927
 20
-43.9965329999999994
 30
0
 11
99.8676030000000026
 21
-44.0039389999999955
 31
0
  0
LINE
  5
9DF
330
22
100
AcDbEntity
  8
F.Silkscreen
  6
CONTINUOUS
100
AcDbLine
 10
99.8676030000000026
 20
-44.0039389999999955
 30
0
 11
99.8677440000000018
 21
-44.0059139999999971
 31
0
  0
LINE
  5
9E0
330
22
100
AcDbEntity
  8
F.Silkscreen
  6
CONTINUOUS
100
AcDbLine
 10
99.8677440000000018
 20
-44.0059139999999971
 30
0
 11
99.8671530000000018
 21
-44.0085109999999986
 31
0
  0
LINE
  5
9E1
330
22
100
AcDbEntity
  8
F.Silkscreen
  6
CONTINUOUS
100
AcDbLine
 10
99.8671530000000018
 20
-44.0085109999999986
 30
0
 11
99.8668919999999929
 21
-44.0111649999999983
 31
0
  0
LINE
  5
9E2
330
22
100
AcDbEntity
  8
F.Silkscreen
  6
CONTINUOUS
100
AcDbLine
 10
99.8668919999999929
 20
-44.0111649999999983
 30
0
 11
99.8661329999999907
 21
-44.0129949999999965
 31
0
  0
LINE
  5
9E3
330
22
100
AcDbEntity
  8
F.Silkscreen
  6
CONTINUOUS
100
AcDbLine
 10
99.8661329999999907
 20
-44.0129949999999965
 30
0
 11
99.8644839999999903
 21
-44.0202509999999947
 31
0
  0
LINE
  5
9E4
330
22
100
AcDbEntity
  8
F.Silkscreen
  6
CONTINUOUS
100
AcDbLine
 10
99.8644839999999903
 20
-44.0202509999999947
 30
0
 11
99.8168649999999928
 21
-44.1631069999999966
 31
0
  0
LINE
  5
9E5
330
22
100
AcDbEntity
  8
F.Silkscreen
  6
CONTINUOUS
100
AcDbLine
 10
99.8168649999999928
 20
-44.1631069999999966
 30
0
 11
99.8108709999999917
 21
-44.1765329999999992
 31
0
  0
LINE
  5
9E6
330
22
100
AcDbEntity
  8
F.Silkscreen
  6
CONTINUOUS
100
AcDbLine
 10
99.8108709999999917
 20
-44.1765329999999992
 30
0
 11
99.8091059999999999
 21
-44.178567000000001
 31
0
  0
LINE
  5
9E7
330
22
100
AcDbEntity
  8
F.Silkscreen
  6
CONTINUOUS
100
AcDbLine
 10
99.8091059999999999
 20
-44.178567000000001
 30
0
 11
99.8080750000000023
 21
-44.1810580000000002
 31
0
  0
LINE
  5
9E8
330
22
100
AcDbEntity
  8
F.Silkscreen
  6
CONTINUOUS
100
AcDbLine
 10
99.8080750000000023
 20
-44.1810580000000002
 30
0
 11
99.7987469999999917
 21
-44.192422999999998
 31
0
  0
LINE
  5
9E9
330
22
100
AcDbEntity
  8
F.Silkscreen
  6
CONTINUOUS
100
AcDbLine
 10
99.7987469999999917
 20
-44.192422999999998
 30
0
 11
99.3553519999999963
 21
-44.6358189999999979
 31
0
  0
LINE
  5
9EA
330
22
100
AcDbEntity
  8
F.Silkscreen
  6
CONTINUOUS
100
AcDbLine
 10
99.3553519999999963
 20
-44.6358189999999979
 30
0
 11
99.7933329999999899
 21
-44.6358189999999979
 31
0
  0
LINE
  5
9EB
330
22
100
AcDbEntity
  8
F.Silkscreen
  6
CONTINUOUS
100
AcDbLine
 10
99.7933329999999899
 20
-44.6358189999999979
 30
0
 11
99.8079649999999958
 21
-44.6372599999999977
 31
0
  0
LINE
  5
9EC
330
22
100
AcDbEntity
  8
F.Silkscreen
  6
CONTINUOUS
100
AcDbLine
 10
99.8079649999999958
 20
-44.6372599999999977
 30
0
 11
99.8350009999999912
 21
-44.6484589999999955
 31
0
  0
LINE
  5
9ED
330
22
100
AcDbEntity
  8
F.Silkscreen
  6
CONTINUOUS
100
AcDbLine
 10
99.8350009999999912
 20
-44.6484589999999955
 30
0
 11
99.8556930000000023
 21
-44.6691509999999994
 31
0
  0
LINE
  5
9EE
330
22
100
AcDbEntity
  8
F.Silkscreen
  6
CONTINUOUS
100
AcDbLine
 10
99.8556930000000023
 20
-44.6691509999999994
 30
0
 11
99.8668919999999929
 21
-44.6961869999999948
 31
0
  0
LINE
  5
9EF
330
22
100
AcDbEntity
  8
F.Silkscreen
  6
CONTINUOUS
100
AcDbLine
 10
99.8668919999999929
 20
-44.6961869999999948
 30
0
 11
99.8668919999999929
 21
-44.7254509999999996
 31
0
  0
LINE
  5
9F0
330
22
100
AcDbEntity
  8
F.Silkscreen
  6
CONTINUOUS
100
AcDbLine
 10
99.8668919999999929
 20
-44.7254509999999996
 30
0
 11
99.8556930000000023
 21
-44.752486999999995
 31
0
  0
LINE
  5
9F1
330
22
100
AcDbEntity
  8
F.Silkscreen
  6
CONTINUOUS
100
AcDbLine
 10
99.8556930000000023
 20
-44.752486999999995
 30
0
 11
99.8350009999999912
 21
-44.773178999999999
 31
0
  0
LINE
  5
9F2
330
22
100
AcDbEntity
  8
F.Silkscreen
  6
CONTINUOUS
100
AcDbLine
 10
99.8350009999999912
 20
-44.773178999999999
 30
0
 11
99.8079649999999958
 21
-44.7843779999999967
 31
0
  0
LINE
  5
9F3
330
22
100
AcDbEntity
  8
F.Silkscreen
  6
CONTINUOUS
100
AcDbLine
 10
99.8079649999999958
 20
-44.7843779999999967
 30
0
 11
99.7933329999999899
 21
-44.7858189999999965
 31
0
  0
LINE
  5
9F4
330
22
100
AcDbEntity
  8
F.Silkscreen
  6
CONTINUOUS
100
AcDbLine
 10
99.7933329999999899
 20
-44.7858189999999965
 30
0
 11
99.1742859999999951
 21
-44.7858189999999965
 31
0
  0
LINE
  5
9F5
330
22
100
AcDbEntity
  8
F.Silkscreen
  6
CONTINUOUS
100
AcDbLine
 10
99.1742859999999951
 20
-44.7858189999999965
 30
0
 11
99.1596539999999891
 21
-44.7843779999999967
 31
0
  0
LINE
  5
9F6
330
22
100
AcDbEntity
  8
F.Silkscreen
  6
CONTINUOUS
100
AcDbLine
 10
99.1596539999999891
 20
-44.7843779999999967
 30
0
 11
99.1326179999999937
 21
-44.773178999999999
 31
0
  0
LINE
  5
9F7
330
22
100
AcDbEntity
  8
F.Silkscreen
  6
CONTINUOUS
100
AcDbLine
 10
99.1326179999999937
 20
-44.773178999999999
 30
0
 11
99.1119259999999969
 21
-44.752486999999995
 31
0
  0
LINE
  5
9F8
330
22
100
AcDbEntity
  8
F.Silkscreen
  6
CONTINUOUS
100
AcDbLine
 10
99.1119259999999969
 20
-44.752486999999995
 30
0
 11
99.100726999999992
 21
-44.7254509999999996
 31
0
  0
LINE
  5
9F9
330
22
100
AcDbEntity
  8
F.Silkscreen
  6
CONTINUOUS
100
AcDbLine
 10
99.100726999999992
 20
-44.7254509999999996
 30
0
 11
99.100726999999992
 21
-44.6961869999999948
 31
0
  0
LINE
  5
9FA
330
22
100
AcDbEntity
  8
F.Silkscreen
  6
CONTINUOUS
100
AcDbLine
 10
99.100726999999992
 20
-44.6961869999999948
 30
0
 11
99.1119259999999969
 21
-44.6691509999999994
 31
0
  0
LINE
  5
9FB
330
22
100
AcDbEntity
  8
F.Silkscreen
  6
CONTINUOUS
100
AcDbLine
 10
99.1119259999999969
 20
-44.6691509999999994
 30
0
 11
99.1212529999999958
 21
-44.6577859999999944
 31
0
  0
LINE
  5
9FC
330
22
100
AcDbEntity
  8
F.Silkscreen
  6
CONTINUOUS
100
AcDbLine
 10
99.1212529999999958
 20
-44.6577859999999944
 30
0
 11
99.6801609999999982
 21
-44.0988759999999971
 31
0
  0
LINE
  5
9FD
330
22
100
AcDbEntity
  8
F.Silkscreen
  6
CONTINUOUS
100
AcDbLine
 10
99.6801609999999982
 20
-44.0988759999999971
 30
0
 11
99.7183330000000012
 21
-43.9843629999999948
 31
0
  0
LINE
  5
9FE
330
22
100
AcDbEntity
  8
F.Silkscreen
  6
CONTINUOUS
100
AcDbLine
 10
99.7183330000000012
 20
-43.9843629999999948
 30
0
 11
99.7183330000000012
 21
-43.9189999999999969
 31
0
  0
LINE
  5
9FF
330
22
100
AcDbEntity
  8
F.Silkscreen
  6
CONTINUOUS
100
AcDbLine
 10
99.7183330000000012
 20
-43.9189999999999969
 30
0
 11
99.6840749999999929
 21
-43.8504839999999945
 31
0
  0
LINE
  5
A00
330
22
100
AcDbEntity
  8
F.Silkscreen
  6
CONTINUOUS
100
AcDbLine
 10
99.6840749999999929
 20
-43.8504839999999945
 30
0
 11
99.6536679999999961
 21
-43.8200769999999977
 31
0
  0
LINE
  5
A01
330
22
100
AcDbEntity
  8
F.Silkscreen
  6
CONTINUOUS
100
AcDbLine
 10
99.6536679999999961
 20
-43.8200769999999977
 30
0
 11
99.5851519999999937
 21
-43.7858189999999965
 31
0
  0
LINE
  5
A02
330
22
100
AcDbEntity
  8
F.Silkscreen
  6
CONTINUOUS
100
AcDbLine
 10
99.5851519999999937
 20
-43.7858189999999965
 30
0
 11
99.3824669999999912
 21
-43.7858189999999965
 31
0
  0
LINE
  5
A03
330
22
100
AcDbEntity
  8
F.Silkscreen
  6
CONTINUOUS
100
AcDbLine
 10
99.3824669999999912
 20
-43.7858189999999965
 30
0
 11
99.3139509999999888
 21
-43.8200769999999977
 31
0
  0
LINE
  5
A04
330
22
100
AcDbEntity
  8
F.Silkscreen
  6
CONTINUOUS
100
AcDbLine
 10
99.3139509999999888
 20
-43.8200769999999977
 30
0
 11
99.2749379999999917
 21
-43.8590899999999948
 31
0
  0
LINE
  5
A05
330
22
100
AcDbEntity
  8
F.Silkscreen
  6
CONTINUOUS
100
AcDbLine
 10
99.2749379999999917
 20
-43.8590899999999948
 30
0
 11
99.2635729999999938
 21
-43.8684170000000009
 31
0
  0
LINE
  5
A06
330
22
100
AcDbEntity
  8
F.Silkscreen
  6
CONTINUOUS
100
AcDbLine
 10
99.2635729999999938
 20
-43.8684170000000009
 30
0
 11
99.236536000000001
 21
-43.8796159999999986
 31
0
  0
LINE
  5
A07
330
22
100
AcDbEntity
  8
F.Silkscreen
  6
CONTINUOUS
100
AcDbLine
 10
99.236536000000001
 20
-43.8796159999999986
 30
0
 11
99.2072739999999982
 21
-43.8796159999999986
 31
0
  0
LINE
  5
A08
330
22
100
AcDbEntity
  8
F.Silkscreen
  6
CONTINUOUS
100
AcDbLine
 10
99.2072739999999982
 20
-43.8796159999999986
 30
0
 11
99.1802369999999911
 21
-43.8684170000000009
 31
0
  0
LINE
  5
A09
330
22
100
AcDbEntity
  8
F.Silkscreen
  6
CONTINUOUS
100
AcDbLine
 10
99.1802369999999911
 20
-43.8684170000000009
 30
0
 11
99.1595449999999943
 21
-43.847724999999997
 31
0
  0
LINE
  5
A0A
330
22
100
AcDbEntity
  8
F.Silkscreen
  6
CONTINUOUS
100
AcDbLine
 10
99.1595449999999943
 20
-43.847724999999997
 30
0
 11
99.1483459999999894
 21
-43.820687999999997
 31
0
  0
LINE
  5
A0B
330
22
100
AcDbEntity
  8
F.Silkscreen
  6
CONTINUOUS
100
AcDbLine
 10
99.1483459999999894
 20
-43.820687999999997
 30
0
 11
99.1483459999999894
 21
-43.7914260000000013
 31
0
  0
LINE
  5
A0C
330
22
100
AcDbEntity
  8
F.Silkscreen
  6
CONTINUOUS
100
AcDbLine
 10
99.1483459999999894
 20
-43.7914260000000013
 30
0
 11
99.1595449999999943
 21
-43.7643890000000013
 31
0
  0
LINE
  5
A0D
330
22
100
AcDbEntity
  8
F.Silkscreen
  6
CONTINUOUS
100
AcDbLine
 10
99.1595449999999943
 20
-43.7643890000000013
 30
0
 11
99.1688719999999932
 21
-43.7530239999999964
 31
0
  0
LINE
  5
A0E
330
22
100
AcDbEntity
  8
F.Silkscreen
  6
CONTINUOUS
100
AcDbLine
 10
99.1688719999999932
 20
-43.7530239999999964
 30
0
 11
99.2164909999999907
 21
-43.7054049999999989
 31
0
  0
LINE
  5
A0F
330
22
100
AcDbEntity
  8
F.Silkscreen
  6
CONTINUOUS
100
AcDbLine
 10
99.2164909999999907
 20
-43.7054049999999989
 30
0
 11
99.2222399999999993
 21
-43.7006859999999975
 31
0
  0
LINE
  5
A10
330
22
100
AcDbEntity
  8
F.Silkscreen
  6
CONTINUOUS
100
AcDbLine
 10
99.2222399999999993
 20
-43.7006859999999975
 30
0
 11
99.2235399999999998
 21
-43.6991879999999995
 31
0
  0
LINE
  5
A11
330
22
100
AcDbEntity
  8
F.Silkscreen
  6
CONTINUOUS
100
AcDbLine
 10
99.2235399999999998
 20
-43.6991879999999995
 30
0
 11
99.225798999999995
 21
-43.6977660000000014
 31
0
  0
LINE
  5
A12
330
22
100
AcDbEntity
  8
F.Silkscreen
  6
CONTINUOUS
100
AcDbLine
 10
99.225798999999995
 20
-43.6977660000000014
 30
0
 11
99.2278559999999885
 21
-43.696078
 31
0
  0
LINE
  5
A13
330
22
100
AcDbEntity
  8
F.Silkscreen
  6
CONTINUOUS
100
AcDbLine
 10
99.2278559999999885
 20
-43.696078
 30
0
 11
99.2296829999999943
 21
-43.6953199999999953
 31
0
  0
LINE
  5
A14
330
22
100
AcDbEntity
  8
F.Silkscreen
  6
CONTINUOUS
100
AcDbLine
 10
99.2296829999999943
 20
-43.6953199999999953
 30
0
 11
99.2359829999999903
 21
-43.691355999999999
 31
0
  0
LINE
  5
A15
330
22
100
AcDbEntity
  8
F.Silkscreen
  6
CONTINUOUS
100
AcDbLine
 10
99.2359829999999903
 20
-43.691355999999999
 30
0
 11
99.3312209999999993
 21
-43.6437370000000016
 31
0
  0
LINE
  5
A16
330
22
100
AcDbEntity
  8
F.Silkscreen
  6
CONTINUOUS
100
AcDbLine
 10
99.3312209999999993
 20
-43.6437370000000016
 30
0
 11
99.3449519999999922
 21
-43.6384819999999962
 31
0
  0
LINE
  5
A17
330
22
100
AcDbEntity
  8
F.Silkscreen
  6
CONTINUOUS
100
AcDbLine
 10
99.3449519999999922
 20
-43.6384819999999962
 30
0
 11
99.3476409999999959
 21
-43.6382899999999978
 31
0
  0
LINE
  5
A18
330
22
100
AcDbEntity
  8
F.Silkscreen
  6
CONTINUOUS
100
AcDbLine
 10
99.3476409999999959
 20
-43.6382899999999978
 30
0
 11
99.3501299999999929
 21
-43.6372599999999977
 31
0
  0
LINE
  5
A19
330
22
100
AcDbEntity
  8
F.Silkscreen
  6
CONTINUOUS
100
AcDbLine
 10
99.3501299999999929
 20
-43.6372599999999977
 30
0
 11
99.3647619999999989
 21
-43.6358189999999979
 31
0
  0
LINE
  5
A1A
330
22
100
AcDbEntity
  8
F.Silkscreen
  6
CONTINUOUS
100
AcDbLine
 10
99.3647619999999989
 20
-43.6358189999999979
 30
0
 11
99.6028570000000002
 21
-43.6358189999999979
 31
0
  0
LINE
  5
A1B
330
22
100
AcDbEntity
  8
F.Silkscreen
  6
CONTINUOUS
100
AcDbLine
 10
99.6028570000000002
 20
-43.6358189999999979
 30
0
 11
99.617488999999992
 21
-43.6372599999999977
 31
0
  0
LINE
  5
A1C
330
22
100
AcDbEntity
  8
F.Silkscreen
  6
CONTINUOUS
100
AcDbLine
 10
98.9198439999999977
 20
-43.6426499999999962
 30
0
 11
98.9435509999999994
 21
-43.6598059999999961
 31
0
  0
LINE
  5
A1D
330
22
100
AcDbEntity
  8
F.Silkscreen
  6
CONTINUOUS
100
AcDbLine
 10
98.9435509999999994
 20
-43.6598059999999961
 30
0
 11
98.9588869999999901
 21
-43.6847279999999998
 31
0
  0
LINE
  5
A1E
330
22
100
AcDbEntity
  8
F.Silkscreen
  6
CONTINUOUS
100
AcDbLine
 10
98.9588869999999901
 20
-43.6847279999999998
 30
0
 11
98.9635200000000026
 21
-43.7136229999999983
 31
0
  0
LINE
  5
A1F
330
22
100
AcDbEntity
  8
F.Silkscreen
  6
CONTINUOUS
100
AcDbLine
 10
98.9635200000000026
 20
-43.7136229999999983
 30
0
 11
98.9615319999999912
 21
-43.7281909999999954
 31
0
  0
LINE
  5
A20
330
22
100
AcDbEntity
  8
F.Silkscreen
  6
CONTINUOUS
100
AcDbLine
 10
98.9615319999999912
 20
-43.7281909999999954
 30
0
 11
98.7234359999999924
 21
-44.7281909999999954
 31
0
  0
LINE
  5
A21
330
22
100
AcDbEntity
  8
F.Silkscreen
  6
CONTINUOUS
100
AcDbLine
 10
98.7234359999999924
 20
-44.7281909999999954
 30
0
 11
98.7217059999999975
 21
-44.7332089999999951
 31
0
  0
LINE
  5
A22
330
22
100
AcDbEntity
  8
F.Silkscreen
  6
CONTINUOUS
100
AcDbLine
 10
98.7217059999999975
 20
-44.7332089999999951
 30
0
 11
98.7214669999999899
 21
-44.735012999999995
 31
0
  0
LINE
  5
A23
330
22
100
AcDbEntity
  8
F.Silkscreen
  6
CONTINUOUS
100
AcDbLine
 10
98.7214669999999899
 20
-44.735012999999995
 30
0
 11
98.720523
 21
-44.7366419999999962
 31
0
  0
LINE
  5
A24
330
22
100
AcDbEntity
  8
F.Silkscreen
  6
CONTINUOUS
100
AcDbLine
 10
98.720523
 20
-44.7366419999999962
 30
0
 11
98.7186459999999926
 21
-44.7420909999999949
 31
0
  0
LINE
  5
A25
330
22
100
AcDbEntity
  8
F.Silkscreen
  6
CONTINUOUS
100
AcDbLine
 10
98.7186459999999926
 20
-44.7420909999999949
 30
0
 11
98.7122600000000006
 21
-44.7509139999999945
 31
0
  0
LINE
  5
A26
330
22
100
AcDbEntity
  8
F.Silkscreen
  6
CONTINUOUS
100
AcDbLine
 10
98.7122600000000006
 20
-44.7509139999999945
 30
0
 11
98.7068049999999886
 21
-44.7603369999999998
 31
0
  0
LINE
  5
A27
330
22
100
AcDbEntity
  8
F.Silkscreen
  6
CONTINUOUS
100
AcDbLine
 10
98.7068049999999886
 20
-44.7603369999999998
 30
0
 11
98.7037469999999928
 21
-44.7626769999999965
 31
0
  0
LINE
  5
A28
330
22
100
AcDbEntity
  8
F.Silkscreen
  6
CONTINUOUS
100
AcDbLine
 10
98.7037469999999928
 20
-44.7626769999999965
 30
0
 11
98.7014889999999951
 21
-44.7657979999999966
 31
0
  0
LINE
  5
A29
330
22
100
AcDbEntity
  8
F.Silkscreen
  6
CONTINUOUS
100
AcDbLine
 10
98.7014889999999951
 20
-44.7657979999999966
 30
0
 11
98.6922169999999994
 21
-44.7715029999999956
 31
0
  0
LINE
  5
A2A
330
22
100
AcDbEntity
  8
F.Silkscreen
  6
CONTINUOUS
100
AcDbLine
 10
98.6922169999999994
 20
-44.7715029999999956
 30
0
 11
98.6835669999999965
 21
-44.7781249999999957
 31
0
  0
LINE
  5
A2B
330
22
100
AcDbEntity
  8
F.Silkscreen
  6
CONTINUOUS
100
AcDbLine
 10
98.6835669999999965
 20
-44.7781249999999957
 30
0
 11
98.6798429999999911
 21
-44.7791179999999969
 31
0
  0
LINE
  5
A2C
330
22
100
AcDbEntity
  8
F.Silkscreen
  6
CONTINUOUS
100
AcDbLine
 10
98.6798429999999911
 20
-44.7791179999999969
 30
0
 11
98.6765669999999915
 21
-44.7811339999999944
 31
0
  0
LINE
  5
A2D
330
22
100
AcDbEntity
  8
F.Silkscreen
  6
CONTINUOUS
100
AcDbLine
 10
98.6765669999999915
 20
-44.7811339999999944
 30
0
 11
98.665822999999989
 21
-44.7828559999999953
 31
0
  0
LINE
  5
A2E
330
22
100
AcDbEntity
  8
F.Silkscreen
  6
CONTINUOUS
100
AcDbLine
 10
98.665822999999989
 20
-44.7828559999999953
 30
0
 11
98.6552919999999887
 21
-44.7856649999999945
 31
0
  0
LINE
  5
A2F
330
22
100
AcDbEntity
  8
F.Silkscreen
  6
CONTINUOUS
100
AcDbLine
 10
98.6552919999999887
 20
-44.7856649999999945
 30
0
 11
98.6514729999999957
 21
-44.7851569999999981
 31
0
  0
LINE
  5
A30
330
22
100
AcDbEntity
  8
F.Silkscreen
  6
CONTINUOUS
100
AcDbLine
 10
98.6514729999999957
 20
-44.7851569999999981
 30
0
 11
98.647672
 21
-44.7857669999999999
 31
0
  0
LINE
  5
A31
330
22
100
AcDbEntity
  8
F.Silkscreen
  6
CONTINUOUS
100
AcDbLine
 10
98.647672
 20
-44.7857669999999999
 30
0
 11
98.6370759999999933
 21
-44.7832439999999963
 31
0
  0
LINE
  5
A32
330
22
100
AcDbEntity
  8
F.Silkscreen
  6
CONTINUOUS
100
AcDbLine
 10
98.6370759999999933
 20
-44.7832439999999963
 30
0
 11
98.6262830000000008
 21
-44.7818100000000001
 31
0
  0
LINE
  5
A33
330
22
100
AcDbEntity
  8
F.Silkscreen
  6
CONTINUOUS
100
AcDbLine
 10
98.6262830000000008
 20
-44.7818100000000001
 30
0
 11
98.6229510000000005
 21
-44.779880999999996
 31
0
  0
LINE
  5
A34
330
22
100
AcDbEntity
  8
F.Silkscreen
  6
CONTINUOUS
100
AcDbLine
 10
98.6229510000000005
 20
-44.779880999999996
 30
0
 11
98.6192039999999963
 21
-44.7789889999999957
 31
0
  0
LINE
  5
A35
330
22
100
AcDbEntity
  8
F.Silkscreen
  6
CONTINUOUS
100
AcDbLine
 10
98.6192039999999963
 20
-44.7789889999999957
 30
0
 11
98.6103789999999947
 21
-44.7726019999999991
 31
0
  0
LINE
  5
A36
330
22
100
AcDbEntity
  8
F.Silkscreen
  6
CONTINUOUS
100
AcDbLine
 10
98.6103789999999947
 20
-44.7726019999999991
 30
0
 11
98.6009579999999914
 21
-44.7671479999999988
 31
0
  0
LINE
  5
A37
330
22
100
AcDbEntity
  8
F.Silkscreen
  6
CONTINUOUS
100
AcDbLine
 10
98.6009579999999914
 20
-44.7671479999999988
 30
0
 11
98.5986169999999902
 21
-44.7640899999999959
 31
0
  0
LINE
  5
A38
330
22
100
AcDbEntity
  8
F.Silkscreen
  6
CONTINUOUS
100
AcDbLine
 10
98.5986169999999902
 20
-44.7640899999999959
 30
0
 11
98.5954969999999946
 21
-44.7618319999999983
 31
0
  0
LINE
  5
A39
330
22
100
AcDbEntity
  8
F.Silkscreen
  6
CONTINUOUS
100
AcDbLine
 10
98.5954969999999946
 20
-44.7618319999999983
 30
0
 11
98.5897909999999911
 21
-44.752558999999998
 31
0
  0
LINE
  5
A3A
330
22
100
AcDbEntity
  8
F.Silkscreen
  6
CONTINUOUS
100
AcDbLine
 10
98.5897909999999911
 20
-44.752558999999998
 30
0
 11
98.583170999999993
 21
-44.7439109999999971
 31
0
  0
LINE
  5
A3B
330
22
100
AcDbEntity
  8
F.Silkscreen
  6
CONTINUOUS
100
AcDbLine
 10
98.583170999999993
 20
-44.7439109999999971
 30
0
 11
98.5811449999999923
 21
-44.7385090000000005
 31
0
  0
LINE
  5
A3C
330
22
100
AcDbEntity
  8
F.Silkscreen
  6
CONTINUOUS
100
AcDbLine
 10
98.5811449999999923
 20
-44.7385090000000005
 30
0
 11
98.5801609999999897
 21
-44.7369099999999946
 31
0
  0
LINE
  5
A3D
330
22
100
AcDbEntity
  8
F.Silkscreen
  6
CONTINUOUS
100
AcDbLine
 10
98.5801609999999897
 20
-44.7369099999999946
 30
0
 11
98.5798729999999921
 21
-44.7351189999999974
 31
0
  0
LINE
  5
A3E
330
22
100
AcDbEntity
  8
F.Silkscreen
  6
CONTINUOUS
100
AcDbLine
 10
98.5798729999999921
 20
-44.7351189999999974
 30
0
 11
98.578007999999997
 21
-44.7301439999999957
 31
0
  0
LINE
  5
A3F
330
22
100
AcDbEntity
  8
F.Silkscreen
  6
CONTINUOUS
100
AcDbLine
 10
98.578007999999997
 20
-44.7301439999999957
 30
0
 11
98.4599989999999963
 21
-44.2876130000000003
 31
0
  0
LINE
  5
A40
330
22
100
AcDbEntity
  8
F.Silkscreen
  6
CONTINUOUS
100
AcDbLine
 10
98.4599989999999963
 20
-44.2876130000000003
 30
0
 11
98.3419919999999905
 21
-44.7301439999999957
 31
0
  0
LINE
  5
A41
330
22
100
AcDbEntity
  8
F.Silkscreen
  6
CONTINUOUS
100
AcDbLine
 10
98.3419919999999905
 20
-44.7301439999999957
 30
0
 11
98.3401259999999979
 21
-44.7351179999999999
 31
0
  0
LINE
  5
A42
330
22
100
AcDbEntity
  8
F.Silkscreen
  6
CONTINUOUS
100
AcDbLine
 10
98.3401259999999979
 20
-44.7351179999999999
 30
0
 11
98.3398389999999978
 21
-44.7369099999999946
 31
0
  0
LINE
  5
A43
330
22
100
AcDbEntity
  8
F.Silkscreen
  6
CONTINUOUS
100
AcDbLine
 10
98.3398389999999978
 20
-44.7369099999999946
 30
0
 11
98.3388539999999978
 21
-44.738509999999998
 31
0
  0
LINE
  5
A44
330
22
100
AcDbEntity
  8
F.Silkscreen
  6
CONTINUOUS
100
AcDbLine
 10
98.3388539999999978
 20
-44.738509999999998
 30
0
 11
98.3368289999999945
 21
-44.7439099999999996
 31
0
  0
LINE
  5
A45
330
22
100
AcDbEntity
  8
F.Silkscreen
  6
CONTINUOUS
100
AcDbLine
 10
98.3368289999999945
 20
-44.7439099999999996
 30
0
 11
98.3302099999999939
 21
-44.7525559999999984
 31
0
  0
LINE
  5
A46
330
22
100
AcDbEntity
  8
F.Silkscreen
  6
CONTINUOUS
100
AcDbLine
 10
98.3302099999999939
 20
-44.7525559999999984
 30
0
 11
98.3245029999999929
 21
-44.7618319999999983
 31
0
  0
LINE
  5
A47
330
22
100
AcDbEntity
  8
F.Silkscreen
  6
CONTINUOUS
100
AcDbLine
 10
98.3245029999999929
 20
-44.7618319999999983
 30
0
 11
98.3213819999999998
 21
-44.7640899999999959
 31
0
  0
LINE
  5
A48
330
22
100
AcDbEntity
  8
F.Silkscreen
  6
CONTINUOUS
100
AcDbLine
 10
98.3213819999999998
 20
-44.7640899999999959
 30
0
 11
98.3190419999999961
 21
-44.7671479999999988
 31
0
  0
LINE
  5
A49
330
22
100
AcDbEntity
  8
F.Silkscreen
  6
CONTINUOUS
100
AcDbLine
 10
98.3190419999999961
 20
-44.7671479999999988
 30
0
 11
98.3096199999999953
 21
-44.7726019999999991
 31
0
  0
LINE
  5
A4A
330
22
100
AcDbEntity
  8
F.Silkscreen
  6
CONTINUOUS
100
AcDbLine
 10
98.3096199999999953
 20
-44.7726019999999991
 30
0
 11
98.3007959999999912
 21
-44.7789889999999957
 31
0
  0
LINE
  5
A4B
330
22
100
AcDbEntity
  8
F.Silkscreen
  6
CONTINUOUS
100
AcDbLine
 10
98.3007959999999912
 20
-44.7789889999999957
 30
0
 11
98.2970479999999895
 21
-44.779880999999996
 31
0
  0
LINE
  5
A4C
330
22
100
AcDbEntity
  8
F.Silkscreen
  6
CONTINUOUS
100
AcDbLine
 10
98.2970479999999895
 20
-44.779880999999996
 30
0
 11
98.2937170000000009
 21
-44.7818100000000001
 31
0
  0
LINE
  5
A4D
330
22
100
AcDbEntity
  8
F.Silkscreen
  6
CONTINUOUS
100
AcDbLine
 10
98.2937170000000009
 20
-44.7818100000000001
 30
0
 11
98.2829259999999891
 21
-44.7832429999999988
 31
0
  0
LINE
  5
A4E
330
22
100
AcDbEntity
  8
F.Silkscreen
  6
CONTINUOUS
100
AcDbLine
 10
98.2829259999999891
 20
-44.7832429999999988
 30
0
 11
98.2723280000000017
 21
-44.7857669999999999
 31
0
  0
LINE
  5
A4F
330
22
100
AcDbEntity
  8
F.Silkscreen
  6
CONTINUOUS
100
AcDbLine
 10
98.2723280000000017
 20
-44.7857669999999999
 30
0
 11
98.2685239999999993
 21
-44.7851569999999981
 31
0
  0
LINE
  5
A50
330
22
100
AcDbEntity
  8
F.Silkscreen
  6
CONTINUOUS
100
AcDbLine
 10
98.2685239999999993
 20
-44.7851569999999981
 30
0
 11
98.2647089999999963
 21
-44.785663999999997
 31
0
  0
LINE
  5
A51
330
22
100
AcDbEntity
  8
F.Silkscreen
  6
CONTINUOUS
100
AcDbLine
 10
98.2647089999999963
 20
-44.785663999999997
 30
0
 11
98.2541870000000017
 21
-44.7828579999999974
 31
0
  0
LINE
  5
A52
330
22
100
AcDbEntity
  8
F.Silkscreen
  6
CONTINUOUS
100
AcDbLine
 10
98.2541870000000017
 20
-44.7828579999999974
 30
0
 11
98.243432999999996
 21
-44.7811339999999944
 31
0
  0
LINE
  5
A53
330
22
100
AcDbEntity
  8
F.Silkscreen
  6
CONTINUOUS
100
AcDbLine
 10
98.243432999999996
 20
-44.7811339999999944
 30
0
 11
98.2401529999999923
 21
-44.7791159999999948
 31
0
  0
LINE
  5
A54
330
22
100
AcDbEntity
  8
F.Silkscreen
  6
CONTINUOUS
100
AcDbLine
 10
98.2401529999999923
 20
-44.7791159999999948
 30
0
 11
98.236432999999991
 21
-44.7781239999999983
 31
0
  0
LINE
  5
A55
330
22
100
AcDbEntity
  8
F.Silkscreen
  6
CONTINUOUS
100
AcDbLine
 10
98.236432999999991
 20
-44.7781239999999983
 30
0
 11
98.2277859999999947
 21
-44.7715049999999977
 31
0
  0
LINE
  5
A56
330
22
100
AcDbEntity
  8
F.Silkscreen
  6
CONTINUOUS
100
AcDbLine
 10
98.2277859999999947
 20
-44.7715049999999977
 30
0
 11
98.2185109999999924
 21
-44.7657979999999966
 31
0
  0
LINE
  5
A57
330
22
100
AcDbEntity
  8
F.Silkscreen
  6
CONTINUOUS
100
AcDbLine
 10
98.2185109999999924
 20
-44.7657979999999966
 30
0
 11
98.2162519999999972
 21
-44.7626769999999965
 31
0
  0
LINE
  5
A58
330
22
100
AcDbEntity
  8
F.Silkscreen
  6
CONTINUOUS
100
AcDbLine
 10
98.2162519999999972
 20
-44.7626769999999965
 30
0
 11
98.2131949999999989
 21
-44.7603369999999998
 31
0
  0
LINE
  5
A59
330
22
100
AcDbEntity
  8
F.Silkscreen
  6
CONTINUOUS
100
AcDbLine
 10
98.2131949999999989
 20
-44.7603369999999998
 30
0
 11
98.2077400000000011
 21
-44.7509149999999991
 31
0
  0
LINE
  5
A5A
330
22
100
AcDbEntity
  8
F.Silkscreen
  6
CONTINUOUS
100
AcDbLine
 10
98.2077400000000011
 20
-44.7509149999999991
 30
0
 11
98.2013539999999949
 21
-44.7420909999999949
 31
0
  0
LINE
  5
A5B
330
22
100
AcDbEntity
  8
F.Silkscreen
  6
CONTINUOUS
100
AcDbLine
 10
98.2013539999999949
 20
-44.7420909999999949
 30
0
 11
98.1994749999999925
 21
-44.7366400000000013
 31
0
  0
LINE
  5
A5C
330
22
100
AcDbEntity
  8
F.Silkscreen
  6
CONTINUOUS
100
AcDbLine
 10
98.1994749999999925
 20
-44.7366400000000013
 30
0
 11
98.1985329999999976
 21
-44.7350119999999976
 31
0
  0
LINE
  5
A5D
330
22
100
AcDbEntity
  8
F.Silkscreen
  6
CONTINUOUS
100
AcDbLine
 10
98.1985329999999976
 20
-44.7350119999999976
 30
0
 11
98.1982929999999925
 21
-44.7332099999999997
 31
0
  0
LINE
  5
A5E
330
22
100
AcDbEntity
  8
F.Silkscreen
  6
CONTINUOUS
100
AcDbLine
 10
98.1982929999999925
 20
-44.7332099999999997
 30
0
 11
98.1965639999999951
 21
-44.7281909999999954
 31
0
  0
LINE
  5
A5F
330
22
100
AcDbEntity
  8
F.Silkscreen
  6
CONTINUOUS
100
AcDbLine
 10
98.1965639999999951
 20
-44.7281909999999954
 30
0
 11
97.9584689999999938
 21
-43.7281909999999954
 31
0
  0
LINE
  5
A60
330
22
100
AcDbEntity
  8
F.Silkscreen
  6
CONTINUOUS
100
AcDbLine
 10
97.9584689999999938
 20
-43.7281909999999954
 30
0
 11
97.9564809999999966
 21
-43.7136229999999983
 31
0
  0
LINE
  5
A61
330
22
100
AcDbEntity
  8
F.Silkscreen
  6
CONTINUOUS
100
AcDbLine
 10
97.9564809999999966
 20
-43.7136229999999983
 30
0
 11
97.9611139999999949
 21
-43.6847279999999998
 31
0
  0
LINE
  5
A62
330
22
100
AcDbEntity
  8
F.Silkscreen
  6
CONTINUOUS
100
AcDbLine
 10
97.9611139999999949
 20
-43.6847279999999998
 30
0
 11
97.9764499999999998
 21
-43.6598059999999961
 31
0
  0
LINE
  5
A63
330
22
100
AcDbEntity
  8
F.Silkscreen
  6
CONTINUOUS
100
AcDbLine
 10
97.9764499999999998
 20
-43.6598059999999961
 30
0
 11
98.0001570000000015
 21
-43.6426489999999987
 31
0
  0
LINE
  5
A64
330
22
100
AcDbEntity
  8
F.Silkscreen
  6
CONTINUOUS
100
AcDbLine
 10
98.0001570000000015
 20
-43.6426489999999987
 30
0
 11
98.028624999999991
 21
-43.6358709999999945
 31
0
  0
LINE
  5
A65
330
22
100
AcDbEntity
  8
F.Silkscreen
  6
CONTINUOUS
100
AcDbLine
 10
98.028624999999991
 20
-43.6358709999999945
 30
0
 11
98.0575199999999967
 21
-43.640504
 31
0
  0
LINE
  5
A66
330
22
100
AcDbEntity
  8
F.Silkscreen
  6
CONTINUOUS
100
AcDbLine
 10
98.0575199999999967
 20
-43.640504
 30
0
 11
98.0824420000000003
 21
-43.6558399999999978
 31
0
  0
LINE
  5
A67
330
22
100
AcDbEntity
  8
F.Silkscreen
  6
CONTINUOUS
100
AcDbLine
 10
98.0824420000000003
 20
-43.6558399999999978
 30
0
 11
98.0995989999999978
 21
-43.6795469999999995
 31
0
  0
LINE
  5
A68
330
22
100
AcDbEntity
  8
F.Silkscreen
  6
CONTINUOUS
100
AcDbLine
 10
98.0995989999999978
 20
-43.6795469999999995
 30
0
 11
98.1043889999999976
 21
-43.693446999999999
 31
0
  0
LINE
  5
A69
330
22
100
AcDbEntity
  8
F.Silkscreen
  6
CONTINUOUS
100
AcDbLine
 10
98.1043889999999976
 20
-43.693446999999999
 30
0
 11
98.2736400000000003
 21
-44.4043029999999987
 31
0
  0
LINE
  5
A6A
330
22
100
AcDbEntity
  8
F.Silkscreen
  6
CONTINUOUS
100
AcDbLine
 10
98.2736400000000003
 20
-44.4043029999999987
 30
0
 11
98.3875319999999931
 21
-43.9772079999999974
 31
0
  0
LINE
  5
A6B
330
22
100
AcDbEntity
  8
F.Silkscreen
  6
CONTINUOUS
100
AcDbLine
 10
98.3875319999999931
 20
-43.9772079999999974
 30
0
 11
98.3888169999999889
 21
-43.9737790000000004
 31
0
  0
LINE
  5
A6C
330
22
100
AcDbEntity
  8
F.Silkscreen
  6
CONTINUOUS
100
AcDbLine
 10
98.3888169999999889
 20
-43.9737790000000004
 30
0
 11
98.3890090000000015
 21
-43.9723399999999955
 31
0
  0
LINE
  5
A6D
330
22
100
AcDbEntity
  8
F.Silkscreen
  6
CONTINUOUS
100
AcDbLine
 10
98.3890090000000015
 20
-43.9723399999999955
 30
0
 11
98.3899979999999914
 21
-43.9706299999999999
 31
0
  0
LINE
  5
A6E
330
22
100
AcDbEntity
  8
F.Silkscreen
  6
CONTINUOUS
100
AcDbLine
 10
98.3899979999999914
 20
-43.9706299999999999
 30
0
 11
98.3926949999999891
 21
-43.963440999999996
 31
0
  0
LINE
  5
A6F
330
22
100
AcDbEntity
  8
F.Silkscreen
  6
CONTINUOUS
100
AcDbLine
 10
98.3926949999999891
 20
-43.963440999999996
 30
0
 11
98.3987119999999891
 21
-43.9555799999999977
 31
0
  0
LINE
  5
A70
330
22
100
AcDbEntity
  8
F.Silkscreen
  6
CONTINUOUS
100
AcDbLine
 10
98.3987119999999891
 20
-43.9555799999999977
 30
0
 11
98.4036709999999886
 21
-43.9470150000000004
 31
0
  0
LINE
  5
A71
330
22
100
AcDbEntity
  8
F.Silkscreen
  6
CONTINUOUS
100
AcDbLine
 10
98.4036709999999886
 20
-43.9470150000000004
 30
0
 11
98.4075279999999992
 21
-43.9440619999999953
 31
0
  0
LINE
  5
A72
330
22
100
AcDbEntity
  8
F.Silkscreen
  6
CONTINUOUS
100
AcDbLine
 10
98.4075279999999992
 20
-43.9440619999999953
 30
0
 11
98.4104820000000018
 21
-43.9402040000000014
 31
0
  0
LINE
  5
A73
330
22
100
AcDbEntity
  8
F.Silkscreen
  6
CONTINUOUS
100
AcDbLine
 10
98.4104820000000018
 20
-43.9402040000000014
 30
0
 11
98.4190490000000011
 21
-43.9352429999999998
 31
0
  0
LINE
  5
A74
330
22
100
AcDbEntity
  8
F.Silkscreen
  6
CONTINUOUS
100
AcDbLine
 10
98.4190490000000011
 20
-43.9352429999999998
 30
0
 11
98.4269089999999949
 21
-43.9292279999999948
 31
0
  0
LINE
  5
A75
330
22
100
AcDbEntity
  8
F.Silkscreen
  6
CONTINUOUS
100
AcDbLine
 10
98.4269089999999949
 20
-43.9292279999999948
 30
0
 11
98.4316010000000006
 21
-43.927976000000001
 31
0
  0
LINE
  5
A76
330
22
100
AcDbEntity
  8
F.Silkscreen
  6
CONTINUOUS
100
AcDbLine
 10
98.4316010000000006
 20
-43.927976000000001
 30
0
 11
98.4358069999999969
 21
-43.9255420000000001
 31
0
  0
LINE
  5
A77
330
22
100
AcDbEntity
  8
F.Silkscreen
  6
CONTINUOUS
100
AcDbLine
 10
98.4358069999999969
 20
-43.9255420000000001
 30
0
 11
98.4456239999999951
 21
-43.924236999999998
 31
0
  0
LINE
  5
A78
330
22
100
AcDbEntity
  8
F.Silkscreen
  6
CONTINUOUS
100
AcDbLine
 10
98.4456239999999951
 20
-43.924236999999998
 30
0
 11
98.4551850000000002
 21
-43.9216879999999961
 31
0
  0
LINE
  5
A79
330
22
100
AcDbEntity
  8
F.Silkscreen
  6
CONTINUOUS
100
AcDbLine
 10
98.4551850000000002
 20
-43.9216879999999961
 30
0
 11
98.4599970000000013
 21
-43.9223269999999957
 31
0
  0
LINE
  5
A7A
330
22
100
AcDbEntity
  8
F.Silkscreen
  6
CONTINUOUS
100
AcDbLine
 10
98.4599970000000013
 20
-43.9223269999999957
 30
0
 11
98.464815999999999
 21
-43.9216869999999986
 31
0
  0
LINE
  5
A7B
330
22
100
AcDbEntity
  8
F.Silkscreen
  6
CONTINUOUS
100
AcDbLine
 10
98.464815999999999
 20
-43.9216869999999986
 30
0
 11
98.4743859999999955
 21
-43.924239
 31
0
  0
LINE
  5
A7C
330
22
100
AcDbEntity
  8
F.Silkscreen
  6
CONTINUOUS
100
AcDbLine
 10
98.4743859999999955
 20
-43.924239
 30
0
 11
98.4841929999999905
 21
-43.9255420000000001
 31
0
  0
LINE
  5
A7D
330
22
100
AcDbEntity
  8
F.Silkscreen
  6
CONTINUOUS
100
AcDbLine
 10
98.4841929999999905
 20
-43.9255420000000001
 30
0
 11
98.4883939999999996
 21
-43.927973999999999
 31
0
  0
LINE
  5
A7E
330
22
100
AcDbEntity
  8
F.Silkscreen
  6
CONTINUOUS
100
AcDbLine
 10
98.4883939999999996
 20
-43.927973999999999
 30
0
 11
98.4930909999999926
 21
-43.9292269999999974
 31
0
  0
LINE
  5
A7F
330
22
100
AcDbEntity
  8
F.Silkscreen
  6
CONTINUOUS
100
AcDbLine
 10
98.4930909999999926
 20
-43.9292269999999974
 30
0
 11
98.5009529999999955
 21
-43.9352449999999948
 31
0
  0
LINE
  5
A80
330
22
100
AcDbEntity
  8
F.Silkscreen
  6
CONTINUOUS
100
AcDbLine
 10
98.5009529999999955
 20
-43.9352449999999948
 30
0
 11
98.5095179999999999
 21
-43.9402040000000014
 31
0
  0
LINE
  5
A81
330
22
100
AcDbEntity
  8
F.Silkscreen
  6
CONTINUOUS
100
AcDbLine
 10
98.5095179999999999
 20
-43.9402040000000014
 30
0
 11
98.5124699999999933
 21
-43.9440609999999978
 31
0
  0
LINE
  5
A82
330
22
100
AcDbEntity
  8
F.Silkscreen
  6
CONTINUOUS
100
AcDbLine
 10
98.5124699999999933
 20
-43.9440609999999978
 30
0
 11
98.5163289999999989
 21
-43.9470150000000004
 31
0
  0
LINE
  5
A83
330
22
100
AcDbEntity
  8
F.Silkscreen
  6
CONTINUOUS
100
AcDbLine
 10
98.5163289999999989
 20
-43.9470150000000004
 30
0
 11
98.5212899999999934
 21
-43.9555829999999972
 31
0
  0
LINE
  5
A84
330
22
100
AcDbEntity
  8
F.Silkscreen
  6
CONTINUOUS
100
AcDbLine
 10
98.5212899999999934
 20
-43.9555829999999972
 30
0
 11
98.5273049999999984
 21
-43.9634420000000006
 31
0
  0
LINE
  5
A85
330
22
100
AcDbEntity
  8
F.Silkscreen
  6
CONTINUOUS
100
AcDbLine
 10
98.5273049999999984
 20
-43.9634420000000006
 30
0
 11
98.5299989999999895
 21
-43.9706259999999958
 31
0
  0
LINE
  5
A86
330
22
100
AcDbEntity
  8
F.Silkscreen
  6
CONTINUOUS
100
AcDbLine
 10
98.5299989999999895
 20
-43.9706259999999958
 30
0
 11
98.5309910000000002
 21
-43.9723389999999981
 31
0
  0
LINE
  5
A87
330
22
100
AcDbEntity
  8
F.Silkscreen
  6
CONTINUOUS
100
AcDbLine
 10
98.5309910000000002
 20
-43.9723389999999981
 30
0
 11
98.5311820000000012
 21
-43.9737799999999979
 31
0
  0
LINE
  5
A88
330
22
100
AcDbEntity
  8
F.Silkscreen
  6
CONTINUOUS
100
AcDbLine
 10
98.5311820000000012
 20
-43.9737799999999979
 30
0
 11
98.5324679999999944
 21
-43.9772079999999974
 31
0
  0
LINE
  5
A89
330
22
100
AcDbEntity
  8
F.Silkscreen
  6
CONTINUOUS
100
AcDbLine
 10
98.5324679999999944
 20
-43.9772079999999974
 30
0
 11
98.6463589999999897
 21
-44.4043029999999987
 31
0
  0
LINE
  5
A8A
330
22
100
AcDbEntity
  8
F.Silkscreen
  6
CONTINUOUS
100
AcDbLine
 10
98.6463589999999897
 20
-44.4043029999999987
 30
0
 11
98.8156120000000016
 21
-43.6934479999999965
 31
0
  0
LINE
  5
A8B
330
22
100
AcDbEntity
  8
F.Silkscreen
  6
CONTINUOUS
100
AcDbLine
 10
98.8156120000000016
 20
-43.6934479999999965
 30
0
 11
98.8204020000000014
 21
-43.6795469999999995
 31
0
  0
LINE
  5
A8C
330
22
100
AcDbEntity
  8
F.Silkscreen
  6
CONTINUOUS
100
AcDbLine
 10
98.8204020000000014
 20
-43.6795469999999995
 30
0
 11
98.8375589999999988
 21
-43.6558399999999978
 31
0
  0
LINE
  5
A8D
330
22
100
AcDbEntity
  8
F.Silkscreen
  6
CONTINUOUS
100
AcDbLine
 10
98.8375589999999988
 20
-43.6558399999999978
 30
0
 11
98.8624810000000025
 21
-43.640504
 31
0
  0
LINE
  5
A8E
330
22
100
AcDbEntity
  8
F.Silkscreen
  6
CONTINUOUS
100
AcDbLine
 10
98.8624810000000025
 20
-43.640504
 30
0
 11
98.891375999999994
 21
-43.6358709999999945
 31
0
  0
LINE
  5
A8F
330
22
100
AcDbEntity
  8
F.Silkscreen
  6
CONTINUOUS
100
AcDbLine
 10
98.891375999999994
 20
-43.6358709999999945
 30
0
 11
98.9198439999999977
 21
-43.6426499999999962
 31
0
  0
LINE
  5
A90
330
22
100
AcDbEntity
  8
F.Silkscreen
  6
CONTINUOUS
100
AcDbLine
 10
105.4679609999999883
 20
-26.0395669999999981
 30
0
 11
105.500433000000001
 21
-26.0720390000000002
 31
0
  0
LINE
  5
A91
330
22
100
AcDbEntity
  8
F.Silkscreen
  6
CONTINUOUS
100
AcDbLine
 10
105.500433000000001
 20
-26.0720390000000002
 30
0
 11
105.5049999999999955
 21
-26.0949999999999989
 31
0
  0
LINE
  5
A92
330
22
100
AcDbEntity
  8
F.Silkscreen
  6
CONTINUOUS
100
AcDbLine
 10
105.5049999999999955
 20
-26.0949999999999989
 30
0
 11
105.5049999999999955
 21
-40.0649999999999977
 31
0
  0
LINE
  5
A93
330
22
100
AcDbEntity
  8
F.Silkscreen
  6
CONTINUOUS
100
AcDbLine
 10
105.5049999999999955
 20
-40.0649999999999977
 30
0
 11
105.500433000000001
 21
-40.087961
 31
0
  0
LINE
  5
A94
330
22
100
AcDbEntity
  8
F.Silkscreen
  6
CONTINUOUS
100
AcDbLine
 10
105.500433000000001
 20
-40.087961
 30
0
 11
105.4679609999999883
 21
-40.1204329999999985
 31
0
  0
LINE
  5
A95
330
22
100
AcDbEntity
  8
F.Silkscreen
  6
CONTINUOUS
100
AcDbLine
 10
105.4679609999999883
 20
-40.1204329999999985
 30
0
 11
105.4449999999999932
 21
-40.125
 31
0
  0
LINE
  5
A96
330
22
100
AcDbEntity
  8
F.Silkscreen
  6
CONTINUOUS
100
AcDbLine
 10
105.4449999999999932
 20
-40.125
 30
0
 11
91.4749999999999943
 21
-40.125
 31
0
  0
LINE
  5
A97
330
22
100
AcDbEntity
  8
F.Silkscreen
  6
CONTINUOUS
100
AcDbLine
 10
91.4749999999999943
 20
-40.125
 30
0
 11
91.4520389999999992
 21
-40.1204329999999985
 31
0
  0
LINE
  5
A98
330
22
100
AcDbEntity
  8
F.Silkscreen
  6
CONTINUOUS
100
AcDbLine
 10
91.4520389999999992
 20
-40.1204329999999985
 30
0
 11
91.4195670000000007
 21
-40.087961
 31
0
  0
LINE
  5
A99
330
22
100
AcDbEntity
  8
F.Silkscreen
  6
CONTINUOUS
100
AcDbLine
 10
91.4195670000000007
 20
-40.087961
 30
0
 11
91.414999999999992
 21
-40.0649999999999977
 31
0
  0
LINE
  5
A9A
330
22
100
AcDbEntity
  8
F.Silkscreen
  6
CONTINUOUS
100
AcDbLine
 10
91.414999999999992
 20
-40.0649999999999977
 30
0
 11
91.414999999999992
 21
-26.0949999999999989
 31
0
  0
LINE
  5
A9B
330
22
100
AcDbEntity
  8
F.Silkscreen
  6
CONTINUOUS
100
AcDbLine
 10
91.414999999999992
 20
-26.0949999999999989
 30
0
 11
91.4195670000000007
 21
-26.0720390000000002
 31
0
  0
LINE
  5
A9C
330
22
100
AcDbEntity
  8
F.Silkscreen
  6
CONTINUOUS
100
AcDbLine
 10
91.4195670000000007
 20
-26.0720390000000002
 30
0
 11
91.4520389999999992
 21
-26.0395669999999981
 31
0
  0
LINE
  5
A9D
330
22
100
AcDbEntity
  8
F.Silkscreen
  6
CONTINUOUS
100
AcDbLine
 10
91.4520389999999992
 20
-26.0395669999999981
 30
0
 11
91.4749999999999943
 21
-26.0350000000000001
 31
0
  0
LINE
  5
A9E
330
22
100
AcDbEntity
  8
F.Silkscreen
  6
CONTINUOUS
100
AcDbLine
 10
91.4749999999999943
 20
-26.0350000000000001
 30
0
 11
105.4449999999999932
 21
-26.0350000000000001
 31
0
  0
LINE
  5
A9F
330
22
100
AcDbEntity
  8
F.Silkscreen
  6
CONTINUOUS
100
AcDbLine
 10
105.4449999999999932
 20
-26.0350000000000001
 30
0
 11
105.4679609999999883
 21
-26.0395669999999981
 31
0
  0
LINE
  5
AA0
330
22
100
AcDbEntity
  8
F.Silkscreen
  6
CONTINUOUS
100
AcDbLine
 10
91.5349999999999966
 20
-26.1549999999999976
 30
0
 11
91.5349999999999966
 21
-40.0049999999999955
 31
0
  0
LINE
  5
AA1
330
22
100
AcDbEntity
  8
F.Silkscreen
  6
CONTINUOUS
100
AcDbLine
 10
91.5349999999999966
 20
-40.0049999999999955
 30
0
 11
105.3849999999999909
 21
-40.0049999999999955
 31
0
  0
LINE
  5
AA2
330
22
100
AcDbEntity
  8
F.Silkscreen
  6
CONTINUOUS
100
AcDbLine
 10
105.3849999999999909
 20
-40.0049999999999955
 30
0
 11
105.3849999999999909
 21
-26.1549999999999976
 31
0
  0
LINE
  5
AA3
330
22
100
AcDbEntity
  8
F.Silkscreen
  6
CONTINUOUS
100
AcDbLine
 10
105.3849999999999909
 20
-26.1549999999999976
 30
0
 11
91.5349999999999966
 21
-26.1549999999999976
 31
0
  0
LINE
  5
AA4
330
22
100
AcDbEntity
  8
F.Silkscreen
  6
CONTINUOUS
100
AcDbLine
 10
146.6765089999999816
 20
-39.1490620000000007
 30
0
 11
146.6784839999999974
 21
-39.1489219999999989
 31
0
  0
LINE
  5
AA5
330
22
100
AcDbEntity
  8
F.Silkscreen
  6
CONTINUOUS
100
AcDbLine
 10
146.6784839999999974
 20
-39.1489219999999989
 30
0
 11
146.681081000000006
 21
-39.1495120000000014
 31
0
  0
LINE
  5
AA6
330
22
100
AcDbEntity
  8
F.Silkscreen
  6
CONTINUOUS
100
AcDbLine
 10
146.681081000000006
 20
-39.1495120000000014
 30
0
 11
146.6837359999999819
 21
-39.1497740000000007
 31
0
  0
LINE
  5
AA7
330
22
100
AcDbEntity
  8
F.Silkscreen
  6
CONTINUOUS
100
AcDbLine
 10
146.6837359999999819
 20
-39.1497740000000007
 30
0
 11
146.6855669999999918
 21
-39.1505319999999983
 31
0
  0
LINE
  5
AA8
330
22
100
AcDbEntity
  8
F.Silkscreen
  6
CONTINUOUS
100
AcDbLine
 10
146.6855669999999918
 20
-39.1505319999999983
 30
0
 11
146.6928209999999808
 21
-39.1521819999999963
 31
0
  0
LINE
  5
AA9
330
22
100
AcDbEntity
  8
F.Silkscreen
  6
CONTINUOUS
100
AcDbLine
 10
146.6928209999999808
 20
-39.1521819999999963
 30
0
 11
146.8356780000000015
 21
-39.1998010000000008
 31
0
  0
LINE
  5
AAA
330
22
100
AcDbEntity
  8
F.Silkscreen
  6
CONTINUOUS
100
AcDbLine
 10
146.8356780000000015
 20
-39.1998010000000008
 30
0
 11
146.8491029999999853
 21
-39.2057949999999948
 31
0
  0
LINE
  5
AAB
330
22
100
AcDbEntity
  8
F.Silkscreen
  6
CONTINUOUS
100
AcDbLine
 10
146.8491029999999853
 20
-39.2057949999999948
 30
0
 11
146.8511369999999943
 21
-39.2075589999999963
 31
0
  0
LINE
  5
AAC
330
22
100
AcDbEntity
  8
F.Silkscreen
  6
CONTINUOUS
100
AcDbLine
 10
146.8511369999999943
 20
-39.2075589999999963
 30
0
 11
146.8536279999999863
 21
-39.2085909999999984
 31
0
  0
LINE
  5
AAD
330
22
100
AcDbEntity
  8
F.Silkscreen
  6
CONTINUOUS
100
AcDbLine
 10
146.8536279999999863
 20
-39.2085909999999984
 30
0
 11
146.8649939999999958
 21
-39.2179189999999949
 31
0
  0
LINE
  5
AAE
330
22
100
AcDbEntity
  8
F.Silkscreen
  6
CONTINUOUS
100
AcDbLine
 10
146.8649939999999958
 20
-39.2179189999999949
 30
0
 11
146.9602329999999881
 21
-39.3131569999999968
 31
0
  0
LINE
  5
AAF
330
22
100
AcDbEntity
  8
F.Silkscreen
  6
CONTINUOUS
100
AcDbLine
 10
146.9602329999999881
 20
-39.3131569999999968
 30
0
 11
146.9695609999999988
 21
-39.3245220000000018
 31
0
  0
LINE
  5
AB0
330
22
100
AcDbEntity
  8
F.Silkscreen
  6
CONTINUOUS
100
AcDbLine
 10
146.9695609999999988
 20
-39.3245220000000018
 30
0
 11
146.9705919999999821
 21
-39.3270119999999963
 31
0
  0
LINE
  5
AB1
330
22
100
AcDbEntity
  8
F.Silkscreen
  6
CONTINUOUS
100
AcDbLine
 10
146.9705919999999821
 20
-39.3270119999999963
 30
0
 11
146.9723569999999881
 21
-39.3290469999999956
 31
0
  0
LINE
  5
AB2
330
22
100
AcDbEntity
  8
F.Silkscreen
  6
CONTINUOUS
100
AcDbLine
 10
146.9723569999999881
 20
-39.3290469999999956
 30
0
 11
146.9783510000000035
 21
-39.3424729999999983
 31
0
  0
LINE
  5
AB3
330
22
100
AcDbEntity
  8
F.Silkscreen
  6
CONTINUOUS
100
AcDbLine
 10
146.9783510000000035
 20
-39.3424729999999983
 30
0
 11
147.0259700000000009
 21
-39.4853290000000001
 31
0
  0
LINE
  5
AB4
330
22
100
AcDbEntity
  8
F.Silkscreen
  6
CONTINUOUS
100
AcDbLine
 10
147.0259700000000009
 20
-39.4853290000000001
 30
0
 11
147.0276189999999872
 21
-39.4925840000000008
 31
0
  0
LINE
  5
AB5
330
22
100
AcDbEntity
  8
F.Silkscreen
  6
CONTINUOUS
100
AcDbLine
 10
147.0276189999999872
 20
-39.4925840000000008
 30
0
 11
147.0283780000000036
 21
-39.4944149999999965
 31
0
  0
LINE
  5
AB6
330
22
100
AcDbEntity
  8
F.Silkscreen
  6
CONTINUOUS
100
AcDbLine
 10
147.0283780000000036
 20
-39.4944149999999965
 30
0
 11
147.0286389999999983
 21
-39.4970679999999987
 31
0
  0
LINE
  5
AB7
330
22
100
AcDbEntity
  8
F.Silkscreen
  6
CONTINUOUS
100
AcDbLine
 10
147.0286389999999983
 20
-39.4970679999999987
 30
0
 11
147.0292299999999841
 21
-39.4996659999999977
 31
0
  0
LINE
  5
AB8
330
22
100
AcDbEntity
  8
F.Silkscreen
  6
CONTINUOUS
100
AcDbLine
 10
147.0292299999999841
 20
-39.4996659999999977
 30
0
 11
147.029088999999999
 21
-39.5016399999999948
 31
0
  0
LINE
  5
AB9
330
22
100
AcDbEntity
  8
F.Silkscreen
  6
CONTINUOUS
100
AcDbLine
 10
147.029088999999999
 20
-39.5016399999999948
 30
0
 11
147.0298190000000034
 21
-39.5090469999999954
 31
0
  0
LINE
  5
ABA
330
22
100
AcDbEntity
  8
F.Silkscreen
  6
CONTINUOUS
100
AcDbLine
 10
147.0298190000000034
 20
-39.5090469999999954
 30
0
 11
147.0298190000000034
 21
-39.6042849999999973
 31
0
  0
LINE
  5
ABB
330
22
100
AcDbEntity
  8
F.Silkscreen
  6
CONTINUOUS
100
AcDbLine
 10
147.0298190000000034
 20
-39.6042849999999973
 30
0
 11
147.0283780000000036
 21
-39.6189169999999962
 31
0
  0
LINE
  5
ABC
330
22
100
AcDbEntity
  8
F.Silkscreen
  6
CONTINUOUS
100
AcDbLine
 10
147.0283780000000036
 20
-39.6189169999999962
 30
0
 11
147.0171789999999987
 21
-39.6459529999999987
 31
0
  0
LINE
  5
ABD
330
22
100
AcDbEntity
  8
F.Silkscreen
  6
CONTINUOUS
100
AcDbLine
 10
147.0171789999999987
 20
-39.6459529999999987
 30
0
 11
146.9964870000000019
 21
-39.6666449999999955
 31
0
  0
LINE
  5
ABE
330
22
100
AcDbEntity
  8
F.Silkscreen
  6
CONTINUOUS
100
AcDbLine
 10
146.9964870000000019
 20
-39.6666449999999955
 30
0
 11
146.9694509999999923
 21
-39.6778440000000003
 31
0
  0
LINE
  5
ABF
330
22
100
AcDbEntity
  8
F.Silkscreen
  6
CONTINUOUS
100
AcDbLine
 10
146.9694509999999923
 20
-39.6778440000000003
 30
0
 11
146.9401869999999803
 21
-39.6778440000000003
 31
0
  0
LINE
  5
AC0
330
22
100
AcDbEntity
  8
F.Silkscreen
  6
CONTINUOUS
100
AcDbLine
 10
146.9401869999999803
 20
-39.6778440000000003
 30
0
 11
146.9131509999999992
 21
-39.6666449999999955
 31
0
  0
LINE
  5
AC1
330
22
100
AcDbEntity
  8
F.Silkscreen
  6
CONTINUOUS
100
AcDbLine
 10
146.9131509999999992
 20
-39.6666449999999955
 30
0
 11
146.8924590000000023
 21
-39.6459529999999987
 31
0
  0
LINE
  5
AC2
330
22
100
AcDbEntity
  8
F.Silkscreen
  6
CONTINUOUS
100
AcDbLine
 10
146.8924590000000023
 20
-39.6459529999999987
 30
0
 11
146.8812599999999975
 21
-39.6189169999999962
 31
0
  0
LINE
  5
AC3
330
22
100
AcDbEntity
  8
F.Silkscreen
  6
CONTINUOUS
100
AcDbLine
 10
146.8812599999999975
 20
-39.6189169999999962
 30
0
 11
146.8798189999999977
 21
-39.6042849999999973
 31
0
  0
LINE
  5
AC4
330
22
100
AcDbEntity
  8
F.Silkscreen
  6
CONTINUOUS
100
AcDbLine
 10
146.8798189999999977
 20
-39.6042849999999973
 30
0
 11
146.8798189999999977
 21
-39.521217
 31
0
  0
LINE
  5
AC5
330
22
100
AcDbEntity
  8
F.Silkscreen
  6
CONTINUOUS
100
AcDbLine
 10
146.8798189999999977
 20
-39.521217
 30
0
 11
146.8416479999999922
 21
-39.4067039999999977
 31
0
  0
LINE
  5
AC6
330
22
100
AcDbEntity
  8
F.Silkscreen
  6
CONTINUOUS
100
AcDbLine
 10
146.8416479999999922
 20
-39.4067039999999977
 30
0
 11
146.7714469999999949
 21
-39.3365039999999979
 31
0
  0
LINE
  5
AC7
330
22
100
AcDbEntity
  8
F.Silkscreen
  6
CONTINUOUS
100
AcDbLine
 10
146.7714469999999949
 20
-39.3365039999999979
 30
0
 11
146.6569340000000068
 21
-39.2983329999999995
 31
0
  0
LINE
  5
AC8
330
22
100
AcDbEntity
  8
F.Silkscreen
  6
CONTINUOUS
100
AcDbLine
 10
146.6569340000000068
 20
-39.2983329999999995
 30
0
 11
145.9548189999999863
 21
-39.2983329999999995
 31
0
  0
LINE
  5
AC9
330
22
100
AcDbEntity
  8
F.Silkscreen
  6
CONTINUOUS
100
AcDbLine
 10
145.9548189999999863
 20
-39.2983329999999995
 30
0
 11
145.9401869999999803
 21
-39.2968919999999997
 31
0
  0
LINE
  5
ACA
330
22
100
AcDbEntity
  8
F.Silkscreen
  6
CONTINUOUS
100
AcDbLine
 10
145.9401869999999803
 20
-39.2968919999999997
 30
0
 11
145.9131509999999992
 21
-39.2856929999999949
 31
0
  0
LINE
  5
ACB
330
22
100
AcDbEntity
  8
F.Silkscreen
  6
CONTINUOUS
100
AcDbLine
 10
145.9131509999999992
 20
-39.2856929999999949
 30
0
 11
145.8924590000000023
 21
-39.265000999999998
 31
0
  0
LINE
  5
ACC
330
22
100
AcDbEntity
  8
F.Silkscreen
  6
CONTINUOUS
100
AcDbLine
 10
145.8924590000000023
 20
-39.265000999999998
 30
0
 11
145.8812599999999975
 21
-39.2379649999999955
 31
0
  0
LINE
  5
ACD
330
22
100
AcDbEntity
  8
F.Silkscreen
  6
CONTINUOUS
100
AcDbLine
 10
145.8812599999999975
 20
-39.2379649999999955
 30
0
 11
145.8812599999999975
 21
-39.2087009999999978
 31
0
  0
LINE
  5
ACE
330
22
100
AcDbEntity
  8
F.Silkscreen
  6
CONTINUOUS
100
AcDbLine
 10
145.8812599999999975
 20
-39.2087009999999978
 30
0
 11
145.8924590000000023
 21
-39.1816649999999953
 31
0
  0
LINE
  5
ACF
330
22
100
AcDbEntity
  8
F.Silkscreen
  6
CONTINUOUS
100
AcDbLine
 10
145.8924590000000023
 20
-39.1816649999999953
 30
0
 11
145.9131509999999992
 21
-39.1609729999999985
 31
0
  0
LINE
  5
AD0
330
22
100
AcDbEntity
  8
F.Silkscreen
  6
CONTINUOUS
100
AcDbLine
 10
145.9131509999999992
 20
-39.1609729999999985
 30
0
 11
145.9401869999999803
 21
-39.1497740000000007
 31
0
  0
LINE
  5
AD1
330
22
100
AcDbEntity
  8
F.Silkscreen
  6
CONTINUOUS
100
AcDbLine
 10
145.9401869999999803
 20
-39.1497740000000007
 30
0
 11
145.9548189999999863
 21
-39.1483330000000009
 31
0
  0
LINE
  5
AD2
330
22
100
AcDbEntity
  8
F.Silkscreen
  6
CONTINUOUS
100
AcDbLine
 10
145.9548189999999863
 20
-39.1483330000000009
 30
0
 11
146.6691040000000044
 21
-39.1483330000000009
 31
0
  0
LINE
  5
AD3
330
22
100
AcDbEntity
  8
F.Silkscreen
  6
CONTINUOUS
100
AcDbLine
 10
146.6691040000000044
 20
-39.1483330000000009
 30
0
 11
146.6765089999999816
 21
-39.1490620000000007
 31
0
  0
LINE
  5
AD4
330
22
100
AcDbEntity
  8
F.Silkscreen
  6
CONTINUOUS
100
AcDbLine
 10
146.9964870000000019
 20
-38.1609729999999985
 30
0
 11
147.0171789999999987
 21
-38.1816649999999953
 31
0
  0
LINE
  5
AD5
330
22
100
AcDbEntity
  8
F.Silkscreen
  6
CONTINUOUS
100
AcDbLine
 10
147.0171789999999987
 20
-38.1816649999999953
 30
0
 11
147.0283780000000036
 21
-38.2087009999999978
 31
0
  0
LINE
  5
AD6
330
22
100
AcDbEntity
  8
F.Silkscreen
  6
CONTINUOUS
100
AcDbLine
 10
147.0283780000000036
 20
-38.2087009999999978
 30
0
 11
147.0298190000000034
 21
-38.2233329999999967
 31
0
  0
LINE
  5
AD7
330
22
100
AcDbEntity
  8
F.Silkscreen
  6
CONTINUOUS
100
AcDbLine
 10
147.0298190000000034
 20
-38.2233329999999967
 30
0
 11
147.0298190000000034
 21
-38.7947610000000012
 31
0
  0
LINE
  5
AD8
330
22
100
AcDbEntity
  8
F.Silkscreen
  6
CONTINUOUS
100
AcDbLine
 10
147.0298190000000034
 20
-38.7947610000000012
 30
0
 11
147.0283780000000036
 21
-38.809393
 31
0
  0
LINE
  5
AD9
330
22
100
AcDbEntity
  8
F.Silkscreen
  6
CONTINUOUS
100
AcDbLine
 10
147.0283780000000036
 20
-38.809393
 30
0
 11
147.0171789999999987
 21
-38.8364289999999954
 31
0
  0
LINE
  5
ADA
330
22
100
AcDbEntity
  8
F.Silkscreen
  6
CONTINUOUS
100
AcDbLine
 10
147.0171789999999987
 20
-38.8364289999999954
 30
0
 11
146.9964870000000019
 21
-38.8571209999999994
 31
0
  0
LINE
  5
ADB
330
22
100
AcDbEntity
  8
F.Silkscreen
  6
CONTINUOUS
100
AcDbLine
 10
146.9964870000000019
 20
-38.8571209999999994
 30
0
 11
146.9694509999999923
 21
-38.8683199999999971
 31
0
  0
LINE
  5
ADC
330
22
100
AcDbEntity
  8
F.Silkscreen
  6
CONTINUOUS
100
AcDbLine
 10
146.9694509999999923
 20
-38.8683199999999971
 30
0
 11
146.9401869999999803
 21
-38.8683199999999971
 31
0
  0
LINE
  5
ADD
330
22
100
AcDbEntity
  8
F.Silkscreen
  6
CONTINUOUS
100
AcDbLine
 10
146.9401869999999803
 20
-38.8683199999999971
 30
0
 11
146.9131509999999992
 21
-38.8571209999999994
 31
0
  0
LINE
  5
ADE
330
22
100
AcDbEntity
  8
F.Silkscreen
  6
CONTINUOUS
100
AcDbLine
 10
146.9131509999999992
 20
-38.8571209999999994
 30
0
 11
146.8924590000000023
 21
-38.8364289999999954
 31
0
  0
LINE
  5
ADF
330
22
100
AcDbEntity
  8
F.Silkscreen
  6
CONTINUOUS
100
AcDbLine
 10
146.8924590000000023
 20
-38.8364289999999954
 30
0
 11
146.8812599999999975
 21
-38.809393
 31
0
  0
LINE
  5
AE0
330
22
100
AcDbEntity
  8
F.Silkscreen
  6
CONTINUOUS
100
AcDbLine
 10
146.8812599999999975
 20
-38.809393
 30
0
 11
146.8798189999999977
 21
-38.7947610000000012
 31
0
  0
LINE
  5
AE1
330
22
100
AcDbEntity
  8
F.Silkscreen
  6
CONTINUOUS
100
AcDbLine
 10
146.8798189999999977
 20
-38.7947610000000012
 30
0
 11
146.8798189999999977
 21
-38.5840469999999982
 31
0
  0
LINE
  5
AE2
330
22
100
AcDbEntity
  8
F.Silkscreen
  6
CONTINUOUS
100
AcDbLine
 10
146.8798189999999977
 20
-38.5840469999999982
 30
0
 11
146.1835039999999992
 21
-38.5840469999999982
 31
0
  0
LINE
  5
AE3
330
22
100
AcDbEntity
  8
F.Silkscreen
  6
CONTINUOUS
100
AcDbLine
 10
146.1835039999999992
 20
-38.5840469999999982
 30
0
 11
146.245947000000001
 21
-38.64649
 31
0
  0
LINE
  5
AE4
330
22
100
AcDbEntity
  8
F.Silkscreen
  6
CONTINUOUS
100
AcDbLine
 10
146.245947000000001
 20
-38.64649
 30
0
 11
146.2506669999999929
 21
-38.652239999999999
 31
0
  0
LINE
  5
AE5
330
22
100
AcDbEntity
  8
F.Silkscreen
  6
CONTINUOUS
100
AcDbLine
 10
146.2506669999999929
 20
-38.652239999999999
 30
0
 11
146.2521639999999934
 21
-38.653538999999995
 31
0
  0
LINE
  5
AE6
330
22
100
AcDbEntity
  8
F.Silkscreen
  6
CONTINUOUS
100
AcDbLine
 10
146.2521639999999934
 20
-38.653538999999995
 30
0
 11
146.2535829999999919
 21
-38.6557929999999956
 31
0
  0
LINE
  5
AE7
330
22
100
AcDbEntity
  8
F.Silkscreen
  6
CONTINUOUS
100
AcDbLine
 10
146.2535829999999919
 20
-38.6557929999999956
 30
0
 11
146.2552749999999833
 21
-38.6578549999999979
 31
0
  0
LINE
  5
AE8
330
22
100
AcDbEntity
  8
F.Silkscreen
  6
CONTINUOUS
100
AcDbLine
 10
146.2552749999999833
 20
-38.6578549999999979
 30
0
 11
146.2560330000000022
 21
-38.6596869999999981
 31
0
  0
LINE
  5
AE9
330
22
100
AcDbEntity
  8
F.Silkscreen
  6
CONTINUOUS
100
AcDbLine
 10
146.2560330000000022
 20
-38.6596869999999981
 30
0
 11
146.259996000000001
 21
-38.6659819999999996
 31
0
  0
LINE
  5
AEA
330
22
100
AcDbEntity
  8
F.Silkscreen
  6
CONTINUOUS
100
AcDbLine
 10
146.259996000000001
 20
-38.6659819999999996
 30
0
 11
146.3076149999999984
 21
-38.7612200000000016
 31
0
  0
LINE
  5
AEB
330
22
100
AcDbEntity
  8
F.Silkscreen
  6
CONTINUOUS
100
AcDbLine
 10
146.3076149999999984
 20
-38.7612200000000016
 30
0
 11
146.3128700000000038
 21
-38.7749510000000015
 31
0
  0
LINE
  5
AEC
330
22
100
AcDbEntity
  8
F.Silkscreen
  6
CONTINUOUS
100
AcDbLine
 10
146.3128700000000038
 20
-38.7749510000000015
 30
0
 11
146.314943999999997
 21
-38.8041410000000013
 31
0
  0
LINE
  5
AED
330
22
100
AcDbEntity
  8
F.Silkscreen
  6
CONTINUOUS
100
AcDbLine
 10
146.314943999999997
 20
-38.8041410000000013
 30
0
 11
146.3056899999999985
 21
-38.831902999999997
 31
0
  0
LINE
  5
AEE
330
22
100
AcDbEntity
  8
F.Silkscreen
  6
CONTINUOUS
100
AcDbLine
 10
146.3056899999999985
 20
-38.831902999999997
 30
0
 11
146.2865170000000035
 21
-38.8540099999999953
 31
0
  0
LINE
  5
AEF
330
22
100
AcDbEntity
  8
F.Silkscreen
  6
CONTINUOUS
100
AcDbLine
 10
146.2865170000000035
 20
-38.8540099999999953
 30
0
 11
146.2603419999999801
 21
-38.8670979999999986
 31
0
  0
LINE
  5
AF0
330
22
100
AcDbEntity
  8
F.Silkscreen
  6
CONTINUOUS
100
AcDbLine
 10
146.2603419999999801
 20
-38.8670979999999986
 30
0
 11
146.2311519999999803
 21
-38.8691719999999989
 31
0
  0
LINE
  5
AF1
330
22
100
AcDbEntity
  8
F.Silkscreen
  6
CONTINUOUS
100
AcDbLine
 10
146.2311519999999803
 20
-38.8691719999999989
 30
0
 11
146.2033909999999821
 21
-38.8599180000000004
 31
0
  0
LINE
  5
AF2
330
22
100
AcDbEntity
  8
F.Silkscreen
  6
CONTINUOUS
100
AcDbLine
 10
146.2033909999999821
 20
-38.8599180000000004
 30
0
 11
146.1812829999999792
 21
-38.8407449999999983
 31
0
  0
LINE
  5
AF3
330
22
100
AcDbEntity
  8
F.Silkscreen
  6
CONTINUOUS
100
AcDbLine
 10
146.1812829999999792
 20
-38.8407449999999983
 30
0
 11
146.173451
 21
-38.8283020000000008
 31
0
  0
LINE
  5
AF4
330
22
100
AcDbEntity
  8
F.Silkscreen
  6
CONTINUOUS
100
AcDbLine
 10
146.173451
 20
-38.8283020000000008
 30
0
 11
146.131274999999988
 21
-38.7439499999999981
 31
0
  0
LINE
  5
AF5
330
22
100
AcDbEntity
  8
F.Silkscreen
  6
CONTINUOUS
100
AcDbLine
 10
146.131274999999988
 20
-38.7439499999999981
 30
0
 11
146.0498939999999948
 21
-38.6625689999999977
 31
0
  0
LINE
  5
AF6
330
22
100
AcDbEntity
  8
F.Silkscreen
  6
CONTINUOUS
100
AcDbLine
 10
146.0498939999999948
 20
-38.6625689999999977
 30
0
 11
145.9132160000000056
 21
-38.5714509999999962
 31
0
  0
LINE
  5
AF7
330
22
100
AcDbEntity
  8
F.Silkscreen
  6
CONTINUOUS
100
AcDbLine
 10
145.9132160000000056
 20
-38.5714509999999962
 30
0
 11
145.9131730000000005
 21
-38.5714159999999993
 31
0
  0
LINE
  5
AF8
330
22
100
AcDbEntity
  8
F.Silkscreen
  6
CONTINUOUS
100
AcDbLine
 10
145.9131730000000005
 20
-38.5714159999999993
 30
0
 11
145.9131509999999992
 21
-38.5714070000000007
 31
0
  0
LINE
  5
AF9
330
22
100
AcDbEntity
  8
F.Silkscreen
  6
CONTINUOUS
100
AcDbLine
 10
145.9131509999999992
 20
-38.5714070000000007
 30
0
 11
145.9130989999999883
 21
-38.5713549999999969
 31
0
  0
LINE
  5
AFA
330
22
100
AcDbEntity
  8
F.Silkscreen
  6
CONTINUOUS
100
AcDbLine
 10
145.9130989999999883
 20
-38.5713549999999969
 30
0
 11
145.9018409999999903
 21
-38.5621349999999978
 31
0
  0
LINE
  5
AFB
330
22
100
AcDbEntity
  8
F.Silkscreen
  6
CONTINUOUS
100
AcDbLine
 10
145.9018409999999903
 20
-38.5621349999999978
 30
0
 11
145.8977089999999919
 21
-38.5559650000000005
 31
0
  0
LINE
  5
AFC
330
22
100
AcDbEntity
  8
F.Silkscreen
  6
CONTINUOUS
100
AcDbLine
 10
145.8977089999999919
 20
-38.5559650000000005
 30
0
 11
145.8924590000000023
 21
-38.5507149999999967
 31
0
  0
LINE
  5
AFD
330
22
100
AcDbEntity
  8
F.Silkscreen
  6
CONTINUOUS
100
AcDbLine
 10
145.8924590000000023
 20
-38.5507149999999967
 30
0
 11
145.889645999999999
 21
-38.5439250000000015
 31
0
  0
LINE
  5
AFE
330
22
100
AcDbEntity
  8
F.Silkscreen
  6
CONTINUOUS
100
AcDbLine
 10
145.889645999999999
 20
-38.5439250000000015
 30
0
 11
145.8855580000000032
 21
-38.5378199999999964
 31
0
  0
LINE
  5
AFF
330
22
100
AcDbEntity
  8
F.Silkscreen
  6
CONTINUOUS
100
AcDbLine
 10
145.8855580000000032
 20
-38.5378199999999964
 30
0
 11
145.8841009999999869
 21
-38.5305389999999974
 31
0
  0
LINE
  5
B00
330
22
100
AcDbEntity
  8
F.Silkscreen
  6
CONTINUOUS
100
AcDbLine
 10
145.8841009999999869
 20
-38.5305389999999974
 30
0
 11
145.8812599999999975
 21
-38.5236790000000013
 31
0
  0
LINE
  5
B01
330
22
100
AcDbEntity
  8
F.Silkscreen
  6
CONTINUOUS
100
AcDbLine
 10
145.8812599999999975
 20
-38.5236790000000013
 30
0
 11
145.8812599999999975
 21
-38.5163299999999964
 31
0
  0
LINE
  5
B02
330
22
100
AcDbEntity
  8
F.Silkscreen
  6
CONTINUOUS
100
AcDbLine
 10
145.8812599999999975
 20
-38.5163299999999964
 30
0
 11
145.8798189999999977
 21
-38.5091259999999949
 31
0
  0
LINE
  5
B03
330
22
100
AcDbEntity
  8
F.Silkscreen
  6
CONTINUOUS
100
AcDbLine
 10
145.8798189999999977
 20
-38.5091259999999949
 30
0
 11
145.8812599999999975
 21
-38.5018409999999989
 31
0
  0
LINE
  5
B04
330
22
100
AcDbEntity
  8
F.Silkscreen
  6
CONTINUOUS
100
AcDbLine
 10
145.8812599999999975
 20
-38.5018409999999989
 30
0
 11
145.8812599999999975
 21
-38.4944149999999965
 31
0
  0
LINE
  5
B05
330
22
100
AcDbEntity
  8
F.Silkscreen
  6
CONTINUOUS
100
AcDbLine
 10
145.8812599999999975
 20
-38.4944149999999965
 30
0
 11
145.8840720000000033
 21
-38.4876259999999988
 31
0
  0
LINE
  5
B06
330
22
100
AcDbEntity
  8
F.Silkscreen
  6
CONTINUOUS
100
AcDbLine
 10
145.8840720000000033
 20
-38.4876259999999988
 30
0
 11
145.8854979999999841
 21
-38.4804180000000002
 31
0
  0
LINE
  5
B07
330
22
100
AcDbEntity
  8
F.Silkscreen
  6
CONTINUOUS
100
AcDbLine
 10
145.8854979999999841
 20
-38.4804180000000002
 30
0
 11
145.889616999999987
 21
-38.4742389999999972
 31
0
  0
LINE
  5
B08
330
22
100
AcDbEntity
  8
F.Silkscreen
  6
CONTINUOUS
100
AcDbLine
 10
145.889616999999987
 20
-38.4742389999999972
 30
0
 11
145.8924590000000023
 21
-38.4673790000000011
 31
0
  0
LINE
  5
B09
330
22
100
AcDbEntity
  8
F.Silkscreen
  6
CONTINUOUS
100
AcDbLine
 10
145.8924590000000023
 20
-38.4673790000000011
 30
0
 11
145.8976539999999886
 21
-38.462182999999996
 31
0
  0
LINE
  5
B0A
330
22
100
AcDbEntity
  8
F.Silkscreen
  6
CONTINUOUS
100
AcDbLine
 10
145.8976539999999886
 20
-38.462182999999996
 30
0
 11
145.9017309999999839
 21
-38.4560689999999994
 31
0
  0
LINE
  5
B0B
330
22
100
AcDbEntity
  8
F.Silkscreen
  6
CONTINUOUS
100
AcDbLine
 10
145.9017309999999839
 20
-38.4560689999999994
 30
0
 11
145.9078999999999837
 21
-38.4519370000000009
 31
0
  0
LINE
  5
B0C
330
22
100
AcDbEntity
  8
F.Silkscreen
  6
CONTINUOUS
100
AcDbLine
 10
145.9078999999999837
 20
-38.4519370000000009
 30
0
 11
145.9131509999999992
 21
-38.4466869999999972
 31
0
  0
LINE
  5
B0D
330
22
100
AcDbEntity
  8
F.Silkscreen
  6
CONTINUOUS
100
AcDbLine
 10
145.9131509999999992
 20
-38.4466869999999972
 30
0
 11
145.9199399999999969
 21
-38.443874000000001
 31
0
  0
LINE
  5
B0E
330
22
100
AcDbEntity
  8
F.Silkscreen
  6
CONTINUOUS
100
AcDbLine
 10
145.9199399999999969
 20
-38.443874000000001
 30
0
 11
145.9260459999999853
 21
-38.439785999999998
 31
0
  0
LINE
  5
B0F
330
22
100
AcDbEntity
  8
F.Silkscreen
  6
CONTINUOUS
100
AcDbLine
 10
145.9260459999999853
 20
-38.439785999999998
 30
0
 11
145.9333259999999939
 21
-38.438328999999996
 31
0
  0
LINE
  5
B10
330
22
100
AcDbEntity
  8
F.Silkscreen
  6
CONTINUOUS
100
AcDbLine
 10
145.9333259999999939
 20
-38.438328999999996
 30
0
 11
145.9401869999999803
 21
-38.4354879999999994
 31
0
  0
LINE
  5
B11
330
22
100
AcDbEntity
  8
F.Silkscreen
  6
CONTINUOUS
100
AcDbLine
 10
145.9401869999999803
 20
-38.4354879999999994
 30
0
 11
145.9546629999999823
 21
-38.4340619999999973
 31
0
  0
LINE
  5
B12
330
22
100
AcDbEntity
  8
F.Silkscreen
  6
CONTINUOUS
100
AcDbLine
 10
145.9546629999999823
 20
-38.4340619999999973
 30
0
 11
145.9547399999999868
 21
-38.4340469999999996
 31
0
  0
LINE
  5
B13
330
22
100
AcDbEntity
  8
F.Silkscreen
  6
CONTINUOUS
100
AcDbLine
 10
145.9547399999999868
 20
-38.4340469999999996
 30
0
 11
145.9547660000000064
 21
-38.4340520000000012
 31
0
  0
LINE
  5
B14
330
22
100
AcDbEntity
  8
F.Silkscreen
  6
CONTINUOUS
100
AcDbLine
 10
145.9547660000000064
 20
-38.4340520000000012
 30
0
 11
145.9548189999999863
 21
-38.4340469999999996
 31
0
  0
LINE
  5
B15
330
22
100
AcDbEntity
  8
F.Silkscreen
  6
CONTINUOUS
100
AcDbLine
 10
145.9548189999999863
 20
-38.4340469999999996
 30
0
 11
146.8798189999999977
 21
-38.4340469999999996
 31
0
  0
LINE
  5
B16
330
22
100
AcDbEntity
  8
F.Silkscreen
  6
CONTINUOUS
100
AcDbLine
 10
146.8798189999999977
 20
-38.4340469999999996
 30
0
 11
146.8798189999999977
 21
-38.2233329999999967
 31
0
  0
LINE
  5
B17
330
22
100
AcDbEntity
  8
F.Silkscreen
  6
CONTINUOUS
100
AcDbLine
 10
146.8798189999999977
 20
-38.2233329999999967
 30
0
 11
146.8812599999999975
 21
-38.2087009999999978
 31
0
  0
LINE
  5
B18
330
22
100
AcDbEntity
  8
F.Silkscreen
  6
CONTINUOUS
100
AcDbLine
 10
146.8812599999999975
 20
-38.2087009999999978
 30
0
 11
146.8924590000000023
 21
-38.1816649999999953
 31
0
  0
LINE
  5
B19
330
22
100
AcDbEntity
  8
F.Silkscreen
  6
CONTINUOUS
100
AcDbLine
 10
146.8924590000000023
 20
-38.1816649999999953
 30
0
 11
146.9131509999999992
 21
-38.1609729999999985
 31
0
  0
LINE
  5
B1A
330
22
100
AcDbEntity
  8
F.Silkscreen
  6
CONTINUOUS
100
AcDbLine
 10
146.9131509999999992
 20
-38.1609729999999985
 30
0
 11
146.9401869999999803
 21
-38.1497740000000007
 31
0
  0
LINE
  5
B1B
330
22
100
AcDbEntity
  8
F.Silkscreen
  6
CONTINUOUS
100
AcDbLine
 10
146.9401869999999803
 20
-38.1497740000000007
 30
0
 11
146.9694509999999923
 21
-38.1497740000000007
 31
0
  0
LINE
  5
B1C
330
22
100
AcDbEntity
  8
F.Silkscreen
  6
CONTINUOUS
100
AcDbLine
 10
146.9694509999999923
 20
-38.1497740000000007
 30
0
 11
146.9964870000000019
 21
-38.1609729999999985
 31
0
  0
LINE
  5
B1D
330
22
100
AcDbEntity
  8
F.Silkscreen
  6
CONTINUOUS
100
AcDbLine
 10
97.5626429999999942
 20
-24.5865480000000005
 30
0
 11
97.5646179999999958
 21
-24.5864079999999987
 31
0
  0
LINE
  5
B1E
330
22
100
AcDbEntity
  8
F.Silkscreen
  6
CONTINUOUS
100
AcDbLine
 10
97.5646179999999958
 20
-24.5864079999999987
 30
0
 11
97.5672149999999903
 21
-24.5869979999999977
 31
0
  0
LINE
  5
B1F
330
22
100
AcDbEntity
  8
F.Silkscreen
  6
CONTINUOUS
100
AcDbLine
 10
97.5672149999999903
 20
-24.5869979999999977
 30
0
 11
97.5698699999999945
 21
-24.5872600000000006
 31
0
  0
LINE
  5
B20
330
22
100
AcDbEntity
  8
F.Silkscreen
  6
CONTINUOUS
100
AcDbLine
 10
97.5698699999999945
 20
-24.5872600000000006
 30
0
 11
97.5717009999999902
 21
-24.5880179999999982
 31
0
  0
LINE
  5
B21
330
22
100
AcDbEntity
  8
F.Silkscreen
  6
CONTINUOUS
100
AcDbLine
 10
97.5717009999999902
 20
-24.5880179999999982
 30
0
 11
97.5789549999999934
 21
-24.5896679999999996
 31
0
  0
LINE
  5
B22
330
22
100
AcDbEntity
  8
F.Silkscreen
  6
CONTINUOUS
100
AcDbLine
 10
97.5789549999999934
 20
-24.5896679999999996
 30
0
 11
97.7218119999999999
 21
-24.6372870000000006
 31
0
  0
LINE
  5
B23
330
22
100
AcDbEntity
  8
F.Silkscreen
  6
CONTINUOUS
100
AcDbLine
 10
97.7218119999999999
 20
-24.6372870000000006
 30
0
 11
97.7352369999999979
 21
-24.6432809999999982
 31
0
  0
LINE
  5
B24
330
22
100
AcDbEntity
  8
F.Silkscreen
  6
CONTINUOUS
100
AcDbLine
 10
97.7352369999999979
 20
-24.6432809999999982
 30
0
 11
97.7573439999999891
 21
-24.6624549999999978
 31
0
  0
LINE
  5
B25
330
22
100
AcDbEntity
  8
F.Silkscreen
  6
CONTINUOUS
100
AcDbLine
 10
97.7573439999999891
 20
-24.6624549999999978
 30
0
 11
97.7704310000000021
 21
-24.6886279999999978
 31
0
  0
LINE
  5
B26
330
22
100
AcDbEntity
  8
F.Silkscreen
  6
CONTINUOUS
100
AcDbLine
 10
97.7704310000000021
 20
-24.6886279999999978
 30
0
 11
97.7725059999999928
 21
-24.7178179999999976
 31
0
  0
LINE
  5
B27
330
22
100
AcDbEntity
  8
F.Silkscreen
  6
CONTINUOUS
100
AcDbLine
 10
97.7725059999999928
 20
-24.7178179999999976
 30
0
 11
97.7632519999999943
 21
-24.7455800000000004
 31
0
  0
LINE
  5
B28
330
22
100
AcDbEntity
  8
F.Silkscreen
  6
CONTINUOUS
100
AcDbLine
 10
97.7632519999999943
 20
-24.7455800000000004
 30
0
 11
97.7440780000000018
 21
-24.7676879999999997
 31
0
  0
LINE
  5
B29
330
22
100
AcDbEntity
  8
F.Silkscreen
  6
CONTINUOUS
100
AcDbLine
 10
97.7440780000000018
 20
-24.7676879999999997
 30
0
 11
97.7179039999999901
 21
-24.7807739999999974
 31
0
  0
LINE
  5
B2A
330
22
100
AcDbEntity
  8
F.Silkscreen
  6
CONTINUOUS
100
AcDbLine
 10
97.7179039999999901
 20
-24.7807739999999974
 30
0
 11
97.6887139999999903
 21
-24.7828489999999988
 31
0
  0
LINE
  5
B2B
330
22
100
AcDbEntity
  8
F.Silkscreen
  6
CONTINUOUS
100
AcDbLine
 10
97.6887139999999903
 20
-24.7828489999999988
 30
0
 11
97.6743769999999927
 21
-24.7795889999999979
 31
0
  0
LINE
  5
B2C
330
22
100
AcDbEntity
  8
F.Silkscreen
  6
CONTINUOUS
100
AcDbLine
 10
97.6743769999999927
 20
-24.7795889999999979
 30
0
 11
97.543067999999991
 21
-24.7358189999999993
 31
0
  0
LINE
  5
B2D
330
22
100
AcDbEntity
  8
F.Silkscreen
  6
CONTINUOUS
100
AcDbLine
 10
97.543067999999991
 20
-24.7358189999999993
 30
0
 11
97.3348479999999938
 21
-24.7358189999999993
 31
0
  0
LINE
  5
B2E
330
22
100
AcDbEntity
  8
F.Silkscreen
  6
CONTINUOUS
100
AcDbLine
 10
97.3348479999999938
 20
-24.7358189999999993
 30
0
 11
97.2663319999999914
 21
-24.7700770000000006
 31
0
  0
LINE
  5
B2F
330
22
100
AcDbEntity
  8
F.Silkscreen
  6
CONTINUOUS
100
AcDbLine
 10
97.2663319999999914
 20
-24.7700770000000006
 30
0
 11
97.2359249999999946
 21
-24.8004839999999973
 31
0
  0
LINE
  5
B30
330
22
100
AcDbEntity
  8
F.Silkscreen
  6
CONTINUOUS
100
AcDbLine
 10
97.2359249999999946
 20
-24.8004839999999973
 30
0
 11
97.2016670000000005
 21
-24.8689999999999998
 31
0
  0
LINE
  5
B31
330
22
100
AcDbEntity
  8
F.Silkscreen
  6
CONTINUOUS
100
AcDbLine
 10
97.2016670000000005
 20
-24.8689999999999998
 30
0
 11
97.2016670000000005
 21
-24.9288279999999993
 31
0
  0
LINE
  5
B32
330
22
100
AcDbEntity
  8
F.Silkscreen
  6
CONTINUOUS
100
AcDbLine
 10
97.2016670000000005
 20
-24.9288279999999993
 30
0
 11
97.2359249999999946
 21
-24.9973439999999982
 31
0
  0
LINE
  5
B33
330
22
100
AcDbEntity
  8
F.Silkscreen
  6
CONTINUOUS
100
AcDbLine
 10
97.2359249999999946
 20
-24.9973439999999982
 30
0
 11
97.2663319999999914
 21
-25.0277509999999985
 31
0
  0
LINE
  5
B34
330
22
100
AcDbEntity
  8
F.Silkscreen
  6
CONTINUOUS
100
AcDbLine
 10
97.2663319999999914
 20
-25.0277509999999985
 30
0
 11
97.3433189999999939
 21
-25.0662439999999975
 31
0
  0
LINE
  5
B35
330
22
100
AcDbEntity
  8
F.Silkscreen
  6
CONTINUOUS
100
AcDbLine
 10
97.3433189999999939
 20
-25.0662439999999975
 30
0
 11
97.5258089999999953
 21
-25.1118670000000002
 31
0
  0
LINE
  5
B36
330
22
100
AcDbEntity
  8
F.Silkscreen
  6
CONTINUOUS
100
AcDbLine
 10
97.5258089999999953
 20
-25.1118670000000002
 30
0
 11
97.5268879999999996
 21
-25.112251999999998
 31
0
  0
LINE
  5
B37
330
22
100
AcDbEntity
  8
F.Silkscreen
  6
CONTINUOUS
100
AcDbLine
 10
97.5268879999999996
 20
-25.112251999999998
 30
0
 11
97.5274280000000005
 21
-25.112290999999999
 31
0
  0
LINE
  5
B38
330
22
100
AcDbEntity
  8
F.Silkscreen
  6
CONTINUOUS
100
AcDbLine
 10
97.5274280000000005
 20
-25.112290999999999
 30
0
 11
97.5335089999999951
 21
-25.1146180000000001
 31
0
  0
LINE
  5
B39
330
22
100
AcDbEntity
  8
F.Silkscreen
  6
CONTINUOUS
100
AcDbLine
 10
97.5335089999999951
 20
-25.1146180000000001
 30
0
 11
97.5396549999999962
 21
-25.116813999999998
 31
0
  0
LINE
  5
B3A
330
22
100
AcDbEntity
  8
F.Silkscreen
  6
CONTINUOUS
100
AcDbLine
 10
97.5396549999999962
 20
-25.116813999999998
 30
0
 11
97.5400899999999922
 21
-25.1171359999999986
 31
0
  0
LINE
  5
B3B
330
22
100
AcDbEntity
  8
F.Silkscreen
  6
CONTINUOUS
100
AcDbLine
 10
97.5400899999999922
 20
-25.1171359999999986
 30
0
 11
97.5411599999999908
 21
-25.1175459999999973
 31
0
  0
LINE
  5
B3C
330
22
100
AcDbEntity
  8
F.Silkscreen
  6
CONTINUOUS
100
AcDbLine
 10
97.5411599999999908
 20
-25.1175459999999973
 30
0
 11
97.6363979999999998
 21
-25.1651649999999982
 31
0
  0
LINE
  5
B3D
330
22
100
AcDbEntity
  8
F.Silkscreen
  6
CONTINUOUS
100
AcDbLine
 10
97.6363979999999998
 20
-25.1651649999999982
 30
0
 11
97.6426969999999983
 21
-25.1691289999999981
 31
0
  0
LINE
  5
B3E
330
22
100
AcDbEntity
  8
F.Silkscreen
  6
CONTINUOUS
100
AcDbLine
 10
97.6426969999999983
 20
-25.1691289999999981
 30
0
 11
97.6445250000000016
 21
-25.1698869999999992
 31
0
  0
LINE
  5
B3F
330
22
100
AcDbEntity
  8
F.Silkscreen
  6
CONTINUOUS
100
AcDbLine
 10
97.6445250000000016
 20
-25.1698869999999992
 30
0
 11
97.6465809999999976
 21
-25.1715749999999971
 31
0
  0
LINE
  5
B40
330
22
100
AcDbEntity
  8
F.Silkscreen
  6
CONTINUOUS
100
AcDbLine
 10
97.6465809999999976
 20
-25.1715749999999971
 30
0
 11
97.6488409999999902
 21
-25.1729969999999987
 31
0
  0
LINE
  5
B41
330
22
100
AcDbEntity
  8
F.Silkscreen
  6
CONTINUOUS
100
AcDbLine
 10
97.6488409999999902
 20
-25.1729969999999987
 30
0
 11
97.6501399999999933
 21
-25.1744950000000003
 31
0
  0
LINE
  5
B42
330
22
100
AcDbEntity
  8
F.Silkscreen
  6
CONTINUOUS
100
AcDbLine
 10
97.6501399999999933
 20
-25.1744950000000003
 30
0
 11
97.6558899999999994
 21
-25.1792139999999982
 31
0
  0
LINE
  5
B43
330
22
100
AcDbEntity
  8
F.Silkscreen
  6
CONTINUOUS
100
AcDbLine
 10
97.6558899999999994
 20
-25.1792139999999982
 30
0
 11
97.7035089999999968
 21
-25.2268329999999992
 31
0
  0
LINE
  5
B44
330
22
100
AcDbEntity
  8
F.Silkscreen
  6
CONTINUOUS
100
AcDbLine
 10
97.7035089999999968
 20
-25.2268329999999992
 30
0
 11
97.7082269999999937
 21
-25.2325819999999972
 31
0
  0
LINE
  5
B45
330
22
100
AcDbEntity
  8
F.Silkscreen
  6
CONTINUOUS
100
AcDbLine
 10
97.7082269999999937
 20
-25.2325819999999972
 30
0
 11
97.7097259999999892
 21
-25.2338819999999977
 31
0
  0
LINE
  5
B46
330
22
100
AcDbEntity
  8
F.Silkscreen
  6
CONTINUOUS
100
AcDbLine
 10
97.7097259999999892
 20
-25.2338819999999977
 30
0
 11
97.7111469999999969
 21
-25.2361409999999999
 31
0
  0
LINE
  5
B47
330
22
100
AcDbEntity
  8
F.Silkscreen
  6
CONTINUOUS
100
AcDbLine
 10
97.7111469999999969
 20
-25.2361409999999999
 30
0
 11
97.7128359999999958
 21
-25.2381980000000006
 31
0
  0
LINE
  5
B48
330
22
100
AcDbEntity
  8
F.Silkscreen
  6
CONTINUOUS
100
AcDbLine
 10
97.7128359999999958
 20
-25.2381980000000006
 30
0
 11
97.7135929999999888
 21
-25.2400249999999993
 31
0
  0
LINE
  5
B49
330
22
100
AcDbEntity
  8
F.Silkscreen
  6
CONTINUOUS
100
AcDbLine
 10
97.7135929999999888
 20
-25.2400249999999993
 30
0
 11
97.7175579999999968
 21
-25.2463249999999988
 31
0
  0
LINE
  5
B4A
330
22
100
AcDbEntity
  8
F.Silkscreen
  6
CONTINUOUS
100
AcDbLine
 10
97.7175579999999968
 20
-25.2463249999999988
 30
0
 11
97.7651769999999942
 21
-25.3415629999999972
 31
0
  0
LINE
  5
B4B
330
22
100
AcDbEntity
  8
F.Silkscreen
  6
CONTINUOUS
100
AcDbLine
 10
97.7651769999999942
 20
-25.3415629999999972
 30
0
 11
97.7704319999999996
 21
-25.3552939999999971
 31
0
  0
LINE
  5
B4C
330
22
100
AcDbEntity
  8
F.Silkscreen
  6
CONTINUOUS
100
AcDbLine
 10
97.7704319999999996
 20
-25.3552939999999971
 30
0
 11
97.7706230000000005
 21
-25.3579829999999973
 31
0
  0
LINE
  5
B4D
330
22
100
AcDbEntity
  8
F.Silkscreen
  6
CONTINUOUS
100
AcDbLine
 10
97.7706230000000005
 20
-25.3579829999999973
 30
0
 11
97.7716539999999981
 21
-25.3604719999999979
 31
0
  0
LINE
  5
B4E
330
22
100
AcDbEntity
  8
F.Silkscreen
  6
CONTINUOUS
100
AcDbLine
 10
97.7716539999999981
 20
-25.3604719999999979
 30
0
 11
97.7730949999999979
 21
-25.3751040000000003
 31
0
  0
LINE
  5
B4F
330
22
100
AcDbEntity
  8
F.Silkscreen
  6
CONTINUOUS
100
AcDbLine
 10
97.7730949999999979
 20
-25.3751040000000003
 30
0
 11
97.7730949999999979
 21
-25.4703419999999987
 31
0
  0
LINE
  5
B50
330
22
100
AcDbEntity
  8
F.Silkscreen
  6
CONTINUOUS
100
AcDbLine
 10
97.7730949999999979
 20
-25.4703419999999987
 30
0
 11
97.7716539999999981
 21
-25.4849739999999976
 31
0
  0
LINE
  5
B51
330
22
100
AcDbEntity
  8
F.Silkscreen
  6
CONTINUOUS
100
AcDbLine
 10
97.7716539999999981
 20
-25.4849739999999976
 30
0
 11
97.7706230000000005
 21
-25.4874619999999972
 31
0
  0
LINE
  5
B52
330
22
100
AcDbEntity
  8
F.Silkscreen
  6
CONTINUOUS
100
AcDbLine
 10
97.7706230000000005
 20
-25.4874619999999972
 30
0
 11
97.7704319999999996
 21
-25.4901519999999984
 31
0
  0
LINE
  5
B53
330
22
100
AcDbEntity
  8
F.Silkscreen
  6
CONTINUOUS
100
AcDbLine
 10
97.7704319999999996
 20
-25.4901519999999984
 30
0
 11
97.7651769999999942
 21
-25.5038829999999983
 31
0
  0
LINE
  5
B54
330
22
100
AcDbEntity
  8
F.Silkscreen
  6
CONTINUOUS
100
AcDbLine
 10
97.7651769999999942
 20
-25.5038829999999983
 30
0
 11
97.7175579999999968
 21
-25.5991210000000002
 31
0
  0
LINE
  5
B55
330
22
100
AcDbEntity
  8
F.Silkscreen
  6
CONTINUOUS
100
AcDbLine
 10
97.7175579999999968
 20
-25.5991210000000002
 30
0
 11
97.7135940000000005
 21
-25.6054169999999992
 31
0
  0
LINE
  5
B56
330
22
100
AcDbEntity
  8
F.Silkscreen
  6
CONTINUOUS
100
AcDbLine
 10
97.7135940000000005
 20
-25.6054169999999992
 30
0
 11
97.7128369999999933
 21
-25.6072469999999974
 31
0
  0
LINE
  5
B57
330
22
100
AcDbEntity
  8
F.Silkscreen
  6
CONTINUOUS
100
AcDbLine
 10
97.7128369999999933
 20
-25.6072469999999974
 30
0
 11
97.7111469999999969
 21
-25.6093049999999991
 31
0
  0
LINE
  5
B58
330
22
100
AcDbEntity
  8
F.Silkscreen
  6
CONTINUOUS
100
AcDbLine
 10
97.7111469999999969
 20
-25.6093049999999991
 30
0
 11
97.7097259999999892
 21
-25.6115639999999978
 31
0
  0
LINE
  5
B59
330
22
100
AcDbEntity
  8
F.Silkscreen
  6
CONTINUOUS
100
AcDbLine
 10
97.7097259999999892
 20
-25.6115639999999978
 30
0
 11
97.7082269999999937
 21
-25.6128629999999973
 31
0
  0
LINE
  5
B5A
330
22
100
AcDbEntity
  8
F.Silkscreen
  6
CONTINUOUS
100
AcDbLine
 10
97.7082269999999937
 20
-25.6128629999999973
 30
0
 11
97.7035089999999968
 21
-25.6186129999999999
 31
0
  0
LINE
  5
B5B
330
22
100
AcDbEntity
  8
F.Silkscreen
  6
CONTINUOUS
100
AcDbLine
 10
97.7035089999999968
 20
-25.6186129999999999
 30
0
 11
97.6558909999999969
 21
-25.6662319999999973
 31
0
  0
LINE
  5
B5C
330
22
100
AcDbEntity
  8
F.Silkscreen
  6
CONTINUOUS
100
AcDbLine
 10
97.6558909999999969
 20
-25.6662319999999973
 30
0
 11
97.6501409999999908
 21
-25.6709499999999977
 31
0
  0
LINE
  5
B5D
330
22
100
AcDbEntity
  8
F.Silkscreen
  6
CONTINUOUS
100
AcDbLine
 10
97.6501409999999908
 20
-25.6709499999999977
 30
0
 11
97.6488409999999902
 21
-25.6724499999999978
 31
0
  0
LINE
  5
B5E
330
22
100
AcDbEntity
  8
F.Silkscreen
  6
CONTINUOUS
100
AcDbLine
 10
97.6488409999999902
 20
-25.6724499999999978
 30
0
 11
97.6465809999999976
 21
-25.6738719999999994
 31
0
  0
LINE
  5
B5F
330
22
100
AcDbEntity
  8
F.Silkscreen
  6
CONTINUOUS
100
AcDbLine
 10
97.6465809999999976
 20
-25.6738719999999994
 30
0
 11
97.6445250000000016
 21
-25.6755599999999973
 31
0
  0
LINE
  5
B60
330
22
100
AcDbEntity
  8
F.Silkscreen
  6
CONTINUOUS
100
AcDbLine
 10
97.6445250000000016
 20
-25.6755599999999973
 30
0
 11
97.6426969999999983
 21
-25.6763169999999974
 31
0
  0
LINE
  5
B61
330
22
100
AcDbEntity
  8
F.Silkscreen
  6
CONTINUOUS
100
AcDbLine
 10
97.6426969999999983
 20
-25.6763169999999974
 30
0
 11
97.6363979999999998
 21
-25.6802819999999983
 31
0
  0
LINE
  5
B62
330
22
100
AcDbEntity
  8
F.Silkscreen
  6
CONTINUOUS
100
AcDbLine
 10
97.6363979999999998
 20
-25.6802819999999983
 30
0
 11
97.5411599999999908
 21
-25.7279009999999992
 31
0
  0
LINE
  5
B63
330
22
100
AcDbEntity
  8
F.Silkscreen
  6
CONTINUOUS
100
AcDbLine
 10
97.5411599999999908
 20
-25.7279009999999992
 30
0
 11
97.5274280000000005
 21
-25.7331559999999975
 31
0
  0
LINE
  5
B64
330
22
100
AcDbEntity
  8
F.Silkscreen
  6
CONTINUOUS
100
AcDbLine
 10
97.5274280000000005
 20
-25.7331559999999975
 30
0
 11
97.5247399999999942
 21
-25.7333459999999974
 31
0
  0
LINE
  5
B65
330
22
100
AcDbEntity
  8
F.Silkscreen
  6
CONTINUOUS
100
AcDbLine
 10
97.5247399999999942
 20
-25.7333459999999974
 30
0
 11
97.5222509999999971
 21
-25.7343779999999995
 31
0
  0
LINE
  5
B66
330
22
100
AcDbEntity
  8
F.Silkscreen
  6
CONTINUOUS
100
AcDbLine
 10
97.5222509999999971
 20
-25.7343779999999995
 30
0
 11
97.5076189999999912
 21
-25.7358189999999993
 31
0
  0
LINE
  5
B67
330
22
100
AcDbEntity
  8
F.Silkscreen
  6
CONTINUOUS
100
AcDbLine
 10
97.5076189999999912
 20
-25.7358189999999993
 30
0
 11
97.2695239999999899
 21
-25.7358189999999993
 31
0
  0
LINE
  5
B68
330
22
100
AcDbEntity
  8
F.Silkscreen
  6
CONTINUOUS
100
AcDbLine
 10
97.2695239999999899
 20
-25.7358189999999993
 30
0
 11
97.2621169999999893
 21
-25.7350889999999985
 31
0
  0
LINE
  5
B69
330
22
100
AcDbEntity
  8
F.Silkscreen
  6
CONTINUOUS
100
AcDbLine
 10
97.2621169999999893
 20
-25.7350889999999985
 30
0
 11
97.2601429999999993
 21
-25.7352299999999978
 31
0
  0
LINE
  5
B6A
330
22
100
AcDbEntity
  8
F.Silkscreen
  6
CONTINUOUS
100
AcDbLine
 10
97.2601429999999993
 20
-25.7352299999999978
 30
0
 11
97.2575449999999933
 21
-25.7346389999999978
 31
0
  0
LINE
  5
B6B
330
22
100
AcDbEntity
  8
F.Silkscreen
  6
CONTINUOUS
100
AcDbLine
 10
97.2575449999999933
 20
-25.7346389999999978
 30
0
 11
97.2548919999999981
 21
-25.7343779999999995
 31
0
  0
LINE
  5
B6C
330
22
100
AcDbEntity
  8
F.Silkscreen
  6
CONTINUOUS
100
AcDbLine
 10
97.2548919999999981
 20
-25.7343779999999995
 30
0
 11
97.2530610000000024
 21
-25.7336189999999974
 31
0
  0
LINE
  5
B6D
330
22
100
AcDbEntity
  8
F.Silkscreen
  6
CONTINUOUS
100
AcDbLine
 10
97.2530610000000024
 20
-25.7336189999999974
 30
0
 11
97.2458060000000017
 21
-25.7319700000000005
 31
0
  0
LINE
  5
B6E
330
22
100
AcDbEntity
  8
F.Silkscreen
  6
CONTINUOUS
100
AcDbLine
 10
97.2458060000000017
 20
-25.7319700000000005
 30
0
 11
97.1029499999999928
 21
-25.6843509999999995
 31
0
  0
LINE
  5
B6F
330
22
100
AcDbEntity
  8
F.Silkscreen
  6
CONTINUOUS
100
AcDbLine
 10
97.1029499999999928
 20
-25.6843509999999995
 30
0
 11
97.0895239999999973
 21
-25.6783569999999983
 31
0
  0
LINE
  5
B70
330
22
100
AcDbEntity
  8
F.Silkscreen
  6
CONTINUOUS
100
AcDbLine
 10
97.0895239999999973
 20
-25.6783569999999983
 30
0
 11
97.0674169999999918
 21
-25.6591829999999987
 31
0
  0
LINE
  5
B71
330
22
100
AcDbEntity
  8
F.Silkscreen
  6
CONTINUOUS
100
AcDbLine
 10
97.0674169999999918
 20
-25.6591829999999987
 30
0
 11
97.0543309999999906
 21
-25.6330099999999987
 31
0
  0
LINE
  5
B72
330
22
100
AcDbEntity
  8
F.Silkscreen
  6
CONTINUOUS
100
AcDbLine
 10
97.0543309999999906
 20
-25.6330099999999987
 30
0
 11
97.0522559999999999
 21
-25.6038199999999989
 31
0
  0
LINE
  5
B73
330
22
100
AcDbEntity
  8
F.Silkscreen
  6
CONTINUOUS
100
AcDbLine
 10
97.0522559999999999
 20
-25.6038199999999989
 30
0
 11
97.0615099999999984
 21
-25.5760569999999987
 31
0
  0
LINE
  5
B74
330
22
100
AcDbEntity
  8
F.Silkscreen
  6
CONTINUOUS
100
AcDbLine
 10
97.0615099999999984
 20
-25.5760569999999987
 30
0
 11
97.0806839999999909
 21
-25.5539500000000004
 31
0
  0
LINE
  5
B75
330
22
100
AcDbEntity
  8
F.Silkscreen
  6
CONTINUOUS
100
AcDbLine
 10
97.0806839999999909
 20
-25.5539500000000004
 30
0
 11
97.1068569999999909
 21
-25.5408639999999991
 31
0
  0
LINE
  5
B76
330
22
100
AcDbEntity
  8
F.Silkscreen
  6
CONTINUOUS
100
AcDbLine
 10
97.1068569999999909
 20
-25.5408639999999991
 30
0
 11
97.1360469999999907
 21
-25.5387889999999977
 31
0
  0
LINE
  5
B77
330
22
100
AcDbEntity
  8
F.Silkscreen
  6
CONTINUOUS
100
AcDbLine
 10
97.1360469999999907
 20
-25.5387889999999977
 30
0
 11
97.1503840000000025
 21
-25.5420489999999987
 31
0
  0
LINE
  5
B78
330
22
100
AcDbEntity
  8
F.Silkscreen
  6
CONTINUOUS
100
AcDbLine
 10
97.1503840000000025
 20
-25.5420489999999987
 30
0
 11
97.2816940000000017
 21
-25.5858189999999972
 31
0
  0
LINE
  5
B79
330
22
100
AcDbEntity
  8
F.Silkscreen
  6
CONTINUOUS
100
AcDbLine
 10
97.2816940000000017
 20
-25.5858189999999972
 30
0
 11
97.4899139999999989
 21
-25.5858189999999972
 31
0
  0
LINE
  5
B7A
330
22
100
AcDbEntity
  8
F.Silkscreen
  6
CONTINUOUS
100
AcDbLine
 10
97.4899139999999989
 20
-25.5858189999999972
 30
0
 11
97.5584289999999896
 21
-25.5515609999999995
 31
0
  0
LINE
  5
B7B
330
22
100
AcDbEntity
  8
F.Silkscreen
  6
CONTINUOUS
100
AcDbLine
 10
97.5584289999999896
 20
-25.5515609999999995
 30
0
 11
97.5888360000000006
 21
-25.5211529999999982
 31
0
  0
LINE
  5
B7C
330
22
100
AcDbEntity
  8
F.Silkscreen
  6
CONTINUOUS
100
AcDbLine
 10
97.5888360000000006
 20
-25.5211529999999982
 30
0
 11
97.6230949999999922
 21
-25.4526369999999993
 31
0
  0
LINE
  5
B7D
330
22
100
AcDbEntity
  8
F.Silkscreen
  6
CONTINUOUS
100
AcDbLine
 10
97.6230949999999922
 20
-25.4526369999999993
 30
0
 11
97.6230949999999922
 21
-25.3928089999999997
 31
0
  0
LINE
  5
B7E
330
22
100
AcDbEntity
  8
F.Silkscreen
  6
CONTINUOUS
100
AcDbLine
 10
97.6230949999999922
 20
-25.3928089999999997
 30
0
 11
97.5888369999999981
 21
-25.3242929999999973
 31
0
  0
LINE
  5
B7F
330
22
100
AcDbEntity
  8
F.Silkscreen
  6
CONTINUOUS
100
AcDbLine
 10
97.5888369999999981
 20
-25.3242929999999973
 30
0
 11
97.5584300000000013
 21
-25.2938860000000005
 31
0
  0
LINE
  5
B80
330
22
100
AcDbEntity
  8
F.Silkscreen
  6
CONTINUOUS
100
AcDbLine
 10
97.5584300000000013
 20
-25.2938860000000005
 30
0
 11
97.4814429999999987
 21
-25.2553920000000005
 31
0
  0
LINE
  5
B81
330
22
100
AcDbEntity
  8
F.Silkscreen
  6
CONTINUOUS
100
AcDbLine
 10
97.4814429999999987
 20
-25.2553920000000005
 30
0
 11
97.2989529999999974
 21
-25.2097699999999989
 31
0
  0
LINE
  5
B82
330
22
100
AcDbEntity
  8
F.Silkscreen
  6
CONTINUOUS
100
AcDbLine
 10
97.2989529999999974
 20
-25.2097699999999989
 30
0
 11
97.2978729999999956
 21
-25.209384
 31
0
  0
LINE
  5
B83
330
22
100
AcDbEntity
  8
F.Silkscreen
  6
CONTINUOUS
100
AcDbLine
 10
97.2978729999999956
 20
-25.209384
 30
0
 11
97.2973329999999947
 21
-25.209346
 31
0
  0
LINE
  5
B84
330
22
100
AcDbEntity
  8
F.Silkscreen
  6
CONTINUOUS
100
AcDbLine
 10
97.2973329999999947
 20
-25.209346
 30
0
 11
97.2912429999999944
 21
-25.2070149999999984
 31
0
  0
LINE
  5
B85
330
22
100
AcDbEntity
  8
F.Silkscreen
  6
CONTINUOUS
100
AcDbLine
 10
97.2912429999999944
 20
-25.2070149999999984
 30
0
 11
97.2851069999999964
 21
-25.2048229999999975
 31
0
  0
LINE
  5
B86
330
22
100
AcDbEntity
  8
F.Silkscreen
  6
CONTINUOUS
100
AcDbLine
 10
97.2851069999999964
 20
-25.2048229999999975
 30
0
 11
97.2846709999999888
 21
-25.2044999999999995
 31
0
  0
LINE
  5
B87
330
22
100
AcDbEntity
  8
F.Silkscreen
  6
CONTINUOUS
100
AcDbLine
 10
97.2846709999999888
 20
-25.2044999999999995
 30
0
 11
97.2836020000000019
 21
-25.2040909999999982
 31
0
  0
LINE
  5
B88
330
22
100
AcDbEntity
  8
F.Silkscreen
  6
CONTINUOUS
100
AcDbLine
 10
97.2836020000000019
 20
-25.2040909999999982
 30
0
 11
97.1883639999999929
 21
-25.1564719999999973
 31
0
  0
LINE
  5
B89
330
22
100
AcDbEntity
  8
F.Silkscreen
  6
CONTINUOUS
100
AcDbLine
 10
97.1883639999999929
 20
-25.1564719999999973
 30
0
 11
97.1820639999999969
 21
-25.1525069999999999
 31
0
  0
LINE
  5
B8A
330
22
100
AcDbEntity
  8
F.Silkscreen
  6
CONTINUOUS
100
AcDbLine
 10
97.1820639999999969
 20
-25.1525069999999999
 30
0
 11
97.1802369999999911
 21
-25.1517499999999998
 31
0
  0
LINE
  5
B8B
330
22
100
AcDbEntity
  8
F.Silkscreen
  6
CONTINUOUS
100
AcDbLine
 10
97.1802369999999911
 20
-25.1517499999999998
 30
0
 11
97.1781799999999976
 21
-25.1500609999999973
 31
0
  0
LINE
  5
B8C
330
22
100
AcDbEntity
  8
F.Silkscreen
  6
CONTINUOUS
100
AcDbLine
 10
97.1781799999999976
 20
-25.1500609999999973
 30
0
 11
97.1759210000000024
 21
-25.1486400000000003
 31
0
  0
LINE
  5
B8D
330
22
100
AcDbEntity
  8
F.Silkscreen
  6
CONTINUOUS
100
AcDbLine
 10
97.1759210000000024
 20
-25.1486400000000003
 30
0
 11
97.1746210000000019
 21
-25.1471409999999977
 31
0
  0
LINE
  5
B8E
330
22
100
AcDbEntity
  8
F.Silkscreen
  6
CONTINUOUS
100
AcDbLine
 10
97.1746210000000019
 20
-25.1471409999999977
 30
0
 11
97.1688719999999932
 21
-25.1424229999999973
 31
0
  0
LINE
  5
B8F
330
22
100
AcDbEntity
  8
F.Silkscreen
  6
CONTINUOUS
100
AcDbLine
 10
97.1688719999999932
 20
-25.1424229999999973
 30
0
 11
97.1212529999999958
 21
-25.0948039999999999
 31
0
  0
LINE
  5
B90
330
22
100
AcDbEntity
  8
F.Silkscreen
  6
CONTINUOUS
100
AcDbLine
 10
97.1212529999999958
 20
-25.0948039999999999
 30
0
 11
97.1165340000000015
 21
-25.0890539999999973
 31
0
  0
LINE
  5
B91
330
22
100
AcDbEntity
  8
F.Silkscreen
  6
CONTINUOUS
100
AcDbLine
 10
97.1165340000000015
 20
-25.0890539999999973
 30
0
 11
97.1150359999999893
 21
-25.0877549999999978
 31
0
  0
LINE
  5
B92
330
22
100
AcDbEntity
  8
F.Silkscreen
  6
CONTINUOUS
100
AcDbLine
 10
97.1150359999999893
 20
-25.0877549999999978
 30
0
 11
97.1136139999999983
 21
-25.0854949999999981
 31
0
  0
LINE
  5
B93
330
22
100
AcDbEntity
  8
F.Silkscreen
  6
CONTINUOUS
100
AcDbLine
 10
97.1136139999999983
 20
-25.0854949999999981
 30
0
 11
97.1119259999999969
 21
-25.0834389999999985
 31
0
  0
LINE
  5
B94
330
22
100
AcDbEntity
  8
F.Silkscreen
  6
CONTINUOUS
100
AcDbLine
 10
97.1119259999999969
 20
-25.0834389999999985
 30
0
 11
97.1111679999999922
 21
-25.0816109999999988
 31
0
  0
LINE
  5
B95
330
22
100
AcDbEntity
  8
F.Silkscreen
  6
CONTINUOUS
100
AcDbLine
 10
97.1111679999999922
 20
-25.0816109999999988
 30
0
 11
97.1072039999999959
 21
-25.0753120000000003
 31
0
  0
LINE
  5
B96
330
22
100
AcDbEntity
  8
F.Silkscreen
  6
CONTINUOUS
100
AcDbLine
 10
97.1072039999999959
 20
-25.0753120000000003
 30
0
 11
97.0595849999999984
 21
-24.9800739999999983
 31
0
  0
LINE
  5
B97
330
22
100
AcDbEntity
  8
F.Silkscreen
  6
CONTINUOUS
100
AcDbLine
 10
97.0595849999999984
 20
-24.9800739999999983
 30
0
 11
97.0543299999999931
 21
-24.9663419999999974
 31
0
  0
LINE
  5
B98
330
22
100
AcDbEntity
  8
F.Silkscreen
  6
CONTINUOUS
100
AcDbLine
 10
97.0543299999999931
 20
-24.9663419999999974
 30
0
 11
97.0541389999999922
 21
-24.9636539999999982
 31
0
  0
LINE
  5
B99
330
22
100
AcDbEntity
  8
F.Silkscreen
  6
CONTINUOUS
100
AcDbLine
 10
97.0541389999999922
 20
-24.9636539999999982
 30
0
 11
97.0531079999999946
 21
-24.9611649999999976
 31
0
  0
LINE
  5
B9A
330
22
100
AcDbEntity
  8
F.Silkscreen
  6
CONTINUOUS
100
AcDbLine
 10
97.0531079999999946
 20
-24.9611649999999976
 30
0
 11
97.0516669999999948
 21
-24.9465329999999987
 31
0
  0
LINE
  5
B9B
330
22
100
AcDbEntity
  8
F.Silkscreen
  6
CONTINUOUS
100
AcDbLine
 10
97.0516669999999948
 20
-24.9465329999999987
 30
0
 11
97.0516669999999948
 21
-24.8512950000000004
 31
0
  0
LINE
  5
B9C
330
22
100
AcDbEntity
  8
F.Silkscreen
  6
CONTINUOUS
100
AcDbLine
 10
97.0516669999999948
 20
-24.8512950000000004
 30
0
 11
97.0531079999999946
 21
-24.8366629999999979
 31
0
  0
LINE
  5
B9D
330
22
100
AcDbEntity
  8
F.Silkscreen
  6
CONTINUOUS
100
AcDbLine
 10
97.0531079999999946
 20
-24.8366629999999979
 30
0
 11
97.0541389999999922
 21
-24.8341729999999998
 31
0
  0
LINE
  5
B9E
330
22
100
AcDbEntity
  8
F.Silkscreen
  6
CONTINUOUS
100
AcDbLine
 10
97.0541389999999922
 20
-24.8341729999999998
 30
0
 11
97.0543299999999931
 21
-24.8314859999999982
 31
0
  0
LINE
  5
B9F
330
22
100
AcDbEntity
  8
F.Silkscreen
  6
CONTINUOUS
100
AcDbLine
 10
97.0543299999999931
 20
-24.8314859999999982
 30
0
 11
97.0595849999999984
 21
-24.8177539999999972
 31
0
  0
LINE
  5
BA0
330
22
100
AcDbEntity
  8
F.Silkscreen
  6
CONTINUOUS
100
AcDbLine
 10
97.0595849999999984
 20
-24.8177539999999972
 30
0
 11
97.1072039999999959
 21
-24.7225159999999988
 31
0
  0
LINE
  5
BA1
330
22
100
AcDbEntity
  8
F.Silkscreen
  6
CONTINUOUS
100
AcDbLine
 10
97.1072039999999959
 20
-24.7225159999999988
 30
0
 11
97.1111679999999922
 21
-24.7162159999999993
 31
0
  0
LINE
  5
BA2
330
22
100
AcDbEntity
  8
F.Silkscreen
  6
CONTINUOUS
100
AcDbLine
 10
97.1111679999999922
 20
-24.7162159999999993
 30
0
 11
97.1119259999999969
 21
-24.7143890000000006
 31
0
  0
LINE
  5
BA3
330
22
100
AcDbEntity
  8
F.Silkscreen
  6
CONTINUOUS
100
AcDbLine
 10
97.1119259999999969
 20
-24.7143890000000006
 30
0
 11
97.1136139999999983
 21
-24.712332
 31
0
  0
LINE
  5
BA4
330
22
100
AcDbEntity
  8
F.Silkscreen
  6
CONTINUOUS
100
AcDbLine
 10
97.1136139999999983
 20
-24.712332
 30
0
 11
97.1150359999999893
 21
-24.7100729999999977
 31
0
  0
LINE
  5
BA5
330
22
100
AcDbEntity
  8
F.Silkscreen
  6
CONTINUOUS
100
AcDbLine
 10
97.1150359999999893
 20
-24.7100729999999977
 30
0
 11
97.1165340000000015
 21
-24.7087729999999972
 31
0
  0
LINE
  5
BA6
330
22
100
AcDbEntity
  8
F.Silkscreen
  6
CONTINUOUS
100
AcDbLine
 10
97.1165340000000015
 20
-24.7087729999999972
 30
0
 11
97.1212529999999958
 21
-24.7030239999999992
 31
0
  0
LINE
  5
BA7
330
22
100
AcDbEntity
  8
F.Silkscreen
  6
CONTINUOUS
100
AcDbLine
 10
97.1212529999999958
 20
-24.7030239999999992
 30
0
 11
97.1688719999999932
 21
-24.6554049999999982
 31
0
  0
LINE
  5
BA8
330
22
100
AcDbEntity
  8
F.Silkscreen
  6
CONTINUOUS
100
AcDbLine
 10
97.1688719999999932
 20
-24.6554049999999982
 30
0
 11
97.1746210000000019
 21
-24.6506860000000003
 31
0
  0
LINE
  5
BA9
330
22
100
AcDbEntity
  8
F.Silkscreen
  6
CONTINUOUS
100
AcDbLine
 10
97.1746210000000019
 20
-24.6506860000000003
 30
0
 11
97.1759210000000024
 21
-24.6491879999999988
 31
0
  0
LINE
  5
BAA
330
22
100
AcDbEntity
  8
F.Silkscreen
  6
CONTINUOUS
100
AcDbLine
 10
97.1759210000000024
 20
-24.6491879999999988
 30
0
 11
97.1781799999999976
 21
-24.6477659999999972
 31
0
  0
LINE
  5
BAB
330
22
100
AcDbEntity
  8
F.Silkscreen
  6
CONTINUOUS
100
AcDbLine
 10
97.1781799999999976
 20
-24.6477659999999972
 30
0
 11
97.1802369999999911
 21
-24.6460779999999993
 31
0
  0
LINE
  5
BAC
330
22
100
AcDbEntity
  8
F.Silkscreen
  6
CONTINUOUS
100
AcDbLine
 10
97.1802369999999911
 20
-24.6460779999999993
 30
0
 11
97.1820639999999969
 21
-24.6453199999999981
 31
0
  0
LINE
  5
BAD
330
22
100
AcDbEntity
  8
F.Silkscreen
  6
CONTINUOUS
100
AcDbLine
 10
97.1820639999999969
 20
-24.6453199999999981
 30
0
 11
97.1883639999999929
 21
-24.6413559999999983
 31
0
  0
LINE
  5
BAE
330
22
100
AcDbEntity
  8
F.Silkscreen
  6
CONTINUOUS
100
AcDbLine
 10
97.1883639999999929
 20
-24.6413559999999983
 30
0
 11
97.2836020000000019
 21
-24.5937369999999973
 31
0
  0
LINE
  5
BAF
330
22
100
AcDbEntity
  8
F.Silkscreen
  6
CONTINUOUS
100
AcDbLine
 10
97.2836020000000019
 20
-24.5937369999999973
 30
0
 11
97.2973329999999947
 21
-24.5884819999999991
 31
0
  0
LINE
  5
BB0
330
22
100
AcDbEntity
  8
F.Silkscreen
  6
CONTINUOUS
100
AcDbLine
 10
97.2973329999999947
 20
-24.5884819999999991
 30
0
 11
97.3000219999999985
 21
-24.5882900000000006
 31
0
  0
LINE
  5
BB1
330
22
100
AcDbEntity
  8
F.Silkscreen
  6
CONTINUOUS
100
AcDbLine
 10
97.3000219999999985
 20
-24.5882900000000006
 30
0
 11
97.3025109999999955
 21
-24.5872600000000006
 31
0
  0
LINE
  5
BB2
330
22
100
AcDbEntity
  8
F.Silkscreen
  6
CONTINUOUS
100
AcDbLine
 10
97.3025109999999955
 20
-24.5872600000000006
 30
0
 11
97.3171430000000015
 21
-24.5858189999999972
 31
0
  0
LINE
  5
BB3
330
22
100
AcDbEntity
  8
F.Silkscreen
  6
CONTINUOUS
100
AcDbLine
 10
97.3171430000000015
 20
-24.5858189999999972
 30
0
 11
97.5552379999999886
 21
-24.5858189999999972
 31
0
  0
LINE
  5
BB4
330
22
100
AcDbEntity
  8
F.Silkscreen
  6
CONTINUOUS
100
AcDbLine
 10
97.5552379999999886
 20
-24.5858189999999972
 30
0
 11
97.5626429999999942
 21
-24.5865480000000005
 31
0
  0
LINE
  5
BB5
330
22
100
AcDbEntity
  8
F.Silkscreen
  6
CONTINUOUS
100
AcDbLine
 10
99.5148239999999902
 20
-24.5872600000000006
 30
0
 11
99.5222509999999971
 21
-24.5872600000000006
 31
0
  0
LINE
  5
BB6
330
22
100
AcDbEntity
  8
F.Silkscreen
  6
CONTINUOUS
100
AcDbLine
 10
99.5222509999999971
 20
-24.5872600000000006
 30
0
 11
99.5290389999999974
 21
-24.5900719999999993
 31
0
  0
LINE
  5
BB7
330
22
100
AcDbEntity
  8
F.Silkscreen
  6
CONTINUOUS
100
AcDbLine
 10
99.5290389999999974
 20
-24.5900719999999993
 30
0
 11
99.5362480000000005
 21
-24.5914979999999979
 31
0
  0
LINE
  5
BB8
330
22
100
AcDbEntity
  8
F.Silkscreen
  6
CONTINUOUS
100
AcDbLine
 10
99.5362480000000005
 20
-24.5914979999999979
 30
0
 11
99.5424269999999893
 21
-24.5956169999999972
 31
0
  0
LINE
  5
BB9
330
22
100
AcDbEntity
  8
F.Silkscreen
  6
CONTINUOUS
100
AcDbLine
 10
99.5424269999999893
 20
-24.5956169999999972
 30
0
 11
99.5492869999999925
 21
-24.5984589999999983
 31
0
  0
LINE
  5
BBA
330
22
100
AcDbEntity
  8
F.Silkscreen
  6
CONTINUOUS
100
AcDbLine
 10
99.5492869999999925
 20
-24.5984589999999983
 30
0
 11
99.5544799999999981
 21
-24.6036520000000003
 31
0
  0
LINE
  5
BBB
330
22
100
AcDbEntity
  8
F.Silkscreen
  6
CONTINUOUS
100
AcDbLine
 10
99.5544799999999981
 20
-24.6036520000000003
 30
0
 11
99.5605970000000013
 21
-24.6077300000000001
 31
0
  0
LINE
  5
BBC
330
22
100
AcDbEntity
  8
F.Silkscreen
  6
CONTINUOUS
100
AcDbLine
 10
99.5605970000000013
 20
-24.6077300000000001
 30
0
 11
99.5647299999999973
 21
-24.6139019999999995
 31
0
  0
LINE
  5
BBD
330
22
100
AcDbEntity
  8
F.Silkscreen
  6
CONTINUOUS
100
AcDbLine
 10
99.5647299999999973
 20
-24.6139019999999995
 30
0
 11
99.5699789999999894
 21
-24.6191509999999987
 31
0
  0
LINE
  5
BBE
330
22
100
AcDbEntity
  8
F.Silkscreen
  6
CONTINUOUS
100
AcDbLine
 10
99.5699789999999894
 20
-24.6191509999999987
 30
0
 11
99.5727899999999977
 21
-24.6259379999999979
 31
0
  0
LINE
  5
BBF
330
22
100
AcDbEntity
  8
F.Silkscreen
  6
CONTINUOUS
100
AcDbLine
 10
99.5727899999999977
 20
-24.6259379999999979
 30
0
 11
99.5768799999999885
 21
-24.632044999999998
 31
0
  0
LINE
  5
BC0
330
22
100
AcDbEntity
  8
F.Silkscreen
  6
CONTINUOUS
100
AcDbLine
 10
99.5768799999999885
 20
-24.632044999999998
 30
0
 11
99.5783359999999931
 21
-24.6393260000000005
 31
0
  0
LINE
  5
BC1
330
22
100
AcDbEntity
  8
F.Silkscreen
  6
CONTINUOUS
100
AcDbLine
 10
99.5783359999999931
 20
-24.6393260000000005
 30
0
 11
99.5811779999999942
 21
-24.6461869999999976
 31
0
  0
LINE
  5
BC2
330
22
100
AcDbEntity
  8
F.Silkscreen
  6
CONTINUOUS
100
AcDbLine
 10
99.5811779999999942
 20
-24.6461869999999976
 30
0
 11
99.5826029999999918
 21
-24.6606629999999996
 31
0
  0
LINE
  5
BC3
330
22
100
AcDbEntity
  8
F.Silkscreen
  6
CONTINUOUS
100
AcDbLine
 10
99.5826029999999918
 20
-24.6606629999999996
 30
0
 11
99.582618999999994
 21
-24.6607400000000005
 31
0
  0
LINE
  5
BC4
330
22
100
AcDbEntity
  8
F.Silkscreen
  6
CONTINUOUS
100
AcDbLine
 10
99.582618999999994
 20
-24.6607400000000005
 30
0
 11
99.5826129999999949
 21
-24.6607659999999989
 31
0
  0
LINE
  5
BC5
330
22
100
AcDbEntity
  8
F.Silkscreen
  6
CONTINUOUS
100
AcDbLine
 10
99.5826129999999949
 20
-24.6607659999999989
 30
0
 11
99.582618999999994
 21
-24.660819
 31
0
  0
LINE
  5
BC6
330
22
100
AcDbEntity
  8
F.Silkscreen
  6
CONTINUOUS
100
AcDbLine
 10
99.582618999999994
 20
-24.660819
 30
0
 11
99.582618999999994
 21
-25.5858189999999972
 31
0
  0
LINE
  5
BC7
330
22
100
AcDbEntity
  8
F.Silkscreen
  6
CONTINUOUS
100
AcDbLine
 10
99.582618999999994
 20
-25.5858189999999972
 30
0
 11
99.7933329999999899
 21
-25.5858189999999972
 31
0
  0
LINE
  5
BC8
330
22
100
AcDbEntity
  8
F.Silkscreen
  6
CONTINUOUS
100
AcDbLine
 10
99.7933329999999899
 20
-25.5858189999999972
 30
0
 11
99.8079649999999958
 21
-25.5872600000000006
 31
0
  0
LINE
  5
BC9
330
22
100
AcDbEntity
  8
F.Silkscreen
  6
CONTINUOUS
100
AcDbLine
 10
99.8079649999999958
 20
-25.5872600000000006
 30
0
 11
99.8350009999999912
 21
-25.5984589999999983
 31
0
  0
LINE
  5
BCA
330
22
100
AcDbEntity
  8
F.Silkscreen
  6
CONTINUOUS
100
AcDbLine
 10
99.8350009999999912
 20
-25.5984589999999983
 30
0
 11
99.8556930000000023
 21
-25.6191509999999987
 31
0
  0
LINE
  5
BCB
330
22
100
AcDbEntity
  8
F.Silkscreen
  6
CONTINUOUS
100
AcDbLine
 10
99.8556930000000023
 20
-25.6191509999999987
 30
0
 11
99.8668919999999929
 21
-25.6461869999999976
 31
0
  0
LINE
  5
BCC
330
22
100
AcDbEntity
  8
F.Silkscreen
  6
CONTINUOUS
100
AcDbLine
 10
99.8668919999999929
 20
-25.6461869999999976
 30
0
 11
99.8668919999999929
 21
-25.6754509999999989
 31
0
  0
LINE
  5
BCD
330
22
100
AcDbEntity
  8
F.Silkscreen
  6
CONTINUOUS
100
AcDbLine
 10
99.8668919999999929
 20
-25.6754509999999989
 30
0
 11
99.8556930000000023
 21
-25.7024869999999979
 31
0
  0
LINE
  5
BCE
330
22
100
AcDbEntity
  8
F.Silkscreen
  6
CONTINUOUS
100
AcDbLine
 10
99.8556930000000023
 20
-25.7024869999999979
 30
0
 11
99.8350009999999912
 21
-25.7231789999999982
 31
0
  0
LINE
  5
BCF
330
22
100
AcDbEntity
  8
F.Silkscreen
  6
CONTINUOUS
100
AcDbLine
 10
99.8350009999999912
 20
-25.7231789999999982
 30
0
 11
99.8079649999999958
 21
-25.7343779999999995
 31
0
  0
LINE
  5
BD0
330
22
100
AcDbEntity
  8
F.Silkscreen
  6
CONTINUOUS
100
AcDbLine
 10
99.8079649999999958
 20
-25.7343779999999995
 30
0
 11
99.7933329999999899
 21
-25.7358189999999993
 31
0
  0
LINE
  5
BD1
330
22
100
AcDbEntity
  8
F.Silkscreen
  6
CONTINUOUS
100
AcDbLine
 10
99.7933329999999899
 20
-25.7358189999999993
 30
0
 11
99.2219049999999925
 21
-25.7358189999999993
 31
0
  0
LINE
  5
BD2
330
22
100
AcDbEntity
  8
F.Silkscreen
  6
CONTINUOUS
100
AcDbLine
 10
99.2219049999999925
 20
-25.7358189999999993
 30
0
 11
99.2072730000000007
 21
-25.7343779999999995
 31
0
  0
LINE
  5
BD3
330
22
100
AcDbEntity
  8
F.Silkscreen
  6
CONTINUOUS
100
AcDbLine
 10
99.2072730000000007
 20
-25.7343779999999995
 30
0
 11
99.1802369999999911
 21
-25.7231789999999982
 31
0
  0
LINE
  5
BD4
330
22
100
AcDbEntity
  8
F.Silkscreen
  6
CONTINUOUS
100
AcDbLine
 10
99.1802369999999911
 20
-25.7231789999999982
 30
0
 11
99.1595449999999943
 21
-25.7024869999999979
 31
0
  0
LINE
  5
BD5
330
22
100
AcDbEntity
  8
F.Silkscreen
  6
CONTINUOUS
100
AcDbLine
 10
99.1595449999999943
 20
-25.7024869999999979
 30
0
 11
99.1483459999999894
 21
-25.6754509999999989
 31
0
  0
LINE
  5
BD6
330
22
100
AcDbEntity
  8
F.Silkscreen
  6
CONTINUOUS
100
AcDbLine
 10
99.1483459999999894
 20
-25.6754509999999989
 30
0
 11
99.1483459999999894
 21
-25.6461869999999976
 31
0
  0
LINE
  5
BD7
330
22
100
AcDbEntity
  8
F.Silkscreen
  6
CONTINUOUS
100
AcDbLine
 10
99.1483459999999894
 20
-25.6461869999999976
 30
0
 11
99.1595449999999943
 21
-25.6191509999999987
 31
0
  0
LINE
  5
BD8
330
22
100
AcDbEntity
  8
F.Silkscreen
  6
CONTINUOUS
100
AcDbLine
 10
99.1595449999999943
 20
-25.6191509999999987
 30
0
 11
99.1802369999999911
 21
-25.5984589999999983
 31
0
  0
LINE
  5
BD9
330
22
100
AcDbEntity
  8
F.Silkscreen
  6
CONTINUOUS
100
AcDbLine
 10
99.1802369999999911
 20
-25.5984589999999983
 30
0
 11
99.2072730000000007
 21
-25.5872600000000006
 31
0
  0
LINE
  5
BDA
330
22
100
AcDbEntity
  8
F.Silkscreen
  6
CONTINUOUS
100
AcDbLine
 10
99.2072730000000007
 20
-25.5872600000000006
 30
0
 11
99.2219049999999925
 21
-25.5858189999999972
 31
0
  0
LINE
  5
BDB
330
22
100
AcDbEntity
  8
F.Silkscreen
  6
CONTINUOUS
100
AcDbLine
 10
99.2219049999999925
 20
-25.5858189999999972
 30
0
 11
99.4326190000000025
 21
-25.5858189999999972
 31
0
  0
LINE
  5
BDC
330
22
100
AcDbEntity
  8
F.Silkscreen
  6
CONTINUOUS
100
AcDbLine
 10
99.4326190000000025
 20
-25.5858189999999972
 30
0
 11
99.4326190000000025
 21
-24.8895039999999987
 31
0
  0
LINE
  5
BDD
330
22
100
AcDbEntity
  8
F.Silkscreen
  6
CONTINUOUS
100
AcDbLine
 10
99.4326190000000025
 20
-24.8895039999999987
 30
0
 11
99.3701760000000007
 21
-24.9519470000000005
 31
0
  0
LINE
  5
BDE
330
22
100
AcDbEntity
  8
F.Silkscreen
  6
CONTINUOUS
100
AcDbLine
 10
99.3701760000000007
 20
-24.9519470000000005
 30
0
 11
99.3644259999999946
 21
-24.9566649999999974
 31
0
  0
LINE
  5
BDF
330
22
100
AcDbEntity
  8
F.Silkscreen
  6
CONTINUOUS
100
AcDbLine
 10
99.3644259999999946
 20
-24.9566649999999974
 30
0
 11
99.3631269999999915
 21
-24.958164
 31
0
  0
LINE
  5
BE0
330
22
100
AcDbEntity
  8
F.Silkscreen
  6
CONTINUOUS
100
AcDbLine
 10
99.3631269999999915
 20
-24.958164
 30
0
 11
99.3608669999999989
 21
-24.9595850000000006
 31
0
  0
LINE
  5
BE1
330
22
100
AcDbEntity
  8
F.Silkscreen
  6
CONTINUOUS
100
AcDbLine
 10
99.3608669999999989
 20
-24.9595850000000006
 30
0
 11
99.3588109999999887
 21
-24.9612739999999995
 31
0
  0
LINE
  5
BE2
330
22
100
AcDbEntity
  8
F.Silkscreen
  6
CONTINUOUS
100
AcDbLine
 10
99.3588109999999887
 20
-24.9612739999999995
 30
0
 11
99.3569829999999996
 21
-24.9620309999999996
 31
0
  0
LINE
  5
BE3
330
22
100
AcDbEntity
  8
F.Silkscreen
  6
CONTINUOUS
100
AcDbLine
 10
99.3569829999999996
 20
-24.9620309999999996
 30
0
 11
99.3506840000000011
 21
-24.9659960000000005
 31
0
  0
LINE
  5
BE4
330
22
100
AcDbEntity
  8
F.Silkscreen
  6
CONTINUOUS
100
AcDbLine
 10
99.3506840000000011
 20
-24.9659960000000005
 30
0
 11
99.2554459999999921
 21
-25.0136149999999979
 31
0
  0
LINE
  5
BE5
330
22
100
AcDbEntity
  8
F.Silkscreen
  6
CONTINUOUS
100
AcDbLine
 10
99.2554459999999921
 20
-25.0136149999999979
 30
0
 11
99.2417140000000018
 21
-25.0188699999999997
 31
0
  0
LINE
  5
BE6
330
22
100
AcDbEntity
  8
F.Silkscreen
  6
CONTINUOUS
100
AcDbLine
 10
99.2417140000000018
 20
-25.0188699999999997
 30
0
 11
99.2125240000000019
 21
-25.0209440000000001
 31
0
  0
LINE
  5
BE7
330
22
100
AcDbEntity
  8
F.Silkscreen
  6
CONTINUOUS
100
AcDbLine
 10
99.2125240000000019
 20
-25.0209440000000001
 30
0
 11
99.1847629999999896
 21
-25.011689999999998
 31
0
  0
LINE
  5
BE8
330
22
100
AcDbEntity
  8
F.Silkscreen
  6
CONTINUOUS
100
AcDbLine
 10
99.1847629999999896
 20
-25.011689999999998
 30
0
 11
99.1626550000000009
 21
-24.9925169999999994
 31
0
  0
LINE
  5
BE9
330
22
100
AcDbEntity
  8
F.Silkscreen
  6
CONTINUOUS
100
AcDbLine
 10
99.1626550000000009
 20
-24.9925169999999994
 30
0
 11
99.1495680000000021
 21
-24.9663419999999974
 31
0
  0
LINE
  5
BEA
330
22
100
AcDbEntity
  8
F.Silkscreen
  6
CONTINUOUS
100
AcDbLine
 10
99.1495680000000021
 20
-24.9663419999999974
 30
0
 11
99.1474939999999947
 21
-24.9371519999999975
 31
0
  0
LINE
  5
BEB
330
22
100
AcDbEntity
  8
F.Silkscreen
  6
CONTINUOUS
100
AcDbLine
 10
99.1474939999999947
 20
-24.9371519999999975
 30
0
 11
99.1567479999999932
 21
-24.9093909999999994
 31
0
  0
LINE
  5
BEC
330
22
100
AcDbEntity
  8
F.Silkscreen
  6
CONTINUOUS
100
AcDbLine
 10
99.1567479999999932
 20
-24.9093909999999994
 30
0
 11
99.1759210000000024
 21
-24.887283
 31
0
  0
LINE
  5
BED
330
22
100
AcDbEntity
  8
F.Silkscreen
  6
CONTINUOUS
100
AcDbLine
 10
99.1759210000000024
 20
-24.887283
 30
0
 11
99.1883639999999929
 21
-24.8794509999999995
 31
0
  0
LINE
  5
BEE
330
22
100
AcDbEntity
  8
F.Silkscreen
  6
CONTINUOUS
100
AcDbLine
 10
99.1883639999999929
 20
-24.8794509999999995
 30
0
 11
99.2727159999999884
 21
-24.8372749999999982
 31
0
  0
LINE
  5
BEF
330
22
100
AcDbEntity
  8
F.Silkscreen
  6
CONTINUOUS
100
AcDbLine
 10
99.2727159999999884
 20
-24.8372749999999982
 30
0
 11
99.3540950000000009
 21
-24.7558959999999999
 31
0
  0
LINE
  5
BF0
330
22
100
AcDbEntity
  8
F.Silkscreen
  6
CONTINUOUS
100
AcDbLine
 10
99.3540950000000009
 20
-24.7558959999999999
 30
0
 11
99.4452149999999904
 21
-24.619215999999998
 31
0
  0
LINE
  5
BF1
330
22
100
AcDbEntity
  8
F.Silkscreen
  6
CONTINUOUS
100
AcDbLine
 10
99.4452149999999904
 20
-24.619215999999998
 30
0
 11
99.4452489999999898
 21
-24.619173
 31
0
  0
LINE
  5
BF2
330
22
100
AcDbEntity
  8
F.Silkscreen
  6
CONTINUOUS
100
AcDbLine
 10
99.4452489999999898
 20
-24.619173
 30
0
 11
99.445258999999993
 21
-24.6191509999999987
 31
0
  0
LINE
  5
BF3
330
22
100
AcDbEntity
  8
F.Silkscreen
  6
CONTINUOUS
100
AcDbLine
 10
99.445258999999993
 20
-24.6191509999999987
 30
0
 11
99.4453099999999921
 21
-24.6190989999999985
 31
0
  0
LINE
  5
BF4
330
22
100
AcDbEntity
  8
F.Silkscreen
  6
CONTINUOUS
100
AcDbLine
 10
99.4453099999999921
 20
-24.6190989999999985
 30
0
 11
99.4545309999999887
 21
-24.6078410000000005
 31
0
  0
LINE
  5
BF5
330
22
100
AcDbEntity
  8
F.Silkscreen
  6
CONTINUOUS
100
AcDbLine
 10
99.4545309999999887
 20
-24.6078410000000005
 30
0
 11
99.4606999999999886
 21
-24.6037089999999985
 31
0
  0
LINE
  5
BF6
330
22
100
AcDbEntity
  8
F.Silkscreen
  6
CONTINUOUS
100
AcDbLine
 10
99.4606999999999886
 20
-24.6037089999999985
 30
0
 11
99.4659509999999898
 21
-24.5984589999999983
 31
0
  0
LINE
  5
BF7
330
22
100
AcDbEntity
  8
F.Silkscreen
  6
CONTINUOUS
100
AcDbLine
 10
99.4659509999999898
 20
-24.5984589999999983
 30
0
 11
99.4727400000000017
 21
-24.5956459999999986
 31
0
  0
LINE
  5
BF8
330
22
100
AcDbEntity
  8
F.Silkscreen
  6
CONTINUOUS
100
AcDbLine
 10
99.4727400000000017
 20
-24.5956459999999986
 30
0
 11
99.4788459999999901
 21
-24.5915579999999991
 31
0
  0
LINE
  5
BF9
330
22
100
AcDbEntity
  8
F.Silkscreen
  6
CONTINUOUS
100
AcDbLine
 10
99.4788459999999901
 20
-24.5915579999999991
 30
0
 11
99.4861259999999987
 21
-24.5901010000000007
 31
0
  0
LINE
  5
BFA
330
22
100
AcDbEntity
  8
F.Silkscreen
  6
CONTINUOUS
100
AcDbLine
 10
99.4861259999999987
 20
-24.5901010000000007
 30
0
 11
99.4929869999999994
 21
-24.5872600000000006
 31
0
  0
LINE
  5
BFB
330
22
100
AcDbEntity
  8
F.Silkscreen
  6
CONTINUOUS
100
AcDbLine
 10
99.4929869999999994
 20
-24.5872600000000006
 30
0
 11
99.5003349999999926
 21
-24.5872600000000006
 31
0
  0
LINE
  5
BFC
330
22
100
AcDbEntity
  8
F.Silkscreen
  6
CONTINUOUS
100
AcDbLine
 10
99.5003349999999926
 20
-24.5872600000000006
 30
0
 11
99.5075399999999917
 21
-24.5858189999999972
 31
0
  0
LINE
  5
BFD
330
22
100
AcDbEntity
  8
F.Silkscreen
  6
CONTINUOUS
100
AcDbLine
 10
99.5075399999999917
 20
-24.5858189999999972
 30
0
 11
99.5148239999999902
 21
-24.5872600000000006
 31
0
  0
LINE
  5
BFE
330
22
100
AcDbEntity
  8
F.Silkscreen
  6
CONTINUOUS
100
AcDbLine
 10
98.9198439999999977
 20
-24.592649999999999
 30
0
 11
98.9435509999999994
 21
-24.609805999999999
 31
0
  0
LINE
  5
BFF
330
22
100
AcDbEntity
  8
F.Silkscreen
  6
CONTINUOUS
100
AcDbLine
 10
98.9435509999999994
 20
-24.609805999999999
 30
0
 11
98.9588869999999901
 21
-24.6347279999999991
 31
0
  0
LINE
  5
C00
330
22
100
AcDbEntity
  8
F.Silkscreen
  6
CONTINUOUS
100
AcDbLine
 10
98.9588869999999901
 20
-24.6347279999999991
 30
0
 11
98.9635200000000026
 21
-24.6636229999999976
 31
0
  0
LINE
  5
C01
330
22
100
AcDbEntity
  8
F.Silkscreen
  6
CONTINUOUS
100
AcDbLine
 10
98.9635200000000026
 20
-24.6636229999999976
 30
0
 11
98.9615319999999912
 21
-24.6781909999999982
 31
0
  0
LINE
  5
C02
330
22
100
AcDbEntity
  8
F.Silkscreen
  6
CONTINUOUS
100
AcDbLine
 10
98.9615319999999912
 20
-24.6781909999999982
 30
0
 11
98.7234359999999924
 21
-25.6781909999999982
 31
0
  0
LINE
  5
C03
330
22
100
AcDbEntity
  8
F.Silkscreen
  6
CONTINUOUS
100
AcDbLine
 10
98.7234359999999924
 20
-25.6781909999999982
 30
0
 11
98.7217059999999975
 21
-25.683208999999998
 31
0
  0
LINE
  5
C04
330
22
100
AcDbEntity
  8
F.Silkscreen
  6
CONTINUOUS
100
AcDbLine
 10
98.7217059999999975
 20
-25.683208999999998
 30
0
 11
98.7214669999999899
 21
-25.6850129999999979
 31
0
  0
LINE
  5
C05
330
22
100
AcDbEntity
  8
F.Silkscreen
  6
CONTINUOUS
100
AcDbLine
 10
98.7214669999999899
 20
-25.6850129999999979
 30
0
 11
98.720523
 21
-25.6866419999999991
 31
0
  0
LINE
  5
C06
330
22
100
AcDbEntity
  8
F.Silkscreen
  6
CONTINUOUS
100
AcDbLine
 10
98.720523
 20
-25.6866419999999991
 30
0
 11
98.7186459999999926
 21
-25.6920909999999978
 31
0
  0
LINE
  5
C07
330
22
100
AcDbEntity
  8
F.Silkscreen
  6
CONTINUOUS
100
AcDbLine
 10
98.7186459999999926
 20
-25.6920909999999978
 30
0
 11
98.7122600000000006
 21
-25.7009139999999974
 31
0
  0
LINE
  5
C08
330
22
100
AcDbEntity
  8
F.Silkscreen
  6
CONTINUOUS
100
AcDbLine
 10
98.7122600000000006
 20
-25.7009139999999974
 30
0
 11
98.7068049999999886
 21
-25.7103369999999991
 31
0
  0
LINE
  5
C09
330
22
100
AcDbEntity
  8
F.Silkscreen
  6
CONTINUOUS
100
AcDbLine
 10
98.7068049999999886
 20
-25.7103369999999991
 30
0
 11
98.7037469999999928
 21
-25.7126769999999993
 31
0
  0
LINE
  5
C0A
330
22
100
AcDbEntity
  8
F.Silkscreen
  6
CONTINUOUS
100
AcDbLine
 10
98.7037469999999928
 20
-25.7126769999999993
 30
0
 11
98.7014889999999951
 21
-25.7157979999999995
 31
0
  0
LINE
  5
C0B
330
22
100
AcDbEntity
  8
F.Silkscreen
  6
CONTINUOUS
100
AcDbLine
 10
98.7014889999999951
 20
-25.7157979999999995
 30
0
 11
98.6922169999999994
 21
-25.7215029999999985
 31
0
  0
LINE
  5
C0C
330
22
100
AcDbEntity
  8
F.Silkscreen
  6
CONTINUOUS
100
AcDbLine
 10
98.6922169999999994
 20
-25.7215029999999985
 30
0
 11
98.6835669999999965
 21
-25.7281249999999986
 31
0
  0
LINE
  5
C0D
330
22
100
AcDbEntity
  8
F.Silkscreen
  6
CONTINUOUS
100
AcDbLine
 10
98.6835669999999965
 20
-25.7281249999999986
 30
0
 11
98.6798429999999911
 21
-25.7291179999999997
 31
0
  0
LINE
  5
C0E
330
22
100
AcDbEntity
  8
F.Silkscreen
  6
CONTINUOUS
100
AcDbLine
 10
98.6798429999999911
 20
-25.7291179999999997
 30
0
 11
98.6765669999999915
 21
-25.7311339999999973
 31
0
  0
LINE
  5
C0F
330
22
100
AcDbEntity
  8
F.Silkscreen
  6
CONTINUOUS
100
AcDbLine
 10
98.6765669999999915
 20
-25.7311339999999973
 30
0
 11
98.665822999999989
 21
-25.7328559999999982
 31
0
  0
LINE
  5
C10
330
22
100
AcDbEntity
  8
F.Silkscreen
  6
CONTINUOUS
100
AcDbLine
 10
98.665822999999989
 20
-25.7328559999999982
 30
0
 11
98.6552919999999887
 21
-25.7356649999999973
 31
0
  0
LINE
  5
C11
330
22
100
AcDbEntity
  8
F.Silkscreen
  6
CONTINUOUS
100
AcDbLine
 10
98.6552919999999887
 20
-25.7356649999999973
 30
0
 11
98.6514729999999957
 21
-25.7351569999999974
 31
0
  0
LINE
  5
C12
330
22
100
AcDbEntity
  8
F.Silkscreen
  6
CONTINUOUS
100
AcDbLine
 10
98.6514729999999957
 20
-25.7351569999999974
 30
0
 11
98.647672
 21
-25.7357669999999992
 31
0
  0
LINE
  5
C13
330
22
100
AcDbEntity
  8
F.Silkscreen
  6
CONTINUOUS
100
AcDbLine
 10
98.647672
 20
-25.7357669999999992
 30
0
 11
98.6370759999999933
 21
-25.7332439999999991
 31
0
  0
LINE
  5
C14
330
22
100
AcDbEntity
  8
F.Silkscreen
  6
CONTINUOUS
100
AcDbLine
 10
98.6370759999999933
 20
-25.7332439999999991
 30
0
 11
98.6262830000000008
 21
-25.7318099999999994
 31
0
  0
LINE
  5
C15
330
22
100
AcDbEntity
  8
F.Silkscreen
  6
CONTINUOUS
100
AcDbLine
 10
98.6262830000000008
 20
-25.7318099999999994
 30
0
 11
98.6229510000000005
 21
-25.7298809999999989
 31
0
  0
LINE
  5
C16
330
22
100
AcDbEntity
  8
F.Silkscreen
  6
CONTINUOUS
100
AcDbLine
 10
98.6229510000000005
 20
-25.7298809999999989
 30
0
 11
98.6192039999999963
 21
-25.7289889999999986
 31
0
  0
LINE
  5
C17
330
22
100
AcDbEntity
  8
F.Silkscreen
  6
CONTINUOUS
100
AcDbLine
 10
98.6192039999999963
 20
-25.7289889999999986
 30
0
 11
98.6103789999999947
 21
-25.7226019999999984
 31
0
  0
LINE
  5
C18
330
22
100
AcDbEntity
  8
F.Silkscreen
  6
CONTINUOUS
100
AcDbLine
 10
98.6103789999999947
 20
-25.7226019999999984
 30
0
 11
98.6009579999999914
 21
-25.7171479999999981
 31
0
  0
LINE
  5
C19
330
22
100
AcDbEntity
  8
F.Silkscreen
  6
CONTINUOUS
100
AcDbLine
 10
98.6009579999999914
 20
-25.7171479999999981
 30
0
 11
98.5986169999999902
 21
-25.7140899999999988
 31
0
  0
LINE
  5
C1A
330
22
100
AcDbEntity
  8
F.Silkscreen
  6
CONTINUOUS
100
AcDbLine
 10
98.5986169999999902
 20
-25.7140899999999988
 30
0
 11
98.5954969999999946
 21
-25.7118319999999976
 31
0
  0
LINE
  5
C1B
330
22
100
AcDbEntity
  8
F.Silkscreen
  6
CONTINUOUS
100
AcDbLine
 10
98.5954969999999946
 20
-25.7118319999999976
 30
0
 11
98.5897909999999911
 21
-25.7025589999999973
 31
0
  0
LINE
  5
C1C
330
22
100
AcDbEntity
  8
F.Silkscreen
  6
CONTINUOUS
100
AcDbLine
 10
98.5897909999999911
 20
-25.7025589999999973
 30
0
 11
98.583170999999993
 21
-25.6939109999999999
 31
0
  0
LINE
  5
C1D
330
22
100
AcDbEntity
  8
F.Silkscreen
  6
CONTINUOUS
100
AcDbLine
 10
98.583170999999993
 20
-25.6939109999999999
 30
0
 11
98.5811449999999923
 21
-25.6885089999999998
 31
0
  0
LINE
  5
C1E
330
22
100
AcDbEntity
  8
F.Silkscreen
  6
CONTINUOUS
100
AcDbLine
 10
98.5811449999999923
 20
-25.6885089999999998
 30
0
 11
98.5801609999999897
 21
-25.6869099999999975
 31
0
  0
LINE
  5
C1F
330
22
100
AcDbEntity
  8
F.Silkscreen
  6
CONTINUOUS
100
AcDbLine
 10
98.5801609999999897
 20
-25.6869099999999975
 30
0
 11
98.5798729999999921
 21
-25.6851190000000003
 31
0
  0
LINE
  5
C20
330
22
100
AcDbEntity
  8
F.Silkscreen
  6
CONTINUOUS
100
AcDbLine
 10
98.5798729999999921
 20
-25.6851190000000003
 30
0
 11
98.578007999999997
 21
-25.6801439999999985
 31
0
  0
LINE
  5
C21
330
22
100
AcDbEntity
  8
F.Silkscreen
  6
CONTINUOUS
100
AcDbLine
 10
98.578007999999997
 20
-25.6801439999999985
 30
0
 11
98.4599989999999963
 21
-25.2376129999999996
 31
0
  0
LINE
  5
C22
330
22
100
AcDbEntity
  8
F.Silkscreen
  6
CONTINUOUS
100
AcDbLine
 10
98.4599989999999963
 20
-25.2376129999999996
 30
0
 11
98.3419919999999905
 21
-25.6801439999999985
 31
0
  0
LINE
  5
C23
330
22
100
AcDbEntity
  8
F.Silkscreen
  6
CONTINUOUS
100
AcDbLine
 10
98.3419919999999905
 20
-25.6801439999999985
 30
0
 11
98.3401259999999979
 21
-25.6851179999999992
 31
0
  0
LINE
  5
C24
330
22
100
AcDbEntity
  8
F.Silkscreen
  6
CONTINUOUS
100
AcDbLine
 10
98.3401259999999979
 20
-25.6851179999999992
 30
0
 11
98.3398389999999978
 21
-25.6869099999999975
 31
0
  0
LINE
  5
C25
330
22
100
AcDbEntity
  8
F.Silkscreen
  6
CONTINUOUS
100
AcDbLine
 10
98.3398389999999978
 20
-25.6869099999999975
 30
0
 11
98.3388539999999978
 21
-25.6885099999999973
 31
0
  0
LINE
  5
C26
330
22
100
AcDbEntity
  8
F.Silkscreen
  6
CONTINUOUS
100
AcDbLine
 10
98.3388539999999978
 20
-25.6885099999999973
 30
0
 11
98.3368289999999945
 21
-25.6939099999999989
 31
0
  0
LINE
  5
C27
330
22
100
AcDbEntity
  8
F.Silkscreen
  6
CONTINUOUS
100
AcDbLine
 10
98.3368289999999945
 20
-25.6939099999999989
 30
0
 11
98.3302099999999939
 21
-25.7025559999999977
 31
0
  0
LINE
  5
C28
330
22
100
AcDbEntity
  8
F.Silkscreen
  6
CONTINUOUS
100
AcDbLine
 10
98.3302099999999939
 20
-25.7025559999999977
 30
0
 11
98.3245029999999929
 21
-25.7118319999999976
 31
0
  0
LINE
  5
C29
330
22
100
AcDbEntity
  8
F.Silkscreen
  6
CONTINUOUS
100
AcDbLine
 10
98.3245029999999929
 20
-25.7118319999999976
 30
0
 11
98.3213819999999998
 21
-25.7140899999999988
 31
0
  0
LINE
  5
C2A
330
22
100
AcDbEntity
  8
F.Silkscreen
  6
CONTINUOUS
100
AcDbLine
 10
98.3213819999999998
 20
-25.7140899999999988
 30
0
 11
98.3190419999999961
 21
-25.7171479999999981
 31
0
  0
LINE
  5
C2B
330
22
100
AcDbEntity
  8
F.Silkscreen
  6
CONTINUOUS
100
AcDbLine
 10
98.3190419999999961
 20
-25.7171479999999981
 30
0
 11
98.3096199999999953
 21
-25.7226019999999984
 31
0
  0
LINE
  5
C2C
330
22
100
AcDbEntity
  8
F.Silkscreen
  6
CONTINUOUS
100
AcDbLine
 10
98.3096199999999953
 20
-25.7226019999999984
 30
0
 11
98.3007959999999912
 21
-25.7289889999999986
 31
0
  0
LINE
  5
C2D
330
22
100
AcDbEntity
  8
F.Silkscreen
  6
CONTINUOUS
100
AcDbLine
 10
98.3007959999999912
 20
-25.7289889999999986
 30
0
 11
98.2970479999999895
 21
-25.7298809999999989
 31
0
  0
LINE
  5
C2E
330
22
100
AcDbEntity
  8
F.Silkscreen
  6
CONTINUOUS
100
AcDbLine
 10
98.2970479999999895
 20
-25.7298809999999989
 30
0
 11
98.2937170000000009
 21
-25.7318099999999994
 31
0
  0
LINE
  5
C2F
330
22
100
AcDbEntity
  8
F.Silkscreen
  6
CONTINUOUS
100
AcDbLine
 10
98.2937170000000009
 20
-25.7318099999999994
 30
0
 11
98.2829259999999891
 21
-25.7332429999999981
 31
0
  0
LINE
  5
C30
330
22
100
AcDbEntity
  8
F.Silkscreen
  6
CONTINUOUS
100
AcDbLine
 10
98.2829259999999891
 20
-25.7332429999999981
 30
0
 11
98.2723280000000017
 21
-25.7357669999999992
 31
0
  0
LINE
  5
C31
330
22
100
AcDbEntity
  8
F.Silkscreen
  6
CONTINUOUS
100
AcDbLine
 10
98.2723280000000017
 20
-25.7357669999999992
 30
0
 11
98.2685239999999993
 21
-25.7351569999999974
 31
0
  0
LINE
  5
C32
330
22
100
AcDbEntity
  8
F.Silkscreen
  6
CONTINUOUS
100
AcDbLine
 10
98.2685239999999993
 20
-25.7351569999999974
 30
0
 11
98.2647089999999963
 21
-25.7356639999999999
 31
0
  0
LINE
  5
C33
330
22
100
AcDbEntity
  8
F.Silkscreen
  6
CONTINUOUS
100
AcDbLine
 10
98.2647089999999963
 20
-25.7356639999999999
 30
0
 11
98.2541870000000017
 21
-25.7328580000000002
 31
0
  0
LINE
  5
C34
330
22
100
AcDbEntity
  8
F.Silkscreen
  6
CONTINUOUS
100
AcDbLine
 10
98.2541870000000017
 20
-25.7328580000000002
 30
0
 11
98.243432999999996
 21
-25.7311339999999973
 31
0
  0
LINE
  5
C35
330
22
100
AcDbEntity
  8
F.Silkscreen
  6
CONTINUOUS
100
AcDbLine
 10
98.243432999999996
 20
-25.7311339999999973
 30
0
 11
98.2401529999999923
 21
-25.7291159999999977
 31
0
  0
LINE
  5
C36
330
22
100
AcDbEntity
  8
F.Silkscreen
  6
CONTINUOUS
100
AcDbLine
 10
98.2401529999999923
 20
-25.7291159999999977
 30
0
 11
98.236432999999991
 21
-25.7281239999999976
 31
0
  0
LINE
  5
C37
330
22
100
AcDbEntity
  8
F.Silkscreen
  6
CONTINUOUS
100
AcDbLine
 10
98.236432999999991
 20
-25.7281239999999976
 30
0
 11
98.2277859999999947
 21
-25.7215050000000005
 31
0
  0
LINE
  5
C38
330
22
100
AcDbEntity
  8
F.Silkscreen
  6
CONTINUOUS
100
AcDbLine
 10
98.2277859999999947
 20
-25.7215050000000005
 30
0
 11
98.2185109999999924
 21
-25.7157979999999995
 31
0
  0
LINE
  5
C39
330
22
100
AcDbEntity
  8
F.Silkscreen
  6
CONTINUOUS
100
AcDbLine
 10
98.2185109999999924
 20
-25.7157979999999995
 30
0
 11
98.2162519999999972
 21
-25.7126769999999993
 31
0
  0
LINE
  5
C3A
330
22
100
AcDbEntity
  8
F.Silkscreen
  6
CONTINUOUS
100
AcDbLine
 10
98.2162519999999972
 20
-25.7126769999999993
 30
0
 11
98.2131949999999989
 21
-25.7103369999999991
 31
0
  0
LINE
  5
C3B
330
22
100
AcDbEntity
  8
F.Silkscreen
  6
CONTINUOUS
100
AcDbLine
 10
98.2131949999999989
 20
-25.7103369999999991
 30
0
 11
98.2077400000000011
 21
-25.7009149999999984
 31
0
  0
LINE
  5
C3C
330
22
100
AcDbEntity
  8
F.Silkscreen
  6
CONTINUOUS
100
AcDbLine
 10
98.2077400000000011
 20
-25.7009149999999984
 30
0
 11
98.2013539999999949
 21
-25.6920909999999978
 31
0
  0
LINE
  5
C3D
330
22
100
AcDbEntity
  8
F.Silkscreen
  6
CONTINUOUS
100
AcDbLine
 10
98.2013539999999949
 20
-25.6920909999999978
 30
0
 11
98.1994749999999925
 21
-25.6866400000000006
 31
0
  0
LINE
  5
C3E
330
22
100
AcDbEntity
  8
F.Silkscreen
  6
CONTINUOUS
100
AcDbLine
 10
98.1994749999999925
 20
-25.6866400000000006
 30
0
 11
98.1985329999999976
 21
-25.6850120000000004
 31
0
  0
LINE
  5
C3F
330
22
100
AcDbEntity
  8
F.Silkscreen
  6
CONTINUOUS
100
AcDbLine
 10
98.1985329999999976
 20
-25.6850120000000004
 30
0
 11
98.1982929999999925
 21
-25.683209999999999
 31
0
  0
LINE
  5
C40
330
22
100
AcDbEntity
  8
F.Silkscreen
  6
CONTINUOUS
100
AcDbLine
 10
98.1982929999999925
 20
-25.683209999999999
 30
0
 11
98.1965639999999951
 21
-25.6781909999999982
 31
0
  0
LINE
  5
C41
330
22
100
AcDbEntity
  8
F.Silkscreen
  6
CONTINUOUS
100
AcDbLine
 10
98.1965639999999951
 20
-25.6781909999999982
 30
0
 11
97.9584689999999938
 21
-24.6781909999999982
 31
0
  0
LINE
  5
C42
330
22
100
AcDbEntity
  8
F.Silkscreen
  6
CONTINUOUS
100
AcDbLine
 10
97.9584689999999938
 20
-24.6781909999999982
 30
0
 11
97.9564809999999966
 21
-24.6636229999999976
 31
0
  0
LINE
  5
C43
330
22
100
AcDbEntity
  8
F.Silkscreen
  6
CONTINUOUS
100
AcDbLine
 10
97.9564809999999966
 20
-24.6636229999999976
 30
0
 11
97.9611139999999949
 21
-24.6347279999999991
 31
0
  0
LINE
  5
C44
330
22
100
AcDbEntity
  8
F.Silkscreen
  6
CONTINUOUS
100
AcDbLine
 10
97.9611139999999949
 20
-24.6347279999999991
 30
0
 11
97.9764499999999998
 21
-24.609805999999999
 31
0
  0
LINE
  5
C45
330
22
100
AcDbEntity
  8
F.Silkscreen
  6
CONTINUOUS
100
AcDbLine
 10
97.9764499999999998
 20
-24.609805999999999
 30
0
 11
98.0001570000000015
 21
-24.592648999999998
 31
0
  0
LINE
  5
C46
330
22
100
AcDbEntity
  8
F.Silkscreen
  6
CONTINUOUS
100
AcDbLine
 10
98.0001570000000015
 20
-24.592648999999998
 30
0
 11
98.028624999999991
 21
-24.5858709999999974
 31
0
  0
LINE
  5
C47
330
22
100
AcDbEntity
  8
F.Silkscreen
  6
CONTINUOUS
100
AcDbLine
 10
98.028624999999991
 20
-24.5858709999999974
 30
0
 11
98.0575199999999967
 21
-24.5905039999999993
 31
0
  0
LINE
  5
C48
330
22
100
AcDbEntity
  8
F.Silkscreen
  6
CONTINUOUS
100
AcDbLine
 10
98.0575199999999967
 20
-24.5905039999999993
 30
0
 11
98.0824420000000003
 21
-24.6058400000000006
 31
0
  0
LINE
  5
C49
330
22
100
AcDbEntity
  8
F.Silkscreen
  6
CONTINUOUS
100
AcDbLine
 10
98.0824420000000003
 20
-24.6058400000000006
 30
0
 11
98.0995989999999978
 21
-24.6295469999999987
 31
0
  0
LINE
  5
C4A
330
22
100
AcDbEntity
  8
F.Silkscreen
  6
CONTINUOUS
100
AcDbLine
 10
98.0995989999999978
 20
-24.6295469999999987
 30
0
 11
98.1043889999999976
 21
-24.6434469999999983
 31
0
  0
LINE
  5
C4B
330
22
100
AcDbEntity
  8
F.Silkscreen
  6
CONTINUOUS
100
AcDbLine
 10
98.1043889999999976
 20
-24.6434469999999983
 30
0
 11
98.2736400000000003
 21
-25.354302999999998
 31
0
  0
LINE
  5
C4C
330
22
100
AcDbEntity
  8
F.Silkscreen
  6
CONTINUOUS
100
AcDbLine
 10
98.2736400000000003
 20
-25.354302999999998
 30
0
 11
98.3875319999999931
 21
-24.9272080000000003
 31
0
  0
LINE
  5
C4D
330
22
100
AcDbEntity
  8
F.Silkscreen
  6
CONTINUOUS
100
AcDbLine
 10
98.3875319999999931
 20
-24.9272080000000003
 30
0
 11
98.3888169999999889
 21
-24.9237789999999997
 31
0
  0
LINE
  5
C4E
330
22
100
AcDbEntity
  8
F.Silkscreen
  6
CONTINUOUS
100
AcDbLine
 10
98.3888169999999889
 20
-24.9237789999999997
 30
0
 11
98.3890090000000015
 21
-24.9223399999999984
 31
0
  0
LINE
  5
C4F
330
22
100
AcDbEntity
  8
F.Silkscreen
  6
CONTINUOUS
100
AcDbLine
 10
98.3890090000000015
 20
-24.9223399999999984
 30
0
 11
98.3899979999999914
 21
-24.9206299999999992
 31
0
  0
LINE
  5
C50
330
22
100
AcDbEntity
  8
F.Silkscreen
  6
CONTINUOUS
100
AcDbLine
 10
98.3899979999999914
 20
-24.9206299999999992
 30
0
 11
98.3926949999999891
 21
-24.9134409999999988
 31
0
  0
LINE
  5
C51
330
22
100
AcDbEntity
  8
F.Silkscreen
  6
CONTINUOUS
100
AcDbLine
 10
98.3926949999999891
 20
-24.9134409999999988
 30
0
 11
98.3987119999999891
 21
-24.9055800000000005
 31
0
  0
LINE
  5
C52
330
22
100
AcDbEntity
  8
F.Silkscreen
  6
CONTINUOUS
100
AcDbLine
 10
98.3987119999999891
 20
-24.9055800000000005
 30
0
 11
98.4036709999999886
 21
-24.8970149999999997
 31
0
  0
LINE
  5
C53
330
22
100
AcDbEntity
  8
F.Silkscreen
  6
CONTINUOUS
100
AcDbLine
 10
98.4036709999999886
 20
-24.8970149999999997
 30
0
 11
98.4075279999999992
 21
-24.8940619999999981
 31
0
  0
LINE
  5
C54
330
22
100
AcDbEntity
  8
F.Silkscreen
  6
CONTINUOUS
100
AcDbLine
 10
98.4075279999999992
 20
-24.8940619999999981
 30
0
 11
98.4104820000000018
 21
-24.8902039999999971
 31
0
  0
LINE
  5
C55
330
22
100
AcDbEntity
  8
F.Silkscreen
  6
CONTINUOUS
100
AcDbLine
 10
98.4104820000000018
 20
-24.8902039999999971
 30
0
 11
98.4190490000000011
 21
-24.8852429999999991
 31
0
  0
LINE
  5
C56
330
22
100
AcDbEntity
  8
F.Silkscreen
  6
CONTINUOUS
100
AcDbLine
 10
98.4190490000000011
 20
-24.8852429999999991
 30
0
 11
98.4269089999999949
 21
-24.8792279999999977
 31
0
  0
LINE
  5
C57
330
22
100
AcDbEntity
  8
F.Silkscreen
  6
CONTINUOUS
100
AcDbLine
 10
98.4269089999999949
 20
-24.8792279999999977
 30
0
 11
98.4316010000000006
 21
-24.8779760000000003
 31
0
  0
LINE
  5
C58
330
22
100
AcDbEntity
  8
F.Silkscreen
  6
CONTINUOUS
100
AcDbLine
 10
98.4316010000000006
 20
-24.8779760000000003
 30
0
 11
98.4358069999999969
 21
-24.8755419999999994
 31
0
  0
LINE
  5
C59
330
22
100
AcDbEntity
  8
F.Silkscreen
  6
CONTINUOUS
100
AcDbLine
 10
98.4358069999999969
 20
-24.8755419999999994
 30
0
 11
98.4456239999999951
 21
-24.8742369999999973
 31
0
  0
LINE
  5
C5A
330
22
100
AcDbEntity
  8
F.Silkscreen
  6
CONTINUOUS
100
AcDbLine
 10
98.4456239999999951
 20
-24.8742369999999973
 30
0
 11
98.4551850000000002
 21
-24.8716879999999989
 31
0
  0
LINE
  5
C5B
330
22
100
AcDbEntity
  8
F.Silkscreen
  6
CONTINUOUS
100
AcDbLine
 10
98.4551850000000002
 20
-24.8716879999999989
 30
0
 11
98.4599970000000013
 21
-24.8723269999999985
 31
0
  0
LINE
  5
C5C
330
22
100
AcDbEntity
  8
F.Silkscreen
  6
CONTINUOUS
100
AcDbLine
 10
98.4599970000000013
 20
-24.8723269999999985
 30
0
 11
98.464815999999999
 21
-24.8716869999999979
 31
0
  0
LINE
  5
C5D
330
22
100
AcDbEntity
  8
F.Silkscreen
  6
CONTINUOUS
100
AcDbLine
 10
98.464815999999999
 20
-24.8716869999999979
 30
0
 11
98.4743859999999955
 21
-24.8742389999999993
 31
0
  0
LINE
  5
C5E
330
22
100
AcDbEntity
  8
F.Silkscreen
  6
CONTINUOUS
100
AcDbLine
 10
98.4743859999999955
 20
-24.8742389999999993
 30
0
 11
98.4841929999999905
 21
-24.8755419999999994
 31
0
  0
LINE
  5
C5F
330
22
100
AcDbEntity
  8
F.Silkscreen
  6
CONTINUOUS
100
AcDbLine
 10
98.4841929999999905
 20
-24.8755419999999994
 30
0
 11
98.4883939999999996
 21
-24.8779739999999983
 31
0
  0
LINE
  5
C60
330
22
100
AcDbEntity
  8
F.Silkscreen
  6
CONTINUOUS
100
AcDbLine
 10
98.4883939999999996
 20
-24.8779739999999983
 30
0
 11
98.4930909999999926
 21
-24.8792270000000002
 31
0
  0
LINE
  5
C61
330
22
100
AcDbEntity
  8
F.Silkscreen
  6
CONTINUOUS
100
AcDbLine
 10
98.4930909999999926
 20
-24.8792270000000002
 30
0
 11
98.5009529999999955
 21
-24.8852449999999976
 31
0
  0
LINE
  5
C62
330
22
100
AcDbEntity
  8
F.Silkscreen
  6
CONTINUOUS
100
AcDbLine
 10
98.5009529999999955
 20
-24.8852449999999976
 30
0
 11
98.5095179999999999
 21
-24.8902039999999971
 31
0
  0
LINE
  5
C63
330
22
100
AcDbEntity
  8
F.Silkscreen
  6
CONTINUOUS
100
AcDbLine
 10
98.5095179999999999
 20
-24.8902039999999971
 30
0
 11
98.5124699999999933
 21
-24.8940609999999971
 31
0
  0
LINE
  5
C64
330
22
100
AcDbEntity
  8
F.Silkscreen
  6
CONTINUOUS
100
AcDbLine
 10
98.5124699999999933
 20
-24.8940609999999971
 30
0
 11
98.5163289999999989
 21
-24.8970149999999997
 31
0
  0
LINE
  5
C65
330
22
100
AcDbEntity
  8
F.Silkscreen
  6
CONTINUOUS
100
AcDbLine
 10
98.5163289999999989
 20
-24.8970149999999997
 30
0
 11
98.5212899999999934
 21
-24.905583
 31
0
  0
LINE
  5
C66
330
22
100
AcDbEntity
  8
F.Silkscreen
  6
CONTINUOUS
100
AcDbLine
 10
98.5212899999999934
 20
-24.905583
 30
0
 11
98.5273049999999984
 21
-24.9134419999999999
 31
0
  0
LINE
  5
C67
330
22
100
AcDbEntity
  8
F.Silkscreen
  6
CONTINUOUS
100
AcDbLine
 10
98.5273049999999984
 20
-24.9134419999999999
 30
0
 11
98.5299989999999895
 21
-24.9206259999999986
 31
0
  0
LINE
  5
C68
330
22
100
AcDbEntity
  8
F.Silkscreen
  6
CONTINUOUS
100
AcDbLine
 10
98.5299989999999895
 20
-24.9206259999999986
 30
0
 11
98.5309910000000002
 21
-24.9223389999999974
 31
0
  0
LINE
  5
C69
330
22
100
AcDbEntity
  8
F.Silkscreen
  6
CONTINUOUS
100
AcDbLine
 10
98.5309910000000002
 20
-24.9223389999999974
 30
0
 11
98.5311820000000012
 21
-24.9237799999999972
 31
0
  0
LINE
  5
C6A
330
22
100
AcDbEntity
  8
F.Silkscreen
  6
CONTINUOUS
100
AcDbLine
 10
98.5311820000000012
 20
-24.9237799999999972
 30
0
 11
98.5324679999999944
 21
-24.9272080000000003
 31
0
  0
LINE
  5
C6B
330
22
100
AcDbEntity
  8
F.Silkscreen
  6
CONTINUOUS
100
AcDbLine
 10
98.5324679999999944
 20
-24.9272080000000003
 30
0
 11
98.6463589999999897
 21
-25.354302999999998
 31
0
  0
LINE
  5
C6C
330
22
100
AcDbEntity
  8
F.Silkscreen
  6
CONTINUOUS
100
AcDbLine
 10
98.6463589999999897
 20
-25.354302999999998
 30
0
 11
98.8156120000000016
 21
-24.6434479999999994
 31
0
  0
LINE
  5
C6D
330
22
100
AcDbEntity
  8
F.Silkscreen
  6
CONTINUOUS
100
AcDbLine
 10
98.8156120000000016
 20
-24.6434479999999994
 30
0
 11
98.8204020000000014
 21
-24.6295469999999987
 31
0
  0
LINE
  5
C6E
330
22
100
AcDbEntity
  8
F.Silkscreen
  6
CONTINUOUS
100
AcDbLine
 10
98.8204020000000014
 20
-24.6295469999999987
 30
0
 11
98.8375589999999988
 21
-24.6058400000000006
 31
0
  0
LINE
  5
C6F
330
22
100
AcDbEntity
  8
F.Silkscreen
  6
CONTINUOUS
100
AcDbLine
 10
98.8375589999999988
 20
-24.6058400000000006
 30
0
 11
98.8624810000000025
 21
-24.5905039999999993
 31
0
  0
LINE
  5
C70
330
22
100
AcDbEntity
  8
F.Silkscreen
  6
CONTINUOUS
100
AcDbLine
 10
98.8624810000000025
 20
-24.5905039999999993
 30
0
 11
98.891375999999994
 21
-24.5858709999999974
 31
0
  0
LINE
  5
C71
330
22
100
AcDbEntity
  8
F.Silkscreen
  6
CONTINUOUS
100
AcDbLine
 10
98.891375999999994
 20
-24.5858709999999974
 30
0
 11
98.9198439999999977
 21
-24.592649999999999
 31
0
  0
LINE
  5
C72
330
22
100
AcDbEntity
  8
F.Silkscreen
  6
CONTINUOUS
100
AcDbLine
 10
149.0860600000000034
 20
-15.2312599999999989
 30
0
 11
149.1130959999999845
 21
-15.2424589999999984
 31
0
  0
LINE
  5
C73
330
22
100
AcDbEntity
  8
F.Silkscreen
  6
CONTINUOUS
100
AcDbLine
 10
149.1130959999999845
 20
-15.2424589999999984
 30
0
 11
149.1337879999999814
 21
-15.2631509999999988
 31
0
  0
LINE
  5
C74
330
22
100
AcDbEntity
  8
F.Silkscreen
  6
CONTINUOUS
100
AcDbLine
 10
149.1337879999999814
 20
-15.2631509999999988
 30
0
 11
149.1449869999999862
 21
-15.2901869999999995
 31
0
  0
LINE
  5
C75
330
22
100
AcDbEntity
  8
F.Silkscreen
  6
CONTINUOUS
100
AcDbLine
 10
149.1449869999999862
 20
-15.2901869999999995
 30
0
 11
149.1449869999999862
 21
-15.319450999999999
 31
0
  0
LINE
  5
C76
330
22
100
AcDbEntity
  8
F.Silkscreen
  6
CONTINUOUS
100
AcDbLine
 10
149.1449869999999862
 20
-15.319450999999999
 30
0
 11
149.1337879999999814
 21
-15.3464869999999998
 31
0
  0
LINE
  5
C77
330
22
100
AcDbEntity
  8
F.Silkscreen
  6
CONTINUOUS
100
AcDbLine
 10
149.1337879999999814
 20
-15.3464869999999998
 30
0
 11
149.1130959999999845
 21
-15.3671790000000001
 31
0
  0
LINE
  5
C78
330
22
100
AcDbEntity
  8
F.Silkscreen
  6
CONTINUOUS
100
AcDbLine
 10
149.1130959999999845
 20
-15.3671790000000001
 30
0
 11
149.0860600000000034
 21
-15.3783779999999997
 31
0
  0
LINE
  5
C79
330
22
100
AcDbEntity
  8
F.Silkscreen
  6
CONTINUOUS
100
AcDbLine
 10
149.0860600000000034
 20
-15.3783779999999997
 30
0
 11
149.0714279999999974
 21
-15.3798189999999995
 31
0
  0
LINE
  5
C7A
330
22
100
AcDbEntity
  8
F.Silkscreen
  6
CONTINUOUS
100
AcDbLine
 10
149.0714279999999974
 20
-15.3798189999999995
 30
0
 11
148.6702379999999835
 21
-15.3798189999999995
 31
0
  0
LINE
  5
C7B
330
22
100
AcDbEntity
  8
F.Silkscreen
  6
CONTINUOUS
100
AcDbLine
 10
148.6702379999999835
 20
-15.3798189999999995
 30
0
 11
148.6702379999999835
 21
-15.7060089999999999
 31
0
  0
LINE
  5
C7C
330
22
100
AcDbEntity
  8
F.Silkscreen
  6
CONTINUOUS
100
AcDbLine
 10
148.6702379999999835
 20
-15.7060089999999999
 30
0
 11
148.9285710000000051
 21
-15.7060089999999999
 31
0
  0
LINE
  5
C7D
330
22
100
AcDbEntity
  8
F.Silkscreen
  6
CONTINUOUS
100
AcDbLine
 10
148.9285710000000051
 20
-15.7060089999999999
 30
0
 11
148.9432029999999827
 21
-15.7074499999999997
 31
0
  0
LINE
  5
C7E
330
22
100
AcDbEntity
  8
F.Silkscreen
  6
CONTINUOUS
100
AcDbLine
 10
148.9432029999999827
 20
-15.7074499999999997
 30
0
 11
148.9702389999999923
 21
-15.7186489999999992
 31
0
  0
LINE
  5
C7F
330
22
100
AcDbEntity
  8
F.Silkscreen
  6
CONTINUOUS
100
AcDbLine
 10
148.9702389999999923
 20
-15.7186489999999992
 30
0
 11
148.9909309999999891
 21
-15.7393409999999996
 31
0
  0
LINE
  5
C80
330
22
100
AcDbEntity
  8
F.Silkscreen
  6
CONTINUOUS
100
AcDbLine
 10
148.9909309999999891
 20
-15.7393409999999996
 30
0
 11
149.002129999999994
 21
-15.7663769999999985
 31
0
  0
LINE
  5
C81
330
22
100
AcDbEntity
  8
F.Silkscreen
  6
CONTINUOUS
100
AcDbLine
 10
149.002129999999994
 20
-15.7663769999999985
 30
0
 11
149.002129999999994
 21
-15.7956409999999998
 31
0
  0
LINE
  5
C82
330
22
100
AcDbEntity
  8
F.Silkscreen
  6
CONTINUOUS
100
AcDbLine
 10
149.002129999999994
 20
-15.7956409999999998
 30
0
 11
148.9909309999999891
 21
-15.8226769999999988
 31
0
  0
LINE
  5
C83
330
22
100
AcDbEntity
  8
F.Silkscreen
  6
CONTINUOUS
100
AcDbLine
 10
148.9909309999999891
 20
-15.8226769999999988
 30
0
 11
148.9702389999999923
 21
-15.8433689999999991
 31
0
  0
LINE
  5
C84
330
22
100
AcDbEntity
  8
F.Silkscreen
  6
CONTINUOUS
100
AcDbLine
 10
148.9702389999999923
 20
-15.8433689999999991
 30
0
 11
148.9432029999999827
 21
-15.8545679999999987
 31
0
  0
LINE
  5
C85
330
22
100
AcDbEntity
  8
F.Silkscreen
  6
CONTINUOUS
100
AcDbLine
 10
148.9432029999999827
 20
-15.8545679999999987
 30
0
 11
148.9285710000000051
 21
-15.8560089999999985
 31
0
  0
LINE
  5
C86
330
22
100
AcDbEntity
  8
F.Silkscreen
  6
CONTINUOUS
100
AcDbLine
 10
148.9285710000000051
 20
-15.8560089999999985
 30
0
 11
148.6702379999999835
 21
-15.8560089999999985
 31
0
  0
LINE
  5
C87
330
22
100
AcDbEntity
  8
F.Silkscreen
  6
CONTINUOUS
100
AcDbLine
 10
148.6702379999999835
 20
-15.8560089999999985
 30
0
 11
148.6702379999999835
 21
-16.2298189999999991
 31
0
  0
LINE
  5
C88
330
22
100
AcDbEntity
  8
F.Silkscreen
  6
CONTINUOUS
100
AcDbLine
 10
148.6702379999999835
 20
-16.2298189999999991
 30
0
 11
149.0714279999999974
 21
-16.2298189999999991
 31
0
  0
LINE
  5
C89
330
22
100
AcDbEntity
  8
F.Silkscreen
  6
CONTINUOUS
100
AcDbLine
 10
149.0714279999999974
 20
-16.2298189999999991
 30
0
 11
149.0860600000000034
 21
-16.2312599999999989
 31
0
  0
LINE
  5
C8A
330
22
100
AcDbEntity
  8
F.Silkscreen
  6
CONTINUOUS
100
AcDbLine
 10
149.0860600000000034
 20
-16.2312599999999989
 30
0
 11
149.1130959999999845
 21
-16.2424590000000002
 31
0
  0
LINE
  5
C8B
330
22
100
AcDbEntity
  8
F.Silkscreen
  6
CONTINUOUS
100
AcDbLine
 10
149.1130959999999845
 20
-16.2424590000000002
 30
0
 11
149.1337879999999814
 21
-16.2631510000000006
 31
0
  0
LINE
  5
C8C
330
22
100
AcDbEntity
  8
F.Silkscreen
  6
CONTINUOUS
100
AcDbLine
 10
149.1337879999999814
 20
-16.2631510000000006
 30
0
 11
149.1449869999999862
 21
-16.2901869999999995
 31
0
  0
LINE
  5
C8D
330
22
100
AcDbEntity
  8
F.Silkscreen
  6
CONTINUOUS
100
AcDbLine
 10
149.1449869999999862
 20
-16.2901869999999995
 30
0
 11
149.1449869999999862
 21
-16.3194510000000008
 31
0
  0
LINE
  5
C8E
330
22
100
AcDbEntity
  8
F.Silkscreen
  6
CONTINUOUS
100
AcDbLine
 10
149.1449869999999862
 20
-16.3194510000000008
 30
0
 11
149.1337879999999814
 21
-16.3464869999999998
 31
0
  0
LINE
  5
C8F
330
22
100
AcDbEntity
  8
F.Silkscreen
  6
CONTINUOUS
100
AcDbLine
 10
149.1337879999999814
 20
-16.3464869999999998
 30
0
 11
149.1130959999999845
 21
-16.3671790000000001
 31
0
  0
LINE
  5
C90
330
22
100
AcDbEntity
  8
F.Silkscreen
  6
CONTINUOUS
100
AcDbLine
 10
149.1130959999999845
 20
-16.3671790000000001
 30
0
 11
149.0860600000000034
 21
-16.3783779999999979
 31
0
  0
LINE
  5
C91
330
22
100
AcDbEntity
  8
F.Silkscreen
  6
CONTINUOUS
100
AcDbLine
 10
149.0860600000000034
 20
-16.3783779999999979
 30
0
 11
149.0714279999999974
 21
-16.3798189999999977
 31
0
  0
LINE
  5
C92
330
22
100
AcDbEntity
  8
F.Silkscreen
  6
CONTINUOUS
100
AcDbLine
 10
149.0714279999999974
 20
-16.3798189999999977
 30
0
 11
148.5952379999999948
 21
-16.3798189999999977
 31
0
  0
LINE
  5
C93
330
22
100
AcDbEntity
  8
F.Silkscreen
  6
CONTINUOUS
100
AcDbLine
 10
148.5952379999999948
 20
-16.3798189999999977
 30
0
 11
148.5806059999999889
 21
-16.3783779999999979
 31
0
  0
LINE
  5
C94
330
22
100
AcDbEntity
  8
F.Silkscreen
  6
CONTINUOUS
100
AcDbLine
 10
148.5806059999999889
 20
-16.3783779999999979
 30
0
 11
148.5535699999999792
 21
-16.3671790000000001
 31
0
  0
LINE
  5
C95
330
22
100
AcDbEntity
  8
F.Silkscreen
  6
CONTINUOUS
100
AcDbLine
 10
148.5535699999999792
 20
-16.3671790000000001
 30
0
 11
148.5328779999999824
 21
-16.3464869999999998
 31
0
  0
LINE
  5
C96
330
22
100
AcDbEntity
  8
F.Silkscreen
  6
CONTINUOUS
100
AcDbLine
 10
148.5328779999999824
 20
-16.3464869999999998
 30
0
 11
148.521679000000006
 21
-16.3194510000000008
 31
0
  0
LINE
  5
C97
330
22
100
AcDbEntity
  8
F.Silkscreen
  6
CONTINUOUS
100
AcDbLine
 10
148.521679000000006
 20
-16.3194510000000008
 30
0
 11
148.5202380000000062
 21
-16.3048189999999984
 31
0
  0
LINE
  5
C98
330
22
100
AcDbEntity
  8
F.Silkscreen
  6
CONTINUOUS
100
AcDbLine
 10
148.5202380000000062
 20
-16.3048189999999984
 30
0
 11
148.5202380000000062
 21
-15.3048190000000002
 31
0
  0
LINE
  5
C99
330
22
100
AcDbEntity
  8
F.Silkscreen
  6
CONTINUOUS
100
AcDbLine
 10
148.5202380000000062
 20
-15.3048190000000002
 30
0
 11
148.521679000000006
 21
-15.2901869999999995
 31
0
  0
LINE
  5
C9A
330
22
100
AcDbEntity
  8
F.Silkscreen
  6
CONTINUOUS
100
AcDbLine
 10
148.521679000000006
 20
-15.2901869999999995
 30
0
 11
148.5328779999999824
 21
-15.2631509999999988
 31
0
  0
LINE
  5
C9B
330
22
100
AcDbEntity
  8
F.Silkscreen
  6
CONTINUOUS
100
AcDbLine
 10
148.5328779999999824
 20
-15.2631509999999988
 30
0
 11
148.5535699999999792
 21
-15.2424589999999984
 31
0
  0
LINE
  5
C9C
330
22
100
AcDbEntity
  8
F.Silkscreen
  6
CONTINUOUS
100
AcDbLine
 10
148.5535699999999792
 20
-15.2424589999999984
 30
0
 11
148.5806059999999889
 21
-15.2312599999999989
 31
0
  0
LINE
  5
C9D
330
22
100
AcDbEntity
  8
F.Silkscreen
  6
CONTINUOUS
100
AcDbLine
 10
148.5806059999999889
 20
-15.2312599999999989
 30
0
 11
148.5952379999999948
 21
-15.2298189999999991
 31
0
  0
LINE
  5
C9E
330
22
100
AcDbEntity
  8
F.Silkscreen
  6
CONTINUOUS
100
AcDbLine
 10
148.5952379999999948
 20
-15.2298189999999991
 30
0
 11
149.0714279999999974
 21
-15.2298189999999991
 31
0
  0
LINE
  5
C9F
330
22
100
AcDbEntity
  8
F.Silkscreen
  6
CONTINUOUS
100
AcDbLine
 10
149.0714279999999974
 20
-15.2298189999999991
 30
0
 11
149.0860600000000034
 21
-15.2312599999999989
 31
0
  0
LINE
  5
CA0
330
22
100
AcDbEntity
  8
F.Silkscreen
  6
CONTINUOUS
100
AcDbLine
 10
147.9908219999999801
 20
-15.2312599999999989
 30
0
 11
147.9933110000000056
 21
-15.232291
 31
0
  0
LINE
  5
CA1
330
22
100
AcDbEntity
  8
F.Silkscreen
  6
CONTINUOUS
100
AcDbLine
 10
147.9933110000000056
 20
-15.232291
 30
0
 11
147.9959989999999834
 21
-15.2324819999999992
 31
0
  0
LINE
  5
CA2
330
22
100
AcDbEntity
  8
F.Silkscreen
  6
CONTINUOUS
100
AcDbLine
 10
147.9959989999999834
 20
-15.2324819999999992
 30
0
 11
148.0097309999999879
 21
-15.2377369999999992
 31
0
  0
LINE
  5
CA3
330
22
100
AcDbEntity
  8
F.Silkscreen
  6
CONTINUOUS
100
AcDbLine
 10
148.0097309999999879
 20
-15.2377369999999992
 30
0
 11
148.1049689999999828
 21
-15.2853560000000002
 31
0
  0
LINE
  5
CA4
330
22
100
AcDbEntity
  8
F.Silkscreen
  6
CONTINUOUS
100
AcDbLine
 10
148.1049689999999828
 20
-15.2853560000000002
 30
0
 11
148.1112679999999955
 21
-15.28932
 31
0
  0
LINE
  5
CA5
330
22
100
AcDbEntity
  8
F.Silkscreen
  6
CONTINUOUS
100
AcDbLine
 10
148.1112679999999955
 20
-15.28932
 30
0
 11
148.1130959999999845
 21
-15.2900779999999994
 31
0
  0
LINE
  5
CA6
330
22
100
AcDbEntity
  8
F.Silkscreen
  6
CONTINUOUS
100
AcDbLine
 10
148.1130959999999845
 20
-15.2900779999999994
 30
0
 11
148.1151519999999948
 21
-15.2917659999999991
 31
0
  0
LINE
  5
CA7
330
22
100
AcDbEntity
  8
F.Silkscreen
  6
CONTINUOUS
100
AcDbLine
 10
148.1151519999999948
 20
-15.2917659999999991
 30
0
 11
148.1174120000000016
 21
-15.2931879999999989
 31
0
  0
LINE
  5
CA8
330
22
100
AcDbEntity
  8
F.Silkscreen
  6
CONTINUOUS
100
AcDbLine
 10
148.1174120000000016
 20
-15.2931879999999989
 30
0
 11
148.1187109999999905
 21
-15.2946859999999987
 31
0
  0
LINE
  5
CA9
330
22
100
AcDbEntity
  8
F.Silkscreen
  6
CONTINUOUS
100
AcDbLine
 10
148.1187109999999905
 20
-15.2946859999999987
 30
0
 11
148.1244609999999966
 21
-15.2994050000000001
 31
0
  0
LINE
  5
CAA
330
22
100
AcDbEntity
  8
F.Silkscreen
  6
CONTINUOUS
100
AcDbLine
 10
148.1244609999999966
 20
-15.2994050000000001
 30
0
 11
148.172079999999994
 21
-15.3470239999999993
 31
0
  0
LINE
  5
CAB
330
22
100
AcDbEntity
  8
F.Silkscreen
  6
CONTINUOUS
100
AcDbLine
 10
148.172079999999994
 20
-15.3470239999999993
 30
0
 11
148.1767979999999909
 21
-15.3527729999999991
 31
0
  0
LINE
  5
CAC
330
22
100
AcDbEntity
  8
F.Silkscreen
  6
CONTINUOUS
100
AcDbLine
 10
148.1767979999999909
 20
-15.3527729999999991
 30
0
 11
148.1782969999999864
 21
-15.3540729999999996
 31
0
  0
LINE
  5
CAD
330
22
100
AcDbEntity
  8
F.Silkscreen
  6
CONTINUOUS
100
AcDbLine
 10
148.1782969999999864
 20
-15.3540729999999996
 30
0
 11
148.1797179999999798
 21
-15.3563320000000001
 31
0
  0
LINE
  5
CAE
330
22
100
AcDbEntity
  8
F.Silkscreen
  6
CONTINUOUS
100
AcDbLine
 10
148.1797179999999798
 20
-15.3563320000000001
 30
0
 11
148.1814070000000072
 21
-15.358388999999999
 31
0
  0
LINE
  5
CAF
330
22
100
AcDbEntity
  8
F.Silkscreen
  6
CONTINUOUS
100
AcDbLine
 10
148.1814070000000072
 20
-15.358388999999999
 30
0
 11
148.1821640000000002
 21
-15.3602159999999994
 31
0
  0
LINE
  5
CB0
330
22
100
AcDbEntity
  8
F.Silkscreen
  6
CONTINUOUS
100
AcDbLine
 10
148.1821640000000002
 20
-15.3602159999999994
 30
0
 11
148.186128999999994
 21
-15.366515999999999
 31
0
  0
LINE
  5
CB1
330
22
100
AcDbEntity
  8
F.Silkscreen
  6
CONTINUOUS
100
AcDbLine
 10
148.186128999999994
 20
-15.366515999999999
 30
0
 11
148.2337479999999914
 21
-15.4617539999999991
 31
0
  0
LINE
  5
CB2
330
22
100
AcDbEntity
  8
F.Silkscreen
  6
CONTINUOUS
100
AcDbLine
 10
148.2337479999999914
 20
-15.4617539999999991
 30
0
 11
148.2390029999999967
 21
-15.475484999999999
 31
0
  0
LINE
  5
CB3
330
22
100
AcDbEntity
  8
F.Silkscreen
  6
CONTINUOUS
100
AcDbLine
 10
148.2390029999999967
 20
-15.475484999999999
 30
0
 11
148.2391939999999977
 21
-15.4781739999999992
 31
0
  0
LINE
  5
CB4
330
22
100
AcDbEntity
  8
F.Silkscreen
  6
CONTINUOUS
100
AcDbLine
 10
148.2391939999999977
 20
-15.4781739999999992
 30
0
 11
148.240224999999981
 21
-15.4806629999999998
 31
0
  0
LINE
  5
CB5
330
22
100
AcDbEntity
  8
F.Silkscreen
  6
CONTINUOUS
100
AcDbLine
 10
148.240224999999981
 20
-15.4806629999999998
 30
0
 11
148.2416659999999808
 21
-15.4952949999999987
 31
0
  0
LINE
  5
CB6
330
22
100
AcDbEntity
  8
F.Silkscreen
  6
CONTINUOUS
100
AcDbLine
 10
148.2416659999999808
 20
-15.4952949999999987
 30
0
 11
148.2416659999999808
 21
-15.6381519999999998
 31
0
  0
LINE
  5
CB7
330
22
100
AcDbEntity
  8
F.Silkscreen
  6
CONTINUOUS
100
AcDbLine
 10
148.2416659999999808
 20
-15.6381519999999998
 30
0
 11
148.240224999999981
 21
-15.6527839999999987
 31
0
  0
LINE
  5
CB8
330
22
100
AcDbEntity
  8
F.Silkscreen
  6
CONTINUOUS
100
AcDbLine
 10
148.240224999999981
 20
-15.6527839999999987
 30
0
 11
148.2391939999999977
 21
-15.6552720000000001
 31
0
  0
LINE
  5
CB9
330
22
100
AcDbEntity
  8
F.Silkscreen
  6
CONTINUOUS
100
AcDbLine
 10
148.2391939999999977
 20
-15.6552720000000001
 30
0
 11
148.2390029999999967
 21
-15.6579619999999995
 31
0
  0
LINE
  5
CBA
330
22
100
AcDbEntity
  8
F.Silkscreen
  6
CONTINUOUS
100
AcDbLine
 10
148.2390029999999967
 20
-15.6579619999999995
 30
0
 11
148.2337479999999914
 21
-15.6716929999999994
 31
0
  0
LINE
  5
CBB
330
22
100
AcDbEntity
  8
F.Silkscreen
  6
CONTINUOUS
100
AcDbLine
 10
148.2337479999999914
 20
-15.6716929999999994
 30
0
 11
148.186128999999994
 21
-15.7669309999999996
 31
0
  0
LINE
  5
CBC
330
22
100
AcDbEntity
  8
F.Silkscreen
  6
CONTINUOUS
100
AcDbLine
 10
148.186128999999994
 20
-15.7669309999999996
 30
0
 11
148.1821640000000002
 21
-15.7732299999999999
 31
0
  0
LINE
  5
CBD
330
22
100
AcDbEntity
  8
F.Silkscreen
  6
CONTINUOUS
100
AcDbLine
 10
148.1821640000000002
 20
-15.7732299999999999
 30
0
 11
148.1814070000000072
 21
-15.7750579999999996
 31
0
  0
LINE
  5
CBE
330
22
100
AcDbEntity
  8
F.Silkscreen
  6
CONTINUOUS
100
AcDbLine
 10
148.1814070000000072
 20
-15.7750579999999996
 30
0
 11
148.1797179999999798
 21
-15.7771139999999992
 31
0
  0
LINE
  5
CBF
330
22
100
AcDbEntity
  8
F.Silkscreen
  6
CONTINUOUS
100
AcDbLine
 10
148.1797179999999798
 20
-15.7771139999999992
 30
0
 11
148.1782969999999864
 21
-15.7793739999999989
 31
0
  0
LINE
  5
CC0
330
22
100
AcDbEntity
  8
F.Silkscreen
  6
CONTINUOUS
100
AcDbLine
 10
148.1782969999999864
 20
-15.7793739999999989
 30
0
 11
148.1767979999999909
 21
-15.7806730000000002
 31
0
  0
LINE
  5
CC1
330
22
100
AcDbEntity
  8
F.Silkscreen
  6
CONTINUOUS
100
AcDbLine
 10
148.1767979999999909
 20
-15.7806730000000002
 30
0
 11
148.172079999999994
 21
-15.7864229999999992
 31
0
  0
LINE
  5
CC2
330
22
100
AcDbEntity
  8
F.Silkscreen
  6
CONTINUOUS
100
AcDbLine
 10
148.172079999999994
 20
-15.7864229999999992
 30
0
 11
148.1244609999999966
 21
-15.8340419999999984
 31
0
  0
LINE
  5
CC3
330
22
100
AcDbEntity
  8
F.Silkscreen
  6
CONTINUOUS
100
AcDbLine
 10
148.1244609999999966
 20
-15.8340419999999984
 30
0
 11
148.1187109999999905
 21
-15.8387599999999988
 31
0
  0
LINE
  5
CC4
330
22
100
AcDbEntity
  8
F.Silkscreen
  6
CONTINUOUS
100
AcDbLine
 10
148.1187109999999905
 20
-15.8387599999999988
 30
0
 11
148.1174120000000016
 21
-15.8402589999999996
 31
0
  0
LINE
  5
CC5
330
22
100
AcDbEntity
  8
F.Silkscreen
  6
CONTINUOUS
100
AcDbLine
 10
148.1174120000000016
 20
-15.8402589999999996
 30
0
 11
148.1151519999999948
 21
-15.8416799999999984
 31
0
  0
LINE
  5
CC6
330
22
100
AcDbEntity
  8
F.Silkscreen
  6
CONTINUOUS
100
AcDbLine
 10
148.1151519999999948
 20
-15.8416799999999984
 30
0
 11
148.1130959999999845
 21
-15.8433689999999991
 31
0
  0
LINE
  5
CC7
330
22
100
AcDbEntity
  8
F.Silkscreen
  6
CONTINUOUS
100
AcDbLine
 10
148.1130959999999845
 20
-15.8433689999999991
 30
0
 11
148.1112679999999955
 21
-15.8441259999999993
 31
0
  0
LINE
  5
CC8
330
22
100
AcDbEntity
  8
F.Silkscreen
  6
CONTINUOUS
100
AcDbLine
 10
148.1112679999999955
 20
-15.8441259999999993
 30
0
 11
148.1049689999999828
 21
-15.8480910000000002
 31
0
  0
LINE
  5
CC9
330
22
100
AcDbEntity
  8
F.Silkscreen
  6
CONTINUOUS
100
AcDbLine
 10
148.1049689999999828
 20
-15.8480910000000002
 30
0
 11
148.0097309999999879
 21
-15.8957099999999993
 31
0
  0
LINE
  5
CCA
330
22
100
AcDbEntity
  8
F.Silkscreen
  6
CONTINUOUS
100
AcDbLine
 10
148.0097309999999879
 20
-15.8957099999999993
 30
0
 11
147.9959989999999834
 21
-15.9009649999999993
 31
0
  0
LINE
  5
CCB
330
22
100
AcDbEntity
  8
F.Silkscreen
  6
CONTINUOUS
100
AcDbLine
 10
147.9959989999999834
 20
-15.9009649999999993
 30
0
 11
147.9933110000000056
 21
-15.9011549999999993
 31
0
  0
LINE
  5
CCC
330
22
100
AcDbEntity
  8
F.Silkscreen
  6
CONTINUOUS
100
AcDbLine
 10
147.9933110000000056
 20
-15.9011549999999993
 30
0
 11
147.9908219999999801
 21
-15.9021869999999996
 31
0
  0
LINE
  5
CCD
330
22
100
AcDbEntity
  8
F.Silkscreen
  6
CONTINUOUS
100
AcDbLine
 10
147.9908219999999801
 20
-15.9021869999999996
 30
0
 11
147.9773050000000012
 21
-15.903518
 31
0
  0
LINE
  5
CCE
330
22
100
AcDbEntity
  8
F.Silkscreen
  6
CONTINUOUS
100
AcDbLine
 10
147.9773050000000012
 20
-15.903518
 30
0
 11
148.2281089999999892
 21
-16.2618100000000005
 31
0
  0
LINE
  5
CCF
330
22
100
AcDbEntity
  8
F.Silkscreen
  6
CONTINUOUS
100
AcDbLine
 10
148.2281089999999892
 20
-16.2618100000000005
 30
0
 11
148.2353190000000041
 21
-16.2746229999999983
 31
0
  0
LINE
  5
CD0
330
22
100
AcDbEntity
  8
F.Silkscreen
  6
CONTINUOUS
100
AcDbLine
 10
148.2353190000000041
 20
-16.2746229999999983
 30
0
 11
148.2416479999999979
 21
-16.3031939999999977
 31
0
  0
LINE
  5
CD1
330
22
100
AcDbEntity
  8
F.Silkscreen
  6
CONTINUOUS
100
AcDbLine
 10
148.2416479999999979
 20
-16.3031939999999977
 30
0
 11
148.2365629999999896
 21
-16.3320119999999989
 31
0
  0
LINE
  5
CD2
330
22
100
AcDbEntity
  8
F.Silkscreen
  6
CONTINUOUS
100
AcDbLine
 10
148.2365629999999896
 20
-16.3320119999999989
 30
0
 11
148.2208359999999914
 21
-16.3566900000000004
 31
0
  0
LINE
  5
CD3
330
22
100
AcDbEntity
  8
F.Silkscreen
  6
CONTINUOUS
100
AcDbLine
 10
148.2208359999999914
 20
-16.3566900000000004
 30
0
 11
148.1968619999999817
 21
-16.3734719999999996
 31
0
  0
LINE
  5
CD4
330
22
100
AcDbEntity
  8
F.Silkscreen
  6
CONTINUOUS
100
AcDbLine
 10
148.1968619999999817
 20
-16.3734719999999996
 30
0
 11
148.1682909999999822
 21
-16.379801999999998
 31
0
  0
LINE
  5
CD5
330
22
100
AcDbEntity
  8
F.Silkscreen
  6
CONTINUOUS
100
AcDbLine
 10
148.1682909999999822
 20
-16.379801999999998
 30
0
 11
148.139474000000007
 21
-16.3747159999999994
 31
0
  0
LINE
  5
CD6
330
22
100
AcDbEntity
  8
F.Silkscreen
  6
CONTINUOUS
100
AcDbLine
 10
148.139474000000007
 20
-16.3747159999999994
 30
0
 11
148.1147949999999867
 21
-16.3589889999999976
 31
0
  0
LINE
  5
CD7
330
22
100
AcDbEntity
  8
F.Silkscreen
  6
CONTINUOUS
100
AcDbLine
 10
148.1147949999999867
 20
-16.3589889999999976
 30
0
 11
148.1052239999999927
 21
-16.3478290000000008
 31
0
  0
LINE
  5
CD8
330
22
100
AcDbEntity
  8
F.Silkscreen
  6
CONTINUOUS
100
AcDbLine
 10
148.1052239999999927
 20
-16.3478290000000008
 30
0
 11
147.7942840000000047
 21
-15.9036279999999994
 31
0
  0
LINE
  5
CD9
330
22
100
AcDbEntity
  8
F.Silkscreen
  6
CONTINUOUS
100
AcDbLine
 10
147.7942840000000047
 20
-15.9036279999999994
 30
0
 11
147.6702379999999835
 21
-15.9036279999999994
 31
0
  0
LINE
  5
CDA
330
22
100
AcDbEntity
  8
F.Silkscreen
  6
CONTINUOUS
100
AcDbLine
 10
147.6702379999999835
 20
-15.9036279999999994
 30
0
 11
147.6702379999999835
 21
-16.3048189999999984
 31
0
  0
LINE
  5
CDB
330
22
100
AcDbEntity
  8
F.Silkscreen
  6
CONTINUOUS
100
AcDbLine
 10
147.6702379999999835
 20
-16.3048189999999984
 30
0
 11
147.6687969999999837
 21
-16.3194510000000008
 31
0
  0
LINE
  5
CDC
330
22
100
AcDbEntity
  8
F.Silkscreen
  6
CONTINUOUS
100
AcDbLine
 10
147.6687969999999837
 20
-16.3194510000000008
 30
0
 11
147.6575980000000072
 21
-16.3464869999999998
 31
0
  0
LINE
  5
CDD
330
22
100
AcDbEntity
  8
F.Silkscreen
  6
CONTINUOUS
100
AcDbLine
 10
147.6575980000000072
 20
-16.3464869999999998
 30
0
 11
147.636905999999982
 21
-16.3671790000000001
 31
0
  0
LINE
  5
CDE
330
22
100
AcDbEntity
  8
F.Silkscreen
  6
CONTINUOUS
100
AcDbLine
 10
147.636905999999982
 20
-16.3671790000000001
 30
0
 11
147.6098700000000008
 21
-16.3783779999999979
 31
0
  0
LINE
  5
CDF
330
22
100
AcDbEntity
  8
F.Silkscreen
  6
CONTINUOUS
100
AcDbLine
 10
147.6098700000000008
 20
-16.3783779999999979
 30
0
 11
147.5806059999999889
 21
-16.3783779999999979
 31
0
  0
LINE
  5
CE0
330
22
100
AcDbEntity
  8
F.Silkscreen
  6
CONTINUOUS
100
AcDbLine
 10
147.5806059999999889
 20
-16.3783779999999979
 30
0
 11
147.5535699999999792
 21
-16.3671790000000001
 31
0
  0
LINE
  5
CE1
330
22
100
AcDbEntity
  8
F.Silkscreen
  6
CONTINUOUS
100
AcDbLine
 10
147.5535699999999792
 20
-16.3671790000000001
 30
0
 11
147.5328779999999824
 21
-16.3464869999999998
 31
0
  0
LINE
  5
CE2
330
22
100
AcDbEntity
  8
F.Silkscreen
  6
CONTINUOUS
100
AcDbLine
 10
147.5328779999999824
 20
-16.3464869999999998
 30
0
 11
147.521679000000006
 21
-16.3194510000000008
 31
0
  0
LINE
  5
CE3
330
22
100
AcDbEntity
  8
F.Silkscreen
  6
CONTINUOUS
100
AcDbLine
 10
147.521679000000006
 20
-16.3194510000000008
 30
0
 11
147.5202380000000062
 21
-16.3048189999999984
 31
0
  0
LINE
  5
CE4
330
22
100
AcDbEntity
  8
F.Silkscreen
  6
CONTINUOUS
100
AcDbLine
 10
147.5202380000000062
 20
-16.3048189999999984
 30
0
 11
147.5202380000000062
 21
-15.3048190000000002
 31
0
  0
LINE
  5
CE5
330
22
100
AcDbEntity
  8
F.Silkscreen
  6
CONTINUOUS
100
AcDbLine
 10
147.5202380000000062
 20
-15.3048190000000002
 30
0
 11
147.521679000000006
 21
-15.2901869999999995
 31
0
  0
LINE
  5
CE6
330
22
100
AcDbEntity
  8
F.Silkscreen
  6
CONTINUOUS
100
AcDbLine
 10
147.521679000000006
 20
-15.2901869999999995
 30
0
 11
147.5328779999999824
 21
-15.2631509999999988
 31
0
  0
LINE
  5
CE7
330
22
100
AcDbEntity
  8
F.Silkscreen
  6
CONTINUOUS
100
AcDbLine
 10
147.5328779999999824
 20
-15.2631509999999988
 30
0
 11
147.5535699999999792
 21
-15.2424589999999984
 31
0
  0
LINE
  5
CE8
330
22
100
AcDbEntity
  8
F.Silkscreen
  6
CONTINUOUS
100
AcDbLine
 10
147.5535699999999792
 20
-15.2424589999999984
 30
0
 11
147.5806059999999889
 21
-15.2312599999999989
 31
0
  0
LINE
  5
CE9
330
22
100
AcDbEntity
  8
F.Silkscreen
  6
CONTINUOUS
100
AcDbLine
 10
147.5806059999999889
 20
-15.2312599999999989
 30
0
 11
147.5952379999999948
 21
-15.2298189999999991
 31
0
  0
LINE
  5
CEA
330
22
100
AcDbEntity
  8
F.Silkscreen
  6
CONTINUOUS
100
AcDbLine
 10
147.5952379999999948
 20
-15.2298189999999991
 30
0
 11
147.9761900000000026
 21
-15.2298189999999991
 31
0
  0
LINE
  5
CEB
330
22
100
AcDbEntity
  8
F.Silkscreen
  6
CONTINUOUS
100
AcDbLine
 10
147.9761900000000026
 20
-15.2298189999999991
 30
0
 11
147.9908219999999801
 21
-15.2312599999999989
 31
0
  0
LINE
  5
CEC
330
22
100
AcDbEntity
  8
F.Silkscreen
  6
CONTINUOUS
100
AcDbLine
 10
147.6702379999999835
 20
-15.7536279999999991
 30
0
 11
147.958484999999996
 21
-15.7536279999999991
 31
0
  0
LINE
  5
CED
330
22
100
AcDbEntity
  8
F.Silkscreen
  6
CONTINUOUS
100
AcDbLine
 10
147.958484999999996
 20
-15.7536279999999991
 30
0
 11
148.0270009999999843
 21
-15.7193699999999996
 31
0
  0
LINE
  5
CEE
330
22
100
AcDbEntity
  8
F.Silkscreen
  6
CONTINUOUS
100
AcDbLine
 10
148.0270009999999843
 20
-15.7193699999999996
 30
0
 11
148.057407999999981
 21
-15.6889629999999993
 31
0
  0
LINE
  5
CEF
330
22
100
AcDbEntity
  8
F.Silkscreen
  6
CONTINUOUS
100
AcDbLine
 10
148.057407999999981
 20
-15.6889629999999993
 30
0
 11
148.0916660000000036
 21
-15.6204469999999986
 31
0
  0
LINE
  5
CF0
330
22
100
AcDbEntity
  8
F.Silkscreen
  6
CONTINUOUS
100
AcDbLine
 10
148.0916660000000036
 20
-15.6204469999999986
 30
0
 11
148.0916660000000036
 21
-15.5129999999999999
 31
0
  0
LINE
  5
CF1
330
22
100
AcDbEntity
  8
F.Silkscreen
  6
CONTINUOUS
100
AcDbLine
 10
148.0916660000000036
 20
-15.5129999999999999
 30
0
 11
148.057407999999981
 21
-15.4444839999999992
 31
0
  0
LINE
  5
CF2
330
22
100
AcDbEntity
  8
F.Silkscreen
  6
CONTINUOUS
100
AcDbLine
 10
148.057407999999981
 20
-15.4444839999999992
 30
0
 11
148.0270009999999843
 21
-15.4140769999999989
 31
0
  0
LINE
  5
CF3
330
22
100
AcDbEntity
  8
F.Silkscreen
  6
CONTINUOUS
100
AcDbLine
 10
148.0270009999999843
 20
-15.4140769999999989
 30
0
 11
147.958484999999996
 21
-15.3798189999999995
 31
0
  0
LINE
  5
CF4
330
22
100
AcDbEntity
  8
F.Silkscreen
  6
CONTINUOUS
100
AcDbLine
 10
147.958484999999996
 20
-15.3798189999999995
 30
0
 11
147.6702379999999835
 21
-15.3798189999999995
 31
0
  0
LINE
  5
CF5
330
22
100
AcDbEntity
  8
F.Silkscreen
  6
CONTINUOUS
100
AcDbLine
 10
147.6702379999999835
 20
-15.3798189999999995
 30
0
 11
147.6702379999999835
 21
-15.7536279999999991
 31
0
  0
LINE
  5
CF6
330
22
100
AcDbEntity
  8
F.Silkscreen
  6
CONTINUOUS
100
AcDbLine
 10
149.9908219999999801
 20
-15.2312599999999989
 30
0
 11
150.0178579999999897
 21
-15.2424589999999984
 31
0
  0
LINE
  5
CF7
330
22
100
AcDbEntity
  8
F.Silkscreen
  6
CONTINUOUS
100
AcDbLine
 10
150.0178579999999897
 20
-15.2424589999999984
 30
0
 11
150.0385499999999865
 21
-15.2631509999999988
 31
0
  0
LINE
  5
CF8
330
22
100
AcDbEntity
  8
F.Silkscreen
  6
CONTINUOUS
100
AcDbLine
 10
150.0385499999999865
 20
-15.2631509999999988
 30
0
 11
150.0497489999999914
 21
-15.2901869999999995
 31
0
  0
LINE
  5
CF9
330
22
100
AcDbEntity
  8
F.Silkscreen
  6
CONTINUOUS
100
AcDbLine
 10
150.0497489999999914
 20
-15.2901869999999995
 30
0
 11
150.0497489999999914
 21
-15.319450999999999
 31
0
  0
LINE
  5
CFA
330
22
100
AcDbEntity
  8
F.Silkscreen
  6
CONTINUOUS
100
AcDbLine
 10
150.0497489999999914
 20
-15.319450999999999
 30
0
 11
150.0385499999999865
 21
-15.3464869999999998
 31
0
  0
LINE
  5
CFB
330
22
100
AcDbEntity
  8
F.Silkscreen
  6
CONTINUOUS
100
AcDbLine
 10
150.0385499999999865
 20
-15.3464869999999998
 30
0
 11
150.0178579999999897
 21
-15.3671790000000001
 31
0
  0
LINE
  5
CFC
330
22
100
AcDbEntity
  8
F.Silkscreen
  6
CONTINUOUS
100
AcDbLine
 10
150.0178579999999897
 20
-15.3671790000000001
 30
0
 11
149.9908219999999801
 21
-15.3783779999999997
 31
0
  0
LINE
  5
CFD
330
22
100
AcDbEntity
  8
F.Silkscreen
  6
CONTINUOUS
100
AcDbLine
 10
149.9908219999999801
 20
-15.3783779999999997
 30
0
 11
149.9761900000000026
 21
-15.3798189999999995
 31
0
  0
LINE
  5
CFE
330
22
100
AcDbEntity
  8
F.Silkscreen
  6
CONTINUOUS
100
AcDbLine
 10
149.9761900000000026
 20
-15.3798189999999995
 30
0
 11
149.5749999999999886
 21
-15.3798189999999995
 31
0
  0
LINE
  5
CFF
330
22
100
AcDbEntity
  8
F.Silkscreen
  6
CONTINUOUS
100
AcDbLine
 10
149.5749999999999886
 20
-15.3798189999999995
 30
0
 11
149.5749999999999886
 21
-15.7060089999999999
 31
0
  0
LINE
  5
D00
330
22
100
AcDbEntity
  8
F.Silkscreen
  6
CONTINUOUS
100
AcDbLine
 10
149.5749999999999886
 20
-15.7060089999999999
 30
0
 11
149.8333329999999819
 21
-15.7060089999999999
 31
0
  0
LINE
  5
D01
330
22
100
AcDbEntity
  8
F.Silkscreen
  6
CONTINUOUS
100
AcDbLine
 10
149.8333329999999819
 20
-15.7060089999999999
 30
0
 11
149.8479649999999879
 21
-15.7074499999999997
 31
0
  0
LINE
  5
D02
330
22
100
AcDbEntity
  8
F.Silkscreen
  6
CONTINUOUS
100
AcDbLine
 10
149.8479649999999879
 20
-15.7074499999999997
 30
0
 11
149.8750009999999975
 21
-15.7186489999999992
 31
0
  0
LINE
  5
D03
330
22
100
AcDbEntity
  8
F.Silkscreen
  6
CONTINUOUS
100
AcDbLine
 10
149.8750009999999975
 20
-15.7186489999999992
 30
0
 11
149.8956929999999943
 21
-15.7393409999999996
 31
0
  0
LINE
  5
D04
330
22
100
AcDbEntity
  8
F.Silkscreen
  6
CONTINUOUS
100
AcDbLine
 10
149.8956929999999943
 20
-15.7393409999999996
 30
0
 11
149.9068919999999991
 21
-15.7663769999999985
 31
0
  0
LINE
  5
D05
330
22
100
AcDbEntity
  8
F.Silkscreen
  6
CONTINUOUS
100
AcDbLine
 10
149.9068919999999991
 20
-15.7663769999999985
 30
0
 11
149.9068919999999991
 21
-15.7956409999999998
 31
0
  0
LINE
  5
D06
330
22
100
AcDbEntity
  8
F.Silkscreen
  6
CONTINUOUS
100
AcDbLine
 10
149.9068919999999991
 20
-15.7956409999999998
 30
0
 11
149.8956929999999943
 21
-15.8226769999999988
 31
0
  0
LINE
  5
D07
330
22
100
AcDbEntity
  8
F.Silkscreen
  6
CONTINUOUS
100
AcDbLine
 10
149.8956929999999943
 20
-15.8226769999999988
 30
0
 11
149.8750009999999975
 21
-15.8433689999999991
 31
0
  0
LINE
  5
D08
330
22
100
AcDbEntity
  8
F.Silkscreen
  6
CONTINUOUS
100
AcDbLine
 10
149.8750009999999975
 20
-15.8433689999999991
 30
0
 11
149.8479649999999879
 21
-15.8545679999999987
 31
0
  0
LINE
  5
D09
330
22
100
AcDbEntity
  8
F.Silkscreen
  6
CONTINUOUS
100
AcDbLine
 10
149.8479649999999879
 20
-15.8545679999999987
 30
0
 11
149.8333329999999819
 21
-15.8560089999999985
 31
0
  0
LINE
  5
D0A
330
22
100
AcDbEntity
  8
F.Silkscreen
  6
CONTINUOUS
100
AcDbLine
 10
149.8333329999999819
 20
-15.8560089999999985
 30
0
 11
149.5749999999999886
 21
-15.8560089999999985
 31
0
  0
LINE
  5
D0B
330
22
100
AcDbEntity
  8
F.Silkscreen
  6
CONTINUOUS
100
AcDbLine
 10
149.5749999999999886
 20
-15.8560089999999985
 30
0
 11
149.5749999999999886
 21
-16.3048189999999984
 31
0
  0
LINE
  5
D0C
330
22
100
AcDbEntity
  8
F.Silkscreen
  6
CONTINUOUS
100
AcDbLine
 10
149.5749999999999886
 20
-16.3048189999999984
 30
0
 11
149.5735589999999888
 21
-16.3194510000000008
 31
0
  0
LINE
  5
D0D
330
22
100
AcDbEntity
  8
F.Silkscreen
  6
CONTINUOUS
100
AcDbLine
 10
149.5735589999999888
 20
-16.3194510000000008
 30
0
 11
149.562359999999984
 21
-16.3464869999999998
 31
0
  0
LINE
  5
D0E
330
22
100
AcDbEntity
  8
F.Silkscreen
  6
CONTINUOUS
100
AcDbLine
 10
149.562359999999984
 20
-16.3464869999999998
 30
0
 11
149.5416679999999872
 21
-16.3671790000000001
 31
0
  0
LINE
  5
D0F
330
22
100
AcDbEntity
  8
F.Silkscreen
  6
CONTINUOUS
100
AcDbLine
 10
149.5416679999999872
 20
-16.3671790000000001
 30
0
 11
149.514632000000006
 21
-16.3783779999999979
 31
0
  0
LINE
  5
D10
330
22
100
AcDbEntity
  8
F.Silkscreen
  6
CONTINUOUS
100
AcDbLine
 10
149.514632000000006
 20
-16.3783779999999979
 30
0
 11
149.485367999999994
 21
-16.3783779999999979
 31
0
  0
LINE
  5
D11
330
22
100
AcDbEntity
  8
F.Silkscreen
  6
CONTINUOUS
100
AcDbLine
 10
149.485367999999994
 20
-16.3783779999999979
 30
0
 11
149.4583319999999844
 21
-16.3671790000000001
 31
0
  0
LINE
  5
D12
330
22
100
AcDbEntity
  8
F.Silkscreen
  6
CONTINUOUS
100
AcDbLine
 10
149.4583319999999844
 20
-16.3671790000000001
 30
0
 11
149.4376399999999876
 21
-16.3464869999999998
 31
0
  0
LINE
  5
D13
330
22
100
AcDbEntity
  8
F.Silkscreen
  6
CONTINUOUS
100
AcDbLine
 10
149.4376399999999876
 20
-16.3464869999999998
 30
0
 11
149.4264409999999828
 21
-16.3194510000000008
 31
0
  0
LINE
  5
D14
330
22
100
AcDbEntity
  8
F.Silkscreen
  6
CONTINUOUS
100
AcDbLine
 10
149.4264409999999828
 20
-16.3194510000000008
 30
0
 11
149.4249999999999829
 21
-16.3048189999999984
 31
0
  0
LINE
  5
D15
330
22
100
AcDbEntity
  8
F.Silkscreen
  6
CONTINUOUS
100
AcDbLine
 10
149.4249999999999829
 20
-16.3048189999999984
 30
0
 11
149.4249999999999829
 21
-15.3048190000000002
 31
0
  0
LINE
  5
D16
330
22
100
AcDbEntity
  8
F.Silkscreen
  6
CONTINUOUS
100
AcDbLine
 10
149.4249999999999829
 20
-15.3048190000000002
 30
0
 11
149.4264409999999828
 21
-15.2901869999999995
 31
0
  0
LINE
  5
D17
330
22
100
AcDbEntity
  8
F.Silkscreen
  6
CONTINUOUS
100
AcDbLine
 10
149.4264409999999828
 20
-15.2901869999999995
 30
0
 11
149.4376399999999876
 21
-15.2631509999999988
 31
0
  0
LINE
  5
D18
330
22
100
AcDbEntity
  8
F.Silkscreen
  6
CONTINUOUS
100
AcDbLine
 10
149.4376399999999876
 20
-15.2631509999999988
 30
0
 11
149.4583319999999844
 21
-15.2424589999999984
 31
0
  0
LINE
  5
D19
330
22
100
AcDbEntity
  8
F.Silkscreen
  6
CONTINUOUS
100
AcDbLine
 10
149.4583319999999844
 20
-15.2424589999999984
 30
0
 11
149.485367999999994
 21
-15.2312599999999989
 31
0
  0
LINE
  5
D1A
330
22
100
AcDbEntity
  8
F.Silkscreen
  6
CONTINUOUS
100
AcDbLine
 10
149.485367999999994
 20
-15.2312599999999989
 30
0
 11
149.5
 21
-15.2298189999999991
 31
0
  0
LINE
  5
D1B
330
22
100
AcDbEntity
  8
F.Silkscreen
  6
CONTINUOUS
100
AcDbLine
 10
149.5
 20
-15.2298189999999991
 30
0
 11
149.9761900000000026
 21
-15.2298189999999991
 31
0
  0
LINE
  5
D1C
330
22
100
AcDbEntity
  8
F.Silkscreen
  6
CONTINUOUS
100
AcDbLine
 10
149.9761900000000026
 20
-15.2298189999999991
 30
0
 11
149.9908219999999801
 21
-15.2312599999999989
 31
0
  0
LINE
  5
D1D
330
22
100
AcDbEntity
  8
F.Silkscreen
  6
CONTINUOUS
100
AcDbLine
 10
86.0860599999999891
 20
-14.7312599999999989
 30
0
 11
86.1130959999999988
 21
-14.7424590000000002
 31
0
  0
LINE
  5
D1E
330
22
100
AcDbEntity
  8
F.Silkscreen
  6
CONTINUOUS
100
AcDbLine
 10
86.1130959999999988
 20
-14.7424590000000002
 30
0
 11
86.1337879999999956
 21
-14.7631509999999988
 31
0
  0
LINE
  5
D1F
330
22
100
AcDbEntity
  8
F.Silkscreen
  6
CONTINUOUS
100
AcDbLine
 10
86.1337879999999956
 20
-14.7631509999999988
 30
0
 11
86.1449870000000004
 21
-14.7901869999999995
 31
0
  0
LINE
  5
D20
330
22
100
AcDbEntity
  8
F.Silkscreen
  6
CONTINUOUS
100
AcDbLine
 10
86.1449870000000004
 20
-14.7901869999999995
 30
0
 11
86.1449870000000004
 21
-14.819450999999999
 31
0
  0
LINE
  5
D21
330
22
100
AcDbEntity
  8
F.Silkscreen
  6
CONTINUOUS
100
AcDbLine
 10
86.1449870000000004
 20
-14.819450999999999
 30
0
 11
86.1337879999999956
 21
-14.8464869999999998
 31
0
  0
LINE
  5
D22
330
22
100
AcDbEntity
  8
F.Silkscreen
  6
CONTINUOUS
100
AcDbLine
 10
86.1337879999999956
 20
-14.8464869999999998
 30
0
 11
86.1130959999999988
 21
-14.8671790000000001
 31
0
  0
LINE
  5
D23
330
22
100
AcDbEntity
  8
F.Silkscreen
  6
CONTINUOUS
100
AcDbLine
 10
86.1130959999999988
 20
-14.8671790000000001
 30
0
 11
86.0860599999999891
 21
-14.8783779999999997
 31
0
  0
LINE
  5
D24
330
22
100
AcDbEntity
  8
F.Silkscreen
  6
CONTINUOUS
100
AcDbLine
 10
86.0860599999999891
 20
-14.8783779999999997
 30
0
 11
86.0714279999999974
 21
-14.8798189999999995
 31
0
  0
LINE
  5
D25
330
22
100
AcDbEntity
  8
F.Silkscreen
  6
CONTINUOUS
100
AcDbLine
 10
86.0714279999999974
 20
-14.8798189999999995
 30
0
 11
85.6702379999999977
 21
-14.8798189999999995
 31
0
  0
LINE
  5
D26
330
22
100
AcDbEntity
  8
F.Silkscreen
  6
CONTINUOUS
100
AcDbLine
 10
85.6702379999999977
 20
-14.8798189999999995
 30
0
 11
85.6702379999999977
 21
-15.2060089999999999
 31
0
  0
LINE
  5
D27
330
22
100
AcDbEntity
  8
F.Silkscreen
  6
CONTINUOUS
100
AcDbLine
 10
85.6702379999999977
 20
-15.2060089999999999
 30
0
 11
85.9285709999999909
 21
-15.2060089999999999
 31
0
  0
LINE
  5
D28
330
22
100
AcDbEntity
  8
F.Silkscreen
  6
CONTINUOUS
100
AcDbLine
 10
85.9285709999999909
 20
-15.2060089999999999
 30
0
 11
85.9432029999999969
 21
-15.2074499999999997
 31
0
  0
LINE
  5
D29
330
22
100
AcDbEntity
  8
F.Silkscreen
  6
CONTINUOUS
100
AcDbLine
 10
85.9432029999999969
 20
-15.2074499999999997
 30
0
 11
85.9702389999999923
 21
-15.2186489999999992
 31
0
  0
LINE
  5
D2A
330
22
100
AcDbEntity
  8
F.Silkscreen
  6
CONTINUOUS
100
AcDbLine
 10
85.9702389999999923
 20
-15.2186489999999992
 30
0
 11
85.9909309999999891
 21
-15.2393409999999996
 31
0
  0
LINE
  5
D2B
330
22
100
AcDbEntity
  8
F.Silkscreen
  6
CONTINUOUS
100
AcDbLine
 10
85.9909309999999891
 20
-15.2393409999999996
 30
0
 11
86.002129999999994
 21
-15.2663769999999985
 31
0
  0
LINE
  5
D2C
330
22
100
AcDbEntity
  8
F.Silkscreen
  6
CONTINUOUS
100
AcDbLine
 10
86.002129999999994
 20
-15.2663769999999985
 30
0
 11
86.002129999999994
 21
-15.2956409999999998
 31
0
  0
LINE
  5
D2D
330
22
100
AcDbEntity
  8
F.Silkscreen
  6
CONTINUOUS
100
AcDbLine
 10
86.002129999999994
 20
-15.2956409999999998
 30
0
 11
85.9909309999999891
 21
-15.3226769999999988
 31
0
  0
LINE
  5
D2E
330
22
100
AcDbEntity
  8
F.Silkscreen
  6
CONTINUOUS
100
AcDbLine
 10
85.9909309999999891
 20
-15.3226769999999988
 30
0
 11
85.9702389999999923
 21
-15.3433689999999991
 31
0
  0
LINE
  5
D2F
330
22
100
AcDbEntity
  8
F.Silkscreen
  6
CONTINUOUS
100
AcDbLine
 10
85.9702389999999923
 20
-15.3433689999999991
 30
0
 11
85.9432029999999969
 21
-15.3545679999999987
 31
0
  0
LINE
  5
D30
330
22
100
AcDbEntity
  8
F.Silkscreen
  6
CONTINUOUS
100
AcDbLine
 10
85.9432029999999969
 20
-15.3545679999999987
 30
0
 11
85.9285709999999909
 21
-15.3560089999999985
 31
0
  0
LINE
  5
D31
330
22
100
AcDbEntity
  8
F.Silkscreen
  6
CONTINUOUS
100
AcDbLine
 10
85.9285709999999909
 20
-15.3560089999999985
 30
0
 11
85.6702379999999977
 21
-15.3560089999999985
 31
0
  0
LINE
  5
D32
330
22
100
AcDbEntity
  8
F.Silkscreen
  6
CONTINUOUS
100
AcDbLine
 10
85.6702379999999977
 20
-15.3560089999999985
 30
0
 11
85.6702379999999977
 21
-15.7298189999999991
 31
0
  0
LINE
  5
D33
330
22
100
AcDbEntity
  8
F.Silkscreen
  6
CONTINUOUS
100
AcDbLine
 10
85.6702379999999977
 20
-15.7298189999999991
 30
0
 11
86.0714279999999974
 21
-15.7298189999999991
 31
0
  0
LINE
  5
D34
330
22
100
AcDbEntity
  8
F.Silkscreen
  6
CONTINUOUS
100
AcDbLine
 10
86.0714279999999974
 20
-15.7298189999999991
 30
0
 11
86.0860599999999891
 21
-15.7312599999999989
 31
0
  0
LINE
  5
D35
330
22
100
AcDbEntity
  8
F.Silkscreen
  6
CONTINUOUS
100
AcDbLine
 10
86.0860599999999891
 20
-15.7312599999999989
 30
0
 11
86.1130959999999988
 21
-15.7424589999999984
 31
0
  0
LINE
  5
D36
330
22
100
AcDbEntity
  8
F.Silkscreen
  6
CONTINUOUS
100
AcDbLine
 10
86.1130959999999988
 20
-15.7424589999999984
 30
0
 11
86.1337879999999956
 21
-15.7631509999999988
 31
0
  0
LINE
  5
D37
330
22
100
AcDbEntity
  8
F.Silkscreen
  6
CONTINUOUS
100
AcDbLine
 10
86.1337879999999956
 20
-15.7631509999999988
 30
0
 11
86.1449870000000004
 21
-15.7901869999999995
 31
0
  0
LINE
  5
D38
330
22
100
AcDbEntity
  8
F.Silkscreen
  6
CONTINUOUS
100
AcDbLine
 10
86.1449870000000004
 20
-15.7901869999999995
 30
0
 11
86.1449870000000004
 21
-15.819450999999999
 31
0
  0
LINE
  5
D39
330
22
100
AcDbEntity
  8
F.Silkscreen
  6
CONTINUOUS
100
AcDbLine
 10
86.1449870000000004
 20
-15.819450999999999
 30
0
 11
86.1337879999999956
 21
-15.8464869999999998
 31
0
  0
LINE
  5
D3A
330
22
100
AcDbEntity
  8
F.Silkscreen
  6
CONTINUOUS
100
AcDbLine
 10
86.1337879999999956
 20
-15.8464869999999998
 30
0
 11
86.1130959999999988
 21
-15.8671790000000001
 31
0
  0
LINE
  5
D3B
330
22
100
AcDbEntity
  8
F.Silkscreen
  6
CONTINUOUS
100
AcDbLine
 10
86.1130959999999988
 20
-15.8671790000000001
 30
0
 11
86.0860599999999891
 21
-15.8783779999999997
 31
0
  0
LINE
  5
D3C
330
22
100
AcDbEntity
  8
F.Silkscreen
  6
CONTINUOUS
100
AcDbLine
 10
86.0860599999999891
 20
-15.8783779999999997
 30
0
 11
86.0714279999999974
 21
-15.8798189999999995
 31
0
  0
LINE
  5
D3D
330
22
100
AcDbEntity
  8
F.Silkscreen
  6
CONTINUOUS
100
AcDbLine
 10
86.0714279999999974
 20
-15.8798189999999995
 30
0
 11
85.5952379999999948
 21
-15.8798189999999995
 31
0
  0
LINE
  5
D3E
330
22
100
AcDbEntity
  8
F.Silkscreen
  6
CONTINUOUS
100
AcDbLine
 10
85.5952379999999948
 20
-15.8798189999999995
 30
0
 11
85.5806060000000031
 21
-15.8783779999999997
 31
0
  0
LINE
  5
D3F
330
22
100
AcDbEntity
  8
F.Silkscreen
  6
CONTINUOUS
100
AcDbLine
 10
85.5806060000000031
 20
-15.8783779999999997
 30
0
 11
85.5535699999999935
 21
-15.8671790000000001
 31
0
  0
LINE
  5
D40
330
22
100
AcDbEntity
  8
F.Silkscreen
  6
CONTINUOUS
100
AcDbLine
 10
85.5535699999999935
 20
-15.8671790000000001
 30
0
 11
85.5328779999999966
 21
-15.8464869999999998
 31
0
  0
LINE
  5
D41
330
22
100
AcDbEntity
  8
F.Silkscreen
  6
CONTINUOUS
100
AcDbLine
 10
85.5328779999999966
 20
-15.8464869999999998
 30
0
 11
85.5216789999999918
 21
-15.819450999999999
 31
0
  0
LINE
  5
D42
330
22
100
AcDbEntity
  8
F.Silkscreen
  6
CONTINUOUS
100
AcDbLine
 10
85.5216789999999918
 20
-15.819450999999999
 30
0
 11
85.520237999999992
 21
-15.8048189999999984
 31
0
  0
LINE
  5
D43
330
22
100
AcDbEntity
  8
F.Silkscreen
  6
CONTINUOUS
100
AcDbLine
 10
85.520237999999992
 20
-15.8048189999999984
 30
0
 11
85.520237999999992
 21
-14.8048190000000002
 31
0
  0
LINE
  5
D44
330
22
100
AcDbEntity
  8
F.Silkscreen
  6
CONTINUOUS
100
AcDbLine
 10
85.520237999999992
 20
-14.8048190000000002
 30
0
 11
85.5216789999999918
 21
-14.7901869999999995
 31
0
  0
LINE
  5
D45
330
22
100
AcDbEntity
  8
F.Silkscreen
  6
CONTINUOUS
100
AcDbLine
 10
85.5216789999999918
 20
-14.7901869999999995
 30
0
 11
85.5328779999999966
 21
-14.7631509999999988
 31
0
  0
LINE
  5
D46
330
22
100
AcDbEntity
  8
F.Silkscreen
  6
CONTINUOUS
100
AcDbLine
 10
85.5328779999999966
 20
-14.7631509999999988
 30
0
 11
85.5535699999999935
 21
-14.7424590000000002
 31
0
  0
LINE
  5
D47
330
22
100
AcDbEntity
  8
F.Silkscreen
  6
CONTINUOUS
100
AcDbLine
 10
85.5535699999999935
 20
-14.7424590000000002
 30
0
 11
85.5806060000000031
 21
-14.7312599999999989
 31
0
  0
LINE
  5
D48
330
22
100
AcDbEntity
  8
F.Silkscreen
  6
CONTINUOUS
100
AcDbLine
 10
85.5806060000000031
 20
-14.7312599999999989
 30
0
 11
85.5952379999999948
 21
-14.7298189999999991
 31
0
  0
LINE
  5
D49
330
22
100
AcDbEntity
  8
F.Silkscreen
  6
CONTINUOUS
100
AcDbLine
 10
85.5952379999999948
 20
-14.7298189999999991
 30
0
 11
86.0714279999999974
 21
-14.7298189999999991
 31
0
  0
LINE
  5
D4A
330
22
100
AcDbEntity
  8
F.Silkscreen
  6
CONTINUOUS
100
AcDbLine
 10
86.0714279999999974
 20
-14.7298189999999991
 30
0
 11
86.0860599999999891
 21
-14.7312599999999989
 31
0
  0
LINE
  5
D4B
330
22
100
AcDbEntity
  8
F.Silkscreen
  6
CONTINUOUS
100
AcDbLine
 10
84.9908219999999943
 20
-14.7312599999999989
 30
0
 11
84.9933109999999914
 21
-14.732291
 31
0
  0
LINE
  5
D4C
330
22
100
AcDbEntity
  8
F.Silkscreen
  6
CONTINUOUS
100
AcDbLine
 10
84.9933109999999914
 20
-14.732291
 30
0
 11
84.9959989999999976
 21
-14.7324819999999992
 31
0
  0
LINE
  5
D4D
330
22
100
AcDbEntity
  8
F.Silkscreen
  6
CONTINUOUS
100
AcDbLine
 10
84.9959989999999976
 20
-14.7324819999999992
 30
0
 11
85.0097310000000022
 21
-14.7377369999999992
 31
0
  0
LINE
  5
D4E
330
22
100
AcDbEntity
  8
F.Silkscreen
  6
CONTINUOUS
100
AcDbLine
 10
85.0097310000000022
 20
-14.7377369999999992
 30
0
 11
85.104968999999997
 21
-14.7853560000000002
 31
0
  0
LINE
  5
D4F
330
22
100
AcDbEntity
  8
F.Silkscreen
  6
CONTINUOUS
100
AcDbLine
 10
85.104968999999997
 20
-14.7853560000000002
 30
0
 11
85.1112679999999955
 21
-14.78932
 31
0
  0
LINE
  5
D50
330
22
100
AcDbEntity
  8
F.Silkscreen
  6
CONTINUOUS
100
AcDbLine
 10
85.1112679999999955
 20
-14.78932
 30
0
 11
85.1130959999999988
 21
-14.7900779999999994
 31
0
  0
LINE
  5
D51
330
22
100
AcDbEntity
  8
F.Silkscreen
  6
CONTINUOUS
100
AcDbLine
 10
85.1130959999999988
 20
-14.7900779999999994
 30
0
 11
85.1151519999999948
 21
-14.7917659999999991
 31
0
  0
LINE
  5
D52
330
22
100
AcDbEntity
  8
F.Silkscreen
  6
CONTINUOUS
100
AcDbLine
 10
85.1151519999999948
 20
-14.7917659999999991
 30
0
 11
85.1174120000000016
 21
-14.7931879999999989
 31
0
  0
LINE
  5
D53
330
22
100
AcDbEntity
  8
F.Silkscreen
  6
CONTINUOUS
100
AcDbLine
 10
85.1174120000000016
 20
-14.7931879999999989
 30
0
 11
85.1187109999999905
 21
-14.7946859999999987
 31
0
  0
LINE
  5
D54
330
22
100
AcDbEntity
  8
F.Silkscreen
  6
CONTINUOUS
100
AcDbLine
 10
85.1187109999999905
 20
-14.7946859999999987
 30
0
 11
85.1244609999999966
 21
-14.7994050000000001
 31
0
  0
LINE
  5
D55
330
22
100
AcDbEntity
  8
F.Silkscreen
  6
CONTINUOUS
100
AcDbLine
 10
85.1244609999999966
 20
-14.7994050000000001
 30
0
 11
85.172079999999994
 21
-14.8470239999999993
 31
0
  0
LINE
  5
D56
330
22
100
AcDbEntity
  8
F.Silkscreen
  6
CONTINUOUS
100
AcDbLine
 10
85.172079999999994
 20
-14.8470239999999993
 30
0
 11
85.1767979999999909
 21
-14.8527729999999991
 31
0
  0
LINE
  5
D57
330
22
100
AcDbEntity
  8
F.Silkscreen
  6
CONTINUOUS
100
AcDbLine
 10
85.1767979999999909
 20
-14.8527729999999991
 30
0
 11
85.1782970000000006
 21
-14.8540729999999996
 31
0
  0
LINE
  5
D58
330
22
100
AcDbEntity
  8
F.Silkscreen
  6
CONTINUOUS
100
AcDbLine
 10
85.1782970000000006
 20
-14.8540729999999996
 30
0
 11
85.179717999999994
 21
-14.8563320000000001
 31
0
  0
LINE
  5
D59
330
22
100
AcDbEntity
  8
F.Silkscreen
  6
CONTINUOUS
100
AcDbLine
 10
85.179717999999994
 20
-14.8563320000000001
 30
0
 11
85.181406999999993
 21
-14.858388999999999
 31
0
  0
LINE
  5
D5A
330
22
100
AcDbEntity
  8
F.Silkscreen
  6
CONTINUOUS
100
AcDbLine
 10
85.181406999999993
 20
-14.858388999999999
 30
0
 11
85.1821640000000002
 21
-14.8602159999999994
 31
0
  0
LINE
  5
D5B
330
22
100
AcDbEntity
  8
F.Silkscreen
  6
CONTINUOUS
100
AcDbLine
 10
85.1821640000000002
 20
-14.8602159999999994
 30
0
 11
85.186128999999994
 21
-14.866515999999999
 31
0
  0
LINE
  5
D5C
330
22
100
AcDbEntity
  8
F.Silkscreen
  6
CONTINUOUS
100
AcDbLine
 10
85.186128999999994
 20
-14.866515999999999
 30
0
 11
85.2337479999999914
 21
-14.9617539999999991
 31
0
  0
LINE
  5
D5D
330
22
100
AcDbEntity
  8
F.Silkscreen
  6
CONTINUOUS
100
AcDbLine
 10
85.2337479999999914
 20
-14.9617539999999991
 30
0
 11
85.2390029999999967
 21
-14.975484999999999
 31
0
  0
LINE
  5
D5E
330
22
100
AcDbEntity
  8
F.Silkscreen
  6
CONTINUOUS
100
AcDbLine
 10
85.2390029999999967
 20
-14.975484999999999
 30
0
 11
85.2391939999999977
 21
-14.9781739999999992
 31
0
  0
LINE
  5
D5F
330
22
100
AcDbEntity
  8
F.Silkscreen
  6
CONTINUOUS
100
AcDbLine
 10
85.2391939999999977
 20
-14.9781739999999992
 30
0
 11
85.2402249999999952
 21
-14.9806629999999998
 31
0
  0
LINE
  5
D60
330
22
100
AcDbEntity
  8
F.Silkscreen
  6
CONTINUOUS
100
AcDbLine
 10
85.2402249999999952
 20
-14.9806629999999998
 30
0
 11
85.2416659999999951
 21
-14.9952949999999987
 31
0
  0
LINE
  5
D61
330
22
100
AcDbEntity
  8
F.Silkscreen
  6
CONTINUOUS
100
AcDbLine
 10
85.2416659999999951
 20
-14.9952949999999987
 30
0
 11
85.2416659999999951
 21
-15.1381519999999998
 31
0
  0
LINE
  5
D62
330
22
100
AcDbEntity
  8
F.Silkscreen
  6
CONTINUOUS
100
AcDbLine
 10
85.2416659999999951
 20
-15.1381519999999998
 30
0
 11
85.2402249999999952
 21
-15.1527839999999987
 31
0
  0
LINE
  5
D63
330
22
100
AcDbEntity
  8
F.Silkscreen
  6
CONTINUOUS
100
AcDbLine
 10
85.2402249999999952
 20
-15.1527839999999987
 30
0
 11
85.2391939999999977
 21
-15.1552720000000001
 31
0
  0
LINE
  5
D64
330
22
100
AcDbEntity
  8
F.Silkscreen
  6
CONTINUOUS
100
AcDbLine
 10
85.2391939999999977
 20
-15.1552720000000001
 30
0
 11
85.2390029999999967
 21
-15.1579619999999995
 31
0
  0
LINE
  5
D65
330
22
100
AcDbEntity
  8
F.Silkscreen
  6
CONTINUOUS
100
AcDbLine
 10
85.2390029999999967
 20
-15.1579619999999995
 30
0
 11
85.2337479999999914
 21
-15.1716929999999994
 31
0
  0
LINE
  5
D66
330
22
100
AcDbEntity
  8
F.Silkscreen
  6
CONTINUOUS
100
AcDbLine
 10
85.2337479999999914
 20
-15.1716929999999994
 30
0
 11
85.186128999999994
 21
-15.2669309999999996
 31
0
  0
LINE
  5
D67
330
22
100
AcDbEntity
  8
F.Silkscreen
  6
CONTINUOUS
100
AcDbLine
 10
85.186128999999994
 20
-15.2669309999999996
 30
0
 11
85.1821640000000002
 21
-15.2732299999999999
 31
0
  0
LINE
  5
D68
330
22
100
AcDbEntity
  8
F.Silkscreen
  6
CONTINUOUS
100
AcDbLine
 10
85.1821640000000002
 20
-15.2732299999999999
 30
0
 11
85.181406999999993
 21
-15.2750579999999996
 31
0
  0
LINE
  5
D69
330
22
100
AcDbEntity
  8
F.Silkscreen
  6
CONTINUOUS
100
AcDbLine
 10
85.181406999999993
 20
-15.2750579999999996
 30
0
 11
85.179717999999994
 21
-15.2771139999999992
 31
0
  0
LINE
  5
D6A
330
22
100
AcDbEntity
  8
F.Silkscreen
  6
CONTINUOUS
100
AcDbLine
 10
85.179717999999994
 20
-15.2771139999999992
 30
0
 11
85.1782970000000006
 21
-15.2793739999999989
 31
0
  0
LINE
  5
D6B
330
22
100
AcDbEntity
  8
F.Silkscreen
  6
CONTINUOUS
100
AcDbLine
 10
85.1782970000000006
 20
-15.2793739999999989
 30
0
 11
85.1767979999999909
 21
-15.2806730000000002
 31
0
  0
LINE
  5
D6C
330
22
100
AcDbEntity
  8
F.Silkscreen
  6
CONTINUOUS
100
AcDbLine
 10
85.1767979999999909
 20
-15.2806730000000002
 30
0
 11
85.172079999999994
 21
-15.2864229999999992
 31
0
  0
LINE
  5
D6D
330
22
100
AcDbEntity
  8
F.Silkscreen
  6
CONTINUOUS
100
AcDbLine
 10
85.172079999999994
 20
-15.2864229999999992
 30
0
 11
85.1244609999999966
 21
-15.3340420000000002
 31
0
  0
LINE
  5
D6E
330
22
100
AcDbEntity
  8
F.Silkscreen
  6
CONTINUOUS
100
AcDbLine
 10
85.1244609999999966
 20
-15.3340420000000002
 30
0
 11
85.1187109999999905
 21
-15.3387599999999988
 31
0
  0
LINE
  5
D6F
330
22
100
AcDbEntity
  8
F.Silkscreen
  6
CONTINUOUS
100
AcDbLine
 10
85.1187109999999905
 20
-15.3387599999999988
 30
0
 11
85.1174120000000016
 21
-15.3402589999999996
 31
0
  0
LINE
  5
D70
330
22
100
AcDbEntity
  8
F.Silkscreen
  6
CONTINUOUS
100
AcDbLine
 10
85.1174120000000016
 20
-15.3402589999999996
 30
0
 11
85.1151519999999948
 21
-15.3416799999999984
 31
0
  0
LINE
  5
D71
330
22
100
AcDbEntity
  8
F.Silkscreen
  6
CONTINUOUS
100
AcDbLine
 10
85.1151519999999948
 20
-15.3416799999999984
 30
0
 11
85.1130959999999988
 21
-15.3433689999999991
 31
0
  0
LINE
  5
D72
330
22
100
AcDbEntity
  8
F.Silkscreen
  6
CONTINUOUS
100
AcDbLine
 10
85.1130959999999988
 20
-15.3433689999999991
 30
0
 11
85.1112679999999955
 21
-15.3441259999999993
 31
0
  0
LINE
  5
D73
330
22
100
AcDbEntity
  8
F.Silkscreen
  6
CONTINUOUS
100
AcDbLine
 10
85.1112679999999955
 20
-15.3441259999999993
 30
0
 11
85.104968999999997
 21
-15.3480910000000002
 31
0
  0
LINE
  5
D74
330
22
100
AcDbEntity
  8
F.Silkscreen
  6
CONTINUOUS
100
AcDbLine
 10
85.104968999999997
 20
-15.3480910000000002
 30
0
 11
85.0097310000000022
 21
-15.3957099999999993
 31
0
  0
LINE
  5
D75
330
22
100
AcDbEntity
  8
F.Silkscreen
  6
CONTINUOUS
100
AcDbLine
 10
85.0097310000000022
 20
-15.3957099999999993
 30
0
 11
84.9959989999999976
 21
-15.4009649999999993
 31
0
  0
LINE
  5
D76
330
22
100
AcDbEntity
  8
F.Silkscreen
  6
CONTINUOUS
100
AcDbLine
 10
84.9959989999999976
 20
-15.4009649999999993
 30
0
 11
84.9933109999999914
 21
-15.4011549999999993
 31
0
  0
LINE
  5
D77
330
22
100
AcDbEntity
  8
F.Silkscreen
  6
CONTINUOUS
100
AcDbLine
 10
84.9933109999999914
 20
-15.4011549999999993
 30
0
 11
84.9908219999999943
 21
-15.4021869999999996
 31
0
  0
LINE
  5
D78
330
22
100
AcDbEntity
  8
F.Silkscreen
  6
CONTINUOUS
100
AcDbLine
 10
84.9908219999999943
 20
-15.4021869999999996
 30
0
 11
84.9773050000000012
 21
-15.403518
 31
0
  0
LINE
  5
D79
330
22
100
AcDbEntity
  8
F.Silkscreen
  6
CONTINUOUS
100
AcDbLine
 10
84.9773050000000012
 20
-15.403518
 30
0
 11
85.2281089999999892
 21
-15.7618099999999988
 31
0
  0
LINE
  5
D7A
330
22
100
AcDbEntity
  8
F.Silkscreen
  6
CONTINUOUS
100
AcDbLine
 10
85.2281089999999892
 20
-15.7618099999999988
 30
0
 11
85.2353189999999898
 21
-15.7746230000000001
 31
0
  0
LINE
  5
D7B
330
22
100
AcDbEntity
  8
F.Silkscreen
  6
CONTINUOUS
100
AcDbLine
 10
85.2353189999999898
 20
-15.7746230000000001
 30
0
 11
85.2416479999999979
 21
-15.8031939999999995
 31
0
  0
LINE
  5
D7C
330
22
100
AcDbEntity
  8
F.Silkscreen
  6
CONTINUOUS
100
AcDbLine
 10
85.2416479999999979
 20
-15.8031939999999995
 30
0
 11
85.2365629999999896
 21
-15.8320119999999989
 31
0
  0
LINE
  5
D7D
330
22
100
AcDbEntity
  8
F.Silkscreen
  6
CONTINUOUS
100
AcDbLine
 10
85.2365629999999896
 20
-15.8320119999999989
 30
0
 11
85.2208359999999914
 21
-15.8566899999999986
 31
0
  0
LINE
  5
D7E
330
22
100
AcDbEntity
  8
F.Silkscreen
  6
CONTINUOUS
100
AcDbLine
 10
85.2208359999999914
 20
-15.8566899999999986
 30
0
 11
85.1968619999999959
 21
-15.8734719999999996
 31
0
  0
LINE
  5
D7F
330
22
100
AcDbEntity
  8
F.Silkscreen
  6
CONTINUOUS
100
AcDbLine
 10
85.1968619999999959
 20
-15.8734719999999996
 30
0
 11
85.1682909999999964
 21
-15.8798019999999998
 31
0
  0
LINE
  5
D80
330
22
100
AcDbEntity
  8
F.Silkscreen
  6
CONTINUOUS
100
AcDbLine
 10
85.1682909999999964
 20
-15.8798019999999998
 30
0
 11
85.1394739999999928
 21
-15.8747159999999994
 31
0
  0
LINE
  5
D81
330
22
100
AcDbEntity
  8
F.Silkscreen
  6
CONTINUOUS
100
AcDbLine
 10
85.1394739999999928
 20
-15.8747159999999994
 30
0
 11
85.1147950000000009
 21
-15.8589889999999993
 31
0
  0
LINE
  5
D82
330
22
100
AcDbEntity
  8
F.Silkscreen
  6
CONTINUOUS
100
AcDbLine
 10
85.1147950000000009
 20
-15.8589889999999993
 30
0
 11
85.1052239999999927
 21
-15.8478289999999991
 31
0
  0
LINE
  5
D83
330
22
100
AcDbEntity
  8
F.Silkscreen
  6
CONTINUOUS
100
AcDbLine
 10
85.1052239999999927
 20
-15.8478289999999991
 30
0
 11
84.7942839999999904
 21
-15.4036279999999994
 31
0
  0
LINE
  5
D84
330
22
100
AcDbEntity
  8
F.Silkscreen
  6
CONTINUOUS
100
AcDbLine
 10
84.7942839999999904
 20
-15.4036279999999994
 30
0
 11
84.6702379999999977
 21
-15.4036279999999994
 31
0
  0
LINE
  5
D85
330
22
100
AcDbEntity
  8
F.Silkscreen
  6
CONTINUOUS
100
AcDbLine
 10
84.6702379999999977
 20
-15.4036279999999994
 30
0
 11
84.6702379999999977
 21
-15.8048189999999984
 31
0
  0
LINE
  5
D86
330
22
100
AcDbEntity
  8
F.Silkscreen
  6
CONTINUOUS
100
AcDbLine
 10
84.6702379999999977
 20
-15.8048189999999984
 30
0
 11
84.6687969999999979
 21
-15.819450999999999
 31
0
  0
LINE
  5
D87
330
22
100
AcDbEntity
  8
F.Silkscreen
  6
CONTINUOUS
100
AcDbLine
 10
84.6687969999999979
 20
-15.819450999999999
 30
0
 11
84.657597999999993
 21
-15.8464869999999998
 31
0
  0
LINE
  5
D88
330
22
100
AcDbEntity
  8
F.Silkscreen
  6
CONTINUOUS
100
AcDbLine
 10
84.657597999999993
 20
-15.8464869999999998
 30
0
 11
84.6369059999999962
 21
-15.8671790000000001
 31
0
  0
LINE
  5
D89
330
22
100
AcDbEntity
  8
F.Silkscreen
  6
CONTINUOUS
100
AcDbLine
 10
84.6369059999999962
 20
-15.8671790000000001
 30
0
 11
84.6098700000000008
 21
-15.8783779999999997
 31
0
  0
LINE
  5
D8A
330
22
100
AcDbEntity
  8
F.Silkscreen
  6
CONTINUOUS
100
AcDbLine
 10
84.6098700000000008
 20
-15.8783779999999997
 30
0
 11
84.5806060000000031
 21
-15.8783779999999997
 31
0
  0
LINE
  5
D8B
330
22
100
AcDbEntity
  8
F.Silkscreen
  6
CONTINUOUS
100
AcDbLine
 10
84.5806060000000031
 20
-15.8783779999999997
 30
0
 11
84.5535699999999935
 21
-15.8671790000000001
 31
0
  0
LINE
  5
D8C
330
22
100
AcDbEntity
  8
F.Silkscreen
  6
CONTINUOUS
100
AcDbLine
 10
84.5535699999999935
 20
-15.8671790000000001
 30
0
 11
84.5328779999999966
 21
-15.8464869999999998
 31
0
  0
LINE
  5
D8D
330
22
100
AcDbEntity
  8
F.Silkscreen
  6
CONTINUOUS
100
AcDbLine
 10
84.5328779999999966
 20
-15.8464869999999998
 30
0
 11
84.5216789999999918
 21
-15.819450999999999
 31
0
  0
LINE
  5
D8E
330
22
100
AcDbEntity
  8
F.Silkscreen
  6
CONTINUOUS
100
AcDbLine
 10
84.5216789999999918
 20
-15.819450999999999
 30
0
 11
84.520237999999992
 21
-15.8048189999999984
 31
0
  0
LINE
  5
D8F
330
22
100
AcDbEntity
  8
F.Silkscreen
  6
CONTINUOUS
100
AcDbLine
 10
84.520237999999992
 20
-15.8048189999999984
 30
0
 11
84.520237999999992
 21
-14.8048190000000002
 31
0
  0
LINE
  5
D90
330
22
100
AcDbEntity
  8
F.Silkscreen
  6
CONTINUOUS
100
AcDbLine
 10
84.520237999999992
 20
-14.8048190000000002
 30
0
 11
84.5216789999999918
 21
-14.7901869999999995
 31
0
  0
LINE
  5
D91
330
22
100
AcDbEntity
  8
F.Silkscreen
  6
CONTINUOUS
100
AcDbLine
 10
84.5216789999999918
 20
-14.7901869999999995
 30
0
 11
84.5328779999999966
 21
-14.7631509999999988
 31
0
  0
LINE
  5
D92
330
22
100
AcDbEntity
  8
F.Silkscreen
  6
CONTINUOUS
100
AcDbLine
 10
84.5328779999999966
 20
-14.7631509999999988
 30
0
 11
84.5535699999999935
 21
-14.7424590000000002
 31
0
  0
LINE
  5
D93
330
22
100
AcDbEntity
  8
F.Silkscreen
  6
CONTINUOUS
100
AcDbLine
 10
84.5535699999999935
 20
-14.7424590000000002
 30
0
 11
84.5806060000000031
 21
-14.7312599999999989
 31
0
  0
LINE
  5
D94
330
22
100
AcDbEntity
  8
F.Silkscreen
  6
CONTINUOUS
100
AcDbLine
 10
84.5806060000000031
 20
-14.7312599999999989
 30
0
 11
84.5952379999999948
 21
-14.7298189999999991
 31
0
  0
LINE
  5
D95
330
22
100
AcDbEntity
  8
F.Silkscreen
  6
CONTINUOUS
100
AcDbLine
 10
84.5952379999999948
 20
-14.7298189999999991
 30
0
 11
84.9761900000000026
 21
-14.7298189999999991
 31
0
  0
LINE
  5
D96
330
22
100
AcDbEntity
  8
F.Silkscreen
  6
CONTINUOUS
100
AcDbLine
 10
84.9761900000000026
 20
-14.7298189999999991
 30
0
 11
84.9908219999999943
 21
-14.7312599999999989
 31
0
  0
LINE
  5
D97
330
22
100
AcDbEntity
  8
F.Silkscreen
  6
CONTINUOUS
100
AcDbLine
 10
84.6702379999999977
 20
-15.2536279999999991
 30
0
 11
84.958484999999996
 21
-15.2536279999999991
 31
0
  0
LINE
  5
D98
330
22
100
AcDbEntity
  8
F.Silkscreen
  6
CONTINUOUS
100
AcDbLine
 10
84.958484999999996
 20
-15.2536279999999991
 30
0
 11
85.0270009999999985
 21
-15.2193699999999996
 31
0
  0
LINE
  5
D99
330
22
100
AcDbEntity
  8
F.Silkscreen
  6
CONTINUOUS
100
AcDbLine
 10
85.0270009999999985
 20
-15.2193699999999996
 30
0
 11
85.0574079999999952
 21
-15.1889629999999993
 31
0
  0
LINE
  5
D9A
330
22
100
AcDbEntity
  8
F.Silkscreen
  6
CONTINUOUS
100
AcDbLine
 10
85.0574079999999952
 20
-15.1889629999999993
 30
0
 11
85.0916659999999894
 21
-15.1204469999999986
 31
0
  0
LINE
  5
D9B
330
22
100
AcDbEntity
  8
F.Silkscreen
  6
CONTINUOUS
100
AcDbLine
 10
85.0916659999999894
 20
-15.1204469999999986
 30
0
 11
85.0916659999999894
 21
-15.0129999999999999
 31
0
  0
LINE
  5
D9C
330
22
100
AcDbEntity
  8
F.Silkscreen
  6
CONTINUOUS
100
AcDbLine
 10
85.0916659999999894
 20
-15.0129999999999999
 30
0
 11
85.0574079999999952
 21
-14.9444839999999992
 31
0
  0
LINE
  5
D9D
330
22
100
AcDbEntity
  8
F.Silkscreen
  6
CONTINUOUS
100
AcDbLine
 10
85.0574079999999952
 20
-14.9444839999999992
 30
0
 11
85.0270009999999985
 21
-14.9140769999999989
 31
0
  0
LINE
  5
D9E
330
22
100
AcDbEntity
  8
F.Silkscreen
  6
CONTINUOUS
100
AcDbLine
 10
85.0270009999999985
 20
-14.9140769999999989
 30
0
 11
84.958484999999996
 21
-14.8798189999999995
 31
0
  0
LINE
  5
D9F
330
22
100
AcDbEntity
  8
F.Silkscreen
  6
CONTINUOUS
100
AcDbLine
 10
84.958484999999996
 20
-14.8798189999999995
 30
0
 11
84.6702379999999977
 21
-14.8798189999999995
 31
0
  0
LINE
  5
DA0
330
22
100
AcDbEntity
  8
F.Silkscreen
  6
CONTINUOUS
100
AcDbLine
 10
84.6702379999999977
 20
-14.8798189999999995
 30
0
 11
84.6702379999999977
 21
-15.2536279999999991
 31
0
  0
LINE
  5
DA1
330
22
100
AcDbEntity
  8
F.Silkscreen
  6
CONTINUOUS
100
AcDbLine
 10
86.9908219999999943
 20
-14.7312599999999989
 30
0
 11
87.0178579999999897
 21
-14.7424590000000002
 31
0
  0
LINE
  5
DA2
330
22
100
AcDbEntity
  8
F.Silkscreen
  6
CONTINUOUS
100
AcDbLine
 10
87.0178579999999897
 20
-14.7424590000000002
 30
0
 11
87.0385500000000008
 21
-14.7631509999999988
 31
0
  0
LINE
  5
DA3
330
22
100
AcDbEntity
  8
F.Silkscreen
  6
CONTINUOUS
100
AcDbLine
 10
87.0385500000000008
 20
-14.7631509999999988
 30
0
 11
87.0497489999999914
 21
-14.7901869999999995
 31
0
  0
LINE
  5
DA4
330
22
100
AcDbEntity
  8
F.Silkscreen
  6
CONTINUOUS
100
AcDbLine
 10
87.0497489999999914
 20
-14.7901869999999995
 30
0
 11
87.0497489999999914
 21
-14.819450999999999
 31
0
  0
LINE
  5
DA5
330
22
100
AcDbEntity
  8
F.Silkscreen
  6
CONTINUOUS
100
AcDbLine
 10
87.0497489999999914
 20
-14.819450999999999
 30
0
 11
87.0385500000000008
 21
-14.8464869999999998
 31
0
  0
LINE
  5
DA6
330
22
100
AcDbEntity
  8
F.Silkscreen
  6
CONTINUOUS
100
AcDbLine
 10
87.0385500000000008
 20
-14.8464869999999998
 30
0
 11
87.0178579999999897
 21
-14.8671790000000001
 31
0
  0
LINE
  5
DA7
330
22
100
AcDbEntity
  8
F.Silkscreen
  6
CONTINUOUS
100
AcDbLine
 10
87.0178579999999897
 20
-14.8671790000000001
 30
0
 11
86.9908219999999943
 21
-14.8783779999999997
 31
0
  0
LINE
  5
DA8
330
22
100
AcDbEntity
  8
F.Silkscreen
  6
CONTINUOUS
100
AcDbLine
 10
86.9908219999999943
 20
-14.8783779999999997
 30
0
 11
86.9761900000000026
 21
-14.8798189999999995
 31
0
  0
LINE
  5
DA9
330
22
100
AcDbEntity
  8
F.Silkscreen
  6
CONTINUOUS
100
AcDbLine
 10
86.9761900000000026
 20
-14.8798189999999995
 30
0
 11
86.5750000000000028
 21
-14.8798189999999995
 31
0
  0
LINE
  5
DAA
330
22
100
AcDbEntity
  8
F.Silkscreen
  6
CONTINUOUS
100
AcDbLine
 10
86.5750000000000028
 20
-14.8798189999999995
 30
0
 11
86.5750000000000028
 21
-15.2060089999999999
 31
0
  0
LINE
  5
DAB
330
22
100
AcDbEntity
  8
F.Silkscreen
  6
CONTINUOUS
100
AcDbLine
 10
86.5750000000000028
 20
-15.2060089999999999
 30
0
 11
86.8333329999999961
 21
-15.2060089999999999
 31
0
  0
LINE
  5
DAC
330
22
100
AcDbEntity
  8
F.Silkscreen
  6
CONTINUOUS
100
AcDbLine
 10
86.8333329999999961
 20
-15.2060089999999999
 30
0
 11
86.8479650000000021
 21
-15.2074499999999997
 31
0
  0
LINE
  5
DAD
330
22
100
AcDbEntity
  8
F.Silkscreen
  6
CONTINUOUS
100
AcDbLine
 10
86.8479650000000021
 20
-15.2074499999999997
 30
0
 11
86.8750009999999975
 21
-15.2186489999999992
 31
0
  0
LINE
  5
DAE
330
22
100
AcDbEntity
  8
F.Silkscreen
  6
CONTINUOUS
100
AcDbLine
 10
86.8750009999999975
 20
-15.2186489999999992
 30
0
 11
86.8956929999999943
 21
-15.2393409999999996
 31
0
  0
LINE
  5
DAF
330
22
100
AcDbEntity
  8
F.Silkscreen
  6
CONTINUOUS
100
AcDbLine
 10
86.8956929999999943
 20
-15.2393409999999996
 30
0
 11
86.9068919999999991
 21
-15.2663769999999985
 31
0
  0
LINE
  5
DB0
330
22
100
AcDbEntity
  8
F.Silkscreen
  6
CONTINUOUS
100
AcDbLine
 10
86.9068919999999991
 20
-15.2663769999999985
 30
0
 11
86.9068919999999991
 21
-15.2956409999999998
 31
0
  0
LINE
  5
DB1
330
22
100
AcDbEntity
  8
F.Silkscreen
  6
CONTINUOUS
100
AcDbLine
 10
86.9068919999999991
 20
-15.2956409999999998
 30
0
 11
86.8956929999999943
 21
-15.3226769999999988
 31
0
  0
LINE
  5
DB2
330
22
100
AcDbEntity
  8
F.Silkscreen
  6
CONTINUOUS
100
AcDbLine
 10
86.8956929999999943
 20
-15.3226769999999988
 30
0
 11
86.8750009999999975
 21
-15.3433689999999991
 31
0
  0
LINE
  5
DB3
330
22
100
AcDbEntity
  8
F.Silkscreen
  6
CONTINUOUS
100
AcDbLine
 10
86.8750009999999975
 20
-15.3433689999999991
 30
0
 11
86.8479650000000021
 21
-15.3545679999999987
 31
0
  0
LINE
  5
DB4
330
22
100
AcDbEntity
  8
F.Silkscreen
  6
CONTINUOUS
100
AcDbLine
 10
86.8479650000000021
 20
-15.3545679999999987
 30
0
 11
86.8333329999999961
 21
-15.3560089999999985
 31
0
  0
LINE
  5
DB5
330
22
100
AcDbEntity
  8
F.Silkscreen
  6
CONTINUOUS
100
AcDbLine
 10
86.8333329999999961
 20
-15.3560089999999985
 30
0
 11
86.5750000000000028
 21
-15.3560089999999985
 31
0
  0
LINE
  5
DB6
330
22
100
AcDbEntity
  8
F.Silkscreen
  6
CONTINUOUS
100
AcDbLine
 10
86.5750000000000028
 20
-15.3560089999999985
 30
0
 11
86.5750000000000028
 21
-15.8048189999999984
 31
0
  0
LINE
  5
DB7
330
22
100
AcDbEntity
  8
F.Silkscreen
  6
CONTINUOUS
100
AcDbLine
 10
86.5750000000000028
 20
-15.8048189999999984
 30
0
 11
86.573559000000003
 21
-15.819450999999999
 31
0
  0
LINE
  5
DB8
330
22
100
AcDbEntity
  8
F.Silkscreen
  6
CONTINUOUS
100
AcDbLine
 10
86.573559000000003
 20
-15.819450999999999
 30
0
 11
86.5623599999999982
 21
-15.8464869999999998
 31
0
  0
LINE
  5
DB9
330
22
100
AcDbEntity
  8
F.Silkscreen
  6
CONTINUOUS
100
AcDbLine
 10
86.5623599999999982
 20
-15.8464869999999998
 30
0
 11
86.5416680000000014
 21
-15.8671790000000001
 31
0
  0
LINE
  5
DBA
330
22
100
AcDbEntity
  8
F.Silkscreen
  6
CONTINUOUS
100
AcDbLine
 10
86.5416680000000014
 20
-15.8671790000000001
 30
0
 11
86.5146319999999918
 21
-15.8783779999999997
 31
0
  0
LINE
  5
DBB
330
22
100
AcDbEntity
  8
F.Silkscreen
  6
CONTINUOUS
100
AcDbLine
 10
86.5146319999999918
 20
-15.8783779999999997
 30
0
 11
86.485367999999994
 21
-15.8783779999999997
 31
0
  0
LINE
  5
DBC
330
22
100
AcDbEntity
  8
F.Silkscreen
  6
CONTINUOUS
100
AcDbLine
 10
86.485367999999994
 20
-15.8783779999999997
 30
0
 11
86.4583319999999986
 21
-15.8671790000000001
 31
0
  0
LINE
  5
DBD
330
22
100
AcDbEntity
  8
F.Silkscreen
  6
CONTINUOUS
100
AcDbLine
 10
86.4583319999999986
 20
-15.8671790000000001
 30
0
 11
86.4376400000000018
 21
-15.8464869999999998
 31
0
  0
LINE
  5
DBE
330
22
100
AcDbEntity
  8
F.Silkscreen
  6
CONTINUOUS
100
AcDbLine
 10
86.4376400000000018
 20
-15.8464869999999998
 30
0
 11
86.426440999999997
 21
-15.819450999999999
 31
0
  0
LINE
  5
DBF
330
22
100
AcDbEntity
  8
F.Silkscreen
  6
CONTINUOUS
100
AcDbLine
 10
86.426440999999997
 20
-15.819450999999999
 30
0
 11
86.4249999999999972
 21
-15.8048189999999984
 31
0
  0
LINE
  5
DC0
330
22
100
AcDbEntity
  8
F.Silkscreen
  6
CONTINUOUS
100
AcDbLine
 10
86.4249999999999972
 20
-15.8048189999999984
 30
0
 11
86.4249999999999972
 21
-14.8048190000000002
 31
0
  0
LINE
  5
DC1
330
22
100
AcDbEntity
  8
F.Silkscreen
  6
CONTINUOUS
100
AcDbLine
 10
86.4249999999999972
 20
-14.8048190000000002
 30
0
 11
86.426440999999997
 21
-14.7901869999999995
 31
0
  0
LINE
  5
DC2
330
22
100
AcDbEntity
  8
F.Silkscreen
  6
CONTINUOUS
100
AcDbLine
 10
86.426440999999997
 20
-14.7901869999999995
 30
0
 11
86.4376400000000018
 21
-14.7631509999999988
 31
0
  0
LINE
  5
DC3
330
22
100
AcDbEntity
  8
F.Silkscreen
  6
CONTINUOUS
100
AcDbLine
 10
86.4376400000000018
 20
-14.7631509999999988
 30
0
 11
86.4583319999999986
 21
-14.7424590000000002
 31
0
  0
LINE
  5
DC4
330
22
100
AcDbEntity
  8
F.Silkscreen
  6
CONTINUOUS
100
AcDbLine
 10
86.4583319999999986
 20
-14.7424590000000002
 30
0
 11
86.485367999999994
 21
-14.7312599999999989
 31
0
  0
LINE
  5
DC5
330
22
100
AcDbEntity
  8
F.Silkscreen
  6
CONTINUOUS
100
AcDbLine
 10
86.485367999999994
 20
-14.7312599999999989
 30
0
 11
86.5
 21
-14.7298189999999991
 31
0
  0
LINE
  5
DC6
330
22
100
AcDbEntity
  8
F.Silkscreen
  6
CONTINUOUS
100
AcDbLine
 10
86.5
 20
-14.7298189999999991
 30
0
 11
86.9761900000000026
 21
-14.7298189999999991
 31
0
  0
LINE
  5
DC7
330
22
100
AcDbEntity
  8
F.Silkscreen
  6
CONTINUOUS
100
AcDbLine
 10
86.9761900000000026
 20
-14.7298189999999991
 30
0
 11
86.9908219999999943
 21
-14.7312599999999989
 31
0
  0
LINE
  5
DC8
330
22
100
AcDbEntity
  8
F.Silkscreen
  6
CONTINUOUS
100
AcDbLine
 10
150.5416679999999872
 20
-15.2424589999999984
 30
0
 11
150.562359999999984
 21
-15.2631509999999988
 31
0
  0
LINE
  5
DC9
330
22
100
AcDbEntity
  8
F.Silkscreen
  6
CONTINUOUS
100
AcDbLine
 10
150.562359999999984
 20
-15.2631509999999988
 30
0
 11
150.5735589999999888
 21
-15.2901869999999995
 31
0
  0
LINE
  5
DCA
330
22
100
AcDbEntity
  8
F.Silkscreen
  6
CONTINUOUS
100
AcDbLine
 10
150.5735589999999888
 20
-15.2901869999999995
 30
0
 11
150.5749999999999886
 21
-15.3048190000000002
 31
0
  0
LINE
  5
DCB
330
22
100
AcDbEntity
  8
F.Silkscreen
  6
CONTINUOUS
100
AcDbLine
 10
150.5749999999999886
 20
-15.3048190000000002
 30
0
 11
150.5749999999999886
 21
-15.4321359999999999
 31
0
  0
LINE
  5
DCC
330
22
100
AcDbEntity
  8
F.Silkscreen
  6
CONTINUOUS
100
AcDbLine
 10
150.5749999999999886
 20
-15.4321359999999999
 30
0
 11
150.7102409999999963
 21
-15.3780399999999986
 31
0
  0
LINE
  5
DCD
330
22
100
AcDbEntity
  8
F.Silkscreen
  6
CONTINUOUS
100
AcDbLine
 10
150.7102409999999963
 20
-15.3780399999999986
 30
0
 11
150.7243609999999876
 21
-15.3739439999999998
 31
0
  0
LINE
  5
DCE
330
22
100
AcDbEntity
  8
F.Silkscreen
  6
CONTINUOUS
100
AcDbLine
 10
150.7243609999999876
 20
-15.3739439999999998
 30
0
 11
150.7536230000000046
 21
-15.3743009999999991
 31
0
  0
LINE
  5
DCF
330
22
100
AcDbEntity
  8
F.Silkscreen
  6
CONTINUOUS
100
AcDbLine
 10
150.7536230000000046
 20
-15.3743009999999991
 30
0
 11
150.7805199999999957
 21
-15.3858280000000001
 31
0
  0
LINE
  5
DD0
330
22
100
AcDbEntity
  8
F.Silkscreen
  6
CONTINUOUS
100
AcDbLine
 10
150.7805199999999957
 20
-15.3858280000000001
 30
0
 11
150.8009579999999801
 21
-15.4067709999999991
 31
0
  0
LINE
  5
DD1
330
22
100
AcDbEntity
  8
F.Silkscreen
  6
CONTINUOUS
100
AcDbLine
 10
150.8009579999999801
 20
-15.4067709999999991
 30
0
 11
150.8118269999999939
 21
-15.433942
 31
0
  0
LINE
  5
DD2
330
22
100
AcDbEntity
  8
F.Silkscreen
  6
CONTINUOUS
100
AcDbLine
 10
150.8118269999999939
 20
-15.433942
 30
0
 11
150.8114699999999857
 21
-15.4632039999999993
 31
0
  0
LINE
  5
DD3
330
22
100
AcDbEntity
  8
F.Silkscreen
  6
CONTINUOUS
100
AcDbLine
 10
150.8114699999999857
 20
-15.4632039999999993
 30
0
 11
150.7999429999999847
 21
-15.4901009999999992
 31
0
  0
LINE
  5
DD4
330
22
100
AcDbEntity
  8
F.Silkscreen
  6
CONTINUOUS
100
AcDbLine
 10
150.7999429999999847
 20
-15.4901009999999992
 30
0
 11
150.7789989999999989
 21
-15.5105399999999989
 31
0
  0
LINE
  5
DD5
330
22
100
AcDbEntity
  8
F.Silkscreen
  6
CONTINUOUS
100
AcDbLine
 10
150.7789989999999989
 20
-15.5105399999999989
 30
0
 11
150.7659490000000062
 21
-15.5173119999999987
 31
0
  0
LINE
  5
DD6
330
22
100
AcDbEntity
  8
F.Silkscreen
  6
CONTINUOUS
100
AcDbLine
 10
150.7659490000000062
 20
-15.5173119999999987
 30
0
 11
150.6187170000000037
 21
-15.5762039999999988
 31
0
  0
LINE
  5
DD7
330
22
100
AcDbEntity
  8
F.Silkscreen
  6
CONTINUOUS
100
AcDbLine
 10
150.6187170000000037
 20
-15.5762039999999988
 30
0
 11
150.7028569999999945
 21
-15.6883900000000001
 31
0
  0
LINE
  5
DD8
330
22
100
AcDbEntity
  8
F.Silkscreen
  6
CONTINUOUS
100
AcDbLine
 10
150.7028569999999945
 20
-15.6883900000000001
 30
0
 11
150.7104829999999822
 21
-15.7009599999999985
 31
0
  0
LINE
  5
DD9
330
22
100
AcDbEntity
  8
F.Silkscreen
  6
CONTINUOUS
100
AcDbLine
 10
150.7104829999999822
 20
-15.7009599999999985
 30
0
 11
150.7177460000000053
 21
-15.7293079999999996
 31
0
  0
LINE
  5
DDA
330
22
100
AcDbEntity
  8
F.Silkscreen
  6
CONTINUOUS
100
AcDbLine
 10
150.7177460000000053
 20
-15.7293079999999996
 30
0
 11
150.7136069999999961
 21
-15.7582769999999996
 31
0
  0
LINE
  5
DDB
330
22
100
AcDbEntity
  8
F.Silkscreen
  6
CONTINUOUS
100
AcDbLine
 10
150.7136069999999961
 20
-15.7582769999999996
 30
0
 11
150.6986980000000074
 21
-15.7834579999999995
 31
0
  0
LINE
  5
DDC
330
22
100
AcDbEntity
  8
F.Silkscreen
  6
CONTINUOUS
100
AcDbLine
 10
150.6986980000000074
 20
-15.7834579999999995
 30
0
 11
150.6752869999999973
 21
-15.8010159999999988
 31
0
  0
LINE
  5
DDD
330
22
100
AcDbEntity
  8
F.Silkscreen
  6
CONTINUOUS
100
AcDbLine
 10
150.6752869999999973
 20
-15.8010159999999988
 30
0
 11
150.6469390000000033
 21
-15.8082789999999989
 31
0
  0
LINE
  5
DDE
330
22
100
AcDbEntity
  8
F.Silkscreen
  6
CONTINUOUS
100
AcDbLine
 10
150.6469390000000033
 20
-15.8082789999999989
 30
0
 11
150.6179699999999855
 21
-15.8041399999999985
 31
0
  0
LINE
  5
DDF
330
22
100
AcDbEntity
  8
F.Silkscreen
  6
CONTINUOUS
100
AcDbLine
 10
150.6179699999999855
 20
-15.8041399999999985
 30
0
 11
150.592788999999982
 21
-15.7892309999999991
 31
0
  0
LINE
  5
DE0
330
22
100
AcDbEntity
  8
F.Silkscreen
  6
CONTINUOUS
100
AcDbLine
 10
150.592788999999982
 20
-15.7892309999999991
 30
0
 11
150.58285699999999
 21
-15.7783899999999999
 31
0
  0
LINE
  5
DE1
330
22
100
AcDbEntity
  8
F.Silkscreen
  6
CONTINUOUS
100
AcDbLine
 10
150.58285699999999
 20
-15.7783899999999999
 30
0
 11
150.5
 21
-15.6679139999999997
 31
0
  0
LINE
  5
DE2
330
22
100
AcDbEntity
  8
F.Silkscreen
  6
CONTINUOUS
100
AcDbLine
 10
150.5
 20
-15.6679139999999997
 30
0
 11
150.4171429999999816
 21
-15.7783899999999999
 31
0
  0
LINE
  5
DE3
330
22
100
AcDbEntity
  8
F.Silkscreen
  6
CONTINUOUS
100
AcDbLine
 10
150.4171429999999816
 20
-15.7783899999999999
 30
0
 11
150.4072109999999896
 21
-15.7892309999999991
 31
0
  0
LINE
  5
DE4
330
22
100
AcDbEntity
  8
F.Silkscreen
  6
CONTINUOUS
100
AcDbLine
 10
150.4072109999999896
 20
-15.7892309999999991
 30
0
 11
150.3820299999999861
 21
-15.8041399999999985
 31
0
  0
LINE
  5
DE5
330
22
100
AcDbEntity
  8
F.Silkscreen
  6
CONTINUOUS
100
AcDbLine
 10
150.3820299999999861
 20
-15.8041399999999985
 30
0
 11
150.3530609999999967
 21
-15.8082789999999989
 31
0
  0
LINE
  5
DE6
330
22
100
AcDbEntity
  8
F.Silkscreen
  6
CONTINUOUS
100
AcDbLine
 10
150.3530609999999967
 20
-15.8082789999999989
 30
0
 11
150.3247130000000027
 21
-15.8010159999999988
 31
0
  0
LINE
  5
DE7
330
22
100
AcDbEntity
  8
F.Silkscreen
  6
CONTINUOUS
100
AcDbLine
 10
150.3247130000000027
 20
-15.8010159999999988
 30
0
 11
150.3013019999999926
 21
-15.7834579999999995
 31
0
  0
LINE
  5
DE8
330
22
100
AcDbEntity
  8
F.Silkscreen
  6
CONTINUOUS
100
AcDbLine
 10
150.3013019999999926
 20
-15.7834579999999995
 30
0
 11
150.2863930000000039
 21
-15.7582769999999996
 31
0
  0
LINE
  5
DE9
330
22
100
AcDbEntity
  8
F.Silkscreen
  6
CONTINUOUS
100
AcDbLine
 10
150.2863930000000039
 20
-15.7582769999999996
 30
0
 11
150.2822539999999947
 21
-15.7293079999999996
 31
0
  0
LINE
  5
DEA
330
22
100
AcDbEntity
  8
F.Silkscreen
  6
CONTINUOUS
100
AcDbLine
 10
150.2822539999999947
 20
-15.7293079999999996
 30
0
 11
150.2895169999999894
 21
-15.7009599999999985
 31
0
  0
LINE
  5
DEB
330
22
100
AcDbEntity
  8
F.Silkscreen
  6
CONTINUOUS
100
AcDbLine
 10
150.2895169999999894
 20
-15.7009599999999985
 30
0
 11
150.2971430000000055
 21
-15.6883900000000001
 31
0
  0
LINE
  5
DEC
330
22
100
AcDbEntity
  8
F.Silkscreen
  6
CONTINUOUS
100
AcDbLine
 10
150.2971430000000055
 20
-15.6883900000000001
 30
0
 11
150.3812819999999988
 21
-15.5762039999999988
 31
0
  0
LINE
  5
DED
330
22
100
AcDbEntity
  8
F.Silkscreen
  6
CONTINUOUS
100
AcDbLine
 10
150.3812819999999988
 20
-15.5762039999999988
 30
0
 11
150.2340509999999938
 21
-15.5173119999999987
 31
0
  0
LINE
  5
DEE
330
22
100
AcDbEntity
  8
F.Silkscreen
  6
CONTINUOUS
100
AcDbLine
 10
150.2340509999999938
 20
-15.5173119999999987
 30
0
 11
150.2210000000000036
 21
-15.5105399999999989
 31
0
  0
LINE
  5
DEF
330
22
100
AcDbEntity
  8
F.Silkscreen
  6
CONTINUOUS
100
AcDbLine
 10
150.2210000000000036
 20
-15.5105399999999989
 30
0
 11
150.2000569999999868
 21
-15.4901009999999992
 31
0
  0
LINE
  5
DF0
330
22
100
AcDbEntity
  8
F.Silkscreen
  6
CONTINUOUS
100
AcDbLine
 10
150.2000569999999868
 20
-15.4901009999999992
 30
0
 11
150.1885299999999859
 21
-15.4632039999999993
 31
0
  0
LINE
  5
DF1
330
22
100
AcDbEntity
  8
F.Silkscreen
  6
CONTINUOUS
100
AcDbLine
 10
150.1885299999999859
 20
-15.4632039999999993
 30
0
 11
150.1881730000000061
 21
-15.433942
 31
0
  0
LINE
  5
DF2
330
22
100
AcDbEntity
  8
F.Silkscreen
  6
CONTINUOUS
100
AcDbLine
 10
150.1881730000000061
 20
-15.433942
 30
0
 11
150.199040999999994
 21
-15.4067709999999991
 31
0
  0
LINE
  5
DF3
330
22
100
AcDbEntity
  8
F.Silkscreen
  6
CONTINUOUS
100
AcDbLine
 10
150.199040999999994
 20
-15.4067709999999991
 30
0
 11
150.2194800000000043
 21
-15.3858280000000001
 31
0
  0
LINE
  5
DF4
330
22
100
AcDbEntity
  8
F.Silkscreen
  6
CONTINUOUS
100
AcDbLine
 10
150.2194800000000043
 20
-15.3858280000000001
 30
0
 11
150.2463769999999954
 21
-15.3743009999999991
 31
0
  0
LINE
  5
DF5
330
22
100
AcDbEntity
  8
F.Silkscreen
  6
CONTINUOUS
100
AcDbLine
 10
150.2463769999999954
 20
-15.3743009999999991
 30
0
 11
150.275638999999984
 21
-15.3739439999999998
 31
0
  0
LINE
  5
DF6
330
22
100
AcDbEntity
  8
F.Silkscreen
  6
CONTINUOUS
100
AcDbLine
 10
150.275638999999984
 20
-15.3739439999999998
 30
0
 11
150.2897590000000037
 21
-15.3780399999999986
 31
0
  0
LINE
  5
DF7
330
22
100
AcDbEntity
  8
F.Silkscreen
  6
CONTINUOUS
100
AcDbLine
 10
150.2897590000000037
 20
-15.3780399999999986
 30
0
 11
150.4249999999999829
 21
-15.4321359999999999
 31
0
  0
LINE
  5
DF8
330
22
100
AcDbEntity
  8
F.Silkscreen
  6
CONTINUOUS
100
AcDbLine
 10
150.4249999999999829
 20
-15.4321359999999999
 30
0
 11
150.4249999999999829
 21
-15.3048190000000002
 31
0
  0
LINE
  5
DF9
330
22
100
AcDbEntity
  8
F.Silkscreen
  6
CONTINUOUS
100
AcDbLine
 10
150.4249999999999829
 20
-15.3048190000000002
 30
0
 11
150.4264409999999828
 21
-15.2901869999999995
 31
0
  0
LINE
  5
DFA
330
22
100
AcDbEntity
  8
F.Silkscreen
  6
CONTINUOUS
100
AcDbLine
 10
150.4264409999999828
 20
-15.2901869999999995
 30
0
 11
150.4376399999999876
 21
-15.2631509999999988
 31
0
  0
LINE
  5
DFB
330
22
100
AcDbEntity
  8
F.Silkscreen
  6
CONTINUOUS
100
AcDbLine
 10
150.4376399999999876
 20
-15.2631509999999988
 30
0
 11
150.4583319999999844
 21
-15.2424589999999984
 31
0
  0
LINE
  5
DFC
330
22
100
AcDbEntity
  8
F.Silkscreen
  6
CONTINUOUS
100
AcDbLine
 10
150.4583319999999844
 20
-15.2424589999999984
 30
0
 11
150.485367999999994
 21
-15.2312599999999989
 31
0
  0
LINE
  5
DFD
330
22
100
AcDbEntity
  8
F.Silkscreen
  6
CONTINUOUS
100
AcDbLine
 10
150.485367999999994
 20
-15.2312599999999989
 30
0
 11
150.514632000000006
 21
-15.2312599999999989
 31
0
  0
LINE
  5
DFE
330
22
100
AcDbEntity
  8
F.Silkscreen
  6
CONTINUOUS
100
AcDbLine
 10
150.514632000000006
 20
-15.2312599999999989
 30
0
 11
150.5416679999999872
 21
-15.2424589999999984
 31
0
  0
LINE
  5
DFF
330
22
100
AcDbEntity
  8
F.Silkscreen
  6
CONTINUOUS
100
AcDbLine
 10
151.3035730000000001
 20
-15.2424589999999984
 30
0
 11
151.3242649999999969
 21
-15.2631509999999988
 31
0
  0
LINE
  5
E00
330
22
100
AcDbEntity
  8
F.Silkscreen
  6
CONTINUOUS
100
AcDbLine
 10
151.3242649999999969
 20
-15.2631509999999988
 30
0
 11
151.3354640000000018
 21
-15.2901869999999995
 31
0
  0
LINE
  5
E01
330
22
100
AcDbEntity
  8
F.Silkscreen
  6
CONTINUOUS
100
AcDbLine
 10
151.3354640000000018
 20
-15.2901869999999995
 30
0
 11
151.3369050000000016
 21
-15.3048190000000002
 31
0
  0
LINE
  5
E02
330
22
100
AcDbEntity
  8
F.Silkscreen
  6
CONTINUOUS
100
AcDbLine
 10
151.3369050000000016
 20
-15.3048190000000002
 30
0
 11
151.3369050000000016
 21
-15.4321359999999999
 31
0
  0
LINE
  5
E03
330
22
100
AcDbEntity
  8
F.Silkscreen
  6
CONTINUOUS
100
AcDbLine
 10
151.3369050000000016
 20
-15.4321359999999999
 30
0
 11
151.4721459999999809
 21
-15.3780399999999986
 31
0
  0
LINE
  5
E04
330
22
100
AcDbEntity
  8
F.Silkscreen
  6
CONTINUOUS
100
AcDbLine
 10
151.4721459999999809
 20
-15.3780399999999986
 30
0
 11
151.4862660000000005
 21
-15.3739439999999998
 31
0
  0
LINE
  5
E05
330
22
100
AcDbEntity
  8
F.Silkscreen
  6
CONTINUOUS
100
AcDbLine
 10
151.4862660000000005
 20
-15.3739439999999998
 30
0
 11
151.5155279999999891
 21
-15.3743009999999991
 31
0
  0
LINE
  5
E06
330
22
100
AcDbEntity
  8
F.Silkscreen
  6
CONTINUOUS
100
AcDbLine
 10
151.5155279999999891
 20
-15.3743009999999991
 30
0
 11
151.5424249999999802
 21
-15.3858280000000001
 31
0
  0
LINE
  5
E07
330
22
100
AcDbEntity
  8
F.Silkscreen
  6
CONTINUOUS
100
AcDbLine
 10
151.5424249999999802
 20
-15.3858280000000001
 30
0
 11
151.562862999999993
 21
-15.4067709999999991
 31
0
  0
LINE
  5
E08
330
22
100
AcDbEntity
  8
F.Silkscreen
  6
CONTINUOUS
100
AcDbLine
 10
151.562862999999993
 20
-15.4067709999999991
 30
0
 11
151.5737320000000068
 21
-15.433942
 31
0
  0
LINE
  5
E09
330
22
100
AcDbEntity
  8
F.Silkscreen
  6
CONTINUOUS
100
AcDbLine
 10
151.5737320000000068
 20
-15.433942
 30
0
 11
151.5733749999999986
 21
-15.4632039999999993
 31
0
  0
LINE
  5
E0A
330
22
100
AcDbEntity
  8
F.Silkscreen
  6
CONTINUOUS
100
AcDbLine
 10
151.5733749999999986
 20
-15.4632039999999993
 30
0
 11
151.5618479999999977
 21
-15.4901009999999992
 31
0
  0
LINE
  5
E0B
330
22
100
AcDbEntity
  8
F.Silkscreen
  6
CONTINUOUS
100
AcDbLine
 10
151.5618479999999977
 20
-15.4901009999999992
 30
0
 11
151.5409039999999834
 21
-15.5105399999999989
 31
0
  0
LINE
  5
E0C
330
22
100
AcDbEntity
  8
F.Silkscreen
  6
CONTINUOUS
100
AcDbLine
 10
151.5409039999999834
 20
-15.5105399999999989
 30
0
 11
151.5278539999999907
 21
-15.5173119999999987
 31
0
  0
LINE
  5
E0D
330
22
100
AcDbEntity
  8
F.Silkscreen
  6
CONTINUOUS
100
AcDbLine
 10
151.5278539999999907
 20
-15.5173119999999987
 30
0
 11
151.3806219999999882
 21
-15.5762039999999988
 31
0
  0
LINE
  5
E0E
330
22
100
AcDbEntity
  8
F.Silkscreen
  6
CONTINUOUS
100
AcDbLine
 10
151.3806219999999882
 20
-15.5762039999999988
 30
0
 11
151.464761999999979
 21
-15.6883900000000001
 31
0
  0
LINE
  5
E0F
330
22
100
AcDbEntity
  8
F.Silkscreen
  6
CONTINUOUS
100
AcDbLine
 10
151.464761999999979
 20
-15.6883900000000001
 30
0
 11
151.4723879999999951
 21
-15.7009599999999985
 31
0
  0
LINE
  5
E10
330
22
100
AcDbEntity
  8
F.Silkscreen
  6
CONTINUOUS
100
AcDbLine
 10
151.4723879999999951
 20
-15.7009599999999985
 30
0
 11
151.4796509999999898
 21
-15.7293079999999996
 31
0
  0
LINE
  5
E11
330
22
100
AcDbEntity
  8
F.Silkscreen
  6
CONTINUOUS
100
AcDbLine
 10
151.4796509999999898
 20
-15.7293079999999996
 30
0
 11
151.4755119999999806
 21
-15.7582769999999996
 31
0
  0
LINE
  5
E12
330
22
100
AcDbEntity
  8
F.Silkscreen
  6
CONTINUOUS
100
AcDbLine
 10
151.4755119999999806
 20
-15.7582769999999996
 30
0
 11
151.4606029999999919
 21
-15.7834579999999995
 31
0
  0
LINE
  5
E13
330
22
100
AcDbEntity
  8
F.Silkscreen
  6
CONTINUOUS
100
AcDbLine
 10
151.4606029999999919
 20
-15.7834579999999995
 30
0
 11
151.4371919999999818
 21
-15.8010159999999988
 31
0
  0
LINE
  5
E14
330
22
100
AcDbEntity
  8
F.Silkscreen
  6
CONTINUOUS
100
AcDbLine
 10
151.4371919999999818
 20
-15.8010159999999988
 30
0
 11
151.4088439999999878
 21
-15.8082789999999989
 31
0
  0
LINE
  5
E15
330
22
100
AcDbEntity
  8
F.Silkscreen
  6
CONTINUOUS
100
AcDbLine
 10
151.4088439999999878
 20
-15.8082789999999989
 30
0
 11
151.3798749999999984
 21
-15.8041399999999985
 31
0
  0
LINE
  5
E16
330
22
100
AcDbEntity
  8
F.Silkscreen
  6
CONTINUOUS
100
AcDbLine
 10
151.3798749999999984
 20
-15.8041399999999985
 30
0
 11
151.354693999999995
 21
-15.7892309999999991
 31
0
  0
LINE
  5
E17
330
22
100
AcDbEntity
  8
F.Silkscreen
  6
CONTINUOUS
100
AcDbLine
 10
151.354693999999995
 20
-15.7892309999999991
 30
0
 11
151.3447620000000029
 21
-15.7783899999999999
 31
0
  0
LINE
  5
E18
330
22
100
AcDbEntity
  8
F.Silkscreen
  6
CONTINUOUS
100
AcDbLine
 10
151.3447620000000029
 20
-15.7783899999999999
 30
0
 11
151.2619049999999845
 21
-15.6679139999999997
 31
0
  0
LINE
  5
E19
330
22
100
AcDbEntity
  8
F.Silkscreen
  6
CONTINUOUS
100
AcDbLine
 10
151.2619049999999845
 20
-15.6679139999999997
 30
0
 11
151.1790479999999945
 21
-15.7783899999999999
 31
0
  0
LINE
  5
E1A
330
22
100
AcDbEntity
  8
F.Silkscreen
  6
CONTINUOUS
100
AcDbLine
 10
151.1790479999999945
 20
-15.7783899999999999
 30
0
 11
151.1691160000000025
 21
-15.7892309999999991
 31
0
  0
LINE
  5
E1B
330
22
100
AcDbEntity
  8
F.Silkscreen
  6
CONTINUOUS
100
AcDbLine
 10
151.1691160000000025
 20
-15.7892309999999991
 30
0
 11
151.143934999999999
 21
-15.8041399999999985
 31
0
  0
LINE
  5
E1C
330
22
100
AcDbEntity
  8
F.Silkscreen
  6
CONTINUOUS
100
AcDbLine
 10
151.143934999999999
 20
-15.8041399999999985
 30
0
 11
151.1149659999999812
 21
-15.8082789999999989
 31
0
  0
LINE
  5
E1D
330
22
100
AcDbEntity
  8
F.Silkscreen
  6
CONTINUOUS
100
AcDbLine
 10
151.1149659999999812
 20
-15.8082789999999989
 30
0
 11
151.0866179999999872
 21
-15.8010159999999988
 31
0
  0
LINE
  5
E1E
330
22
100
AcDbEntity
  8
F.Silkscreen
  6
CONTINUOUS
100
AcDbLine
 10
151.0866179999999872
 20
-15.8010159999999988
 30
0
 11
151.0632070000000056
 21
-15.7834579999999995
 31
0
  0
LINE
  5
E1F
330
22
100
AcDbEntity
  8
F.Silkscreen
  6
CONTINUOUS
100
AcDbLine
 10
151.0632070000000056
 20
-15.7834579999999995
 30
0
 11
151.0482979999999884
 21
-15.7582769999999996
 31
0
  0
LINE
  5
E20
330
22
100
AcDbEntity
  8
F.Silkscreen
  6
CONTINUOUS
100
AcDbLine
 10
151.0482979999999884
 20
-15.7582769999999996
 30
0
 11
151.0441589999999792
 21
-15.7293079999999996
 31
0
  0
LINE
  5
E21
330
22
100
AcDbEntity
  8
F.Silkscreen
  6
CONTINUOUS
100
AcDbLine
 10
151.0441589999999792
 20
-15.7293079999999996
 30
0
 11
151.0514220000000023
 21
-15.7009599999999985
 31
0
  0
LINE
  5
E22
330
22
100
AcDbEntity
  8
F.Silkscreen
  6
CONTINUOUS
100
AcDbLine
 10
151.0514220000000023
 20
-15.7009599999999985
 30
0
 11
151.05904799999999
 21
-15.6883900000000001
 31
0
  0
LINE
  5
E23
330
22
100
AcDbEntity
  8
F.Silkscreen
  6
CONTINUOUS
100
AcDbLine
 10
151.05904799999999
 20
-15.6883900000000001
 30
0
 11
151.1431869999999833
 21
-15.5762039999999988
 31
0
  0
LINE
  5
E24
330
22
100
AcDbEntity
  8
F.Silkscreen
  6
CONTINUOUS
100
AcDbLine
 10
151.1431869999999833
 20
-15.5762039999999988
 30
0
 11
150.9959560000000067
 21
-15.5173119999999987
 31
0
  0
LINE
  5
E25
330
22
100
AcDbEntity
  8
F.Silkscreen
  6
CONTINUOUS
100
AcDbLine
 10
150.9959560000000067
 20
-15.5173119999999987
 30
0
 11
150.9829049999999881
 21
-15.5105399999999989
 31
0
  0
LINE
  5
E26
330
22
100
AcDbEntity
  8
F.Silkscreen
  6
CONTINUOUS
100
AcDbLine
 10
150.9829049999999881
 20
-15.5105399999999989
 30
0
 11
150.9619619999999998
 21
-15.4901009999999992
 31
0
  0
LINE
  5
E27
330
22
100
AcDbEntity
  8
F.Silkscreen
  6
CONTINUOUS
100
AcDbLine
 10
150.9619619999999998
 20
-15.4901009999999992
 30
0
 11
150.9504349999999988
 21
-15.4632039999999993
 31
0
  0
LINE
  5
E28
330
22
100
AcDbEntity
  8
F.Silkscreen
  6
CONTINUOUS
100
AcDbLine
 10
150.9504349999999988
 20
-15.4632039999999993
 30
0
 11
150.9500779999999907
 21
-15.433942
 31
0
  0
LINE
  5
E29
330
22
100
AcDbEntity
  8
F.Silkscreen
  6
CONTINUOUS
100
AcDbLine
 10
150.9500779999999907
 20
-15.433942
 30
0
 11
150.960946000000007
 21
-15.4067709999999991
 31
0
  0
LINE
  5
E2A
330
22
100
AcDbEntity
  8
F.Silkscreen
  6
CONTINUOUS
100
AcDbLine
 10
150.960946000000007
 20
-15.4067709999999991
 30
0
 11
150.9813849999999888
 21
-15.3858280000000001
 31
0
  0
LINE
  5
E2B
330
22
100
AcDbEntity
  8
F.Silkscreen
  6
CONTINUOUS
100
AcDbLine
 10
150.9813849999999888
 20
-15.3858280000000001
 30
0
 11
151.0082819999999799
 21
-15.3743009999999991
 31
0
  0
LINE
  5
E2C
330
22
100
AcDbEntity
  8
F.Silkscreen
  6
CONTINUOUS
100
AcDbLine
 10
151.0082819999999799
 20
-15.3743009999999991
 30
0
 11
151.0375439999999969
 21
-15.3739439999999998
 31
0
  0
LINE
  5
E2D
330
22
100
AcDbEntity
  8
F.Silkscreen
  6
CONTINUOUS
100
AcDbLine
 10
151.0375439999999969
 20
-15.3739439999999998
 30
0
 11
151.0516639999999882
 21
-15.3780399999999986
 31
0
  0
LINE
  5
E2E
330
22
100
AcDbEntity
  8
F.Silkscreen
  6
CONTINUOUS
100
AcDbLine
 10
151.0516639999999882
 20
-15.3780399999999986
 30
0
 11
151.1869049999999959
 21
-15.4321359999999999
 31
0
  0
LINE
  5
E2F
330
22
100
AcDbEntity
  8
F.Silkscreen
  6
CONTINUOUS
100
AcDbLine
 10
151.1869049999999959
 20
-15.4321359999999999
 30
0
 11
151.1869049999999959
 21
-15.3048190000000002
 31
0
  0
LINE
  5
E30
330
22
100
AcDbEntity
  8
F.Silkscreen
  6
CONTINUOUS
100
AcDbLine
 10
151.1869049999999959
 20
-15.3048190000000002
 30
0
 11
151.1883459999999957
 21
-15.2901869999999995
 31
0
  0
LINE
  5
E31
330
22
100
AcDbEntity
  8
F.Silkscreen
  6
CONTINUOUS
100
AcDbLine
 10
151.1883459999999957
 20
-15.2901869999999995
 30
0
 11
151.1995450000000005
 21
-15.2631509999999988
 31
0
  0
LINE
  5
E32
330
22
100
AcDbEntity
  8
F.Silkscreen
  6
CONTINUOUS
100
AcDbLine
 10
151.1995450000000005
 20
-15.2631509999999988
 30
0
 11
151.2202369999999974
 21
-15.2424589999999984
 31
0
  0
LINE
  5
E33
330
22
100
AcDbEntity
  8
F.Silkscreen
  6
CONTINUOUS
100
AcDbLine
 10
151.2202369999999974
 20
-15.2424589999999984
 30
0
 11
151.247273000000007
 21
-15.2312599999999989
 31
0
  0
LINE
  5
E34
330
22
100
AcDbEntity
  8
F.Silkscreen
  6
CONTINUOUS
100
AcDbLine
 10
151.247273000000007
 20
-15.2312599999999989
 30
0
 11
151.2765369999999905
 21
-15.2312599999999989
 31
0
  0
LINE
  5
E35
330
22
100
AcDbEntity
  8
F.Silkscreen
  6
CONTINUOUS
100
AcDbLine
 10
151.2765369999999905
 20
-15.2312599999999989
 30
0
 11
151.3035730000000001
 21
-15.2424589999999984
 31
0
  0
LINE
  5
E36
330
22
100
AcDbEntity
  8
F.Silkscreen
  6
CONTINUOUS
100
AcDbLine
 10
87.5416680000000014
 20
-14.7424590000000002
 30
0
 11
87.5623599999999982
 21
-14.7631509999999988
 31
0
  0
LINE
  5
E37
330
22
100
AcDbEntity
  8
F.Silkscreen
  6
CONTINUOUS
100
AcDbLine
 10
87.5623599999999982
 20
-14.7631509999999988
 30
0
 11
87.573559000000003
 21
-14.7901869999999995
 31
0
  0
LINE
  5
E38
330
22
100
AcDbEntity
  8
F.Silkscreen
  6
CONTINUOUS
100
AcDbLine
 10
87.573559000000003
 20
-14.7901869999999995
 30
0
 11
87.5750000000000028
 21
-14.8048190000000002
 31
0
  0
LINE
  5
E39
330
22
100
AcDbEntity
  8
F.Silkscreen
  6
CONTINUOUS
100
AcDbLine
 10
87.5750000000000028
 20
-14.8048190000000002
 30
0
 11
87.5750000000000028
 21
-14.9321359999999999
 31
0
  0
LINE
  5
E3A
330
22
100
AcDbEntity
  8
F.Silkscreen
  6
CONTINUOUS
100
AcDbLine
 10
87.5750000000000028
 20
-14.9321359999999999
 30
0
 11
87.7102409999999963
 21
-14.8780399999999986
 31
0
  0
LINE
  5
E3B
330
22
100
AcDbEntity
  8
F.Silkscreen
  6
CONTINUOUS
100
AcDbLine
 10
87.7102409999999963
 20
-14.8780399999999986
 30
0
 11
87.7243610000000018
 21
-14.8739439999999998
 31
0
  0
LINE
  5
E3C
330
22
100
AcDbEntity
  8
F.Silkscreen
  6
CONTINUOUS
100
AcDbLine
 10
87.7243610000000018
 20
-14.8739439999999998
 30
0
 11
87.7536229999999904
 21
-14.8743009999999991
 31
0
  0
LINE
  5
E3D
330
22
100
AcDbEntity
  8
F.Silkscreen
  6
CONTINUOUS
100
AcDbLine
 10
87.7536229999999904
 20
-14.8743009999999991
 30
0
 11
87.7805199999999957
 21
-14.8858280000000001
 31
0
  0
LINE
  5
E3E
330
22
100
AcDbEntity
  8
F.Silkscreen
  6
CONTINUOUS
100
AcDbLine
 10
87.7805199999999957
 20
-14.8858280000000001
 30
0
 11
87.8009579999999943
 21
-14.9067709999999991
 31
0
  0
LINE
  5
E3F
330
22
100
AcDbEntity
  8
F.Silkscreen
  6
CONTINUOUS
100
AcDbLine
 10
87.8009579999999943
 20
-14.9067709999999991
 30
0
 11
87.8118269999999939
 21
-14.933942
 31
0
  0
LINE
  5
E40
330
22
100
AcDbEntity
  8
F.Silkscreen
  6
CONTINUOUS
100
AcDbLine
 10
87.8118269999999939
 20
-14.933942
 30
0
 11
87.8114699999999999
 21
-14.9632039999999993
 31
0
  0
LINE
  5
E41
330
22
100
AcDbEntity
  8
F.Silkscreen
  6
CONTINUOUS
100
AcDbLine
 10
87.8114699999999999
 20
-14.9632039999999993
 30
0
 11
87.799942999999999
 21
-14.9901009999999992
 31
0
  0
LINE
  5
E42
330
22
100
AcDbEntity
  8
F.Silkscreen
  6
CONTINUOUS
100
AcDbLine
 10
87.799942999999999
 20
-14.9901009999999992
 30
0
 11
87.7789989999999989
 21
-15.0105399999999989
 31
0
  0
LINE
  5
E43
330
22
100
AcDbEntity
  8
F.Silkscreen
  6
CONTINUOUS
100
AcDbLine
 10
87.7789989999999989
 20
-15.0105399999999989
 30
0
 11
87.765948999999992
 21
-15.0173119999999987
 31
0
  0
LINE
  5
E44
330
22
100
AcDbEntity
  8
F.Silkscreen
  6
CONTINUOUS
100
AcDbLine
 10
87.765948999999992
 20
-15.0173119999999987
 30
0
 11
87.6187169999999895
 21
-15.0762039999999988
 31
0
  0
LINE
  5
E45
330
22
100
AcDbEntity
  8
F.Silkscreen
  6
CONTINUOUS
100
AcDbLine
 10
87.6187169999999895
 20
-15.0762039999999988
 30
0
 11
87.7028569999999945
 21
-15.1883900000000001
 31
0
  0
LINE
  5
E46
330
22
100
AcDbEntity
  8
F.Silkscreen
  6
CONTINUOUS
100
AcDbLine
 10
87.7028569999999945
 20
-15.1883900000000001
 30
0
 11
87.7104829999999964
 21
-15.2009599999999985
 31
0
  0
LINE
  5
E47
330
22
100
AcDbEntity
  8
F.Silkscreen
  6
CONTINUOUS
100
AcDbLine
 10
87.7104829999999964
 20
-15.2009599999999985
 30
0
 11
87.7177459999999911
 21
-15.2293079999999996
 31
0
  0
LINE
  5
E48
330
22
100
AcDbEntity
  8
F.Silkscreen
  6
CONTINUOUS
100
AcDbLine
 10
87.7177459999999911
 20
-15.2293079999999996
 30
0
 11
87.7136069999999961
 21
-15.2582769999999996
 31
0
  0
LINE
  5
E49
330
22
100
AcDbEntity
  8
F.Silkscreen
  6
CONTINUOUS
100
AcDbLine
 10
87.7136069999999961
 20
-15.2582769999999996
 30
0
 11
87.6986979999999932
 21
-15.2834579999999995
 31
0
  0
LINE
  5
E4A
330
22
100
AcDbEntity
  8
F.Silkscreen
  6
CONTINUOUS
100
AcDbLine
 10
87.6986979999999932
 20
-15.2834579999999995
 30
0
 11
87.6752869999999973
 21
-15.3010159999999988
 31
0
  0
LINE
  5
E4B
330
22
100
AcDbEntity
  8
F.Silkscreen
  6
CONTINUOUS
100
AcDbLine
 10
87.6752869999999973
 20
-15.3010159999999988
 30
0
 11
87.6469389999999891
 21
-15.3082789999999989
 31
0
  0
LINE
  5
E4C
330
22
100
AcDbEntity
  8
F.Silkscreen
  6
CONTINUOUS
100
AcDbLine
 10
87.6469389999999891
 20
-15.3082789999999989
 30
0
 11
87.6179699999999997
 21
-15.3041399999999985
 31
0
  0
LINE
  5
E4D
330
22
100
AcDbEntity
  8
F.Silkscreen
  6
CONTINUOUS
100
AcDbLine
 10
87.6179699999999997
 20
-15.3041399999999985
 30
0
 11
87.5927889999999962
 21
-15.2892309999999991
 31
0
  0
LINE
  5
E4E
330
22
100
AcDbEntity
  8
F.Silkscreen
  6
CONTINUOUS
100
AcDbLine
 10
87.5927889999999962
 20
-15.2892309999999991
 30
0
 11
87.58285699999999
 21
-15.2783899999999999
 31
0
  0
LINE
  5
E4F
330
22
100
AcDbEntity
  8
F.Silkscreen
  6
CONTINUOUS
100
AcDbLine
 10
87.58285699999999
 20
-15.2783899999999999
 30
0
 11
87.5
 21
-15.1679139999999997
 31
0
  0
LINE
  5
E50
330
22
100
AcDbEntity
  8
F.Silkscreen
  6
CONTINUOUS
100
AcDbLine
 10
87.5
 20
-15.1679139999999997
 30
0
 11
87.4171429999999958
 21
-15.2783899999999999
 31
0
  0
LINE
  5
E51
330
22
100
AcDbEntity
  8
F.Silkscreen
  6
CONTINUOUS
100
AcDbLine
 10
87.4171429999999958
 20
-15.2783899999999999
 30
0
 11
87.4072109999999896
 21
-15.2892309999999991
 31
0
  0
LINE
  5
E52
330
22
100
AcDbEntity
  8
F.Silkscreen
  6
CONTINUOUS
100
AcDbLine
 10
87.4072109999999896
 20
-15.2892309999999991
 30
0
 11
87.3820300000000003
 21
-15.3041399999999985
 31
0
  0
LINE
  5
E53
330
22
100
AcDbEntity
  8
F.Silkscreen
  6
CONTINUOUS
100
AcDbLine
 10
87.3820300000000003
 20
-15.3041399999999985
 30
0
 11
87.3530609999999967
 21
-15.3082789999999989
 31
0
  0
LINE
  5
E54
330
22
100
AcDbEntity
  8
F.Silkscreen
  6
CONTINUOUS
100
AcDbLine
 10
87.3530609999999967
 20
-15.3082789999999989
 30
0
 11
87.3247130000000027
 21
-15.3010159999999988
 31
0
  0
LINE
  5
E55
330
22
100
AcDbEntity
  8
F.Silkscreen
  6
CONTINUOUS
100
AcDbLine
 10
87.3247130000000027
 20
-15.3010159999999988
 30
0
 11
87.3013019999999926
 21
-15.2834579999999995
 31
0
  0
LINE
  5
E56
330
22
100
AcDbEntity
  8
F.Silkscreen
  6
CONTINUOUS
100
AcDbLine
 10
87.3013019999999926
 20
-15.2834579999999995
 30
0
 11
87.2863929999999897
 21
-15.2582769999999996
 31
0
  0
LINE
  5
E57
330
22
100
AcDbEntity
  8
F.Silkscreen
  6
CONTINUOUS
100
AcDbLine
 10
87.2863929999999897
 20
-15.2582769999999996
 30
0
 11
87.2822539999999947
 21
-15.2293079999999996
 31
0
  0
LINE
  5
E58
330
22
100
AcDbEntity
  8
F.Silkscreen
  6
CONTINUOUS
100
AcDbLine
 10
87.2822539999999947
 20
-15.2293079999999996
 30
0
 11
87.2895169999999894
 21
-15.2009599999999985
 31
0
  0
LINE
  5
E59
330
22
100
AcDbEntity
  8
F.Silkscreen
  6
CONTINUOUS
100
AcDbLine
 10
87.2895169999999894
 20
-15.2009599999999985
 30
0
 11
87.2971429999999913
 21
-15.1883900000000001
 31
0
  0
LINE
  5
E5A
330
22
100
AcDbEntity
  8
F.Silkscreen
  6
CONTINUOUS
100
AcDbLine
 10
87.2971429999999913
 20
-15.1883900000000001
 30
0
 11
87.3812819999999988
 21
-15.0762039999999988
 31
0
  0
LINE
  5
E5B
330
22
100
AcDbEntity
  8
F.Silkscreen
  6
CONTINUOUS
100
AcDbLine
 10
87.3812819999999988
 20
-15.0762039999999988
 30
0
 11
87.2340509999999938
 21
-15.0173119999999987
 31
0
  0
LINE
  5
E5C
330
22
100
AcDbEntity
  8
F.Silkscreen
  6
CONTINUOUS
100
AcDbLine
 10
87.2340509999999938
 20
-15.0173119999999987
 30
0
 11
87.2209999999999894
 21
-15.0105399999999989
 31
0
  0
LINE
  5
E5D
330
22
100
AcDbEntity
  8
F.Silkscreen
  6
CONTINUOUS
100
AcDbLine
 10
87.2209999999999894
 20
-15.0105399999999989
 30
0
 11
87.200057000000001
 21
-14.9901009999999992
 31
0
  0
LINE
  5
E5E
330
22
100
AcDbEntity
  8
F.Silkscreen
  6
CONTINUOUS
100
AcDbLine
 10
87.200057000000001
 20
-14.9901009999999992
 30
0
 11
87.1885300000000001
 21
-14.9632039999999993
 31
0
  0
LINE
  5
E5F
330
22
100
AcDbEntity
  8
F.Silkscreen
  6
CONTINUOUS
100
AcDbLine
 10
87.1885300000000001
 20
-14.9632039999999993
 30
0
 11
87.1881729999999919
 21
-14.933942
 31
0
  0
LINE
  5
E60
330
22
100
AcDbEntity
  8
F.Silkscreen
  6
CONTINUOUS
100
AcDbLine
 10
87.1881729999999919
 20
-14.933942
 30
0
 11
87.199040999999994
 21
-14.9067709999999991
 31
0
  0
LINE
  5
E61
330
22
100
AcDbEntity
  8
F.Silkscreen
  6
CONTINUOUS
100
AcDbLine
 10
87.199040999999994
 20
-14.9067709999999991
 30
0
 11
87.2194799999999901
 21
-14.8858280000000001
 31
0
  0
LINE
  5
E62
330
22
100
AcDbEntity
  8
F.Silkscreen
  6
CONTINUOUS
100
AcDbLine
 10
87.2194799999999901
 20
-14.8858280000000001
 30
0
 11
87.2463769999999954
 21
-14.8743009999999991
 31
0
  0
LINE
  5
E63
330
22
100
AcDbEntity
  8
F.Silkscreen
  6
CONTINUOUS
100
AcDbLine
 10
87.2463769999999954
 20
-14.8743009999999991
 30
0
 11
87.2756389999999982
 21
-14.8739439999999998
 31
0
  0
LINE
  5
E64
330
22
100
AcDbEntity
  8
F.Silkscreen
  6
CONTINUOUS
100
AcDbLine
 10
87.2756389999999982
 20
-14.8739439999999998
 30
0
 11
87.2897589999999894
 21
-14.8780399999999986
 31
0
  0
LINE
  5
E65
330
22
100
AcDbEntity
  8
F.Silkscreen
  6
CONTINUOUS
100
AcDbLine
 10
87.2897589999999894
 20
-14.8780399999999986
 30
0
 11
87.4249999999999972
 21
-14.9321359999999999
 31
0
  0
LINE
  5
E66
330
22
100
AcDbEntity
  8
F.Silkscreen
  6
CONTINUOUS
100
AcDbLine
 10
87.4249999999999972
 20
-14.9321359999999999
 30
0
 11
87.4249999999999972
 21
-14.8048190000000002
 31
0
  0
LINE
  5
E67
330
22
100
AcDbEntity
  8
F.Silkscreen
  6
CONTINUOUS
100
AcDbLine
 10
87.4249999999999972
 20
-14.8048190000000002
 30
0
 11
87.426440999999997
 21
-14.7901869999999995
 31
0
  0
LINE
  5
E68
330
22
100
AcDbEntity
  8
F.Silkscreen
  6
CONTINUOUS
100
AcDbLine
 10
87.426440999999997
 20
-14.7901869999999995
 30
0
 11
87.4376400000000018
 21
-14.7631509999999988
 31
0
  0
LINE
  5
E69
330
22
100
AcDbEntity
  8
F.Silkscreen
  6
CONTINUOUS
100
AcDbLine
 10
87.4376400000000018
 20
-14.7631509999999988
 30
0
 11
87.4583319999999986
 21
-14.7424590000000002
 31
0
  0
LINE
  5
E6A
330
22
100
AcDbEntity
  8
F.Silkscreen
  6
CONTINUOUS
100
AcDbLine
 10
87.4583319999999986
 20
-14.7424590000000002
 30
0
 11
87.485367999999994
 21
-14.7312599999999989
 31
0
  0
LINE
  5
E6B
330
22
100
AcDbEntity
  8
F.Silkscreen
  6
CONTINUOUS
100
AcDbLine
 10
87.485367999999994
 20
-14.7312599999999989
 30
0
 11
87.5146319999999918
 21
-14.7312599999999989
 31
0
  0
LINE
  5
E6C
330
22
100
AcDbEntity
  8
F.Silkscreen
  6
CONTINUOUS
100
AcDbLine
 10
87.5146319999999918
 20
-14.7312599999999989
 30
0
 11
87.5416680000000014
 21
-14.7424590000000002
 31
0
  0
LINE
  5
E6D
330
22
100
AcDbEntity
  8
F.Silkscreen
  6
CONTINUOUS
100
AcDbLine
 10
88.3035730000000001
 20
-14.7424590000000002
 30
0
 11
88.3242649999999969
 21
-14.7631509999999988
 31
0
  0
LINE
  5
E6E
330
22
100
AcDbEntity
  8
F.Silkscreen
  6
CONTINUOUS
100
AcDbLine
 10
88.3242649999999969
 20
-14.7631509999999988
 30
0
 11
88.3354640000000018
 21
-14.7901869999999995
 31
0
  0
LINE
  5
E6F
330
22
100
AcDbEntity
  8
F.Silkscreen
  6
CONTINUOUS
100
AcDbLine
 10
88.3354640000000018
 20
-14.7901869999999995
 30
0
 11
88.3369050000000016
 21
-14.8048190000000002
 31
0
  0
LINE
  5
E70
330
22
100
AcDbEntity
  8
F.Silkscreen
  6
CONTINUOUS
100
AcDbLine
 10
88.3369050000000016
 20
-14.8048190000000002
 30
0
 11
88.3369050000000016
 21
-14.9321359999999999
 31
0
  0
LINE
  5
E71
330
22
100
AcDbEntity
  8
F.Silkscreen
  6
CONTINUOUS
100
AcDbLine
 10
88.3369050000000016
 20
-14.9321359999999999
 30
0
 11
88.4721459999999951
 21
-14.8780399999999986
 31
0
  0
LINE
  5
E72
330
22
100
AcDbEntity
  8
F.Silkscreen
  6
CONTINUOUS
100
AcDbLine
 10
88.4721459999999951
 20
-14.8780399999999986
 30
0
 11
88.4862660000000005
 21
-14.8739439999999998
 31
0
  0
LINE
  5
E73
330
22
100
AcDbEntity
  8
F.Silkscreen
  6
CONTINUOUS
100
AcDbLine
 10
88.4862660000000005
 20
-14.8739439999999998
 30
0
 11
88.5155279999999891
 21
-14.8743009999999991
 31
0
  0
LINE
  5
E74
330
22
100
AcDbEntity
  8
F.Silkscreen
  6
CONTINUOUS
100
AcDbLine
 10
88.5155279999999891
 20
-14.8743009999999991
 30
0
 11
88.5424249999999944
 21
-14.8858280000000001
 31
0
  0
LINE
  5
E75
330
22
100
AcDbEntity
  8
F.Silkscreen
  6
CONTINUOUS
100
AcDbLine
 10
88.5424249999999944
 20
-14.8858280000000001
 30
0
 11
88.562862999999993
 21
-14.9067709999999991
 31
0
  0
LINE
  5
E76
330
22
100
AcDbEntity
  8
F.Silkscreen
  6
CONTINUOUS
100
AcDbLine
 10
88.562862999999993
 20
-14.9067709999999991
 30
0
 11
88.5737319999999926
 21
-14.933942
 31
0
  0
LINE
  5
E77
330
22
100
AcDbEntity
  8
F.Silkscreen
  6
CONTINUOUS
100
AcDbLine
 10
88.5737319999999926
 20
-14.933942
 30
0
 11
88.5733749999999986
 21
-14.9632039999999993
 31
0
  0
LINE
  5
E78
330
22
100
AcDbEntity
  8
F.Silkscreen
  6
CONTINUOUS
100
AcDbLine
 10
88.5733749999999986
 20
-14.9632039999999993
 30
0
 11
88.5618479999999977
 21
-14.9901009999999992
 31
0
  0
LINE
  5
E79
330
22
100
AcDbEntity
  8
F.Silkscreen
  6
CONTINUOUS
100
AcDbLine
 10
88.5618479999999977
 20
-14.9901009999999992
 30
0
 11
88.5409039999999976
 21
-15.0105399999999989
 31
0
  0
LINE
  5
E7A
330
22
100
AcDbEntity
  8
F.Silkscreen
  6
CONTINUOUS
100
AcDbLine
 10
88.5409039999999976
 20
-15.0105399999999989
 30
0
 11
88.5278539999999907
 21
-15.0173119999999987
 31
0
  0
LINE
  5
E7B
330
22
100
AcDbEntity
  8
F.Silkscreen
  6
CONTINUOUS
100
AcDbLine
 10
88.5278539999999907
 20
-15.0173119999999987
 30
0
 11
88.3806220000000025
 21
-15.0762039999999988
 31
0
  0
LINE
  5
E7C
330
22
100
AcDbEntity
  8
F.Silkscreen
  6
CONTINUOUS
100
AcDbLine
 10
88.3806220000000025
 20
-15.0762039999999988
 30
0
 11
88.4647619999999932
 21
-15.1883900000000001
 31
0
  0
LINE
  5
E7D
330
22
100
AcDbEntity
  8
F.Silkscreen
  6
CONTINUOUS
100
AcDbLine
 10
88.4647619999999932
 20
-15.1883900000000001
 30
0
 11
88.4723879999999951
 21
-15.2009599999999985
 31
0
  0
LINE
  5
E7E
330
22
100
AcDbEntity
  8
F.Silkscreen
  6
CONTINUOUS
100
AcDbLine
 10
88.4723879999999951
 20
-15.2009599999999985
 30
0
 11
88.4796509999999898
 21
-15.2293079999999996
 31
0
  0
LINE
  5
E7F
330
22
100
AcDbEntity
  8
F.Silkscreen
  6
CONTINUOUS
100
AcDbLine
 10
88.4796509999999898
 20
-15.2293079999999996
 30
0
 11
88.4755119999999948
 21
-15.2582769999999996
 31
0
  0
LINE
  5
E80
330
22
100
AcDbEntity
  8
F.Silkscreen
  6
CONTINUOUS
100
AcDbLine
 10
88.4755119999999948
 20
-15.2582769999999996
 30
0
 11
88.4606029999999919
 21
-15.2834579999999995
 31
0
  0
LINE
  5
E81
330
22
100
AcDbEntity
  8
F.Silkscreen
  6
CONTINUOUS
100
AcDbLine
 10
88.4606029999999919
 20
-15.2834579999999995
 30
0
 11
88.437191999999996
 21
-15.3010159999999988
 31
0
  0
LINE
  5
E82
330
22
100
AcDbEntity
  8
F.Silkscreen
  6
CONTINUOUS
100
AcDbLine
 10
88.437191999999996
 20
-15.3010159999999988
 30
0
 11
88.408844000000002
 21
-15.3082789999999989
 31
0
  0
LINE
  5
E83
330
22
100
AcDbEntity
  8
F.Silkscreen
  6
CONTINUOUS
100
AcDbLine
 10
88.408844000000002
 20
-15.3082789999999989
 30
0
 11
88.3798749999999984
 21
-15.3041399999999985
 31
0
  0
LINE
  5
E84
330
22
100
AcDbEntity
  8
F.Silkscreen
  6
CONTINUOUS
100
AcDbLine
 10
88.3798749999999984
 20
-15.3041399999999985
 30
0
 11
88.354693999999995
 21
-15.2892309999999991
 31
0
  0
LINE
  5
E85
330
22
100
AcDbEntity
  8
F.Silkscreen
  6
CONTINUOUS
100
AcDbLine
 10
88.354693999999995
 20
-15.2892309999999991
 30
0
 11
88.3447620000000029
 21
-15.2783899999999999
 31
0
  0
LINE
  5
E86
330
22
100
AcDbEntity
  8
F.Silkscreen
  6
CONTINUOUS
100
AcDbLine
 10
88.3447620000000029
 20
-15.2783899999999999
 30
0
 11
88.2619049999999987
 21
-15.1679139999999997
 31
0
  0
LINE
  5
E87
330
22
100
AcDbEntity
  8
F.Silkscreen
  6
CONTINUOUS
100
AcDbLine
 10
88.2619049999999987
 20
-15.1679139999999997
 30
0
 11
88.1790479999999945
 21
-15.2783899999999999
 31
0
  0
LINE
  5
E88
330
22
100
AcDbEntity
  8
F.Silkscreen
  6
CONTINUOUS
100
AcDbLine
 10
88.1790479999999945
 20
-15.2783899999999999
 30
0
 11
88.1691160000000025
 21
-15.2892309999999991
 31
0
  0
LINE
  5
E89
330
22
100
AcDbEntity
  8
F.Silkscreen
  6
CONTINUOUS
100
AcDbLine
 10
88.1691160000000025
 20
-15.2892309999999991
 30
0
 11
88.143934999999999
 21
-15.3041399999999985
 31
0
  0
LINE
  5
E8A
330
22
100
AcDbEntity
  8
F.Silkscreen
  6
CONTINUOUS
100
AcDbLine
 10
88.143934999999999
 20
-15.3041399999999985
 30
0
 11
88.1149659999999955
 21
-15.3082789999999989
 31
0
  0
LINE
  5
E8B
330
22
100
AcDbEntity
  8
F.Silkscreen
  6
CONTINUOUS
100
AcDbLine
 10
88.1149659999999955
 20
-15.3082789999999989
 30
0
 11
88.0866180000000014
 21
-15.3010159999999988
 31
0
  0
LINE
  5
E8C
330
22
100
AcDbEntity
  8
F.Silkscreen
  6
CONTINUOUS
100
AcDbLine
 10
88.0866180000000014
 20
-15.3010159999999988
 30
0
 11
88.0632069999999914
 21
-15.2834579999999995
 31
0
  0
LINE
  5
E8D
330
22
100
AcDbEntity
  8
F.Silkscreen
  6
CONTINUOUS
100
AcDbLine
 10
88.0632069999999914
 20
-15.2834579999999995
 30
0
 11
88.0482980000000026
 21
-15.2582769999999996
 31
0
  0
LINE
  5
E8E
330
22
100
AcDbEntity
  8
F.Silkscreen
  6
CONTINUOUS
100
AcDbLine
 10
88.0482980000000026
 20
-15.2582769999999996
 30
0
 11
88.0441589999999934
 21
-15.2293079999999996
 31
0
  0
LINE
  5
E8F
330
22
100
AcDbEntity
  8
F.Silkscreen
  6
CONTINUOUS
100
AcDbLine
 10
88.0441589999999934
 20
-15.2293079999999996
 30
0
 11
88.0514220000000023
 21
-15.2009599999999985
 31
0
  0
LINE
  5
E90
330
22
100
AcDbEntity
  8
F.Silkscreen
  6
CONTINUOUS
100
AcDbLine
 10
88.0514220000000023
 20
-15.2009599999999985
 30
0
 11
88.05904799999999
 21
-15.1883900000000001
 31
0
  0
LINE
  5
E91
330
22
100
AcDbEntity
  8
F.Silkscreen
  6
CONTINUOUS
100
AcDbLine
 10
88.05904799999999
 20
-15.1883900000000001
 30
0
 11
88.1431869999999975
 21
-15.0762039999999988
 31
0
  0
LINE
  5
E92
330
22
100
AcDbEntity
  8
F.Silkscreen
  6
CONTINUOUS
100
AcDbLine
 10
88.1431869999999975
 20
-15.0762039999999988
 30
0
 11
87.9959559999999925
 21
-15.0173119999999987
 31
0
  0
LINE
  5
E93
330
22
100
AcDbEntity
  8
F.Silkscreen
  6
CONTINUOUS
100
AcDbLine
 10
87.9959559999999925
 20
-15.0173119999999987
 30
0
 11
87.9829050000000024
 21
-15.0105399999999989
 31
0
  0
LINE
  5
E94
330
22
100
AcDbEntity
  8
F.Silkscreen
  6
CONTINUOUS
100
AcDbLine
 10
87.9829050000000024
 20
-15.0105399999999989
 30
0
 11
87.9619619999999998
 21
-14.9901009999999992
 31
0
  0
LINE
  5
E95
330
22
100
AcDbEntity
  8
F.Silkscreen
  6
CONTINUOUS
100
AcDbLine
 10
87.9619619999999998
 20
-14.9901009999999992
 30
0
 11
87.9504349999999988
 21
-14.9632039999999993
 31
0
  0
LINE
  5
E96
330
22
100
AcDbEntity
  8
F.Silkscreen
  6
CONTINUOUS
100
AcDbLine
 10
87.9504349999999988
 20
-14.9632039999999993
 30
0
 11
87.9500779999999907
 21
-14.933942
 31
0
  0
LINE
  5
E97
330
22
100
AcDbEntity
  8
F.Silkscreen
  6
CONTINUOUS
100
AcDbLine
 10
87.9500779999999907
 20
-14.933942
 30
0
 11
87.9609459999999928
 21
-14.9067709999999991
 31
0
  0
LINE
  5
E98
330
22
100
AcDbEntity
  8
F.Silkscreen
  6
CONTINUOUS
100
AcDbLine
 10
87.9609459999999928
 20
-14.9067709999999991
 30
0
 11
87.9813850000000031
 21
-14.8858280000000001
 31
0
  0
LINE
  5
E99
330
22
100
AcDbEntity
  8
F.Silkscreen
  6
CONTINUOUS
100
AcDbLine
 10
87.9813850000000031
 20
-14.8858280000000001
 30
0
 11
88.0082819999999941
 21
-14.8743009999999991
 31
0
  0
LINE
  5
E9A
330
22
100
AcDbEntity
  8
F.Silkscreen
  6
CONTINUOUS
100
AcDbLine
 10
88.0082819999999941
 20
-14.8743009999999991
 30
0
 11
88.0375439999999969
 21
-14.8739439999999998
 31
0
  0
LINE
  5
E9B
330
22
100
AcDbEntity
  8
F.Silkscreen
  6
CONTINUOUS
100
AcDbLine
 10
88.0375439999999969
 20
-14.8739439999999998
 30
0
 11
88.0516640000000024
 21
-14.8780399999999986
 31
0
  0
LINE
  5
E9C
330
22
100
AcDbEntity
  8
F.Silkscreen
  6
CONTINUOUS
100
AcDbLine
 10
88.0516640000000024
 20
-14.8780399999999986
 30
0
 11
88.1869049999999959
 21
-14.9321359999999999
 31
0
  0
LINE
  5
E9D
330
22
100
AcDbEntity
  8
F.Silkscreen
  6
CONTINUOUS
100
AcDbLine
 10
88.1869049999999959
 20
-14.9321359999999999
 30
0
 11
88.1869049999999959
 21
-14.8048190000000002
 31
0
  0
LINE
  5
E9E
330
22
100
AcDbEntity
  8
F.Silkscreen
  6
CONTINUOUS
100
AcDbLine
 10
88.1869049999999959
 20
-14.8048190000000002
 30
0
 11
88.1883459999999957
 21
-14.7901869999999995
 31
0
  0
LINE
  5
E9F
330
22
100
AcDbEntity
  8
F.Silkscreen
  6
CONTINUOUS
100
AcDbLine
 10
88.1883459999999957
 20
-14.7901869999999995
 30
0
 11
88.1995450000000005
 21
-14.7631509999999988
 31
0
  0
LINE
  5
EA0
330
22
100
AcDbEntity
  8
F.Silkscreen
  6
CONTINUOUS
100
AcDbLine
 10
88.1995450000000005
 20
-14.7631509999999988
 30
0
 11
88.2202369999999974
 21
-14.7424590000000002
 31
0
  0
LINE
  5
EA1
330
22
100
AcDbEntity
  8
F.Silkscreen
  6
CONTINUOUS
100
AcDbLine
 10
88.2202369999999974
 20
-14.7424590000000002
 30
0
 11
88.2472729999999927
 21
-14.7312599999999989
 31
0
  0
LINE
  5
EA2
330
22
100
AcDbEntity
  8
F.Silkscreen
  6
CONTINUOUS
100
AcDbLine
 10
88.2472729999999927
 20
-14.7312599999999989
 30
0
 11
88.2765369999999905
 21
-14.7312599999999989
 31
0
  0
LINE
  5
EA3
330
22
100
AcDbEntity
  8
F.Silkscreen
  6
CONTINUOUS
100
AcDbLine
 10
88.2765369999999905
 20
-14.7312599999999989
 30
0
 11
88.3035730000000001
 21
-14.7424590000000002
 31
0
  0
ENDSEC
  0
SECTION
  2
OBJECTS
  0
DICTIONARY
  5
28
330
0
100
AcDbDictionary
281
1
  3
ACAD_GROUP
350
EA4
  3
ACAD_LAYOUT
350
29
  3
ACAD_PLOTSTYLENAME
350
11
  0
DICTIONARY
  5
EA4
330
28
100
AcDbDictionary
281
1
  0
ACDBDICTIONARYWDFLT
  5
11
330
28
100
AcDbDictionary
281
1
  3
Normal
350
10
100
AcDbDictionaryWithDefault
340
10
  0
ACDBPLACEHOLDER
  5
10
330
11
  0
DICTIONARY
  5
29
330
28
100
AcDbDictionary
281
1
  3
Model
350
25
  3
Layout1
350
26
  3
Layout2
350
27
  0
LAYOUT
  5
25
330
29
100
AcDbPlotSettings
  1

  2
none_device
  4
A3
  6

 40
0.0
 41
0.0
 42
0.0
 43
0.0
 44
420.0
 45
297.0
 46
0.0
 47
0.0
 48
0.0
 49
0.0
140
0.0
141
0.0
142
1.0
143
1.0
 70
1024
 72
1
 73
0
 74
5
  7

 75
16
 76
0
 77
2
 78
300
147
1.0
148
0.0
149
0.0
100
AcDbLayout
  1
Model
 70
1
 71
0
 10
0.0
 20
0.0
 11
420.0
 21
297.0
 12
0.0
 22
0.0
 32
0.0
 14
1e+20
 24
1e+20
 34
1e+20
 15
-1e+20
 25
-1e+20
 35
-1e+20
146
0.0
 13
0.0
 23
0.0
 33
0.0
 16
1.0
 26
0.0
 36
0.0
 17
0.0
 27
1.0
 37
0.0
 76
0
330
22
  0
LAYOUT
  5
26
330
29
100
AcDbPlotSettings
  1

  2
none_device
  4
A3
  6

 40
0.0
 41
0.0
 42
0.0
 43
0.0
 44
420.0
 45
297.0
 46
0.0
 47
0.0
 48
0.0
 49
0.0
140
0.0
141
0.0
142
1.0
143
1.0
 70
0
 72
1
 73
0
 74
5
  7

 75
16
 76
0
 77
2
 78
300
147
1.0
148
0.0
149
0.0
100
AcDbLayout
  1
Layout1
 70
1
 71
1
 10
0.0
 20
0.0
 11
420.0
 21
297.0
 12
0.0
 22
0.0
 32
0.0
 14
1e+20
 24
1e+20
 34
1e+20
 15
-1e+20
 25
-1e+20
 35
-1e+20
146
0.0
 13
0.0
 23
0.0
 33
0.0
 16
1.0
 26
0.0
 36
0.0
 17
0.0
 27
1.0
 37
0.0
 76
0
330
23
  0
LAYOUT
  5
27
330
29
100
AcDbPlotSettings
  1

  2
none_device
  4
A3
  6

 40
0.0
 41
0.0
 42
0.0
 43
0.0
 44
420.0
 45
297.0
 46
0.0
 47
0.0
 48
0.0
 49
0.0
140
0.0
141
0.0
142
1.0
143
1.0
 70
0
 72
1
 73
0
 74
5
  7

 75
16
 76
0
 77
2
 78
300
147
1.0
148
0.0
149
0.0
100
AcDbLayout
  1
Layout2
 70
1
 71
2
 10
0.0
 20
0.0
 11
420.0
 21
297.0
 12
0.0
 22
0.0
 32
0.0
 14
1e+20
 24
1e+20
 34
1e+20
 15
-1e+20
 25
-1e+20
 35
-1e+20
146
0.0
 13
0.0
 23
0.0
 33
0.0
 16
1.0
 26
0.0
 36
0.0
 17
0.0
 27
1.0
 37
0.0
 76
0
330
24
  0
ENDSEC
  0
EOF
