  0
SECTION
  2
HEADER
  9
$ACADVER
  1
AC1018
  9
$HANDSEED
  5
FFFFFFFF
  9
$ANGBASE
  50
0.0
  9
$ANGDIR
  70
1
  9
$MEASUREMENT
  70
1
  9
$INSUNITS
  70
4
  0
ENDSEC
  0
SECTION
  2
TABLES
  0
TABLE
  2
APPID
  5
1
330
0
100
AcDbSymbolTable
 70
1
  0
APPID
  5
2
330
1
100
AcDbSymbolTableRecord
100
AcDbRegAppTableRecord
  2
ACAD
 70
0
  0
ENDTAB
  0
TABLE
  2
LTYPE
  5
3
330
0
100
AcDbSymbolTable
 70
6
  0
LTYPE
  5
4
330
3
100
AcDbSymbolTableRecord
100
AcDbLinetypeTableRecord
  2
ByBlock
 70
0
  3

 72
65
 73
0
 40
0
  0
LTYPE
  5
5
330
3
100
AcDbSymbolTableRecord
100
AcDbLinetypeTableRecord
  2
ByLayer
 70
0
  3

 72
65
 73
0
 40
0
  0
LTYPE
  5
6
330
3
100
AcDbSymbolTableRecord
100
AcDbLinetypeTableRecord
  2
CONTINUOUS
 70
0
  3
Solid line
 72
65
 73
0
 40
0
  0
LTYPE
  5
7
330
3
100
AcDbSymbolTableRecord
100
AcDbLinetypeTableRecord
  2
DASHDOT
 70
0
  3
Dash Dot ____ _ ____ _
 72
65
 73
4
 40
2
 49
1.25
 74
0
 49
-0.25
 74
0
 49
0.25
 74
0
 49
-0.25
 74
0
  0
LTYPE
  5
8
330
3
100
AcDbSymbolTableRecord
100
AcDbLinetypeTableRecord
  2
DASHED
 70
0
  3
Dashed __ __ __ __ __
 72
65
 73
2
 40
0.75
 49
0.5
 74
0
 49
-0.25
 74
0
  0
LTYPE
  5
9
330
3
100
AcDbSymbolTableRecord
100
AcDbLinetypeTableRecord
  2
DOTTED
 70
0
  3
Dotted .  .  .  .
 72
65
 73
2
 40
0.2
 49
0.0
 74
0
 49
-0.2
 74
0
  0
ENDTAB
  0
TABLE
  2
STYLE
  5
A
330
0
100
AcDbSymbolTable
 70
4
  0
STYLE
  5
B
330
A
100
AcDbSymbolTableRecord
100
AcDbTextStyleTableRecord
  2
KICAD
 70
0
 40
0
 41
1
 42
1
 50
0
 71
0
  3
isocp.shx
  0
STYLE
  5
C
330
A
100
AcDbSymbolTableRecord
100
AcDbTextStyleTableRecord
  2
KICADB
 70
0
 40
0
 41
1
 42
1
 50
0
 71
0
  3
isocp.shx
  0
STYLE
  5
D
330
A
100
AcDbSymbolTableRecord
100
AcDbTextStyleTableRecord
  2
KICADI
 70
0
 40
0
 41
1
 42
1
 50
15
 71
0
  3
isocp.shx
  0
STYLE
  5
E
330
A
100
AcDbSymbolTableRecord
100
AcDbTextStyleTableRecord
  2
KICADBI
 70
0
 40
0
 41
1
 42
1
 50
15
 71
0
  3
isocp.shx
  0
ENDTAB
  0
TABLE
  2
LAYER
  5
F
330
0
100
AcDbSymbolTable
 70
10
  0
LAYER
  5
12
330
F
100
AcDbSymbolTableRecord
100
AcDbLayerTableRecord
  2
0
 70
0
 62
7
  6
CONTINUOUS
390
10
  0
LAYER
  5
13
330
F
100
AcDbSymbolTableRecord
100
AcDbLayerTableRecord
  2
F.Cu
 70
0
 62
13
420
13120564
  6
CONTINUOUS
390
10
  0
LAYER
  5
14
330
F
100
AcDbSymbolTableRecord
100
AcDbLayerTableRecord
  2
B.Cu
 70
0
 62
153
420
5078980
  6
CONTINUOUS
390
10
  0
LAYER
  5
15
330
F
100
AcDbSymbolTableRecord
100
AcDbLayerTableRecord
  2
F.Paste
 70
0
 62
253
420
11837594
  6
CONTINUOUS
390
10
  0
LAYER
  5
16
330
F
100
AcDbSymbolTableRecord
100
AcDbLayerTableRecord
  2
B.Paste
 70
0
 62
132
420
49858
  6
CONTINUOUS
390
10
  0
LAYER
  5
17
330
F
100
AcDbSymbolTableRecord
100
AcDbLayerTableRecord
  2
F.Silkscreen
 70
0
 62
41
420
15920545
  6
CONTINUOUS
390
10
  0
LAYER
  5
18
330
F
100
AcDbSymbolTableRecord
100
AcDbLayerTableRecord
  2
B.Silkscreen
 70
0
 62
31
420
15250087
  6
CONTINUOUS
390
10
  0
LAYER
  5
19
330
F
100
AcDbSymbolTableRecord
100
AcDbLayerTableRecord
  2
F.Mask
 70
0
 62
201
420
14181631
  6
CONTINUOUS
390
10
  0
LAYER
  5
1A
330
F
100
AcDbSymbolTableRecord
100
AcDbLayerTableRecord
  2
B.Mask
 70
0
 62
4
420
196590
  6
CONTINUOUS
390
10
  0
LAYER
  5
1B
330
F
100
AcDbSymbolTableRecord
100
AcDbLayerTableRecord
  2
Edge.Cuts
 70
0
 62
254
420
13685453
  6
CONTINUOUS
390
10
  0
ENDTAB
  0
TABLE
  2
VPORT
  5
1C
330
0
100
AcDbSymbolTable
 70
0
  0
ENDTAB
  0
TABLE
  2
VIEW
  5
1D
330
0
100
AcDbSymbolTable
 70
0
  0
ENDTAB
  0
TABLE
  2
UCS
  5
1E
330
0
100
AcDbSymbolTable
 70
0
  0
ENDTAB
  0
TABLE
  2
DIMSTYLE
  5
1F
330
0
100
AcDbSymbolTable
 70
1
100
AcDbDimStyleTable
 71
0
  0
DIMSTYLE
105
20
330
1F
100
AcDbSymbolTableRecord
100
AcDbDimStyleTableRecord
  2
Standard
 70
0
  0
ENDTAB
  0
TABLE
  2
BLOCK_RECORD
  5
21
330
0
100
AcDbSymbolTable
 70
3
  0
BLOCK_RECORD
  5
22
330
21
100
AcDbSymbolTableRecord
100
AcDbBlockTableRecord
  2
*Model_Space
340
25
 70
0
280
1
281
0
  0
BLOCK_RECORD
  5
23
330
21
100
AcDbSymbolTableRecord
100
AcDbBlockTableRecord
  2
*Paper_Space
340
26
 70
0
280
1
281
0
  0
BLOCK_RECORD
  5
24
330
21
100
AcDbSymbolTableRecord
100
AcDbBlockTableRecord
  2
*Paper_Space0
340
27
 70
0
280
1
281
0
  0
ENDTAB
  0
ENDSEC
  0
SECTION
  2
BLOCKS
  0
BLOCK
  5
2B
330
22
100
AcDbEntity
  8
0
100
AcDbBlockBegin
  2
*Model_Space
 70
0
 10
0.0
 20
0.0
 30
0.0
  3
*Model_Space
  1

  0
ENDBLK
  5
2A
330
22
100
AcDbEntity
  8
0
100
AcDbBlockEnd
  0
BLOCK
  5
2D
330
23
100
AcDbEntity
 67
1
  8
0
100
AcDbBlockBegin
  2
*Paper_Space
 70
0
 10
0.0
 20
0.0
 30
0.0
  3
*Paper_Space
  1

  0
ENDBLK
  5
2C
330
23
100
AcDbEntity
 67
1
  8
0
100
AcDbBlockEnd
  0
BLOCK
  5
2F
330
24
100
AcDbEntity
 67
1
  8
0
100
AcDbBlockBegin
  2
*Paper_Space0
 70
0
 10
0.0
 20
0.0
 30
0.0
  3
*Paper_Space0
  1

  0
ENDBLK
  5
2E
330
24
100
AcDbEntity
 67
1
  8
0
100
AcDbBlockEnd
  0
ENDSEC
  0
SECTION
  2
ENTITIES
  0
LINE
  5
30
330
22
100
AcDbEntity
  8
F.Cu
  6
CONTINUOUS
100
AcDbLine
 10
111.8195089999999965
 20
-65.6019209999999902
 30
0
 11
111.8555569999999904
 21
-65.6168529999999919
 31
0
  0
LINE
  5
31
330
22
100
AcDbEntity
  8
F.Cu
  6
CONTINUOUS
100
AcDbLine
 10
111.8555569999999904
 20
-65.6168529999999919
 30
0
 11
111.8831469999999939
 21
-65.6444429999999954
 31
0
  0
LINE
  5
32
330
22
100
AcDbEntity
  8
F.Cu
  6
CONTINUOUS
100
AcDbLine
 10
111.8831469999999939
 20
-65.6444429999999954
 30
0
 11
111.8980789999999956
 21
-65.6804910000000035
 31
0
  0
LINE
  5
33
330
22
100
AcDbEntity
  8
F.Cu
  6
CONTINUOUS
100
AcDbLine
 10
111.8980789999999956
 20
-65.6804910000000035
 30
0
 11
111.8999999999999915
 21
-65.7000000000000028
 31
0
  0
LINE
  5
34
330
22
100
AcDbEntity
  8
F.Cu
  6
CONTINUOUS
100
AcDbLine
 10
111.8999999999999915
 20
-65.7000000000000028
 30
0
 11
111.8999999999999915
 21
-70.7000000000000028
 31
0
  0
LINE
  5
35
330
22
100
AcDbEntity
  8
F.Cu
  6
CONTINUOUS
100
AcDbLine
 10
111.8999999999999915
 20
-70.7000000000000028
 30
0
 11
111.8980789999999956
 21
-70.7195090000000022
 31
0
  0
LINE
  5
36
330
22
100
AcDbEntity
  8
F.Cu
  6
CONTINUOUS
100
AcDbLine
 10
111.8980789999999956
 20
-70.7195090000000022
 30
0
 11
111.8831479999999914
 21
-70.755556999999996
 31
0
  0
LINE
  5
37
330
22
100
AcDbEntity
  8
F.Cu
  6
CONTINUOUS
100
AcDbLine
 10
111.8831479999999914
 20
-70.755556999999996
 30
0
 11
111.870711
 21
-70.770709999999994
 31
0
  0
LINE
  5
38
330
22
100
AcDbEntity
  8
F.Cu
  6
CONTINUOUS
100
AcDbLine
 10
111.870711
 20
-70.770709999999994
 30
0
 11
111.274132999999992
 21
-71.3672880000000021
 31
0
  0
LINE
  5
39
330
22
100
AcDbEntity
  8
F.Cu
  6
CONTINUOUS
100
AcDbLine
 10
111.274132999999992
 20
-71.3672880000000021
 30
0
 11
111.3819209999999913
 21
-71.5286029999999897
 31
0
  0
LINE
  5
3A
330
22
100
AcDbEntity
  8
F.Cu
  6
CONTINUOUS
100
AcDbLine
 10
111.3819209999999913
 20
-71.5286029999999897
 30
0
 11
111.4569399999999888
 21
-71.7097150000000028
 31
0
  0
LINE
  5
3B
330
22
100
AcDbEntity
  8
F.Cu
  6
CONTINUOUS
100
AcDbLine
 10
111.4569399999999888
 20
-71.7097150000000028
 30
0
 11
111.4951849999999922
 21
-71.9019830000000013
 31
0
  0
LINE
  5
3C
330
22
100
AcDbEntity
  8
F.Cu
  6
CONTINUOUS
100
AcDbLine
 10
111.4951849999999922
 20
-71.9019830000000013
 30
0
 11
111.4951849999999922
 21
-72.0980169999999987
 31
0
  0
LINE
  5
3D
330
22
100
AcDbEntity
  8
F.Cu
  6
CONTINUOUS
100
AcDbLine
 10
111.4951849999999922
 20
-72.0980169999999987
 30
0
 11
111.4569399999999888
 21
-72.2902849999999972
 31
0
  0
LINE
  5
3E
330
22
100
AcDbEntity
  8
F.Cu
  6
CONTINUOUS
100
AcDbLine
 10
111.4569399999999888
 20
-72.2902849999999972
 30
0
 11
111.3819209999999913
 21
-72.4713969999999961
 31
0
  0
LINE
  5
3F
330
22
100
AcDbEntity
  8
F.Cu
  6
CONTINUOUS
100
AcDbLine
 10
111.3819209999999913
 20
-72.4713969999999961
 30
0
 11
111.2730099999999993
 21
-72.6343930000000029
 31
0
  0
LINE
  5
40
330
22
100
AcDbEntity
  8
F.Cu
  6
CONTINUOUS
100
AcDbLine
 10
111.2730099999999993
 20
-72.6343930000000029
 30
0
 11
111.1343929999999887
 21
-72.7730099999999993
 31
0
  0
LINE
  5
41
330
22
100
AcDbEntity
  8
F.Cu
  6
CONTINUOUS
100
AcDbLine
 10
111.1343929999999887
 20
-72.7730099999999993
 30
0
 11
110.9713969999999961
 21
-72.8819209999999913
 31
0
  0
LINE
  5
42
330
22
100
AcDbEntity
  8
F.Cu
  6
CONTINUOUS
100
AcDbLine
 10
110.9713969999999961
 20
-72.8819209999999913
 30
0
 11
110.7902849999999972
 21
-72.956940000000003
 31
0
  0
LINE
  5
43
330
22
100
AcDbEntity
  8
F.Cu
  6
CONTINUOUS
100
AcDbLine
 10
110.7902849999999972
 20
-72.956940000000003
 30
0
 11
110.5980169999999987
 21
-72.9951849999999922
 31
0
  0
LINE
  5
44
330
22
100
AcDbEntity
  8
F.Cu
  6
CONTINUOUS
100
AcDbLine
 10
110.5980169999999987
 20
-72.9951849999999922
 30
0
 11
110.4019830000000013
 21
-72.9951849999999922
 31
0
  0
LINE
  5
45
330
22
100
AcDbEntity
  8
F.Cu
  6
CONTINUOUS
100
AcDbLine
 10
110.4019830000000013
 20
-72.9951849999999922
 30
0
 11
110.2097149999999885
 21
-72.956940000000003
 31
0
  0
LINE
  5
46
330
22
100
AcDbEntity
  8
F.Cu
  6
CONTINUOUS
100
AcDbLine
 10
110.2097149999999885
 20
-72.956940000000003
 30
0
 11
110.0286029999999897
 21
-72.8819209999999913
 31
0
  0
LINE
  5
47
330
22
100
AcDbEntity
  8
F.Cu
  6
CONTINUOUS
100
AcDbLine
 10
110.0286029999999897
 20
-72.8819209999999913
 30
0
 11
109.8656069999999971
 21
-72.7730099999999993
 31
0
  0
LINE
  5
48
330
22
100
AcDbEntity
  8
F.Cu
  6
CONTINUOUS
100
AcDbLine
 10
109.8656069999999971
 20
-72.7730099999999993
 30
0
 11
109.7269900000000007
 21
-72.6343930000000029
 31
0
  0
LINE
  5
49
330
22
100
AcDbEntity
  8
F.Cu
  6
CONTINUOUS
100
AcDbLine
 10
109.7269900000000007
 20
-72.6343930000000029
 30
0
 11
109.6180789999999945
 21
-72.4713969999999961
 31
0
  0
LINE
  5
4A
330
22
100
AcDbEntity
  8
F.Cu
  6
CONTINUOUS
100
AcDbLine
 10
109.6180789999999945
 20
-72.4713969999999961
 30
0
 11
109.543059999999997
 21
-72.2902849999999972
 31
0
  0
LINE
  5
4B
330
22
100
AcDbEntity
  8
F.Cu
  6
CONTINUOUS
100
AcDbLine
 10
109.543059999999997
 20
-72.2902849999999972
 30
0
 11
109.5048149999999936
 21
-72.0980169999999987
 31
0
  0
LINE
  5
4C
330
22
100
AcDbEntity
  8
F.Cu
  6
CONTINUOUS
100
AcDbLine
 10
109.5048149999999936
 20
-72.0980169999999987
 30
0
 11
109.5048149999999936
 21
-71.9019830000000013
 31
0
  0
LINE
  5
4D
330
22
100
AcDbEntity
  8
F.Cu
  6
CONTINUOUS
100
AcDbLine
 10
109.5048149999999936
 20
-71.9019830000000013
 30
0
 11
109.543059999999997
 21
-71.7097150000000028
 31
0
  0
LINE
  5
4E
330
22
100
AcDbEntity
  8
F.Cu
  6
CONTINUOUS
100
AcDbLine
 10
109.543059999999997
 20
-71.7097150000000028
 30
0
 11
109.6180789999999945
 21
-71.5286029999999897
 31
0
  0
LINE
  5
4F
330
22
100
AcDbEntity
  8
F.Cu
  6
CONTINUOUS
100
AcDbLine
 10
109.6180789999999945
 20
-71.5286029999999897
 30
0
 11
109.7269900000000007
 21
-71.3656069999999971
 31
0
  0
LINE
  5
50
330
22
100
AcDbEntity
  8
F.Cu
  6
CONTINUOUS
100
AcDbLine
 10
109.7269900000000007
 20
-71.3656069999999971
 30
0
 11
109.8656069999999971
 21
-71.2269900000000007
 31
0
  0
LINE
  5
51
330
22
100
AcDbEntity
  8
F.Cu
  6
CONTINUOUS
100
AcDbLine
 10
109.8656069999999971
 20
-71.2269900000000007
 30
0
 11
110.0286029999999897
 21
-71.1180789999999945
 31
0
  0
LINE
  5
52
330
22
100
AcDbEntity
  8
F.Cu
  6
CONTINUOUS
100
AcDbLine
 10
110.0286029999999897
 20
-71.1180789999999945
 30
0
 11
110.2097149999999885
 21
-71.043059999999997
 31
0
  0
LINE
  5
53
330
22
100
AcDbEntity
  8
F.Cu
  6
CONTINUOUS
100
AcDbLine
 10
110.2097149999999885
 20
-71.043059999999997
 30
0
 11
110.4019830000000013
 21
-71.0048149999999936
 31
0
  0
LINE
  5
54
330
22
100
AcDbEntity
  8
F.Cu
  6
CONTINUOUS
100
AcDbLine
 10
110.4019830000000013
 20
-71.0048149999999936
 30
0
 11
110.5980169999999987
 21
-71.0048149999999936
 31
0
  0
LINE
  5
55
330
22
100
AcDbEntity
  8
F.Cu
  6
CONTINUOUS
100
AcDbLine
 10
110.5980169999999987
 20
-71.0048149999999936
 30
0
 11
110.7902849999999972
 21
-71.043059999999997
 31
0
  0
LINE
  5
56
330
22
100
AcDbEntity
  8
F.Cu
  6
CONTINUOUS
100
AcDbLine
 10
110.7902849999999972
 20
-71.043059999999997
 30
0
 11
110.9713969999999961
 21
-71.1180789999999945
 31
0
  0
LINE
  5
57
330
22
100
AcDbEntity
  8
F.Cu
  6
CONTINUOUS
100
AcDbLine
 10
110.9713969999999961
 20
-71.1180789999999945
 30
0
 11
111.1327110000000005
 21
-71.2258659999999963
 31
0
  0
LINE
  5
58
330
22
100
AcDbEntity
  8
F.Cu
  6
CONTINUOUS
100
AcDbLine
 10
111.1327110000000005
 20
-71.2258659999999963
 30
0
 11
111.6999999999999886
 21
-70.6585779999999914
 31
0
  0
LINE
  5
59
330
22
100
AcDbEntity
  8
F.Cu
  6
CONTINUOUS
100
AcDbLine
 10
111.6999999999999886
 20
-70.6585779999999914
 30
0
 11
111.6999999999999886
 21
-65.7999999999999972
 31
0
  0
LINE
  5
5A
330
22
100
AcDbEntity
  8
F.Cu
  6
CONTINUOUS
100
AcDbLine
 10
111.6999999999999886
 20
-65.7999999999999972
 30
0
 11
109.2414209999999883
 21
-65.7999999999999972
 31
0
  0
LINE
  5
5B
330
22
100
AcDbEntity
  8
F.Cu
  6
CONTINUOUS
100
AcDbLine
 10
109.2414209999999883
 20
-65.7999999999999972
 30
0
 11
107.3106099999999969
 21
-67.7308120000000002
 31
0
  0
LINE
  5
5C
330
22
100
AcDbEntity
  8
F.Cu
  6
CONTINUOUS
100
AcDbLine
 10
107.3106099999999969
 20
-67.7308120000000002
 30
0
 11
107.2954560000000015
 21
-67.7432479999999941
 31
0
  0
LINE
  5
5D
330
22
100
AcDbEntity
  8
F.Cu
  6
CONTINUOUS
100
AcDbLine
 10
107.2954560000000015
 20
-67.7432479999999941
 30
0
 11
107.2594079999999934
 21
-67.7581799999999959
 31
0
  0
LINE
  5
5E
330
22
100
AcDbEntity
  8
F.Cu
  6
CONTINUOUS
100
AcDbLine
 10
107.2594079999999934
 20
-67.7581799999999959
 30
0
 11
107.2398989999999941
 21
-67.7601009999999917
 31
0
  0
LINE
  5
5F
330
22
100
AcDbEntity
  8
F.Cu
  6
CONTINUOUS
100
AcDbLine
 10
107.2398989999999941
 20
-67.7601009999999917
 30
0
 11
96.2156859999999909
 21
-67.7601009999999917
 31
0
  0
LINE
  5
60
330
22
100
AcDbEntity
  8
F.Cu
  6
CONTINUOUS
100
AcDbLine
 10
96.2156859999999909
 20
-67.7601009999999917
 30
0
 11
96.1961769999999916
 21
-67.7581799999999959
 31
0
  0
LINE
  5
61
330
22
100
AcDbEntity
  8
F.Cu
  6
CONTINUOUS
100
AcDbLine
 10
96.1961769999999916
 20
-67.7581799999999959
 30
0
 11
96.1601289999999977
 21
-67.7432489999999916
 31
0
  0
LINE
  5
62
330
22
100
AcDbEntity
  8
F.Cu
  6
CONTINUOUS
100
AcDbLine
 10
96.1601289999999977
 20
-67.7432489999999916
 30
0
 11
96.1449759999999998
 21
-67.7308120000000002
 31
0
  0
LINE
  5
63
330
22
100
AcDbEntity
  8
F.Cu
  6
CONTINUOUS
100
AcDbLine
 10
96.1449759999999998
 20
-67.7308120000000002
 30
0
 11
95.3541620000000023
 21
-66.9399999999999977
 31
0
  0
LINE
  5
64
330
22
100
AcDbEntity
  8
F.Cu
  6
CONTINUOUS
100
AcDbLine
 10
95.3541620000000023
 20
-66.9399999999999977
 30
0
 11
93.9458369999999974
 21
-66.9399999999999977
 31
0
  0
LINE
  5
65
330
22
100
AcDbEntity
  8
F.Cu
  6
CONTINUOUS
100
AcDbLine
 10
93.9458369999999974
 20
-66.9399999999999977
 30
0
 11
92.2800000000000011
 21
-68.605836999999994
 31
0
  0
LINE
  5
66
330
22
100
AcDbEntity
  8
F.Cu
  6
CONTINUOUS
100
AcDbLine
 10
92.2800000000000011
 20
-68.605836999999994
 30
0
 11
92.2800000000000011
 21
-71.635633999999996
 31
0
  0
LINE
  5
67
330
22
100
AcDbEntity
  8
F.Cu
  6
CONTINUOUS
100
AcDbLine
 10
92.2800000000000011
 20
-71.635633999999996
 30
0
 11
99.3143649999999951
 21
-78.6700000000000017
 31
0
  0
LINE
  5
68
330
22
100
AcDbEntity
  8
F.Cu
  6
CONTINUOUS
100
AcDbLine
 10
99.3143649999999951
 20
-78.6700000000000017
 30
0
 11
143.9335779999999829
 21
-78.6700000000000017
 31
0
  0
LINE
  5
69
330
22
100
AcDbEntity
  8
F.Cu
  6
CONTINUOUS
100
AcDbLine
 10
143.9335779999999829
 20
-78.6700000000000017
 30
0
 11
144.4884619999999984
 21
-78.1151160000000004
 31
0
  0
LINE
  5
6A
330
22
100
AcDbEntity
  8
F.Cu
  6
CONTINUOUS
100
AcDbLine
 10
144.4884619999999984
 20
-78.1151160000000004
 30
0
 11
144.4253669999999943
 21
-78.0206869999999952
 31
0
  0
LINE
  5
6B
330
22
100
AcDbEntity
  8
F.Cu
  6
CONTINUOUS
100
AcDbLine
 10
144.4253669999999943
 20
-78.0206869999999952
 30
0
 11
144.3616010000000074
 21
-77.8667420000000021
 31
0
  0
LINE
  5
6C
330
22
100
AcDbEntity
  8
F.Cu
  6
CONTINUOUS
100
AcDbLine
 10
144.3616010000000074
 20
-77.8667420000000021
 30
0
 11
144.3290930000000003
 21
-77.7033150000000035
 31
0
  0
LINE
  5
6D
330
22
100
AcDbEntity
  8
F.Cu
  6
CONTINUOUS
100
AcDbLine
 10
144.3290930000000003
 20
-77.7033150000000035
 30
0
 11
144.3290930000000003
 21
-77.5366849999999914
 31
0
  0
LINE
  5
6E
330
22
100
AcDbEntity
  8
F.Cu
  6
CONTINUOUS
100
AcDbLine
 10
144.3290930000000003
 20
-77.5366849999999914
 30
0
 11
144.3616010000000074
 21
-77.3732579999999928
 31
0
  0
LINE
  5
6F
330
22
100
AcDbEntity
  8
F.Cu
  6
CONTINUOUS
100
AcDbLine
 10
144.3616010000000074
 20
-77.3732579999999928
 30
0
 11
144.4253669999999943
 21
-77.2193129999999996
 31
0
  0
LINE
  5
70
330
22
100
AcDbEntity
  8
F.Cu
  6
CONTINUOUS
100
AcDbLine
 10
144.4253669999999943
 20
-77.2193129999999996
 30
0
 11
144.5179410000000075
 21
-77.080765999999997
 31
0
  0
LINE
  5
71
330
22
100
AcDbEntity
  8
F.Cu
  6
CONTINUOUS
100
AcDbLine
 10
144.5179410000000075
 20
-77.080765999999997
 30
0
 11
144.6357659999999896
 21
-76.9629410000000007
 31
0
  0
LINE
  5
72
330
22
100
AcDbEntity
  8
F.Cu
  6
CONTINUOUS
100
AcDbLine
 10
144.6357659999999896
 20
-76.9629410000000007
 30
0
 11
144.7743130000000065
 21
-76.8703670000000017
 31
0
  0
LINE
  5
73
330
22
100
AcDbEntity
  8
F.Cu
  6
CONTINUOUS
100
AcDbLine
 10
144.7743130000000065
 20
-76.8703670000000017
 30
0
 11
144.9282579999999996
 21
-76.8066010000000006
 31
0
  0
LINE
  5
74
330
22
100
AcDbEntity
  8
F.Cu
  6
CONTINUOUS
100
AcDbLine
 10
144.9282579999999996
 20
-76.8066010000000006
 30
0
 11
145.091684999999984
 21
-76.7740929999999935
 31
0
  0
LINE
  5
75
330
22
100
AcDbEntity
  8
F.Cu
  6
CONTINUOUS
100
AcDbLine
 10
145.091684999999984
 20
-76.7740929999999935
 30
0
 11
145.1749999999999829
 21
-76.769999999999996
 31
0
  0
LINE
  5
76
330
22
100
AcDbEntity
  8
F.Cu
  6
CONTINUOUS
100
AcDbLine
 10
145.1749999999999829
 20
-76.769999999999996
 30
0
 11
147.0749999999999886
 21
-76.769999999999996
 31
0
  0
LINE
  5
77
330
22
100
AcDbEntity
  8
F.Cu
  6
CONTINUOUS
100
AcDbLine
 10
147.0749999999999886
 20
-76.769999999999996
 30
0
 11
147.1583149999999875
 21
-76.7740929999999935
 31
0
  0
LINE
  5
78
330
22
100
AcDbEntity
  8
F.Cu
  6
CONTINUOUS
100
AcDbLine
 10
147.1583149999999875
 20
-76.7740929999999935
 30
0
 11
147.3217420000000004
 21
-76.8066010000000006
 31
0
  0
LINE
  5
79
330
22
100
AcDbEntity
  8
F.Cu
  6
CONTINUOUS
100
AcDbLine
 10
147.3217420000000004
 20
-76.8066010000000006
 30
0
 11
147.4756869999999935
 21
-76.8703670000000017
 31
0
  0
LINE
  5
7A
330
22
100
AcDbEntity
  8
F.Cu
  6
CONTINUOUS
100
AcDbLine
 10
147.4756869999999935
 20
-76.8703670000000017
 30
0
 11
147.614233999999982
 21
-76.9629410000000007
 31
0
  0
LINE
  5
7B
330
22
100
AcDbEntity
  8
F.Cu
  6
CONTINUOUS
100
AcDbLine
 10
147.614233999999982
 20
-76.9629410000000007
 30
0
 11
147.7320589999999925
 21
-77.080765999999997
 31
0
  0
LINE
  5
7C
330
22
100
AcDbEntity
  8
F.Cu
  6
CONTINUOUS
100
AcDbLine
 10
147.7320589999999925
 20
-77.080765999999997
 30
0
 11
147.8246330000000057
 21
-77.2193129999999996
 31
0
  0
LINE
  5
7D
330
22
100
AcDbEntity
  8
F.Cu
  6
CONTINUOUS
100
AcDbLine
 10
147.8246330000000057
 20
-77.2193129999999996
 30
0
 11
147.8883989999999926
 21
-77.3732579999999928
 31
0
  0
LINE
  5
7E
330
22
100
AcDbEntity
  8
F.Cu
  6
CONTINUOUS
100
AcDbLine
 10
147.8883989999999926
 20
-77.3732579999999928
 30
0
 11
147.9209069999999997
 21
-77.5366849999999914
 31
0
  0
LINE
  5
7F
330
22
100
AcDbEntity
  8
F.Cu
  6
CONTINUOUS
100
AcDbLine
 10
147.9209069999999997
 20
-77.5366849999999914
 30
0
 11
147.9209069999999997
 21
-77.7033150000000035
 31
0
  0
LINE
  5
80
330
22
100
AcDbEntity
  8
F.Cu
  6
CONTINUOUS
100
AcDbLine
 10
147.9209069999999997
 20
-77.7033150000000035
 30
0
 11
147.8883989999999926
 21
-77.8667420000000021
 31
0
  0
LINE
  5
81
330
22
100
AcDbEntity
  8
F.Cu
  6
CONTINUOUS
100
AcDbLine
 10
147.8883989999999926
 20
-77.8667420000000021
 30
0
 11
147.8246330000000057
 21
-78.0206869999999952
 31
0
  0
LINE
  5
82
330
22
100
AcDbEntity
  8
F.Cu
  6
CONTINUOUS
100
AcDbLine
 10
147.8246330000000057
 20
-78.0206869999999952
 30
0
 11
147.7320589999999925
 21
-78.1592339999999979
 31
0
  0
LINE
  5
83
330
22
100
AcDbEntity
  8
F.Cu
  6
CONTINUOUS
100
AcDbLine
 10
147.7320589999999925
 20
-78.1592339999999979
 30
0
 11
147.614233999999982
 21
-78.2770589999999942
 31
0
  0
LINE
  5
84
330
22
100
AcDbEntity
  8
F.Cu
  6
CONTINUOUS
100
AcDbLine
 10
147.614233999999982
 20
-78.2770589999999942
 30
0
 11
147.4756869999999935
 21
-78.3696329999999932
 31
0
  0
LINE
  5
85
330
22
100
AcDbEntity
  8
F.Cu
  6
CONTINUOUS
100
AcDbLine
 10
147.4756869999999935
 20
-78.3696329999999932
 30
0
 11
147.3217420000000004
 21
-78.4333989999999943
 31
0
  0
LINE
  5
86
330
22
100
AcDbEntity
  8
F.Cu
  6
CONTINUOUS
100
AcDbLine
 10
147.3217420000000004
 20
-78.4333989999999943
 30
0
 11
147.1583149999999875
 21
-78.4659070000000014
 31
0
  0
LINE
  5
87
330
22
100
AcDbEntity
  8
F.Cu
  6
CONTINUOUS
100
AcDbLine
 10
147.1583149999999875
 20
-78.4659070000000014
 30
0
 11
147.0749999999999886
 21
-78.4699999999999989
 31
0
  0
LINE
  5
88
330
22
100
AcDbEntity
  8
F.Cu
  6
CONTINUOUS
100
AcDbLine
 10
147.0749999999999886
 20
-78.4699999999999989
 30
0
 11
145.1749999999999829
 21
-78.4699999999999989
 31
0
  0
LINE
  5
89
330
22
100
AcDbEntity
  8
F.Cu
  6
CONTINUOUS
100
AcDbLine
 10
145.1749999999999829
 20
-78.4699999999999989
 30
0
 11
145.091684999999984
 21
-78.4659070000000014
 31
0
  0
LINE
  5
8A
330
22
100
AcDbEntity
  8
F.Cu
  6
CONTINUOUS
100
AcDbLine
 10
145.091684999999984
 20
-78.4659070000000014
 30
0
 11
144.9282579999999996
 21
-78.4333989999999943
 31
0
  0
LINE
  5
8B
330
22
100
AcDbEntity
  8
F.Cu
  6
CONTINUOUS
100
AcDbLine
 10
144.9282579999999996
 20
-78.4333989999999943
 30
0
 11
144.7743130000000065
 21
-78.3696329999999932
 31
0
  0
LINE
  5
8C
330
22
100
AcDbEntity
  8
F.Cu
  6
CONTINUOUS
100
AcDbLine
 10
144.7743130000000065
 20
-78.3696329999999932
 30
0
 11
144.6357659999999896
 21
-78.2770589999999942
 31
0
  0
LINE
  5
8D
330
22
100
AcDbEntity
  8
F.Cu
  6
CONTINUOUS
100
AcDbLine
 10
144.6357659999999896
 20
-78.2770589999999942
 30
0
 11
144.6225639999999828
 21
-78.2638570000000016
 31
0
  0
LINE
  5
8E
330
22
100
AcDbEntity
  8
F.Cu
  6
CONTINUOUS
100
AcDbLine
 10
144.6225639999999828
 20
-78.2638570000000016
 30
0
 11
144.045710999999983
 21
-78.8407109999999989
 31
0
  0
LINE
  5
8F
330
22
100
AcDbEntity
  8
F.Cu
  6
CONTINUOUS
100
AcDbLine
 10
144.045710999999983
 20
-78.8407109999999989
 30
0
 11
144.0305569999999875
 21
-78.8531469999999928
 31
0
  0
LINE
  5
90
330
22
100
AcDbEntity
  8
F.Cu
  6
CONTINUOUS
100
AcDbLine
 10
144.0305569999999875
 20
-78.8531469999999928
 30
0
 11
143.9945089999999936
 21
-78.8680789999999945
 31
0
  0
LINE
  5
91
330
22
100
AcDbEntity
  8
F.Cu
  6
CONTINUOUS
100
AcDbLine
 10
143.9945089999999936
 20
-78.8680789999999945
 30
0
 11
143.9749999999999943
 21
-78.8699999999999903
 31
0
  0
LINE
  5
92
330
22
100
AcDbEntity
  8
F.Cu
  6
CONTINUOUS
100
AcDbLine
 10
143.9749999999999943
 20
-78.8699999999999903
 30
0
 11
99.2729439999999954
 21
-78.8699999999999903
 31
0
  0
LINE
  5
93
330
22
100
AcDbEntity
  8
F.Cu
  6
CONTINUOUS
100
AcDbLine
 10
99.2729439999999954
 20
-78.8699999999999903
 30
0
 11
99.2534349999999961
 21
-78.8680789999999945
 31
0
  0
LINE
  5
94
330
22
100
AcDbEntity
  8
F.Cu
  6
CONTINUOUS
100
AcDbLine
 10
99.2534349999999961
 20
-78.8680789999999945
 30
0
 11
99.2173870000000022
 21
-78.8531479999999902
 31
0
  0
LINE
  5
95
330
22
100
AcDbEntity
  8
F.Cu
  6
CONTINUOUS
100
AcDbLine
 10
99.2173870000000022
 20
-78.8531479999999902
 30
0
 11
99.20223399999999
 21
-78.8407109999999989
 31
0
  0
LINE
  5
96
330
22
100
AcDbEntity
  8
F.Cu
  6
CONTINUOUS
100
AcDbLine
 10
99.20223399999999
 20
-78.8407109999999989
 30
0
 11
92.1092889999999898
 21
-71.7477669999999961
 31
0
  0
LINE
  5
97
330
22
100
AcDbEntity
  8
F.Cu
  6
CONTINUOUS
100
AcDbLine
 10
92.1092889999999898
 20
-71.7477669999999961
 30
0
 11
92.0968529999999959
 21
-71.7326130000000006
 31
0
  0
LINE
  5
98
330
22
100
AcDbEntity
  8
F.Cu
  6
CONTINUOUS
100
AcDbLine
 10
92.0968529999999959
 20
-71.7326130000000006
 30
0
 11
92.0819209999999941
 21
-71.6965649999999926
 31
0
  0
LINE
  5
99
330
22
100
AcDbEntity
  8
F.Cu
  6
CONTINUOUS
100
AcDbLine
 10
92.0819209999999941
 20
-71.6965649999999926
 30
0
 11
92.0799999999999983
 21
-71.6770559999999932
 31
0
  0
LINE
  5
9A
330
22
100
AcDbEntity
  8
F.Cu
  6
CONTINUOUS
100
AcDbLine
 10
92.0799999999999983
 20
-71.6770559999999932
 30
0
 11
92.0799999999999983
 21
-68.5644149999999968
 31
0
  0
LINE
  5
9B
330
22
100
AcDbEntity
  8
F.Cu
  6
CONTINUOUS
100
AcDbLine
 10
92.0799999999999983
 20
-68.5644149999999968
 30
0
 11
92.0819209999999941
 21
-68.5449059999999974
 31
0
  0
LINE
  5
9C
330
22
100
AcDbEntity
  8
F.Cu
  6
CONTINUOUS
100
AcDbLine
 10
92.0819209999999941
 20
-68.5449059999999974
 30
0
 11
92.0968529999999959
 21
-68.5088580000000036
 31
0
  0
LINE
  5
9D
330
22
100
AcDbEntity
  8
F.Cu
  6
CONTINUOUS
100
AcDbLine
 10
92.0968529999999959
 20
-68.5088580000000036
 30
0
 11
92.1092889999999898
 21
-68.4937039999999939
 31
0
  0
LINE
  5
9E
330
22
100
AcDbEntity
  8
F.Cu
  6
CONTINUOUS
100
AcDbLine
 10
92.1092889999999898
 20
-68.4937039999999939
 30
0
 11
93.8337039999999973
 21
-66.7692890000000006
 31
0
  0
LINE
  5
9F
330
22
100
AcDbEntity
  8
F.Cu
  6
CONTINUOUS
100
AcDbLine
 10
93.8337039999999973
 20
-66.7692890000000006
 30
0
 11
93.8488579999999928
 21
-66.7568529999999924
 31
0
  0
LINE
  5
A0
330
22
100
AcDbEntity
  8
F.Cu
  6
CONTINUOUS
100
AcDbLine
 10
93.8488579999999928
 20
-66.7568529999999924
 30
0
 11
93.8601299999999981
 21
-66.7521839999999997
 31
0
  0
LINE
  5
A1
330
22
100
AcDbEntity
  8
F.Cu
  6
CONTINUOUS
100
AcDbLine
 10
93.8601299999999981
 20
-66.7521839999999997
 30
0
 11
93.8849060000000009
 21
-66.7419209999999907
 31
0
  0
LINE
  5
A2
330
22
100
AcDbEntity
  8
F.Cu
  6
CONTINUOUS
100
AcDbLine
 10
93.8849060000000009
 20
-66.7419209999999907
 30
0
 11
93.9044150000000002
 21
-66.7399999999999949
 31
0
  0
LINE
  5
A3
330
22
100
AcDbEntity
  8
F.Cu
  6
CONTINUOUS
100
AcDbLine
 10
93.9044150000000002
 20
-66.7399999999999949
 30
0
 11
95.3955839999999995
 21
-66.7399999999999949
 31
0
  0
LINE
  5
A4
330
22
100
AcDbEntity
  8
F.Cu
  6
CONTINUOUS
100
AcDbLine
 10
95.3955839999999995
 20
-66.7399999999999949
 30
0
 11
95.4150929999999988
 21
-66.7419209999999907
 31
0
  0
LINE
  5
A5
330
22
100
AcDbEntity
  8
F.Cu
  6
CONTINUOUS
100
AcDbLine
 10
95.4150929999999988
 20
-66.7419209999999907
 30
0
 11
95.4511409999999927
 21
-66.7568529999999924
 31
0
  0
LINE
  5
A6
330
22
100
AcDbEntity
  8
F.Cu
  6
CONTINUOUS
100
AcDbLine
 10
95.4511409999999927
 20
-66.7568529999999924
 30
0
 11
95.4662950000000023
 21
-66.7692890000000006
 31
0
  0
LINE
  5
A7
330
22
100
AcDbEntity
  8
F.Cu
  6
CONTINUOUS
100
AcDbLine
 10
95.4662950000000023
 20
-66.7692890000000006
 30
0
 11
96.2571069999999906
 21
-67.5601010000000031
 31
0
  0
LINE
  5
A8
330
22
100
AcDbEntity
  8
F.Cu
  6
CONTINUOUS
100
AcDbLine
 10
96.2571069999999906
 20
-67.5601010000000031
 30
0
 11
107.1984769999999969
 21
-67.5601010000000031
 31
0
  0
LINE
  5
A9
330
22
100
AcDbEntity
  8
F.Cu
  6
CONTINUOUS
100
AcDbLine
 10
107.1984769999999969
 20
-67.5601010000000031
 30
0
 11
109.129289
 21
-65.6292899999999975
 31
0
  0
LINE
  5
AA
330
22
100
AcDbEntity
  8
F.Cu
  6
CONTINUOUS
100
AcDbLine
 10
109.129289
 20
-65.6292899999999975
 30
0
 11
109.144441999999998
 21
-65.6168529999999919
 31
0
  0
LINE
  5
AB
330
22
100
AcDbEntity
  8
F.Cu
  6
CONTINUOUS
100
AcDbLine
 10
109.144441999999998
 20
-65.6168529999999919
 30
0
 11
109.1550000000000011
 21
-65.6124789999999933
 31
0
  0
LINE
  5
AC
330
22
100
AcDbEntity
  8
F.Cu
  6
CONTINUOUS
100
AcDbLine
 10
109.1550000000000011
 20
-65.6124789999999933
 30
0
 11
109.1804909999999893
 21
-65.6019209999999902
 31
0
  0
LINE
  5
AD
330
22
100
AcDbEntity
  8
F.Cu
  6
CONTINUOUS
100
AcDbLine
 10
109.1804909999999893
 20
-65.6019209999999902
 30
0
 11
109.1999999999999886
 21
-65.5999999999999943
 31
0
  0
LINE
  5
AE
330
22
100
AcDbEntity
  8
F.Cu
  6
CONTINUOUS
100
AcDbLine
 10
109.1999999999999886
 20
-65.5999999999999943
 30
0
 11
111.7999999999999972
 21
-65.5999999999999943
 31
0
  0
LINE
  5
AF
330
22
100
AcDbEntity
  8
F.Cu
  6
CONTINUOUS
100
AcDbLine
 10
111.7999999999999972
 20
-65.5999999999999943
 30
0
 11
111.8195089999999965
 21
-65.6019209999999902
 31
0
  0
LINE
  5
B0
330
22
100
AcDbEntity
  8
F.Cu
  6
CONTINUOUS
100
AcDbLine
 10
111.5
 20
-68.
 30
0
 11
109.6414219999999915
 21
-68.
 31
0
  0
LINE
  5
B1
330
22
100
AcDbEntity
  8
F.Cu
  6
CONTINUOUS
100
AcDbLine
 10
109.6414219999999915
 20
-68.
 30
0
 11
109.5106099999999998
 21
-68.1308119999999917
 31
0
  0
LINE
  5
B2
330
22
100
AcDbEntity
  8
F.Cu
  6
CONTINUOUS
100
AcDbLine
 10
109.5106099999999998
 20
-68.1308119999999917
 30
0
 11
109.4954559999999901
 21
-68.1432479999999998
 31
0
  0
LINE
  5
B3
330
22
100
AcDbEntity
  8
F.Cu
  6
CONTINUOUS
100
AcDbLine
 10
109.4954559999999901
 20
-68.1432479999999998
 30
0
 11
109.4594079999999963
 21
-68.1581800000000015
 31
0
  0
LINE
  5
B4
330
22
100
AcDbEntity
  8
F.Cu
  6
CONTINUOUS
100
AcDbLine
 10
109.4594079999999963
 20
-68.1581800000000015
 30
0
 11
109.4398989999999969
 21
-68.1601009999999974
 31
0
  0
LINE
  5
B5
330
22
100
AcDbEntity
  8
F.Cu
  6
CONTINUOUS
100
AcDbLine
 10
109.4398989999999969
 20
-68.1601009999999974
 30
0
 11
96.0499999999999972
 21
-68.1601009999999974
 31
0
  0
LINE
  5
B6
330
22
100
AcDbEntity
  8
F.Cu
  6
CONTINUOUS
100
AcDbLine
 10
96.0499999999999972
 20
-68.1601009999999974
 30
0
 11
96.0304909999999978
 21
-68.1581800000000015
 31
0
  0
LINE
  5
B7
330
22
100
AcDbEntity
  8
F.Cu
  6
CONTINUOUS
100
AcDbLine
 10
96.0304909999999978
 20
-68.1581800000000015
 30
0
 11
95.9944429999999898
 21
-68.1432479999999998
 31
0
  0
LINE
  5
B8
330
22
100
AcDbEntity
  8
F.Cu
  6
CONTINUOUS
100
AcDbLine
 10
95.9944429999999898
 20
-68.1432479999999998
 30
0
 11
95.9792889999999943
 21
-68.1308119999999917
 31
0
  0
LINE
  5
B9
330
22
100
AcDbEntity
  8
F.Cu
  6
CONTINUOUS
100
AcDbLine
 10
95.9792889999999943
 20
-68.1308119999999917
 30
0
 11
95.1884769999999918
 21
-67.3400000000000034
 31
0
  0
LINE
  5
BA
330
22
100
AcDbEntity
  8
F.Cu
  6
CONTINUOUS
100
AcDbLine
 10
95.1884769999999918
 20
-67.3400000000000034
 30
0
 11
94.1115229999999912
 21
-67.3400000000000034
 31
0
  0
LINE
  5
BB
330
22
100
AcDbEntity
  8
F.Cu
  6
CONTINUOUS
100
AcDbLine
 10
94.1115229999999912
 20
-67.3400000000000034
 30
0
 11
93.3499999999999943
 21
-68.1015230000000003
 31
0
  0
LINE
  5
BC
330
22
100
AcDbEntity
  8
F.Cu
  6
CONTINUOUS
100
AcDbLine
 10
93.3499999999999943
 20
-68.1015230000000003
 30
0
 11
93.3499999999999943
 21
-69.2519800000000032
 31
0
  0
LINE
  5
BD
330
22
100
AcDbEntity
  8
F.Cu
  6
CONTINUOUS
100
AcDbLine
 10
93.3499999999999943
 20
-69.2519800000000032
 30
0
 11
101.6180200000000013
 21
-77.519999999999996
 31
0
  0
LINE
  5
BE
330
22
100
AcDbEntity
  8
F.Cu
  6
CONTINUOUS
100
AcDbLine
 10
101.6180200000000013
 20
-77.519999999999996
 30
0
 11
127.0824119999999908
 21
-77.519999999999996
 31
0
  0
LINE
  5
BF
330
22
100
AcDbEntity
  8
F.Cu
  6
CONTINUOUS
100
AcDbLine
 10
127.0824119999999908
 20
-77.519999999999996
 30
0
 11
127.1116009999999932
 21
-77.3732579999999928
 31
0
  0
LINE
  5
C0
330
22
100
AcDbEntity
  8
F.Cu
  6
CONTINUOUS
100
AcDbLine
 10
127.1116009999999932
 20
-77.3732579999999928
 30
0
 11
127.1753669999999943
 21
-77.2193129999999996
 31
0
  0
LINE
  5
C1
330
22
100
AcDbEntity
  8
F.Cu
  6
CONTINUOUS
100
AcDbLine
 10
127.1753669999999943
 20
-77.2193129999999996
 30
0
 11
127.2679409999999933
 21
-77.080765999999997
 31
0
  0
LINE
  5
C2
330
22
100
AcDbEntity
  8
F.Cu
  6
CONTINUOUS
100
AcDbLine
 10
127.2679409999999933
 20
-77.080765999999997
 30
0
 11
127.3857659999999896
 21
-76.9629410000000007
 31
0
  0
LINE
  5
C3
330
22
100
AcDbEntity
  8
F.Cu
  6
CONTINUOUS
100
AcDbLine
 10
127.3857659999999896
 20
-76.9629410000000007
 30
0
 11
127.5243129999999923
 21
-76.8703670000000017
 31
0
  0
LINE
  5
C4
330
22
100
AcDbEntity
  8
F.Cu
  6
CONTINUOUS
100
AcDbLine
 10
127.5243129999999923
 20
-76.8703670000000017
 30
0
 11
127.6782579999999996
 21
-76.8066010000000006
 31
0
  0
LINE
  5
C5
330
22
100
AcDbEntity
  8
F.Cu
  6
CONTINUOUS
100
AcDbLine
 10
127.6782579999999996
 20
-76.8066010000000006
 30
0
 11
127.8416849999999982
 21
-76.7740929999999935
 31
0
  0
LINE
  5
C6
330
22
100
AcDbEntity
  8
F.Cu
  6
CONTINUOUS
100
AcDbLine
 10
127.8416849999999982
 20
-76.7740929999999935
 30
0
 11
127.9249999999999972
 21
-76.769999999999996
 31
0
  0
LINE
  5
C7
330
22
100
AcDbEntity
  8
F.Cu
  6
CONTINUOUS
100
AcDbLine
 10
127.9249999999999972
 20
-76.769999999999996
 30
0
 11
129.8249999999999886
 21
-76.769999999999996
 31
0
  0
LINE
  5
C8
330
22
100
AcDbEntity
  8
F.Cu
  6
CONTINUOUS
100
AcDbLine
 10
129.8249999999999886
 20
-76.769999999999996
 30
0
 11
129.9083149999999875
 21
-76.7740929999999935
 31
0
  0
LINE
  5
C9
330
22
100
AcDbEntity
  8
F.Cu
  6
CONTINUOUS
100
AcDbLine
 10
129.9083149999999875
 20
-76.7740929999999935
 30
0
 11
130.0717420000000004
 21
-76.8066010000000006
 31
0
  0
LINE
  5
CA
330
22
100
AcDbEntity
  8
F.Cu
  6
CONTINUOUS
100
AcDbLine
 10
130.0717420000000004
 20
-76.8066010000000006
 30
0
 11
130.2256869999999935
 21
-76.8703670000000017
 31
0
  0
LINE
  5
CB
330
22
100
AcDbEntity
  8
F.Cu
  6
CONTINUOUS
100
AcDbLine
 10
130.2256869999999935
 20
-76.8703670000000017
 30
0
 11
130.364233999999982
 21
-76.9629410000000007
 31
0
  0
LINE
  5
CC
330
22
100
AcDbEntity
  8
F.Cu
  6
CONTINUOUS
100
AcDbLine
 10
130.364233999999982
 20
-76.9629410000000007
 30
0
 11
130.4820589999999925
 21
-77.080765999999997
 31
0
  0
LINE
  5
CD
330
22
100
AcDbEntity
  8
F.Cu
  6
CONTINUOUS
100
AcDbLine
 10
130.4820589999999925
 20
-77.080765999999997
 30
0
 11
130.5746330000000057
 21
-77.2193129999999996
 31
0
  0
LINE
  5
CE
330
22
100
AcDbEntity
  8
F.Cu
  6
CONTINUOUS
100
AcDbLine
 10
130.5746330000000057
 20
-77.2193129999999996
 30
0
 11
130.6383989999999926
 21
-77.3732579999999928
 31
0
  0
LINE
  5
CF
330
22
100
AcDbEntity
  8
F.Cu
  6
CONTINUOUS
100
AcDbLine
 10
130.6383989999999926
 20
-77.3732579999999928
 30
0
 11
130.6709069999999997
 21
-77.5366849999999914
 31
0
  0
LINE
  5
D0
330
22
100
AcDbEntity
  8
F.Cu
  6
CONTINUOUS
100
AcDbLine
 10
130.6709069999999997
 20
-77.5366849999999914
 30
0
 11
130.6709069999999997
 21
-77.7033150000000035
 31
0
  0
LINE
  5
D1
330
22
100
AcDbEntity
  8
F.Cu
  6
CONTINUOUS
100
AcDbLine
 10
130.6709069999999997
 20
-77.7033150000000035
 30
0
 11
130.6383989999999926
 21
-77.8667420000000021
 31
0
  0
LINE
  5
D2
330
22
100
AcDbEntity
  8
F.Cu
  6
CONTINUOUS
100
AcDbLine
 10
130.6383989999999926
 20
-77.8667420000000021
 30
0
 11
130.5746330000000057
 21
-78.0206869999999952
 31
0
  0
LINE
  5
D3
330
22
100
AcDbEntity
  8
F.Cu
  6
CONTINUOUS
100
AcDbLine
 10
130.5746330000000057
 20
-78.0206869999999952
 30
0
 11
130.4820589999999925
 21
-78.1592339999999979
 31
0
  0
LINE
  5
D4
330
22
100
AcDbEntity
  8
F.Cu
  6
CONTINUOUS
100
AcDbLine
 10
130.4820589999999925
 20
-78.1592339999999979
 30
0
 11
130.364233999999982
 21
-78.2770589999999942
 31
0
  0
LINE
  5
D5
330
22
100
AcDbEntity
  8
F.Cu
  6
CONTINUOUS
100
AcDbLine
 10
130.364233999999982
 20
-78.2770589999999942
 30
0
 11
130.2256869999999935
 21
-78.3696329999999932
 31
0
  0
LINE
  5
D6
330
22
100
AcDbEntity
  8
F.Cu
  6
CONTINUOUS
100
AcDbLine
 10
130.2256869999999935
 20
-78.3696329999999932
 30
0
 11
130.0717420000000004
 21
-78.4333989999999943
 31
0
  0
LINE
  5
D7
330
22
100
AcDbEntity
  8
F.Cu
  6
CONTINUOUS
100
AcDbLine
 10
130.0717420000000004
 20
-78.4333989999999943
 30
0
 11
129.9083149999999875
 21
-78.4659070000000014
 31
0
  0
LINE
  5
D8
330
22
100
AcDbEntity
  8
F.Cu
  6
CONTINUOUS
100
AcDbLine
 10
129.9083149999999875
 20
-78.4659070000000014
 30
0
 11
129.8249999999999886
 21
-78.4699999999999989
 31
0
  0
LINE
  5
D9
330
22
100
AcDbEntity
  8
F.Cu
  6
CONTINUOUS
100
AcDbLine
 10
129.8249999999999886
 20
-78.4699999999999989
 30
0
 11
127.9249999999999972
 21
-78.4699999999999989
 31
0
  0
LINE
  5
DA
330
22
100
AcDbEntity
  8
F.Cu
  6
CONTINUOUS
100
AcDbLine
 10
127.9249999999999972
 20
-78.4699999999999989
 30
0
 11
127.8416849999999982
 21
-78.4659070000000014
 31
0
  0
LINE
  5
DB
330
22
100
AcDbEntity
  8
F.Cu
  6
CONTINUOUS
100
AcDbLine
 10
127.8416849999999982
 20
-78.4659070000000014
 30
0
 11
127.6782579999999996
 21
-78.4333989999999943
 31
0
  0
LINE
  5
DC
330
22
100
AcDbEntity
  8
F.Cu
  6
CONTINUOUS
100
AcDbLine
 10
127.6782579999999996
 20
-78.4333989999999943
 30
0
 11
127.5243129999999923
 21
-78.3696329999999932
 31
0
  0
LINE
  5
DD
330
22
100
AcDbEntity
  8
F.Cu
  6
CONTINUOUS
100
AcDbLine
 10
127.5243129999999923
 20
-78.3696329999999932
 30
0
 11
127.3857659999999896
 21
-78.2770589999999942
 31
0
  0
LINE
  5
DE
330
22
100
AcDbEntity
  8
F.Cu
  6
CONTINUOUS
100
AcDbLine
 10
127.3857659999999896
 20
-78.2770589999999942
 30
0
 11
127.2679409999999933
 21
-78.1592339999999979
 31
0
  0
LINE
  5
DF
330
22
100
AcDbEntity
  8
F.Cu
  6
CONTINUOUS
100
AcDbLine
 10
127.2679409999999933
 20
-78.1592339999999979
 30
0
 11
127.1753669999999943
 21
-78.0206869999999952
 31
0
  0
LINE
  5
E0
330
22
100
AcDbEntity
  8
F.Cu
  6
CONTINUOUS
100
AcDbLine
 10
127.1753669999999943
 20
-78.0206869999999952
 30
0
 11
127.1116009999999932
 21
-77.8667420000000021
 31
0
  0
LINE
  5
E1
330
22
100
AcDbEntity
  8
F.Cu
  6
CONTINUOUS
100
AcDbLine
 10
127.1116009999999932
 20
-77.8667420000000021
 30
0
 11
127.0824119999999908
 21
-77.7199999999999989
 31
0
  0
LINE
  5
E2
330
22
100
AcDbEntity
  8
F.Cu
  6
CONTINUOUS
100
AcDbLine
 10
127.0824119999999908
 20
-77.7199999999999989
 30
0
 11
101.57659799999999
 21
-77.7199999999999989
 31
0
  0
LINE
  5
E3
330
22
100
AcDbEntity
  8
F.Cu
  6
CONTINUOUS
100
AcDbLine
 10
101.57659799999999
 20
-77.7199999999999989
 30
0
 11
101.5570889999999906
 21
-77.718079000000003
 31
0
  0
LINE
  5
E4
330
22
100
AcDbEntity
  8
F.Cu
  6
CONTINUOUS
100
AcDbLine
 10
101.5570889999999906
 20
-77.718079000000003
 30
0
 11
101.5210409999999968
 21
-77.7031470000000013
 31
0
  0
LINE
  5
E5
330
22
100
AcDbEntity
  8
F.Cu
  6
CONTINUOUS
100
AcDbLine
 10
101.5210409999999968
 20
-77.7031470000000013
 30
0
 11
101.5058870000000013
 21
-77.6907109999999932
 31
0
  0
LINE
  5
E6
330
22
100
AcDbEntity
  8
F.Cu
  6
CONTINUOUS
100
AcDbLine
 10
101.5058870000000013
 20
-77.6907109999999932
 30
0
 11
93.1792889999999971
 21
-69.3641130000000032
 31
0
  0
LINE
  5
E7
330
22
100
AcDbEntity
  8
F.Cu
  6
CONTINUOUS
100
AcDbLine
 10
93.1792889999999971
 20
-69.3641130000000032
 30
0
 11
93.166852999999989
 21
-69.3489589999999936
 31
0
  0
LINE
  5
E8
330
22
100
AcDbEntity
  8
F.Cu
  6
CONTINUOUS
100
AcDbLine
 10
93.166852999999989
 20
-69.3489589999999936
 30
0
 11
93.1519210000000015
 21
-69.3129109999999997
 31
0
  0
LINE
  5
E9
330
22
100
AcDbEntity
  8
F.Cu
  6
CONTINUOUS
100
AcDbLine
 10
93.1519210000000015
 20
-69.3129109999999997
 30
0
 11
93.1499999999999915
 21
-69.2934020000000004
 31
0
  0
LINE
  5
EA
330
22
100
AcDbEntity
  8
F.Cu
  6
CONTINUOUS
100
AcDbLine
 10
93.1499999999999915
 20
-69.2934020000000004
 30
0
 11
93.1499999999999915
 21
-68.0601010000000031
 31
0
  0
LINE
  5
EB
330
22
100
AcDbEntity
  8
F.Cu
  6
CONTINUOUS
100
AcDbLine
 10
93.1499999999999915
 20
-68.0601010000000031
 30
0
 11
93.1519210000000015
 21
-68.0405920000000037
 31
0
  0
LINE
  5
EC
330
22
100
AcDbEntity
  8
F.Cu
  6
CONTINUOUS
100
AcDbLine
 10
93.1519210000000015
 20
-68.0405920000000037
 30
0
 11
93.166852999999989
 21
-68.0045439999999957
 31
0
  0
LINE
  5
ED
330
22
100
AcDbEntity
  8
F.Cu
  6
CONTINUOUS
100
AcDbLine
 10
93.166852999999989
 20
-68.0045439999999957
 30
0
 11
93.1792889999999971
 21
-67.9893900000000002
 31
0
  0
LINE
  5
EE
330
22
100
AcDbEntity
  8
F.Cu
  6
CONTINUOUS
100
AcDbLine
 10
93.1792889999999971
 20
-67.9893900000000002
 30
0
 11
93.9993899999999911
 21
-67.169288999999992
 31
0
  0
LINE
  5
EF
330
22
100
AcDbEntity
  8
F.Cu
  6
CONTINUOUS
100
AcDbLine
 10
93.9993899999999911
 20
-67.169288999999992
 30
0
 11
94.0145440000000008
 21
-67.1568529999999981
 31
0
  0
LINE
  5
F0
330
22
100
AcDbEntity
  8
F.Cu
  6
CONTINUOUS
100
AcDbLine
 10
94.0145440000000008
 20
-67.1568529999999981
 30
0
 11
94.0505919999999946
 21
-67.1419209999999964
 31
0
  0
LINE
  5
F1
330
22
100
AcDbEntity
  8
F.Cu
  6
CONTINUOUS
100
AcDbLine
 10
94.0505919999999946
 20
-67.1419209999999964
 30
0
 11
94.070100999999994
 21
-67.1400000000000006
 31
0
  0
LINE
  5
F2
330
22
100
AcDbEntity
  8
F.Cu
  6
CONTINUOUS
100
AcDbLine
 10
94.070100999999994
 20
-67.1400000000000006
 30
0
 11
95.229898999999989
 21
-67.1400000000000006
 31
0
  0
LINE
  5
F3
330
22
100
AcDbEntity
  8
F.Cu
  6
CONTINUOUS
100
AcDbLine
 10
95.229898999999989
 20
-67.1400000000000006
 30
0
 11
95.2494080000000025
 21
-67.1419209999999964
 31
0
  0
LINE
  5
F4
330
22
100
AcDbEntity
  8
F.Cu
  6
CONTINUOUS
100
AcDbLine
 10
95.2494080000000025
 20
-67.1419209999999964
 30
0
 11
95.2854559999999964
 21
-67.1568529999999981
 31
0
  0
LINE
  5
F5
330
22
100
AcDbEntity
  8
F.Cu
  6
CONTINUOUS
100
AcDbLine
 10
95.2854559999999964
 20
-67.1568529999999981
 30
0
 11
95.3006099999999918
 21
-67.169288999999992
 31
0
  0
LINE
  5
F6
330
22
100
AcDbEntity
  8
F.Cu
  6
CONTINUOUS
100
AcDbLine
 10
95.3006099999999918
 20
-67.169288999999992
 30
0
 11
96.0914219999999943
 21
-67.9601009999999945
 31
0
  0
LINE
  5
F7
330
22
100
AcDbEntity
  8
F.Cu
  6
CONTINUOUS
100
AcDbLine
 10
96.0914219999999943
 20
-67.9601009999999945
 30
0
 11
109.3984769999999997
 21
-67.9601009999999945
 31
0
  0
LINE
  5
F8
330
22
100
AcDbEntity
  8
F.Cu
  6
CONTINUOUS
100
AcDbLine
 10
109.3984769999999997
 20
-67.9601009999999945
 30
0
 11
109.5
 21
-67.8585779999999943
 31
0
  0
LINE
  5
F9
330
22
100
AcDbEntity
  8
F.Cu
  6
CONTINUOUS
100
AcDbLine
 10
109.5
 20
-67.8585779999999943
 30
0
 11
109.5
 21
-66.
 31
0
  0
LINE
  5
FA
330
22
100
AcDbEntity
  8
F.Cu
  6
CONTINUOUS
100
AcDbLine
 10
109.5
 20
-66.
 30
0
 11
111.5
 21
-66.
 31
0
  0
LINE
  5
FB
330
22
100
AcDbEntity
  8
F.Cu
  6
CONTINUOUS
100
AcDbLine
 10
111.5
 20
-66.
 30
0
 11
111.5
 21
-68.
 31
0
  0
LINE
  5
FC
330
22
100
AcDbEntity
  8
F.Cu
  6
CONTINUOUS
100
AcDbLine
 10
141.9958550000000059
 20
-31.2919209999999985
 30
0
 11
142.0319029999999998
 21
-31.3068530000000003
 31
0
  0
LINE
  5
FD
330
22
100
AcDbEntity
  8
F.Cu
  6
CONTINUOUS
100
AcDbLine
 10
142.0319029999999998
 20
-31.3068530000000003
 30
0
 11
142.0470569999999952
 21
-31.3192889999999977
 31
0
  0
LINE
  5
FE
330
22
100
AcDbEntity
  8
F.Cu
  6
CONTINUOUS
100
AcDbLine
 10
142.0470569999999952
 20
-31.3192889999999977
 30
0
 11
142.7207109999999943
 21
-31.9929439999999978
 31
0
  0
LINE
  5
FF
330
22
100
AcDbEntity
  8
F.Cu
  6
CONTINUOUS
100
AcDbLine
 10
142.7207109999999943
 20
-31.9929439999999978
 30
0
 11
142.7331479999999999
 21
-32.0080969999999994
 31
0
  0
LINE
  5
100
330
22
100
AcDbEntity
  8
F.Cu
  6
CONTINUOUS
100
AcDbLine
 10
142.7331479999999999
 20
-32.0080969999999994
 30
0
 11
142.7475809999999967
 21
-32.0429419999999965
 31
0
  0
LINE
  5
101
330
22
100
AcDbEntity
  8
F.Cu
  6
CONTINUOUS
100
AcDbLine
 10
142.7475809999999967
 20
-32.0429419999999965
 30
0
 11
142.7480789999999899
 21
-32.0441450000000003
 31
0
  0
LINE
  5
102
330
22
100
AcDbEntity
  8
F.Cu
  6
CONTINUOUS
100
AcDbLine
 10
142.7480789999999899
 20
-32.0441450000000003
 30
0
 11
142.75
 21
-32.0636539999999997
 31
0
  0
LINE
  5
103
330
22
100
AcDbEntity
  8
F.Cu
  6
CONTINUOUS
100
AcDbLine
 10
142.75
 20
-32.0636539999999997
 30
0
 11
142.75
 21
-33.9299999999999997
 31
0
  0
LINE
  5
104
330
22
100
AcDbEntity
  8
F.Cu
  6
CONTINUOUS
100
AcDbLine
 10
142.75
 20
-33.9299999999999997
 30
0
 11
142.7480789999999899
 21
-33.949508999999999
 31
0
  0
LINE
  5
105
330
22
100
AcDbEntity
  8
F.Cu
  6
CONTINUOUS
100
AcDbLine
 10
142.7480789999999899
 20
-33.949508999999999
 30
0
 11
142.7331479999999999
 21
-33.985557
 31
0
  0
LINE
  5
106
330
22
100
AcDbEntity
  8
F.Cu
  6
CONTINUOUS
100
AcDbLine
 10
142.7331479999999999
 20
-33.985557
 30
0
 11
142.7207109999999943
 21
-34.000709999999998
 31
0
  0
LINE
  5
107
330
22
100
AcDbEntity
  8
F.Cu
  6
CONTINUOUS
100
AcDbLine
 10
142.7207109999999943
 20
-34.000709999999998
 30
0
 11
142.1665099999999882
 21
-34.554910999999997
 31
0
  0
LINE
  5
108
330
22
100
AcDbEntity
  8
F.Cu
  6
CONTINUOUS
100
AcDbLine
 10
142.1665099999999882
 20
-34.554910999999997
 30
0
 11
142.2496329999999887
 21
-34.6793130000000005
 31
0
  0
LINE
  5
109
330
22
100
AcDbEntity
  8
F.Cu
  6
CONTINUOUS
100
AcDbLine
 10
142.2496329999999887
 20
-34.6793130000000005
 30
0
 11
142.313399000000004
 21
-34.8332580000000007
 31
0
  0
LINE
  5
10A
330
22
100
AcDbEntity
  8
F.Cu
  6
CONTINUOUS
100
AcDbLine
 10
142.313399000000004
 20
-34.8332580000000007
 30
0
 11
142.3459069999999826
 21
-34.9966849999999994
 31
0
  0
LINE
  5
10B
330
22
100
AcDbEntity
  8
F.Cu
  6
CONTINUOUS
100
AcDbLine
 10
142.3459069999999826
 20
-34.9966849999999994
 30
0
 11
142.3459069999999826
 21
-35.1633149999999972
 31
0
  0
LINE
  5
10C
330
22
100
AcDbEntity
  8
F.Cu
  6
CONTINUOUS
100
AcDbLine
 10
142.3459069999999826
 20
-35.1633149999999972
 30
0
 11
142.313399000000004
 21
-35.3267419999999959
 31
0
  0
LINE
  5
10D
330
22
100
AcDbEntity
  8
F.Cu
  6
CONTINUOUS
100
AcDbLine
 10
142.313399000000004
 20
-35.3267419999999959
 30
0
 11
142.2496329999999887
 21
-35.4806869999999961
 31
0
  0
LINE
  5
10E
330
22
100
AcDbEntity
  8
F.Cu
  6
CONTINUOUS
100
AcDbLine
 10
142.2496329999999887
 20
-35.4806869999999961
 30
0
 11
142.1570590000000038
 21
-35.6192339999999987
 31
0
  0
LINE
  5
10F
330
22
100
AcDbEntity
  8
F.Cu
  6
CONTINUOUS
100
AcDbLine
 10
142.1570590000000038
 20
-35.6192339999999987
 30
0
 11
142.0392339999999933
 21
-35.737058999999995
 31
0
  0
LINE
  5
110
330
22
100
AcDbEntity
  8
F.Cu
  6
CONTINUOUS
100
AcDbLine
 10
142.0392339999999933
 20
-35.737058999999995
 30
0
 11
141.9006870000000049
 21
-35.8296330000000012
 31
0
  0
LINE
  5
111
330
22
100
AcDbEntity
  8
F.Cu
  6
CONTINUOUS
100
AcDbLine
 10
141.9006870000000049
 20
-35.8296330000000012
 30
0
 11
141.7467419999999834
 21
-35.8933989999999952
 31
0
  0
LINE
  5
112
330
22
100
AcDbEntity
  8
F.Cu
  6
CONTINUOUS
100
AcDbLine
 10
141.7467419999999834
 20
-35.8933989999999952
 30
0
 11
141.5833149999999989
 21
-35.9259069999999952
 31
0
  0
LINE
  5
113
330
22
100
AcDbEntity
  8
F.Cu
  6
CONTINUOUS
100
AcDbLine
 10
141.5833149999999989
 20
-35.9259069999999952
 30
0
 11
141.4166850000000011
 21
-35.9259069999999952
 31
0
  0
LINE
  5
114
330
22
100
AcDbEntity
  8
F.Cu
  6
CONTINUOUS
100
AcDbLine
 10
141.4166850000000011
 20
-35.9259069999999952
 30
0
 11
141.2532579999999882
 21
-35.8933989999999952
 31
0
  0
LINE
  5
115
330
22
100
AcDbEntity
  8
F.Cu
  6
CONTINUOUS
100
AcDbLine
 10
141.2532579999999882
 20
-35.8933989999999952
 30
0
 11
141.0993129999999951
 21
-35.8296330000000012
 31
0
  0
LINE
  5
116
330
22
100
AcDbEntity
  8
F.Cu
  6
CONTINUOUS
100
AcDbLine
 10
141.0993129999999951
 20
-35.8296330000000012
 30
0
 11
140.9607660000000067
 21
-35.737058999999995
 31
0
  0
LINE
  5
117
330
22
100
AcDbEntity
  8
F.Cu
  6
CONTINUOUS
100
AcDbLine
 10
140.9607660000000067
 20
-35.737058999999995
 30
0
 11
140.8429409999999962
 21
-35.6192339999999987
 31
0
  0
LINE
  5
118
330
22
100
AcDbEntity
  8
F.Cu
  6
CONTINUOUS
100
AcDbLine
 10
140.8429409999999962
 20
-35.6192339999999987
 30
0
 11
140.7503669999999829
 21
-35.4806869999999961
 31
0
  0
LINE
  5
119
330
22
100
AcDbEntity
  8
F.Cu
  6
CONTINUOUS
100
AcDbLine
 10
140.7503669999999829
 20
-35.4806869999999961
 30
0
 11
140.686600999999996
 21
-35.3267419999999959
 31
0
  0
LINE
  5
11A
330
22
100
AcDbEntity
  8
F.Cu
  6
CONTINUOUS
100
AcDbLine
 10
140.686600999999996
 20
-35.3267419999999959
 30
0
 11
140.6540929999999889
 21
-35.1633149999999972
 31
0
  0
LINE
  5
11B
330
22
100
AcDbEntity
  8
F.Cu
  6
CONTINUOUS
100
AcDbLine
 10
140.6540929999999889
 20
-35.1633149999999972
 30
0
 11
140.6540929999999889
 21
-34.9966849999999994
 31
0
  0
LINE
  5
11C
330
22
100
AcDbEntity
  8
F.Cu
  6
CONTINUOUS
100
AcDbLine
 10
140.6540929999999889
 20
-34.9966849999999994
 30
0
 11
140.686600999999996
 21
-34.8332580000000007
 31
0
  0
LINE
  5
11D
330
22
100
AcDbEntity
  8
F.Cu
  6
CONTINUOUS
100
AcDbLine
 10
140.686600999999996
 20
-34.8332580000000007
 30
0
 11
140.7503669999999829
 21
-34.6793130000000005
 31
0
  0
LINE
  5
11E
330
22
100
AcDbEntity
  8
F.Cu
  6
CONTINUOUS
100
AcDbLine
 10
140.7503669999999829
 20
-34.6793130000000005
 30
0
 11
140.8429409999999962
 21
-34.5407659999999979
 31
0
  0
LINE
  5
11F
330
22
100
AcDbEntity
  8
F.Cu
  6
CONTINUOUS
100
AcDbLine
 10
140.8429409999999962
 20
-34.5407659999999979
 30
0
 11
140.9607660000000067
 21
-34.4229410000000016
 31
0
  0
LINE
  5
120
330
22
100
AcDbEntity
  8
F.Cu
  6
CONTINUOUS
100
AcDbLine
 10
140.9607660000000067
 20
-34.4229410000000016
 30
0
 11
141.0993129999999951
 21
-34.3303669999999954
 31
0
  0
LINE
  5
121
330
22
100
AcDbEntity
  8
F.Cu
  6
CONTINUOUS
100
AcDbLine
 10
141.0993129999999951
 20
-34.3303669999999954
 30
0
 11
141.2532579999999882
 21
-34.2666010000000014
 31
0
  0
LINE
  5
122
330
22
100
AcDbEntity
  8
F.Cu
  6
CONTINUOUS
100
AcDbLine
 10
141.2532579999999882
 20
-34.2666010000000014
 30
0
 11
141.4166850000000011
 21
-34.2340930000000014
 31
0
  0
LINE
  5
123
330
22
100
AcDbEntity
  8
F.Cu
  6
CONTINUOUS
100
AcDbLine
 10
141.4166850000000011
 20
-34.2340930000000014
 30
0
 11
141.5833149999999989
 21
-34.2340930000000014
 31
0
  0
LINE
  5
124
330
22
100
AcDbEntity
  8
F.Cu
  6
CONTINUOUS
100
AcDbLine
 10
141.5833149999999989
 20
-34.2340930000000014
 30
0
 11
141.7467419999999834
 21
-34.2666010000000014
 31
0
  0
LINE
  5
125
330
22
100
AcDbEntity
  8
F.Cu
  6
CONTINUOUS
100
AcDbLine
 10
141.7467419999999834
 20
-34.2666010000000014
 30
0
 11
141.9006870000000049
 21
-34.3303669999999954
 31
0
  0
LINE
  5
126
330
22
100
AcDbEntity
  8
F.Cu
  6
CONTINUOUS
100
AcDbLine
 10
141.9006870000000049
 20
-34.3303669999999954
 30
0
 11
142.0250879999999825
 21
-34.4134889999999984
 31
0
  0
LINE
  5
127
330
22
100
AcDbEntity
  8
F.Cu
  6
CONTINUOUS
100
AcDbLine
 10
142.0250879999999825
 20
-34.4134889999999984
 30
0
 11
142.5499999999999829
 21
-33.8885779999999954
 31
0
  0
LINE
  5
128
330
22
100
AcDbEntity
  8
F.Cu
  6
CONTINUOUS
100
AcDbLine
 10
142.5499999999999829
 20
-33.8885779999999954
 30
0
 11
142.5499999999999829
 21
-32.1050749999999994
 31
0
  0
LINE
  5
129
330
22
100
AcDbEntity
  8
F.Cu
  6
CONTINUOUS
100
AcDbLine
 10
142.5499999999999829
 20
-32.1050749999999994
 30
0
 11
141.9349239999999952
 21
-31.4899999999999984
 31
0
  0
LINE
  5
12A
330
22
100
AcDbEntity
  8
F.Cu
  6
CONTINUOUS
100
AcDbLine
 10
141.9349239999999952
 20
-31.4899999999999984
 30
0
 11
141.0650760000000048
 21
-31.4899999999999984
 31
0
  0
LINE
  5
12B
330
22
100
AcDbEntity
  8
F.Cu
  6
CONTINUOUS
100
AcDbLine
 10
141.0650760000000048
 20
-31.4899999999999984
 30
0
 11
132.5999999999999943
 21
-39.9550759999999983
 31
0
  0
LINE
  5
12C
330
22
100
AcDbEntity
  8
F.Cu
  6
CONTINUOUS
100
AcDbLine
 10
132.5999999999999943
 20
-39.9550759999999983
 30
0
 11
132.5999999999999943
 21
-61.6899239999999978
 31
0
  0
LINE
  5
12D
330
22
100
AcDbEntity
  8
F.Cu
  6
CONTINUOUS
100
AcDbLine
 10
132.5999999999999943
 20
-61.6899239999999978
 30
0
 11
144.7400759999999877
 21
-73.8299999999999983
 31
0
  0
LINE
  5
12E
330
22
100
AcDbEntity
  8
F.Cu
  6
CONTINUOUS
100
AcDbLine
 10
144.7400759999999877
 20
-73.8299999999999983
 30
0
 11
147.5513459999999952
 21
-73.8299999999999983
 31
0
  0
LINE
  5
12F
330
22
100
AcDbEntity
  8
F.Cu
  6
CONTINUOUS
100
AcDbLine
 10
147.5513459999999952
 20
-73.8299999999999983
 30
0
 11
147.5708549999999946
 21
-73.8319209999999941
 31
0
  0
LINE
  5
130
330
22
100
AcDbEntity
  8
F.Cu
  6
CONTINUOUS
100
AcDbLine
 10
147.5708549999999946
 20
-73.8319209999999941
 30
0
 11
147.6069029999999884
 21
-73.8468529999999959
 31
0
  0
LINE
  5
131
330
22
100
AcDbEntity
  8
F.Cu
  6
CONTINUOUS
100
AcDbLine
 10
147.6069029999999884
 20
-73.8468529999999959
 30
0
 11
147.6220569999999839
 21
-73.8592889999999898
 31
0
  0
LINE
  5
132
330
22
100
AcDbEntity
  8
F.Cu
  6
CONTINUOUS
100
AcDbLine
 10
147.6220569999999839
 20
-73.8592889999999898
 30
0
 11
148.295710999999983
 21
-74.5329440000000005
 31
0
  0
LINE
  5
133
330
22
100
AcDbEntity
  8
F.Cu
  6
CONTINUOUS
100
AcDbLine
 10
148.295710999999983
 20
-74.5329440000000005
 30
0
 11
148.3081479999999885
 21
-74.5480969999999985
 31
0
  0
LINE
  5
134
330
22
100
AcDbEntity
  8
F.Cu
  6
CONTINUOUS
100
AcDbLine
 10
148.3081479999999885
 20
-74.5480969999999985
 30
0
 11
148.323079000000007
 21
-74.5841449999999924
 31
0
  0
LINE
  5
135
330
22
100
AcDbEntity
  8
F.Cu
  6
CONTINUOUS
100
AcDbLine
 10
148.323079000000007
 20
-74.5841449999999924
 30
0
 11
148.3249999999999886
 21
-74.6036539999999917
 31
0
  0
LINE
  5
136
330
22
100
AcDbEntity
  8
F.Cu
  6
CONTINUOUS
100
AcDbLine
 10
148.3249999999999886
 20
-74.6036539999999917
 30
0
 11
148.3249999999999886
 21
-75.5563459999999907
 31
0
  0
LINE
  5
137
330
22
100
AcDbEntity
  8
F.Cu
  6
CONTINUOUS
100
AcDbLine
 10
148.3249999999999886
 20
-75.5563459999999907
 30
0
 11
148.323079000000007
 21
-75.57585499999999
 31
0
  0
LINE
  5
138
330
22
100
AcDbEntity
  8
F.Cu
  6
CONTINUOUS
100
AcDbLine
 10
148.323079000000007
 20
-75.57585499999999
 30
0
 11
148.3081469999999911
 21
-75.6119029999999981
 31
0
  0
LINE
  5
139
330
22
100
AcDbEntity
  8
F.Cu
  6
CONTINUOUS
100
AcDbLine
 10
148.3081469999999911
 20
-75.6119029999999981
 30
0
 11
148.295710999999983
 21
-75.6270569999999935
 31
0
  0
LINE
  5
13A
330
22
100
AcDbEntity
  8
F.Cu
  6
CONTINUOUS
100
AcDbLine
 10
148.295710999999983
 20
-75.6270569999999935
 30
0
 11
147.3820570000000032
 21
-76.5407110000000017
 31
0
  0
LINE
  5
13B
330
22
100
AcDbEntity
  8
F.Cu
  6
CONTINUOUS
100
AcDbLine
 10
147.3820570000000032
 20
-76.5407110000000017
 30
0
 11
147.3669029999999793
 21
-76.5531469999999956
 31
0
  0
LINE
  5
13C
330
22
100
AcDbEntity
  8
F.Cu
  6
CONTINUOUS
100
AcDbLine
 10
147.3669029999999793
 20
-76.5531469999999956
 30
0
 11
147.3308549999999855
 21
-76.5680789999999973
 31
0
  0
LINE
  5
13D
330
22
100
AcDbEntity
  8
F.Cu
  6
CONTINUOUS
100
AcDbLine
 10
147.3308549999999855
 20
-76.5680789999999973
 30
0
 11
147.3113459999999861
 21
-76.5699999999999932
 31
0
  0
LINE
  5
13E
330
22
100
AcDbEntity
  8
F.Cu
  6
CONTINUOUS
100
AcDbLine
 10
147.3113459999999861
 20
-76.5699999999999932
 30
0
 11
131.2649999999999864
 21
-76.5699999999999932
 31
0
  0
LINE
  5
13F
330
22
100
AcDbEntity
  8
F.Cu
  6
CONTINUOUS
100
AcDbLine
 10
131.2649999999999864
 20
-76.5699999999999932
 30
0
 11
131.245490999999987
 21
-76.5680789999999973
 31
0
  0
LINE
  5
140
330
22
100
AcDbEntity
  8
F.Cu
  6
CONTINUOUS
100
AcDbLine
 10
131.245490999999987
 20
-76.5680789999999973
 30
0
 11
131.2094429999999932
 21
-76.5531469999999956
 31
0
  0
LINE
  5
141
330
22
100
AcDbEntity
  8
F.Cu
  6
CONTINUOUS
100
AcDbLine
 10
131.2094429999999932
 20
-76.5531469999999956
 30
0
 11
131.1942889999999977
 21
-76.5407110000000017
 31
0
  0
LINE
  5
142
330
22
100
AcDbEntity
  8
F.Cu
  6
CONTINUOUS
100
AcDbLine
 10
131.1942889999999977
 20
-76.5407110000000017
 30
0
 11
130.3774349999999913
 21
-75.7238569999999953
 31
0
  0
LINE
  5
143
330
22
100
AcDbEntity
  8
F.Cu
  6
CONTINUOUS
100
AcDbLine
 10
130.3774349999999913
 20
-75.7238569999999953
 30
0
 11
130.364233999999982
 21
-75.7370590000000021
 31
0
  0
LINE
  5
144
330
22
100
AcDbEntity
  8
F.Cu
  6
CONTINUOUS
100
AcDbLine
 10
130.364233999999982
 20
-75.7370590000000021
 30
0
 11
130.2256869999999935
 21
-75.8296330000000012
 31
0
  0
LINE
  5
145
330
22
100
AcDbEntity
  8
F.Cu
  6
CONTINUOUS
100
AcDbLine
 10
130.2256869999999935
 20
-75.8296330000000012
 30
0
 11
130.0717420000000004
 21
-75.8933990000000023
 31
0
  0
LINE
  5
146
330
22
100
AcDbEntity
  8
F.Cu
  6
CONTINUOUS
100
AcDbLine
 10
130.0717420000000004
 20
-75.8933990000000023
 30
0
 11
129.9083149999999875
 21
-75.9259069999999952
 31
0
  0
LINE
  5
147
330
22
100
AcDbEntity
  8
F.Cu
  6
CONTINUOUS
100
AcDbLine
 10
129.9083149999999875
 20
-75.9259069999999952
 30
0
 11
129.8249999999999886
 21
-75.9299999999999926
 31
0
  0
LINE
  5
148
330
22
100
AcDbEntity
  8
F.Cu
  6
CONTINUOUS
100
AcDbLine
 10
129.8249999999999886
 20
-75.9299999999999926
 30
0
 11
127.9249999999999972
 21
-75.9299999999999926
 31
0
  0
LINE
  5
149
330
22
100
AcDbEntity
  8
F.Cu
  6
CONTINUOUS
100
AcDbLine
 10
127.9249999999999972
 20
-75.9299999999999926
 30
0
 11
127.8416849999999982
 21
-75.9259069999999952
 31
0
  0
LINE
  5
14A
330
22
100
AcDbEntity
  8
F.Cu
  6
CONTINUOUS
100
AcDbLine
 10
127.8416849999999982
 20
-75.9259069999999952
 30
0
 11
127.6782579999999996
 21
-75.8933990000000023
 31
0
  0
LINE
  5
14B
330
22
100
AcDbEntity
  8
F.Cu
  6
CONTINUOUS
100
AcDbLine
 10
127.6782579999999996
 20
-75.8933990000000023
 30
0
 11
127.5243129999999923
 21
-75.8296330000000012
 31
0
  0
LINE
  5
14C
330
22
100
AcDbEntity
  8
F.Cu
  6
CONTINUOUS
100
AcDbLine
 10
127.5243129999999923
 20
-75.8296330000000012
 30
0
 11
127.3857659999999896
 21
-75.7370590000000021
 31
0
  0
LINE
  5
14D
330
22
100
AcDbEntity
  8
F.Cu
  6
CONTINUOUS
100
AcDbLine
 10
127.3857659999999896
 20
-75.7370590000000021
 30
0
 11
127.2679409999999933
 21
-75.6192339999999916
 31
0
  0
LINE
  5
14E
330
22
100
AcDbEntity
  8
F.Cu
  6
CONTINUOUS
100
AcDbLine
 10
127.2679409999999933
 20
-75.6192339999999916
 30
0
 11
127.1753669999999943
 21
-75.4806870000000032
 31
0
  0
LINE
  5
14F
330
22
100
AcDbEntity
  8
F.Cu
  6
CONTINUOUS
100
AcDbLine
 10
127.1753669999999943
 20
-75.4806870000000032
 30
0
 11
127.1116009999999932
 21
-75.3267419999999959
 31
0
  0
LINE
  5
150
330
22
100
AcDbEntity
  8
F.Cu
  6
CONTINUOUS
100
AcDbLine
 10
127.1116009999999932
 20
-75.3267419999999959
 30
0
 11
127.0790930000000003
 21
-75.1633149999999972
 31
0
  0
LINE
  5
151
330
22
100
AcDbEntity
  8
F.Cu
  6
CONTINUOUS
100
AcDbLine
 10
127.0790930000000003
 20
-75.1633149999999972
 30
0
 11
127.0790930000000003
 21
-74.9966849999999994
 31
0
  0
LINE
  5
152
330
22
100
AcDbEntity
  8
F.Cu
  6
CONTINUOUS
100
AcDbLine
 10
127.0790930000000003
 20
-74.9966849999999994
 30
0
 11
127.1116009999999932
 21
-74.8332580000000007
 31
0
  0
LINE
  5
153
330
22
100
AcDbEntity
  8
F.Cu
  6
CONTINUOUS
100
AcDbLine
 10
127.1116009999999932
 20
-74.8332580000000007
 30
0
 11
127.1753669999999943
 21
-74.6793129999999934
 31
0
  0
LINE
  5
154
330
22
100
AcDbEntity
  8
F.Cu
  6
CONTINUOUS
100
AcDbLine
 10
127.1753669999999943
 20
-74.6793129999999934
 30
0
 11
127.2679409999999933
 21
-74.5407659999999908
 31
0
  0
LINE
  5
155
330
22
100
AcDbEntity
  8
F.Cu
  6
CONTINUOUS
100
AcDbLine
 10
127.2679409999999933
 20
-74.5407659999999908
 30
0
 11
127.3857659999999896
 21
-74.4229409999999945
 31
0
  0
LINE
  5
156
330
22
100
AcDbEntity
  8
F.Cu
  6
CONTINUOUS
100
AcDbLine
 10
127.3857659999999896
 20
-74.4229409999999945
 30
0
 11
127.5243129999999923
 21
-74.3303669999999954
 31
0
  0
LINE
  5
157
330
22
100
AcDbEntity
  8
F.Cu
  6
CONTINUOUS
100
AcDbLine
 10
127.5243129999999923
 20
-74.3303669999999954
 30
0
 11
127.6782579999999996
 21
-74.2666009999999943
 31
0
  0
LINE
  5
158
330
22
100
AcDbEntity
  8
F.Cu
  6
CONTINUOUS
100
AcDbLine
 10
127.6782579999999996
 20
-74.2666009999999943
 30
0
 11
127.8416849999999982
 21
-74.2340930000000014
 31
0
  0
LINE
  5
159
330
22
100
AcDbEntity
  8
F.Cu
  6
CONTINUOUS
100
AcDbLine
 10
127.8416849999999982
 20
-74.2340930000000014
 30
0
 11
127.9249999999999972
 21
-74.2299999999999898
 31
0
  0
LINE
  5
15A
330
22
100
AcDbEntity
  8
F.Cu
  6
CONTINUOUS
100
AcDbLine
 10
127.9249999999999972
 20
-74.2299999999999898
 30
0
 11
129.8249999999999886
 21
-74.2299999999999898
 31
0
  0
LINE
  5
15B
330
22
100
AcDbEntity
  8
F.Cu
  6
CONTINUOUS
100
AcDbLine
 10
129.8249999999999886
 20
-74.2299999999999898
 30
0
 11
129.9083149999999875
 21
-74.2340930000000014
 31
0
  0
LINE
  5
15C
330
22
100
AcDbEntity
  8
F.Cu
  6
CONTINUOUS
100
AcDbLine
 10
129.9083149999999875
 20
-74.2340930000000014
 30
0
 11
130.0717420000000004
 21
-74.2666009999999943
 31
0
  0
LINE
  5
15D
330
22
100
AcDbEntity
  8
F.Cu
  6
CONTINUOUS
100
AcDbLine
 10
130.0717420000000004
 20
-74.2666009999999943
 30
0
 11
130.2256869999999935
 21
-74.3303669999999954
 31
0
  0
LINE
  5
15E
330
22
100
AcDbEntity
  8
F.Cu
  6
CONTINUOUS
100
AcDbLine
 10
130.2256869999999935
 20
-74.3303669999999954
 30
0
 11
130.364233999999982
 21
-74.4229409999999945
 31
0
  0
LINE
  5
15F
330
22
100
AcDbEntity
  8
F.Cu
  6
CONTINUOUS
100
AcDbLine
 10
130.364233999999982
 20
-74.4229409999999945
 30
0
 11
130.4820589999999925
 21
-74.5407659999999908
 31
0
  0
LINE
  5
160
330
22
100
AcDbEntity
  8
F.Cu
  6
CONTINUOUS
100
AcDbLine
 10
130.4820589999999925
 20
-74.5407659999999908
 30
0
 11
130.5746330000000057
 21
-74.6793129999999934
 31
0
  0
LINE
  5
161
330
22
100
AcDbEntity
  8
F.Cu
  6
CONTINUOUS
100
AcDbLine
 10
130.5746330000000057
 20
-74.6793129999999934
 30
0
 11
130.6383989999999926
 21
-74.8332580000000007
 31
0
  0
LINE
  5
162
330
22
100
AcDbEntity
  8
F.Cu
  6
CONTINUOUS
100
AcDbLine
 10
130.6383989999999926
 20
-74.8332580000000007
 30
0
 11
130.6709069999999997
 21
-74.9966849999999994
 31
0
  0
LINE
  5
163
330
22
100
AcDbEntity
  8
F.Cu
  6
CONTINUOUS
100
AcDbLine
 10
130.6709069999999997
 20
-74.9966849999999994
 30
0
 11
130.6709069999999997
 21
-75.1633149999999972
 31
0
  0
LINE
  5
164
330
22
100
AcDbEntity
  8
F.Cu
  6
CONTINUOUS
100
AcDbLine
 10
130.6709069999999997
 20
-75.1633149999999972
 30
0
 11
130.6383989999999926
 21
-75.3267419999999959
 31
0
  0
LINE
  5
165
330
22
100
AcDbEntity
  8
F.Cu
  6
CONTINUOUS
100
AcDbLine
 10
130.6383989999999926
 20
-75.3267419999999959
 30
0
 11
130.5746330000000057
 21
-75.4806870000000032
 31
0
  0
LINE
  5
166
330
22
100
AcDbEntity
  8
F.Cu
  6
CONTINUOUS
100
AcDbLine
 10
130.5746330000000057
 20
-75.4806870000000032
 30
0
 11
130.5115370000000041
 21
-75.5751149999999967
 31
0
  0
LINE
  5
167
330
22
100
AcDbEntity
  8
F.Cu
  6
CONTINUOUS
100
AcDbLine
 10
130.5115370000000041
 20
-75.5751149999999967
 30
0
 11
131.3064219999999978
 21
-76.3699999999999903
 31
0
  0
LINE
  5
168
330
22
100
AcDbEntity
  8
F.Cu
  6
CONTINUOUS
100
AcDbLine
 10
131.3064219999999978
 20
-76.3699999999999903
 30
0
 11
147.2699240000000032
 21
-76.3699999999999903
 31
0
  0
LINE
  5
169
330
22
100
AcDbEntity
  8
F.Cu
  6
CONTINUOUS
100
AcDbLine
 10
147.2699240000000032
 20
-76.3699999999999903
 30
0
 11
148.125
 21
-75.5149239999999935
 31
0
  0
LINE
  5
16A
330
22
100
AcDbEntity
  8
F.Cu
  6
CONTINUOUS
100
AcDbLine
 10
148.125
 20
-75.5149239999999935
 30
0
 11
148.125
 21
-74.6450749999999914
 31
0
  0
LINE
  5
16B
330
22
100
AcDbEntity
  8
F.Cu
  6
CONTINUOUS
100
AcDbLine
 10
148.125
 20
-74.6450749999999914
 30
0
 11
147.5099239999999838
 21
-74.0300000000000011
 31
0
  0
LINE
  5
16C
330
22
100
AcDbEntity
  8
F.Cu
  6
CONTINUOUS
100
AcDbLine
 10
147.5099239999999838
 20
-74.0300000000000011
 30
0
 11
144.6986540000000048
 21
-74.0300000000000011
 31
0
  0
LINE
  5
16D
330
22
100
AcDbEntity
  8
F.Cu
  6
CONTINUOUS
100
AcDbLine
 10
144.6986540000000048
 20
-74.0300000000000011
 30
0
 11
144.6791450000000054
 21
-74.0280789999999911
 31
0
  0
LINE
  5
16E
330
22
100
AcDbEntity
  8
F.Cu
  6
CONTINUOUS
100
AcDbLine
 10
144.6791450000000054
 20
-74.0280789999999911
 30
0
 11
144.6430969999999832
 21
-74.0131470000000036
 31
0
  0
LINE
  5
16F
330
22
100
AcDbEntity
  8
F.Cu
  6
CONTINUOUS
100
AcDbLine
 10
144.6430969999999832
 20
-74.0131470000000036
 30
0
 11
144.6279429999999877
 21
-74.0007109999999955
 31
0
  0
LINE
  5
170
330
22
100
AcDbEntity
  8
F.Cu
  6
CONTINUOUS
100
AcDbLine
 10
144.6279429999999877
 20
-74.0007109999999955
 30
0
 11
132.4292889999999829
 21
-61.8020569999999978
 31
0
  0
LINE
  5
171
330
22
100
AcDbEntity
  8
F.Cu
  6
CONTINUOUS
100
AcDbLine
 10
132.4292889999999829
 20
-61.8020569999999978
 30
0
 11
132.4168530000000032
 21
-61.7869029999999952
 31
0
  0
LINE
  5
172
330
22
100
AcDbEntity
  8
F.Cu
  6
CONTINUOUS
100
AcDbLine
 10
132.4168530000000032
 20
-61.7869029999999952
 30
0
 11
132.4019209999999873
 21
-61.7508549999999943
 31
0
  0
LINE
  5
173
330
22
100
AcDbEntity
  8
F.Cu
  6
CONTINUOUS
100
AcDbLine
 10
132.4019209999999873
 20
-61.7508549999999943
 30
0
 11
132.4000000000000057
 21
-61.7313459999999949
 31
0
  0
LINE
  5
174
330
22
100
AcDbEntity
  8
F.Cu
  6
CONTINUOUS
100
AcDbLine
 10
132.4000000000000057
 20
-61.7313459999999949
 30
0
 11
132.4000000000000057
 21
-39.9136540000000011
 31
0
  0
LINE
  5
175
330
22
100
AcDbEntity
  8
F.Cu
  6
CONTINUOUS
100
AcDbLine
 10
132.4000000000000057
 20
-39.9136540000000011
 30
0
 11
132.4019209999999873
 21
-39.8941450000000017
 31
0
  0
LINE
  5
176
330
22
100
AcDbEntity
  8
F.Cu
  6
CONTINUOUS
100
AcDbLine
 10
132.4019209999999873
 20
-39.8941450000000017
 30
0
 11
132.4168530000000032
 21
-39.8580970000000008
 31
0
  0
LINE
  5
177
330
22
100
AcDbEntity
  8
F.Cu
  6
CONTINUOUS
100
AcDbLine
 10
132.4168530000000032
 20
-39.8580970000000008
 30
0
 11
132.4292889999999829
 21
-39.8429429999999982
 31
0
  0
LINE
  5
178
330
22
100
AcDbEntity
  8
F.Cu
  6
CONTINUOUS
100
AcDbLine
 10
132.4292889999999829
 20
-39.8429429999999982
 30
0
 11
140.9529430000000048
 21
-31.3192889999999977
 31
0
  0
LINE
  5
179
330
22
100
AcDbEntity
  8
F.Cu
  6
CONTINUOUS
100
AcDbLine
 10
140.9529430000000048
 20
-31.3192889999999977
 30
0
 11
140.9680970000000002
 21
-31.3068530000000003
 31
0
  0
LINE
  5
17A
330
22
100
AcDbEntity
  8
F.Cu
  6
CONTINUOUS
100
AcDbLine
 10
140.9680970000000002
 20
-31.3068530000000003
 30
0
 11
141.0041449999999941
 21
-31.2919209999999985
 31
0
  0
LINE
  5
17B
330
22
100
AcDbEntity
  8
F.Cu
  6
CONTINUOUS
100
AcDbLine
 10
141.0041449999999941
 20
-31.2919209999999985
 30
0
 11
141.0236539999999934
 21
-31.2899999999999991
 31
0
  0
LINE
  5
17C
330
22
100
AcDbEntity
  8
F.Cu
  6
CONTINUOUS
100
AcDbLine
 10
141.0236539999999934
 20
-31.2899999999999991
 30
0
 11
141.9763460000000066
 21
-31.2899999999999991
 31
0
  0
LINE
  5
17D
330
22
100
AcDbEntity
  8
F.Cu
  6
CONTINUOUS
100
AcDbLine
 10
141.9763460000000066
 20
-31.2899999999999991
 30
0
 11
141.9958550000000059
 21
-31.2919209999999985
 31
0
  0
LINE
  5
17E
330
22
100
AcDbEntity
  8
F.Cu
  6
CONTINUOUS
100
AcDbLine
 10
119.5999999999999943
 20
-76.0999999999999943
 30
0
 11
116.3999999999999915
 21
-76.0999999999999943
 31
0
  0
LINE
  5
17F
330
22
100
AcDbEntity
  8
F.Cu
  6
CONTINUOUS
100
AcDbLine
 10
116.3999999999999915
 20
-76.0999999999999943
 30
0
 11
116.3999999999999915
 21
-74.0999999999999943
 31
0
  0
LINE
  5
180
330
22
100
AcDbEntity
  8
F.Cu
  6
CONTINUOUS
100
AcDbLine
 10
116.3999999999999915
 20
-74.0999999999999943
 30
0
 11
119.5999999999999943
 21
-74.0999999999999943
 31
0
  0
LINE
  5
181
330
22
100
AcDbEntity
  8
F.Cu
  6
CONTINUOUS
100
AcDbLine
 10
119.5999999999999943
 20
-74.0999999999999943
 30
0
 11
119.5999999999999943
 21
-76.0999999999999943
 31
0
  0
LINE
  5
182
330
22
100
AcDbEntity
  8
F.Cu
  6
CONTINUOUS
100
AcDbLine
 10
136.3745089999999891
 20
-66.2119210000000038
 30
0
 11
136.410556999999983
 21
-66.2268529999999913
 31
0
  0
LINE
  5
183
330
22
100
AcDbEntity
  8
F.Cu
  6
CONTINUOUS
100
AcDbLine
 10
136.410556999999983
 20
-66.2268529999999913
 30
0
 11
136.4257110000000068
 21
-66.2392889999999994
 31
0
  0
LINE
  5
184
330
22
100
AcDbEntity
  8
F.Cu
  6
CONTINUOUS
100
AcDbLine
 10
136.4257110000000068
 20
-66.2392889999999994
 30
0
 11
144.6225639999999828
 21
-74.4361419999999896
 31
0
  0
LINE
  5
185
330
22
100
AcDbEntity
  8
F.Cu
  6
CONTINUOUS
100
AcDbLine
 10
144.6225639999999828
 20
-74.4361419999999896
 30
0
 11
144.6357659999999896
 21
-74.4229409999999945
 31
0
  0
LINE
  5
186
330
22
100
AcDbEntity
  8
F.Cu
  6
CONTINUOUS
100
AcDbLine
 10
144.6357659999999896
 20
-74.4229409999999945
 30
0
 11
144.7743130000000065
 21
-74.3303669999999954
 31
0
  0
LINE
  5
187
330
22
100
AcDbEntity
  8
F.Cu
  6
CONTINUOUS
100
AcDbLine
 10
144.7743130000000065
 20
-74.3303669999999954
 30
0
 11
144.9282579999999996
 21
-74.2666009999999943
 31
0
  0
LINE
  5
188
330
22
100
AcDbEntity
  8
F.Cu
  6
CONTINUOUS
100
AcDbLine
 10
144.9282579999999996
 20
-74.2666009999999943
 30
0
 11
145.091684999999984
 21
-74.2340930000000014
 31
0
  0
LINE
  5
189
330
22
100
AcDbEntity
  8
F.Cu
  6
CONTINUOUS
100
AcDbLine
 10
145.091684999999984
 20
-74.2340930000000014
 30
0
 11
145.1749999999999829
 21
-74.2299999999999898
 31
0
  0
LINE
  5
18A
330
22
100
AcDbEntity
  8
F.Cu
  6
CONTINUOUS
100
AcDbLine
 10
145.1749999999999829
 20
-74.2299999999999898
 30
0
 11
147.0749999999999886
 21
-74.2299999999999898
 31
0
  0
LINE
  5
18B
330
22
100
AcDbEntity
  8
F.Cu
  6
CONTINUOUS
100
AcDbLine
 10
147.0749999999999886
 20
-74.2299999999999898
 30
0
 11
147.1583149999999875
 21
-74.2340930000000014
 31
0
  0
LINE
  5
18C
330
22
100
AcDbEntity
  8
F.Cu
  6
CONTINUOUS
100
AcDbLine
 10
147.1583149999999875
 20
-74.2340930000000014
 30
0
 11
147.3217420000000004
 21
-74.2666009999999943
 31
0
  0
LINE
  5
18D
330
22
100
AcDbEntity
  8
F.Cu
  6
CONTINUOUS
100
AcDbLine
 10
147.3217420000000004
 20
-74.2666009999999943
 30
0
 11
147.4756869999999935
 21
-74.3303669999999954
 31
0
  0
LINE
  5
18E
330
22
100
AcDbEntity
  8
F.Cu
  6
CONTINUOUS
100
AcDbLine
 10
147.4756869999999935
 20
-74.3303669999999954
 30
0
 11
147.614233999999982
 21
-74.4229409999999945
 31
0
  0
LINE
  5
18F
330
22
100
AcDbEntity
  8
F.Cu
  6
CONTINUOUS
100
AcDbLine
 10
147.614233999999982
 20
-74.4229409999999945
 30
0
 11
147.7320589999999925
 21
-74.5407659999999908
 31
0
  0
LINE
  5
190
330
22
100
AcDbEntity
  8
F.Cu
  6
CONTINUOUS
100
AcDbLine
 10
147.7320589999999925
 20
-74.5407659999999908
 30
0
 11
147.8246330000000057
 21
-74.6793129999999934
 31
0
  0
LINE
  5
191
330
22
100
AcDbEntity
  8
F.Cu
  6
CONTINUOUS
100
AcDbLine
 10
147.8246330000000057
 20
-74.6793129999999934
 30
0
 11
147.8883989999999926
 21
-74.8332580000000007
 31
0
  0
LINE
  5
192
330
22
100
AcDbEntity
  8
F.Cu
  6
CONTINUOUS
100
AcDbLine
 10
147.8883989999999926
 20
-74.8332580000000007
 30
0
 11
147.9209069999999997
 21
-74.9966849999999994
 31
0
  0
LINE
  5
193
330
22
100
AcDbEntity
  8
F.Cu
  6
CONTINUOUS
100
AcDbLine
 10
147.9209069999999997
 20
-74.9966849999999994
 30
0
 11
147.9209069999999997
 21
-75.1633149999999972
 31
0
  0
LINE
  5
194
330
22
100
AcDbEntity
  8
F.Cu
  6
CONTINUOUS
100
AcDbLine
 10
147.9209069999999997
 20
-75.1633149999999972
 30
0
 11
147.8883989999999926
 21
-75.3267419999999959
 31
0
  0
LINE
  5
195
330
22
100
AcDbEntity
  8
F.Cu
  6
CONTINUOUS
100
AcDbLine
 10
147.8883989999999926
 20
-75.3267419999999959
 30
0
 11
147.8246330000000057
 21
-75.4806870000000032
 31
0
  0
LINE
  5
196
330
22
100
AcDbEntity
  8
F.Cu
  6
CONTINUOUS
100
AcDbLine
 10
147.8246330000000057
 20
-75.4806870000000032
 30
0
 11
147.7320589999999925
 21
-75.6192339999999916
 31
0
  0
LINE
  5
197
330
22
100
AcDbEntity
  8
F.Cu
  6
CONTINUOUS
100
AcDbLine
 10
147.7320589999999925
 20
-75.6192339999999916
 30
0
 11
147.614233999999982
 21
-75.7370590000000021
 31
0
  0
LINE
  5
198
330
22
100
AcDbEntity
  8
F.Cu
  6
CONTINUOUS
100
AcDbLine
 10
147.614233999999982
 20
-75.7370590000000021
 30
0
 11
147.4756869999999935
 21
-75.8296330000000012
 31
0
  0
LINE
  5
199
330
22
100
AcDbEntity
  8
F.Cu
  6
CONTINUOUS
100
AcDbLine
 10
147.4756869999999935
 20
-75.8296330000000012
 30
0
 11
147.3217420000000004
 21
-75.8933990000000023
 31
0
  0
LINE
  5
19A
330
22
100
AcDbEntity
  8
F.Cu
  6
CONTINUOUS
100
AcDbLine
 10
147.3217420000000004
 20
-75.8933990000000023
 30
0
 11
147.1583149999999875
 21
-75.9259069999999952
 31
0
  0
LINE
  5
19B
330
22
100
AcDbEntity
  8
F.Cu
  6
CONTINUOUS
100
AcDbLine
 10
147.1583149999999875
 20
-75.9259069999999952
 30
0
 11
147.0749999999999886
 21
-75.9299999999999926
 31
0
  0
LINE
  5
19C
330
22
100
AcDbEntity
  8
F.Cu
  6
CONTINUOUS
100
AcDbLine
 10
147.0749999999999886
 20
-75.9299999999999926
 30
0
 11
145.1749999999999829
 21
-75.9299999999999926
 31
0
  0
LINE
  5
19D
330
22
100
AcDbEntity
  8
F.Cu
  6
CONTINUOUS
100
AcDbLine
 10
145.1749999999999829
 20
-75.9299999999999926
 30
0
 11
145.091684999999984
 21
-75.9259069999999952
 31
0
  0
LINE
  5
19E
330
22
100
AcDbEntity
  8
F.Cu
  6
CONTINUOUS
100
AcDbLine
 10
145.091684999999984
 20
-75.9259069999999952
 30
0
 11
144.9282579999999996
 21
-75.8933990000000023
 31
0
  0
LINE
  5
19F
330
22
100
AcDbEntity
  8
F.Cu
  6
CONTINUOUS
100
AcDbLine
 10
144.9282579999999996
 20
-75.8933990000000023
 30
0
 11
144.7743130000000065
 21
-75.8296330000000012
 31
0
  0
LINE
  5
1A0
330
22
100
AcDbEntity
  8
F.Cu
  6
CONTINUOUS
100
AcDbLine
 10
144.7743130000000065
 20
-75.8296330000000012
 30
0
 11
144.6357659999999896
 21
-75.7370590000000021
 31
0
  0
LINE
  5
1A1
330
22
100
AcDbEntity
  8
F.Cu
  6
CONTINUOUS
100
AcDbLine
 10
144.6357659999999896
 20
-75.7370590000000021
 30
0
 11
144.5179410000000075
 21
-75.6192339999999916
 31
0
  0
LINE
  5
1A2
330
22
100
AcDbEntity
  8
F.Cu
  6
CONTINUOUS
100
AcDbLine
 10
144.5179410000000075
 20
-75.6192339999999916
 30
0
 11
144.4253669999999943
 21
-75.4806870000000032
 31
0
  0
LINE
  5
1A3
330
22
100
AcDbEntity
  8
F.Cu
  6
CONTINUOUS
100
AcDbLine
 10
144.4253669999999943
 20
-75.4806870000000032
 30
0
 11
144.3616010000000074
 21
-75.3267419999999959
 31
0
  0
LINE
  5
1A4
330
22
100
AcDbEntity
  8
F.Cu
  6
CONTINUOUS
100
AcDbLine
 10
144.3616010000000074
 20
-75.3267419999999959
 30
0
 11
144.3290930000000003
 21
-75.1633149999999972
 31
0
  0
LINE
  5
1A5
330
22
100
AcDbEntity
  8
F.Cu
  6
CONTINUOUS
100
AcDbLine
 10
144.3290930000000003
 20
-75.1633149999999972
 30
0
 11
144.3290930000000003
 21
-74.9966849999999994
 31
0
  0
LINE
  5
1A6
330
22
100
AcDbEntity
  8
F.Cu
  6
CONTINUOUS
100
AcDbLine
 10
144.3290930000000003
 20
-74.9966849999999994
 30
0
 11
144.3616010000000074
 21
-74.8332580000000007
 31
0
  0
LINE
  5
1A7
330
22
100
AcDbEntity
  8
F.Cu
  6
CONTINUOUS
100
AcDbLine
 10
144.3616010000000074
 20
-74.8332580000000007
 30
0
 11
144.4253669999999943
 21
-74.6793129999999934
 31
0
  0
LINE
  5
1A8
330
22
100
AcDbEntity
  8
F.Cu
  6
CONTINUOUS
100
AcDbLine
 10
144.4253669999999943
 20
-74.6793129999999934
 30
0
 11
144.4884619999999984
 21
-74.5848840000000024
 31
0
  0
LINE
  5
1A9
330
22
100
AcDbEntity
  8
F.Cu
  6
CONTINUOUS
100
AcDbLine
 10
144.4884619999999984
 20
-74.5848840000000024
 30
0
 11
136.3135780000000068
 21
-66.4099999999999966
 31
0
  0
LINE
  5
1AA
330
22
100
AcDbEntity
  8
F.Cu
  6
CONTINUOUS
100
AcDbLine
 10
136.3135780000000068
 20
-66.4099999999999966
 30
0
 11
127.4900759999999877
 21
-66.4099999999999966
 31
0
  0
LINE
  5
1AB
330
22
100
AcDbEntity
  8
F.Cu
  6
CONTINUOUS
100
AcDbLine
 10
127.4900759999999877
 20
-66.4099999999999966
 30
0
 11
126.4749999999999943
 21
-67.42507599999999
 31
0
  0
LINE
  5
1AC
330
22
100
AcDbEntity
  8
F.Cu
  6
CONTINUOUS
100
AcDbLine
 10
126.4749999999999943
 20
-67.42507599999999
 30
0
 11
126.4749999999999943
 21
-70.625
 31
0
  0
LINE
  5
1AD
330
22
100
AcDbEntity
  8
F.Cu
  6
CONTINUOUS
100
AcDbLine
 10
126.4749999999999943
 20
-70.625
 30
0
 11
126.4730789999999985
 21
-70.6445089999999993
 31
0
  0
LINE
  5
1AE
330
22
100
AcDbEntity
  8
F.Cu
  6
CONTINUOUS
100
AcDbLine
 10
126.4730789999999985
 20
-70.6445089999999993
 30
0
 11
126.4581479999999942
 21
-70.6805569999999932
 31
0
  0
LINE
  5
1AF
330
22
100
AcDbEntity
  8
F.Cu
  6
CONTINUOUS
100
AcDbLine
 10
126.4581479999999942
 20
-70.6805569999999932
 30
0
 11
126.4457109999999886
 21
-70.6957099999999912
 31
0
  0
LINE
  5
1B0
330
22
100
AcDbEntity
  8
F.Cu
  6
CONTINUOUS
100
AcDbLine
 10
126.4457109999999886
 20
-70.6957099999999912
 30
0
 11
125.774132999999992
 21
-71.3672880000000021
 31
0
  0
LINE
  5
1B1
330
22
100
AcDbEntity
  8
F.Cu
  6
CONTINUOUS
100
AcDbLine
 10
125.774132999999992
 20
-71.3672880000000021
 30
0
 11
125.8819209999999913
 21
-71.5286029999999897
 31
0
  0
LINE
  5
1B2
330
22
100
AcDbEntity
  8
F.Cu
  6
CONTINUOUS
100
AcDbLine
 10
125.8819209999999913
 20
-71.5286029999999897
 30
0
 11
125.9569399999999888
 21
-71.7097150000000028
 31
0
  0
LINE
  5
1B3
330
22
100
AcDbEntity
  8
F.Cu
  6
CONTINUOUS
100
AcDbLine
 10
125.9569399999999888
 20
-71.7097150000000028
 30
0
 11
125.9951849999999922
 21
-71.9019830000000013
 31
0
  0
LINE
  5
1B4
330
22
100
AcDbEntity
  8
F.Cu
  6
CONTINUOUS
100
AcDbLine
 10
125.9951849999999922
 20
-71.9019830000000013
 30
0
 11
125.9951849999999922
 21
-72.0980169999999987
 31
0
  0
LINE
  5
1B5
330
22
100
AcDbEntity
  8
F.Cu
  6
CONTINUOUS
100
AcDbLine
 10
125.9951849999999922
 20
-72.0980169999999987
 30
0
 11
125.9569399999999888
 21
-72.2902849999999972
 31
0
  0
LINE
  5
1B6
330
22
100
AcDbEntity
  8
F.Cu
  6
CONTINUOUS
100
AcDbLine
 10
125.9569399999999888
 20
-72.2902849999999972
 30
0
 11
125.8819209999999913
 21
-72.4713969999999961
 31
0
  0
LINE
  5
1B7
330
22
100
AcDbEntity
  8
F.Cu
  6
CONTINUOUS
100
AcDbLine
 10
125.8819209999999913
 20
-72.4713969999999961
 30
0
 11
125.7730099999999993
 21
-72.6343930000000029
 31
0
  0
LINE
  5
1B8
330
22
100
AcDbEntity
  8
F.Cu
  6
CONTINUOUS
100
AcDbLine
 10
125.7730099999999993
 20
-72.6343930000000029
 30
0
 11
125.6343929999999887
 21
-72.7730099999999993
 31
0
  0
LINE
  5
1B9
330
22
100
AcDbEntity
  8
F.Cu
  6
CONTINUOUS
100
AcDbLine
 10
125.6343929999999887
 20
-72.7730099999999993
 30
0
 11
125.4713969999999961
 21
-72.8819209999999913
 31
0
  0
LINE
  5
1BA
330
22
100
AcDbEntity
  8
F.Cu
  6
CONTINUOUS
100
AcDbLine
 10
125.4713969999999961
 20
-72.8819209999999913
 30
0
 11
125.2902849999999972
 21
-72.956940000000003
 31
0
  0
LINE
  5
1BB
330
22
100
AcDbEntity
  8
F.Cu
  6
CONTINUOUS
100
AcDbLine
 10
125.2902849999999972
 20
-72.956940000000003
 30
0
 11
125.0980169999999987
 21
-72.9951849999999922
 31
0
  0
LINE
  5
1BC
330
22
100
AcDbEntity
  8
F.Cu
  6
CONTINUOUS
100
AcDbLine
 10
125.0980169999999987
 20
-72.9951849999999922
 30
0
 11
124.9019830000000013
 21
-72.9951849999999922
 31
0
  0
LINE
  5
1BD
330
22
100
AcDbEntity
  8
F.Cu
  6
CONTINUOUS
100
AcDbLine
 10
124.9019830000000013
 20
-72.9951849999999922
 30
0
 11
124.7097149999999885
 21
-72.956940000000003
 31
0
  0
LINE
  5
1BE
330
22
100
AcDbEntity
  8
F.Cu
  6
CONTINUOUS
100
AcDbLine
 10
124.7097149999999885
 20
-72.956940000000003
 30
0
 11
124.5286029999999897
 21
-72.8819209999999913
 31
0
  0
LINE
  5
1BF
330
22
100
AcDbEntity
  8
F.Cu
  6
CONTINUOUS
100
AcDbLine
 10
124.5286029999999897
 20
-72.8819209999999913
 30
0
 11
124.3656069999999971
 21
-72.7730099999999993
 31
0
  0
LINE
  5
1C0
330
22
100
AcDbEntity
  8
F.Cu
  6
CONTINUOUS
100
AcDbLine
 10
124.3656069999999971
 20
-72.7730099999999993
 30
0
 11
124.2269900000000007
 21
-72.6343930000000029
 31
0
  0
LINE
  5
1C1
330
22
100
AcDbEntity
  8
F.Cu
  6
CONTINUOUS
100
AcDbLine
 10
124.2269900000000007
 20
-72.6343930000000029
 30
0
 11
124.1180789999999945
 21
-72.4713969999999961
 31
0
  0
LINE
  5
1C2
330
22
100
AcDbEntity
  8
F.Cu
  6
CONTINUOUS
100
AcDbLine
 10
124.1180789999999945
 20
-72.4713969999999961
 30
0
 11
124.043059999999997
 21
-72.2902849999999972
 31
0
  0
LINE
  5
1C3
330
22
100
AcDbEntity
  8
F.Cu
  6
CONTINUOUS
100
AcDbLine
 10
124.043059999999997
 20
-72.2902849999999972
 30
0
 11
124.0048149999999936
 21
-72.0980169999999987
 31
0
  0
LINE
  5
1C4
330
22
100
AcDbEntity
  8
F.Cu
  6
CONTINUOUS
100
AcDbLine
 10
124.0048149999999936
 20
-72.0980169999999987
 30
0
 11
124.0048149999999936
 21
-71.9019830000000013
 31
0
  0
LINE
  5
1C5
330
22
100
AcDbEntity
  8
F.Cu
  6
CONTINUOUS
100
AcDbLine
 10
124.0048149999999936
 20
-71.9019830000000013
 30
0
 11
124.043059999999997
 21
-71.7097150000000028
 31
0
  0
LINE
  5
1C6
330
22
100
AcDbEntity
  8
F.Cu
  6
CONTINUOUS
100
AcDbLine
 10
124.043059999999997
 20
-71.7097150000000028
 30
0
 11
124.1180789999999945
 21
-71.5286029999999897
 31
0
  0
LINE
  5
1C7
330
22
100
AcDbEntity
  8
F.Cu
  6
CONTINUOUS
100
AcDbLine
 10
124.1180789999999945
 20
-71.5286029999999897
 30
0
 11
124.2269900000000007
 21
-71.3656069999999971
 31
0
  0
LINE
  5
1C8
330
22
100
AcDbEntity
  8
F.Cu
  6
CONTINUOUS
100
AcDbLine
 10
124.2269900000000007
 20
-71.3656069999999971
 30
0
 11
124.3656069999999971
 21
-71.2269900000000007
 31
0
  0
LINE
  5
1C9
330
22
100
AcDbEntity
  8
F.Cu
  6
CONTINUOUS
100
AcDbLine
 10
124.3656069999999971
 20
-71.2269900000000007
 30
0
 11
124.5286029999999897
 21
-71.1180789999999945
 31
0
  0
LINE
  5
1CA
330
22
100
AcDbEntity
  8
F.Cu
  6
CONTINUOUS
100
AcDbLine
 10
124.5286029999999897
 20
-71.1180789999999945
 30
0
 11
124.7097149999999885
 21
-71.043059999999997
 31
0
  0
LINE
  5
1CB
330
22
100
AcDbEntity
  8
F.Cu
  6
CONTINUOUS
100
AcDbLine
 10
124.7097149999999885
 20
-71.043059999999997
 30
0
 11
124.9019830000000013
 21
-71.0048149999999936
 31
0
  0
LINE
  5
1CC
330
22
100
AcDbEntity
  8
F.Cu
  6
CONTINUOUS
100
AcDbLine
 10
124.9019830000000013
 20
-71.0048149999999936
 30
0
 11
125.0980169999999987
 21
-71.0048149999999936
 31
0
  0
LINE
  5
1CD
330
22
100
AcDbEntity
  8
F.Cu
  6
CONTINUOUS
100
AcDbLine
 10
125.0980169999999987
 20
-71.0048149999999936
 30
0
 11
125.2902849999999972
 21
-71.043059999999997
 31
0
  0
LINE
  5
1CE
330
22
100
AcDbEntity
  8
F.Cu
  6
CONTINUOUS
100
AcDbLine
 10
125.2902849999999972
 20
-71.043059999999997
 30
0
 11
125.4713969999999961
 21
-71.1180789999999945
 31
0
  0
LINE
  5
1CF
330
22
100
AcDbEntity
  8
F.Cu
  6
CONTINUOUS
100
AcDbLine
 10
125.4713969999999961
 20
-71.1180789999999945
 30
0
 11
125.6327110000000005
 21
-71.2258659999999963
 31
0
  0
LINE
  5
1D0
330
22
100
AcDbEntity
  8
F.Cu
  6
CONTINUOUS
100
AcDbLine
 10
125.6327110000000005
 20
-71.2258659999999963
 30
0
 11
126.2749999999999915
 21
-70.5835780000000028
 31
0
  0
LINE
  5
1D1
330
22
100
AcDbEntity
  8
F.Cu
  6
CONTINUOUS
100
AcDbLine
 10
126.2749999999999915
 20
-70.5835780000000028
 30
0
 11
126.2749999999999915
 21
-67.3836539999999928
 31
0
  0
LINE
  5
1D2
330
22
100
AcDbEntity
  8
F.Cu
  6
CONTINUOUS
100
AcDbLine
 10
126.2749999999999915
 20
-67.3836539999999928
 30
0
 11
126.2769209999999873
 21
-67.3641449999999935
 31
0
  0
LINE
  5
1D3
330
22
100
AcDbEntity
  8
F.Cu
  6
CONTINUOUS
100
AcDbLine
 10
126.2769209999999873
 20
-67.3641449999999935
 30
0
 11
126.291852999999989
 21
-67.3280969999999996
 31
0
  0
LINE
  5
1D4
330
22
100
AcDbEntity
  8
F.Cu
  6
CONTINUOUS
100
AcDbLine
 10
126.291852999999989
 20
-67.3280969999999996
 30
0
 11
126.3042889999999971
 21
-67.31294299999999
 31
0
  0
LINE
  5
1D5
330
22
100
AcDbEntity
  8
F.Cu
  6
CONTINUOUS
100
AcDbLine
 10
126.3042889999999971
 20
-67.31294299999999
 30
0
 11
127.3779429999999877
 21
-66.2392889999999994
 31
0
  0
LINE
  5
1D6
330
22
100
AcDbEntity
  8
F.Cu
  6
CONTINUOUS
100
AcDbLine
 10
127.3779429999999877
 20
-66.2392889999999994
 30
0
 11
127.3930969999999974
 21
-66.2268529999999913
 31
0
  0
LINE
  5
1D7
330
22
100
AcDbEntity
  8
F.Cu
  6
CONTINUOUS
100
AcDbLine
 10
127.3930969999999974
 20
-66.2268529999999913
 30
0
 11
127.4291449999999912
 21
-66.2119210000000038
 31
0
  0
LINE
  5
1D8
330
22
100
AcDbEntity
  8
F.Cu
  6
CONTINUOUS
100
AcDbLine
 10
127.4291449999999912
 20
-66.2119210000000038
 30
0
 11
127.4486539999999906
 21
-66.2099999999999937
 31
0
  0
LINE
  5
1D9
330
22
100
AcDbEntity
  8
F.Cu
  6
CONTINUOUS
100
AcDbLine
 10
127.4486539999999906
 20
-66.2099999999999937
 30
0
 11
136.3549999999999898
 21
-66.2099999999999937
 31
0
  0
LINE
  5
1DA
330
22
100
AcDbEntity
  8
F.Cu
  6
CONTINUOUS
100
AcDbLine
 10
136.3549999999999898
 20
-66.2099999999999937
 30
0
 11
136.3745089999999891
 21
-66.2119210000000038
 31
0
  0
LINE
  5
1DB
330
22
100
AcDbEntity
  8
F.Cu
  6
CONTINUOUS
100
AcDbLine
 10
129.9083149999999875
 20
-66.6140929999999969
 30
0
 11
130.0717420000000004
 21
-66.646601000000004
 31
0
  0
LINE
  5
1DC
330
22
100
AcDbEntity
  8
F.Cu
  6
CONTINUOUS
100
AcDbLine
 10
130.0717420000000004
 20
-66.646601000000004
 30
0
 11
130.2256869999999935
 21
-66.7103669999999909
 31
0
  0
LINE
  5
1DD
330
22
100
AcDbEntity
  8
F.Cu
  6
CONTINUOUS
100
AcDbLine
 10
130.2256869999999935
 20
-66.7103669999999909
 30
0
 11
130.364233999999982
 21
-66.8029409999999899
 31
0
  0
LINE
  5
1DE
330
22
100
AcDbEntity
  8
F.Cu
  6
CONTINUOUS
100
AcDbLine
 10
130.364233999999982
 20
-66.8029409999999899
 30
0
 11
130.4820589999999925
 21
-66.9207660000000004
 31
0
  0
LINE
  5
1DF
330
22
100
AcDbEntity
  8
F.Cu
  6
CONTINUOUS
100
AcDbLine
 10
130.4820589999999925
 20
-66.9207660000000004
 30
0
 11
130.5746330000000057
 21
-67.0593130000000031
 31
0
  0
LINE
  5
1E0
330
22
100
AcDbEntity
  8
F.Cu
  6
CONTINUOUS
100
AcDbLine
 10
130.5746330000000057
 20
-67.0593130000000031
 30
0
 11
130.6383989999999926
 21
-67.2132579999999962
 31
0
  0
LINE
  5
1E1
330
22
100
AcDbEntity
  8
F.Cu
  6
CONTINUOUS
100
AcDbLine
 10
130.6383989999999926
 20
-67.2132579999999962
 30
0
 11
130.6709069999999997
 21
-67.3766849999999948
 31
0
  0
LINE
  5
1E2
330
22
100
AcDbEntity
  8
F.Cu
  6
CONTINUOUS
100
AcDbLine
 10
130.6709069999999997
 20
-67.3766849999999948
 30
0
 11
130.6709069999999997
 21
-67.5433149999999927
 31
0
  0
LINE
  5
1E3
330
22
100
AcDbEntity
  8
F.Cu
  6
CONTINUOUS
100
AcDbLine
 10
130.6709069999999997
 20
-67.5433149999999927
 30
0
 11
130.6383989999999926
 21
-67.7067419999999913
 31
0
  0
LINE
  5
1E4
330
22
100
AcDbEntity
  8
F.Cu
  6
CONTINUOUS
100
AcDbLine
 10
130.6383989999999926
 20
-67.7067419999999913
 30
0
 11
130.5746330000000057
 21
-67.8606869999999986
 31
0
  0
LINE
  5
1E5
330
22
100
AcDbEntity
  8
F.Cu
  6
CONTINUOUS
100
AcDbLine
 10
130.5746330000000057
 20
-67.8606869999999986
 30
0
 11
130.4820589999999925
 21
-67.9992340000000013
 31
0
  0
LINE
  5
1E6
330
22
100
AcDbEntity
  8
F.Cu
  6
CONTINUOUS
100
AcDbLine
 10
130.4820589999999925
 20
-67.9992340000000013
 30
0
 11
130.364233999999982
 21
-68.1170589999999976
 31
0
  0
LINE
  5
1E7
330
22
100
AcDbEntity
  8
F.Cu
  6
CONTINUOUS
100
AcDbLine
 10
130.364233999999982
 20
-68.1170589999999976
 30
0
 11
130.2256869999999935
 21
-68.2096329999999966
 31
0
  0
LINE
  5
1E8
330
22
100
AcDbEntity
  8
F.Cu
  6
CONTINUOUS
100
AcDbLine
 10
130.2256869999999935
 20
-68.2096329999999966
 30
0
 11
130.0717420000000004
 21
-68.2733989999999977
 31
0
  0
LINE
  5
1E9
330
22
100
AcDbEntity
  8
F.Cu
  6
CONTINUOUS
100
AcDbLine
 10
130.0717420000000004
 20
-68.2733989999999977
 30
0
 11
129.9083149999999875
 21
-68.3059069999999906
 31
0
  0
LINE
  5
1EA
330
22
100
AcDbEntity
  8
F.Cu
  6
CONTINUOUS
100
AcDbLine
 10
129.9083149999999875
 20
-68.3059069999999906
 30
0
 11
129.8249999999999886
 21
-68.3100000000000023
 31
0
  0
LINE
  5
1EB
330
22
100
AcDbEntity
  8
F.Cu
  6
CONTINUOUS
100
AcDbLine
 10
129.8249999999999886
 20
-68.3100000000000023
 30
0
 11
128.130075000000005
 21
-68.3100000000000023
 31
0
  0
LINE
  5
1EC
330
22
100
AcDbEntity
  8
F.Cu
  6
CONTINUOUS
100
AcDbLine
 10
128.130075000000005
 20
-68.3100000000000023
 30
0
 11
126.875
 21
-69.5650749999999931
 31
0
  0
LINE
  5
1ED
330
22
100
AcDbEntity
  8
F.Cu
  6
CONTINUOUS
100
AcDbLine
 10
126.875
 20
-69.5650749999999931
 30
0
 11
126.875
 21
-73.0163459999999986
 31
0
  0
LINE
  5
1EE
330
22
100
AcDbEntity
  8
F.Cu
  6
CONTINUOUS
100
AcDbLine
 10
126.875
 20
-73.0163459999999986
 30
0
 11
126.8730789999999899
 21
-73.035854999999998
 31
0
  0
LINE
  5
1EF
330
22
100
AcDbEntity
  8
F.Cu
  6
CONTINUOUS
100
AcDbLine
 10
126.8730789999999899
 20
-73.035854999999998
 30
0
 11
126.8581479999999999
 21
-73.0719029999999918
 31
0
  0
LINE
  5
1F0
330
22
100
AcDbEntity
  8
F.Cu
  6
CONTINUOUS
100
AcDbLine
 10
126.8581479999999999
 20
-73.0719029999999918
 30
0
 11
126.8457109999999943
 21
-73.0870559999999898
 31
0
  0
LINE
  5
1F1
330
22
100
AcDbEntity
  8
F.Cu
  6
CONTINUOUS
100
AcDbLine
 10
126.8457109999999943
 20
-73.0870559999999898
 30
0
 11
126.1720569999999952
 21
-73.7607110000000006
 31
0
  0
LINE
  5
1F2
330
22
100
AcDbEntity
  8
F.Cu
  6
CONTINUOUS
100
AcDbLine
 10
126.1720569999999952
 20
-73.7607110000000006
 30
0
 11
126.1569029999999998
 21
-73.7731469999999945
 31
0
  0
LINE
  5
1F3
330
22
100
AcDbEntity
  8
F.Cu
  6
CONTINUOUS
100
AcDbLine
 10
126.1569029999999998
 20
-73.7731469999999945
 30
0
 11
126.1208549999999917
 21
-73.7880789999999962
 31
0
  0
LINE
  5
1F4
330
22
100
AcDbEntity
  8
F.Cu
  6
CONTINUOUS
100
AcDbLine
 10
126.1208549999999917
 20
-73.7880789999999962
 30
0
 11
126.1013459999999924
 21
-73.789999999999992
 31
0
  0
LINE
  5
1F5
330
22
100
AcDbEntity
  8
F.Cu
  6
CONTINUOUS
100
AcDbLine
 10
126.1013459999999924
 20
-73.789999999999992
 30
0
 11
110.3515219999999886
 21
-73.789999999999992
 31
0
  0
LINE
  5
1F6
330
22
100
AcDbEntity
  8
F.Cu
  6
CONTINUOUS
100
AcDbLine
 10
110.3515219999999886
 20
-73.789999999999992
 30
0
 11
110.3320129999999892
 21
-73.7880789999999962
 31
0
  0
LINE
  5
1F7
330
22
100
AcDbEntity
  8
F.Cu
  6
CONTINUOUS
100
AcDbLine
 10
110.3320129999999892
 20
-73.7880789999999962
 30
0
 11
110.3065220000000011
 21
-73.7775199999999955
 31
0
  0
LINE
  5
1F8
330
22
100
AcDbEntity
  8
F.Cu
  6
CONTINUOUS
100
AcDbLine
 10
110.3065220000000011
 20
-73.7775199999999955
 30
0
 11
110.2959639999999979
 21
-73.7731469999999945
 31
0
  0
LINE
  5
1F9
330
22
100
AcDbEntity
  8
F.Cu
  6
CONTINUOUS
100
AcDbLine
 10
110.2959639999999979
 20
-73.7731469999999945
 30
0
 11
110.2808109999999999
 21
-73.7607100000000031
 31
0
  0
LINE
  5
1FA
330
22
100
AcDbEntity
  8
F.Cu
  6
CONTINUOUS
100
AcDbLine
 10
110.2808109999999999
 20
-73.7607100000000031
 30
0
 11
105.2600999999999942
 21
-68.7399999999999949
 31
0
  0
LINE
  5
1FB
330
22
100
AcDbEntity
  8
F.Cu
  6
CONTINUOUS
100
AcDbLine
 10
105.2600999999999942
 20
-68.7399999999999949
 30
0
 11
95.7444399999999973
 21
-68.7399999999999949
 31
0
  0
LINE
  5
1FC
330
22
100
AcDbEntity
  8
F.Cu
  6
CONTINUOUS
100
AcDbLine
 10
95.7444399999999973
 20
-68.7399999999999949
 30
0
 11
95.7196069999999963
 21
-68.8967899999999958
 31
0
  0
LINE
  5
1FD
330
22
100
AcDbEntity
  8
F.Cu
  6
CONTINUOUS
100
AcDbLine
 10
95.7196069999999963
 20
-68.8967899999999958
 30
0
 11
95.6662669999999906
 21
-69.0609520000000003
 31
0
  0
LINE
  5
1FE
330
22
100
AcDbEntity
  8
F.Cu
  6
CONTINUOUS
100
AcDbLine
 10
95.6662669999999906
 20
-69.0609520000000003
 30
0
 11
95.5879039999999947
 21
-69.2147480000000002
 31
0
  0
LINE
  5
1FF
330
22
100
AcDbEntity
  8
F.Cu
  6
CONTINUOUS
100
AcDbLine
 10
95.5879039999999947
 20
-69.2147480000000002
 30
0
 11
95.4864469999999983
 21
-69.3543930000000017
 31
0
  0
LINE
  5
200
330
22
100
AcDbEntity
  8
F.Cu
  6
CONTINUOUS
100
AcDbLine
 10
95.4864469999999983
 20
-69.3543930000000017
 30
0
 11
95.3643929999999926
 21
-69.4764469999999932
 31
0
  0
LINE
  5
201
330
22
100
AcDbEntity
  8
F.Cu
  6
CONTINUOUS
100
AcDbLine
 10
95.3643929999999926
 20
-69.4764469999999932
 30
0
 11
95.2247479999999911
 21
-69.5779040000000037
 31
0
  0
LINE
  5
202
330
22
100
AcDbEntity
  8
F.Cu
  6
CONTINUOUS
100
AcDbLine
 10
95.2247479999999911
 20
-69.5779040000000037
 30
0
 11
95.0709519999999912
 21
-69.6562669999999997
 31
0
  0
LINE
  5
203
330
22
100
AcDbEntity
  8
F.Cu
  6
CONTINUOUS
100
AcDbLine
 10
95.0709519999999912
 20
-69.6562669999999997
 30
0
 11
94.9067900000000009
 21
-69.7096069999999912
 31
0
  0
LINE
  5
204
330
22
100
AcDbEntity
  8
F.Cu
  6
CONTINUOUS
100
AcDbLine
 10
94.9067900000000009
 20
-69.7096069999999912
 30
0
 11
94.7363050000000015
 21
-69.7366090000000014
 31
0
  0
LINE
  5
205
330
22
100
AcDbEntity
  8
F.Cu
  6
CONTINUOUS
100
AcDbLine
 10
94.7363050000000015
 20
-69.7366090000000014
 30
0
 11
94.5636949999999956
 21
-69.7366090000000014
 31
0
  0
LINE
  5
206
330
22
100
AcDbEntity
  8
F.Cu
  6
CONTINUOUS
100
AcDbLine
 10
94.5636949999999956
 20
-69.7366090000000014
 30
0
 11
94.3932099999999963
 21
-69.7096069999999912
 31
0
  0
LINE
  5
207
330
22
100
AcDbEntity
  8
F.Cu
  6
CONTINUOUS
100
AcDbLine
 10
94.3932099999999963
 20
-69.7096069999999912
 30
0
 11
94.2290479999999917
 21
-69.6562669999999997
 31
0
  0
LINE
  5
208
330
22
100
AcDbEntity
  8
F.Cu
  6
CONTINUOUS
100
AcDbLine
 10
94.2290479999999917
 20
-69.6562669999999997
 30
0
 11
94.0752519999999919
 21
-69.5779040000000037
 31
0
  0
LINE
  5
209
330
22
100
AcDbEntity
  8
F.Cu
  6
CONTINUOUS
100
AcDbLine
 10
94.0752519999999919
 20
-69.5779040000000037
 30
0
 11
93.9356069999999903
 21
-69.4764469999999932
 31
0
  0
LINE
  5
20A
330
22
100
AcDbEntity
  8
F.Cu
  6
CONTINUOUS
100
AcDbLine
 10
93.9356069999999903
 20
-69.4764469999999932
 30
0
 11
93.8135529999999989
 21
-69.3543930000000017
 31
0
  0
LINE
  5
20B
330
22
100
AcDbEntity
  8
F.Cu
  6
CONTINUOUS
100
AcDbLine
 10
93.8135529999999989
 20
-69.3543930000000017
 30
0
 11
93.7120960000000025
 21
-69.2147480000000002
 31
0
  0
LINE
  5
20C
330
22
100
AcDbEntity
  8
F.Cu
  6
CONTINUOUS
100
AcDbLine
 10
93.7120960000000025
 20
-69.2147480000000002
 30
0
 11
93.6337329999999923
 21
-69.0609520000000003
 31
0
  0
LINE
  5
20D
330
22
100
AcDbEntity
  8
F.Cu
  6
CONTINUOUS
100
AcDbLine
 10
93.6337329999999923
 20
-69.0609520000000003
 30
0
 11
93.5803930000000008
 21
-68.8967899999999958
 31
0
  0
LINE
  5
20E
330
22
100
AcDbEntity
  8
F.Cu
  6
CONTINUOUS
100
AcDbLine
 10
93.5803930000000008
 20
-68.8967899999999958
 30
0
 11
93.5533909999999906
 21
-68.7263049999999964
 31
0
  0
LINE
  5
20F
330
22
100
AcDbEntity
  8
F.Cu
  6
CONTINUOUS
100
AcDbLine
 10
93.5533909999999906
 20
-68.7263049999999964
 30
0
 11
93.5533909999999906
 21
-68.5536949999999905
 31
0
  0
LINE
  5
210
330
22
100
AcDbEntity
  8
F.Cu
  6
CONTINUOUS
100
AcDbLine
 10
93.5533909999999906
 20
-68.5536949999999905
 30
0
 11
93.5803930000000008
 21
-68.3832099999999912
 31
0
  0
LINE
  5
211
330
22
100
AcDbEntity
  8
F.Cu
  6
CONTINUOUS
100
AcDbLine
 10
93.5803930000000008
 20
-68.3832099999999912
 30
0
 11
93.6337329999999923
 21
-68.2190480000000008
 31
0
  0
LINE
  5
212
330
22
100
AcDbEntity
  8
F.Cu
  6
CONTINUOUS
100
AcDbLine
 10
93.6337329999999923
 20
-68.2190480000000008
 30
0
 11
93.7120960000000025
 21
-68.065252000000001
 31
0
  0
LINE
  5
213
330
22
100
AcDbEntity
  8
F.Cu
  6
CONTINUOUS
100
AcDbLine
 10
93.7120960000000025
 20
-68.065252000000001
 30
0
 11
93.8135529999999989
 21
-67.9256069999999994
 31
0
  0
LINE
  5
214
330
22
100
AcDbEntity
  8
F.Cu
  6
CONTINUOUS
100
AcDbLine
 10
93.8135529999999989
 20
-67.9256069999999994
 30
0
 11
93.9356069999999903
 21
-67.8035529999999937
 31
0
  0
LINE
  5
215
330
22
100
AcDbEntity
  8
F.Cu
  6
CONTINUOUS
100
AcDbLine
 10
93.9356069999999903
 20
-67.8035529999999937
 30
0
 11
94.0752519999999919
 21
-67.7020959999999974
 31
0
  0
LINE
  5
216
330
22
100
AcDbEntity
  8
F.Cu
  6
CONTINUOUS
100
AcDbLine
 10
94.0752519999999919
 20
-67.7020959999999974
 30
0
 11
94.2290479999999917
 21
-67.6237330000000014
 31
0
  0
LINE
  5
217
330
22
100
AcDbEntity
  8
F.Cu
  6
CONTINUOUS
100
AcDbLine
 10
94.2290479999999917
 20
-67.6237330000000014
 30
0
 11
94.3932099999999963
 21
-67.5703929999999957
 31
0
  0
LINE
  5
218
330
22
100
AcDbEntity
  8
F.Cu
  6
CONTINUOUS
100
AcDbLine
 10
94.3932099999999963
 20
-67.5703929999999957
 30
0
 11
94.5636949999999956
 21
-67.5433909999999997
 31
0
  0
LINE
  5
219
330
22
100
AcDbEntity
  8
F.Cu
  6
CONTINUOUS
100
AcDbLine
 10
94.5636949999999956
 20
-67.5433909999999997
 30
0
 11
94.7363050000000015
 21
-67.5433909999999997
 31
0
  0
LINE
  5
21A
330
22
100
AcDbEntity
  8
F.Cu
  6
CONTINUOUS
100
AcDbLine
 10
94.7363050000000015
 20
-67.5433909999999997
 30
0
 11
94.9067900000000009
 21
-67.5703929999999957
 31
0
  0
LINE
  5
21B
330
22
100
AcDbEntity
  8
F.Cu
  6
CONTINUOUS
100
AcDbLine
 10
94.9067900000000009
 20
-67.5703929999999957
 30
0
 11
95.0709519999999912
 21
-67.6237330000000014
 31
0
  0
LINE
  5
21C
330
22
100
AcDbEntity
  8
F.Cu
  6
CONTINUOUS
100
AcDbLine
 10
95.0709519999999912
 20
-67.6237330000000014
 30
0
 11
95.2247479999999911
 21
-67.7020959999999974
 31
0
  0
LINE
  5
21D
330
22
100
AcDbEntity
  8
F.Cu
  6
CONTINUOUS
100
AcDbLine
 10
95.2247479999999911
 20
-67.7020959999999974
 30
0
 11
95.3643929999999926
 21
-67.8035529999999937
 31
0
  0
LINE
  5
21E
330
22
100
AcDbEntity
  8
F.Cu
  6
CONTINUOUS
100
AcDbLine
 10
95.3643929999999926
 20
-67.8035529999999937
 30
0
 11
95.4864469999999983
 21
-67.9256069999999994
 31
0
  0
LINE
  5
21F
330
22
100
AcDbEntity
  8
F.Cu
  6
CONTINUOUS
100
AcDbLine
 10
95.4864469999999983
 20
-67.9256069999999994
 30
0
 11
95.5879039999999947
 21
-68.065252000000001
 31
0
  0
LINE
  5
220
330
22
100
AcDbEntity
  8
F.Cu
  6
CONTINUOUS
100
AcDbLine
 10
95.5879039999999947
 20
-68.065252000000001
 30
0
 11
95.6662669999999906
 21
-68.2190480000000008
 31
0
  0
LINE
  5
221
330
22
100
AcDbEntity
  8
F.Cu
  6
CONTINUOUS
100
AcDbLine
 10
95.6662669999999906
 20
-68.2190480000000008
 30
0
 11
95.7196069999999963
 21
-68.3832099999999912
 31
0
  0
LINE
  5
222
330
22
100
AcDbEntity
  8
F.Cu
  6
CONTINUOUS
100
AcDbLine
 10
95.7196069999999963
 20
-68.3832099999999912
 30
0
 11
95.7444399999999973
 21
-68.539999999999992
 31
0
  0
LINE
  5
223
330
22
100
AcDbEntity
  8
F.Cu
  6
CONTINUOUS
100
AcDbLine
 10
95.7444399999999973
 20
-68.539999999999992
 30
0
 11
105.3015219999999914
 21
-68.539999999999992
 31
0
  0
LINE
  5
224
330
22
100
AcDbEntity
  8
F.Cu
  6
CONTINUOUS
100
AcDbLine
 10
105.3015219999999914
 20
-68.539999999999992
 30
0
 11
105.3210309999999907
 21
-68.5419210000000021
 31
0
  0
LINE
  5
225
330
22
100
AcDbEntity
  8
F.Cu
  6
CONTINUOUS
100
AcDbLine
 10
105.3210309999999907
 20
-68.5419210000000021
 30
0
 11
105.3570789999999988
 21
-68.5568530000000038
 31
0
  0
LINE
  5
226
330
22
100
AcDbEntity
  8
F.Cu
  6
CONTINUOUS
100
AcDbLine
 10
105.3570789999999988
 20
-68.5568530000000038
 30
0
 11
105.3722329999999943
 21
-68.5692889999999977
 31
0
  0
LINE
  5
227
330
22
100
AcDbEntity
  8
F.Cu
  6
CONTINUOUS
100
AcDbLine
 10
105.3722329999999943
 20
-68.5692889999999977
 30
0
 11
110.3929429999999883
 21
-73.5900000000000034
 31
0
  0
LINE
  5
228
330
22
100
AcDbEntity
  8
F.Cu
  6
CONTINUOUS
100
AcDbLine
 10
110.3929429999999883
 20
-73.5900000000000034
 30
0
 11
126.0599239999999952
 21
-73.5900000000000034
 31
0
  0
LINE
  5
229
330
22
100
AcDbEntity
  8
F.Cu
  6
CONTINUOUS
100
AcDbLine
 10
126.0599239999999952
 20
-73.5900000000000034
 30
0
 11
126.6749999999999972
 21
-72.9749240000000015
 31
0
  0
LINE
  5
22A
330
22
100
AcDbEntity
  8
F.Cu
  6
CONTINUOUS
100
AcDbLine
 10
126.6749999999999972
 20
-72.9749240000000015
 30
0
 11
126.6749999999999972
 21
-69.5236539999999934
 31
0
  0
LINE
  5
22B
330
22
100
AcDbEntity
  8
F.Cu
  6
CONTINUOUS
100
AcDbLine
 10
126.6749999999999972
 20
-69.5236539999999934
 30
0
 11
126.676920999999993
 21
-69.5041449999999941
 31
0
  0
LINE
  5
22C
330
22
100
AcDbEntity
  8
F.Cu
  6
CONTINUOUS
100
AcDbLine
 10
126.676920999999993
 20
-69.5041449999999941
 30
0
 11
126.6918529999999947
 21
-69.4680970000000002
 31
0
  0
LINE
  5
22D
330
22
100
AcDbEntity
  8
F.Cu
  6
CONTINUOUS
100
AcDbLine
 10
126.6918529999999947
 20
-69.4680970000000002
 30
0
 11
126.7042889999999886
 21
-69.4529429999999905
 31
0
  0
LINE
  5
22E
330
22
100
AcDbEntity
  8
F.Cu
  6
CONTINUOUS
100
AcDbLine
 10
126.7042889999999886
 20
-69.4529429999999905
 30
0
 11
127.8508739999999904
 21
-68.306358000000003
 31
0
  0
LINE
  5
22F
330
22
100
AcDbEntity
  8
F.Cu
  6
CONTINUOUS
100
AcDbLine
 10
127.8508739999999904
 20
-68.306358000000003
 30
0
 11
127.8416849999999982
 21
-68.3059069999999906
 31
0
  0
LINE
  5
230
330
22
100
AcDbEntity
  8
F.Cu
  6
CONTINUOUS
100
AcDbLine
 10
127.8416849999999982
 20
-68.3059069999999906
 30
0
 11
127.6782579999999996
 21
-68.2733989999999977
 31
0
  0
LINE
  5
231
330
22
100
AcDbEntity
  8
F.Cu
  6
CONTINUOUS
100
AcDbLine
 10
127.6782579999999996
 20
-68.2733989999999977
 30
0
 11
127.5243129999999923
 21
-68.2096329999999966
 31
0
  0
LINE
  5
232
330
22
100
AcDbEntity
  8
F.Cu
  6
CONTINUOUS
100
AcDbLine
 10
127.5243129999999923
 20
-68.2096329999999966
 30
0
 11
127.3857659999999896
 21
-68.1170589999999976
 31
0
  0
LINE
  5
233
330
22
100
AcDbEntity
  8
F.Cu
  6
CONTINUOUS
100
AcDbLine
 10
127.3857659999999896
 20
-68.1170589999999976
 30
0
 11
127.2679409999999933
 21
-67.9992340000000013
 31
0
  0
LINE
  5
234
330
22
100
AcDbEntity
  8
F.Cu
  6
CONTINUOUS
100
AcDbLine
 10
127.2679409999999933
 20
-67.9992340000000013
 30
0
 11
127.1753669999999943
 21
-67.8606869999999986
 31
0
  0
LINE
  5
235
330
22
100
AcDbEntity
  8
F.Cu
  6
CONTINUOUS
100
AcDbLine
 10
127.1753669999999943
 20
-67.8606869999999986
 30
0
 11
127.1116009999999932
 21
-67.7067419999999913
 31
0
  0
LINE
  5
236
330
22
100
AcDbEntity
  8
F.Cu
  6
CONTINUOUS
100
AcDbLine
 10
127.1116009999999932
 20
-67.7067419999999913
 30
0
 11
127.0790930000000003
 21
-67.5433149999999927
 31
0
  0
LINE
  5
237
330
22
100
AcDbEntity
  8
F.Cu
  6
CONTINUOUS
100
AcDbLine
 10
127.0790930000000003
 20
-67.5433149999999927
 30
0
 11
127.0790930000000003
 21
-67.3766849999999948
 31
0
  0
LINE
  5
238
330
22
100
AcDbEntity
  8
F.Cu
  6
CONTINUOUS
100
AcDbLine
 10
127.0790930000000003
 20
-67.3766849999999948
 30
0
 11
127.1116009999999932
 21
-67.2132579999999962
 31
0
  0
LINE
  5
239
330
22
100
AcDbEntity
  8
F.Cu
  6
CONTINUOUS
100
AcDbLine
 10
127.1116009999999932
 20
-67.2132579999999962
 30
0
 11
127.1753669999999943
 21
-67.0593130000000031
 31
0
  0
LINE
  5
23A
330
22
100
AcDbEntity
  8
F.Cu
  6
CONTINUOUS
100
AcDbLine
 10
127.1753669999999943
 20
-67.0593130000000031
 30
0
 11
127.2679409999999933
 21
-66.9207660000000004
 31
0
  0
LINE
  5
23B
330
22
100
AcDbEntity
  8
F.Cu
  6
CONTINUOUS
100
AcDbLine
 10
127.2679409999999933
 20
-66.9207660000000004
 30
0
 11
127.3857659999999896
 21
-66.8029409999999899
 31
0
  0
LINE
  5
23C
330
22
100
AcDbEntity
  8
F.Cu
  6
CONTINUOUS
100
AcDbLine
 10
127.3857659999999896
 20
-66.8029409999999899
 30
0
 11
127.5243129999999923
 21
-66.7103669999999909
 31
0
  0
LINE
  5
23D
330
22
100
AcDbEntity
  8
F.Cu
  6
CONTINUOUS
100
AcDbLine
 10
127.5243129999999923
 20
-66.7103669999999909
 30
0
 11
127.6782579999999996
 21
-66.646601000000004
 31
0
  0
LINE
  5
23E
330
22
100
AcDbEntity
  8
F.Cu
  6
CONTINUOUS
100
AcDbLine
 10
127.6782579999999996
 20
-66.646601000000004
 30
0
 11
127.8416849999999982
 21
-66.6140929999999969
 31
0
  0
LINE
  5
23F
330
22
100
AcDbEntity
  8
F.Cu
  6
CONTINUOUS
100
AcDbLine
 10
127.8416849999999982
 20
-66.6140929999999969
 30
0
 11
127.9249999999999972
 21
-66.6099999999999994
 31
0
  0
LINE
  5
240
330
22
100
AcDbEntity
  8
F.Cu
  6
CONTINUOUS
100
AcDbLine
 10
127.9249999999999972
 20
-66.6099999999999994
 30
0
 11
129.8249999999999886
 21
-66.6099999999999994
 31
0
  0
LINE
  5
241
330
22
100
AcDbEntity
  8
F.Cu
  6
CONTINUOUS
100
AcDbLine
 10
129.8249999999999886
 20
-66.6099999999999994
 30
0
 11
129.9083149999999875
 21
-66.6140929999999969
 31
0
  0
LINE
  5
242
330
22
100
AcDbEntity
  8
F.Cu
  6
CONTINUOUS
100
AcDbLine
 10
129.9083149999999875
 20
-71.6940929999999952
 30
0
 11
130.0717420000000004
 21
-71.7266010000000023
 31
0
  0
LINE
  5
243
330
22
100
AcDbEntity
  8
F.Cu
  6
CONTINUOUS
100
AcDbLine
 10
130.0717420000000004
 20
-71.7266010000000023
 30
0
 11
130.2256869999999935
 21
-71.7903670000000034
 31
0
  0
LINE
  5
244
330
22
100
AcDbEntity
  8
F.Cu
  6
CONTINUOUS
100
AcDbLine
 10
130.2256869999999935
 20
-71.7903670000000034
 30
0
 11
130.364233999999982
 21
-71.8829410000000024
 31
0
  0
LINE
  5
245
330
22
100
AcDbEntity
  8
F.Cu
  6
CONTINUOUS
100
AcDbLine
 10
130.364233999999982
 20
-71.8829410000000024
 30
0
 11
130.4820589999999925
 21
-72.0007659999999987
 31
0
  0
LINE
  5
246
330
22
100
AcDbEntity
  8
F.Cu
  6
CONTINUOUS
100
AcDbLine
 10
130.4820589999999925
 20
-72.0007659999999987
 30
0
 11
130.5746330000000057
 21
-72.1393130000000014
 31
0
  0
LINE
  5
247
330
22
100
AcDbEntity
  8
F.Cu
  6
CONTINUOUS
100
AcDbLine
 10
130.5746330000000057
 20
-72.1393130000000014
 30
0
 11
130.6383989999999926
 21
-72.2932579999999945
 31
0
  0
LINE
  5
248
330
22
100
AcDbEntity
  8
F.Cu
  6
CONTINUOUS
100
AcDbLine
 10
130.6383989999999926
 20
-72.2932579999999945
 30
0
 11
130.6709069999999997
 21
-72.4566849999999931
 31
0
  0
LINE
  5
249
330
22
100
AcDbEntity
  8
F.Cu
  6
CONTINUOUS
100
AcDbLine
 10
130.6709069999999997
 20
-72.4566849999999931
 30
0
 11
130.6709069999999997
 21
-72.623314999999991
 31
0
  0
LINE
  5
24A
330
22
100
AcDbEntity
  8
F.Cu
  6
CONTINUOUS
100
AcDbLine
 10
130.6709069999999997
 20
-72.623314999999991
 30
0
 11
130.6383989999999926
 21
-72.7867419999999896
 31
0
  0
LINE
  5
24B
330
22
100
AcDbEntity
  8
F.Cu
  6
CONTINUOUS
100
AcDbLine
 10
130.6383989999999926
 20
-72.7867419999999896
 30
0
 11
130.5746330000000057
 21
-72.9406869999999969
 31
0
  0
LINE
  5
24C
330
22
100
AcDbEntity
  8
F.Cu
  6
CONTINUOUS
100
AcDbLine
 10
130.5746330000000057
 20
-72.9406869999999969
 30
0
 11
130.4820589999999925
 21
-73.0792339999999996
 31
0
  0
LINE
  5
24D
330
22
100
AcDbEntity
  8
F.Cu
  6
CONTINUOUS
100
AcDbLine
 10
130.4820589999999925
 20
-73.0792339999999996
 30
0
 11
130.364233999999982
 21
-73.1970589999999959
 31
0
  0
LINE
  5
24E
330
22
100
AcDbEntity
  8
F.Cu
  6
CONTINUOUS
100
AcDbLine
 10
130.364233999999982
 20
-73.1970589999999959
 30
0
 11
130.2256869999999935
 21
-73.2896329999999949
 31
0
  0
LINE
  5
24F
330
22
100
AcDbEntity
  8
F.Cu
  6
CONTINUOUS
100
AcDbLine
 10
130.2256869999999935
 20
-73.2896329999999949
 30
0
 11
130.0717420000000004
 21
-73.353398999999996
 31
0
  0
LINE
  5
250
330
22
100
AcDbEntity
  8
F.Cu
  6
CONTINUOUS
100
AcDbLine
 10
130.0717420000000004
 20
-73.353398999999996
 30
0
 11
129.9083149999999875
 21
-73.3859070000000031
 31
0
  0
LINE
  5
251
330
22
100
AcDbEntity
  8
F.Cu
  6
CONTINUOUS
100
AcDbLine
 10
129.9083149999999875
 20
-73.3859070000000031
 30
0
 11
129.8249999999999886
 21
-73.3900000000000006
 31
0
  0
LINE
  5
252
330
22
100
AcDbEntity
  8
F.Cu
  6
CONTINUOUS
100
AcDbLine
 10
129.8249999999999886
 20
-73.3900000000000006
 30
0
 11
127.9249999999999972
 21
-73.3900000000000006
 31
0
  0
LINE
  5
253
330
22
100
AcDbEntity
  8
F.Cu
  6
CONTINUOUS
100
AcDbLine
 10
127.9249999999999972
 20
-73.3900000000000006
 30
0
 11
127.8416849999999982
 21
-73.3859070000000031
 31
0
  0
LINE
  5
254
330
22
100
AcDbEntity
  8
F.Cu
  6
CONTINUOUS
100
AcDbLine
 10
127.8416849999999982
 20
-73.3859070000000031
 30
0
 11
127.6782579999999996
 21
-73.353398999999996
 31
0
  0
LINE
  5
255
330
22
100
AcDbEntity
  8
F.Cu
  6
CONTINUOUS
100
AcDbLine
 10
127.6782579999999996
 20
-73.353398999999996
 30
0
 11
127.5243129999999923
 21
-73.2896329999999949
 31
0
  0
LINE
  5
256
330
22
100
AcDbEntity
  8
F.Cu
  6
CONTINUOUS
100
AcDbLine
 10
127.5243129999999923
 20
-73.2896329999999949
 30
0
 11
127.3857659999999896
 21
-73.1970589999999959
 31
0
  0
LINE
  5
257
330
22
100
AcDbEntity
  8
F.Cu
  6
CONTINUOUS
100
AcDbLine
 10
127.3857659999999896
 20
-73.1970589999999959
 30
0
 11
127.2679409999999933
 21
-73.0792339999999996
 31
0
  0
LINE
  5
258
330
22
100
AcDbEntity
  8
F.Cu
  6
CONTINUOUS
100
AcDbLine
 10
127.2679409999999933
 20
-73.0792339999999996
 30
0
 11
127.1753669999999943
 21
-72.9406869999999969
 31
0
  0
LINE
  5
259
330
22
100
AcDbEntity
  8
F.Cu
  6
CONTINUOUS
100
AcDbLine
 10
127.1753669999999943
 20
-72.9406869999999969
 30
0
 11
127.1116009999999932
 21
-72.7867419999999896
 31
0
  0
LINE
  5
25A
330
22
100
AcDbEntity
  8
F.Cu
  6
CONTINUOUS
100
AcDbLine
 10
127.1116009999999932
 20
-72.7867419999999896
 30
0
 11
127.0790930000000003
 21
-72.623314999999991
 31
0
  0
LINE
  5
25B
330
22
100
AcDbEntity
  8
F.Cu
  6
CONTINUOUS
100
AcDbLine
 10
127.0790930000000003
 20
-72.623314999999991
 30
0
 11
127.0790930000000003
 21
-72.4566849999999931
 31
0
  0
LINE
  5
25C
330
22
100
AcDbEntity
  8
F.Cu
  6
CONTINUOUS
100
AcDbLine
 10
127.0790930000000003
 20
-72.4566849999999931
 30
0
 11
127.1116009999999932
 21
-72.2932579999999945
 31
0
  0
LINE
  5
25D
330
22
100
AcDbEntity
  8
F.Cu
  6
CONTINUOUS
100
AcDbLine
 10
127.1116009999999932
 20
-72.2932579999999945
 30
0
 11
127.1753669999999943
 21
-72.1393130000000014
 31
0
  0
LINE
  5
25E
330
22
100
AcDbEntity
  8
F.Cu
  6
CONTINUOUS
100
AcDbLine
 10
127.1753669999999943
 20
-72.1393130000000014
 30
0
 11
127.2679409999999933
 21
-72.0007659999999987
 31
0
  0
LINE
  5
25F
330
22
100
AcDbEntity
  8
F.Cu
  6
CONTINUOUS
100
AcDbLine
 10
127.2679409999999933
 20
-72.0007659999999987
 30
0
 11
127.3857659999999896
 21
-71.8829410000000024
 31
0
  0
LINE
  5
260
330
22
100
AcDbEntity
  8
F.Cu
  6
CONTINUOUS
100
AcDbLine
 10
127.3857659999999896
 20
-71.8829410000000024
 30
0
 11
127.5243129999999923
 21
-71.7903670000000034
 31
0
  0
LINE
  5
261
330
22
100
AcDbEntity
  8
F.Cu
  6
CONTINUOUS
100
AcDbLine
 10
127.5243129999999923
 20
-71.7903670000000034
 30
0
 11
127.6782579999999996
 21
-71.7266010000000023
 31
0
  0
LINE
  5
262
330
22
100
AcDbEntity
  8
F.Cu
  6
CONTINUOUS
100
AcDbLine
 10
127.6782579999999996
 20
-71.7266010000000023
 30
0
 11
127.8416849999999982
 21
-71.6940929999999952
 31
0
  0
LINE
  5
263
330
22
100
AcDbEntity
  8
F.Cu
  6
CONTINUOUS
100
AcDbLine
 10
127.8416849999999982
 20
-71.6940929999999952
 30
0
 11
127.9249999999999972
 21
-71.6899999999999977
 31
0
  0
LINE
  5
264
330
22
100
AcDbEntity
  8
F.Cu
  6
CONTINUOUS
100
AcDbLine
 10
127.9249999999999972
 20
-71.6899999999999977
 30
0
 11
129.8249999999999886
 21
-71.6899999999999977
 31
0
  0
LINE
  5
265
330
22
100
AcDbEntity
  8
F.Cu
  6
CONTINUOUS
100
AcDbLine
 10
129.8249999999999886
 20
-71.6899999999999977
 30
0
 11
129.9083149999999875
 21
-71.6940929999999952
 31
0
  0
LINE
  5
266
330
22
100
AcDbEntity
  8
F.Cu
  6
CONTINUOUS
100
AcDbLine
 10
147.1583149999999875
 20
-71.6940929999999952
 30
0
 11
147.3217420000000004
 21
-71.7266010000000023
 31
0
  0
LINE
  5
267
330
22
100
AcDbEntity
  8
F.Cu
  6
CONTINUOUS
100
AcDbLine
 10
147.3217420000000004
 20
-71.7266010000000023
 30
0
 11
147.4756869999999935
 21
-71.7903670000000034
 31
0
  0
LINE
  5
268
330
22
100
AcDbEntity
  8
F.Cu
  6
CONTINUOUS
100
AcDbLine
 10
147.4756869999999935
 20
-71.7903670000000034
 30
0
 11
147.614233999999982
 21
-71.8829410000000024
 31
0
  0
LINE
  5
269
330
22
100
AcDbEntity
  8
F.Cu
  6
CONTINUOUS
100
AcDbLine
 10
147.614233999999982
 20
-71.8829410000000024
 30
0
 11
147.7320589999999925
 21
-72.0007659999999987
 31
0
  0
LINE
  5
26A
330
22
100
AcDbEntity
  8
F.Cu
  6
CONTINUOUS
100
AcDbLine
 10
147.7320589999999925
 20
-72.0007659999999987
 30
0
 11
147.8246330000000057
 21
-72.1393130000000014
 31
0
  0
LINE
  5
26B
330
22
100
AcDbEntity
  8
F.Cu
  6
CONTINUOUS
100
AcDbLine
 10
147.8246330000000057
 20
-72.1393130000000014
 30
0
 11
147.8883989999999926
 21
-72.2932579999999945
 31
0
  0
LINE
  5
26C
330
22
100
AcDbEntity
  8
F.Cu
  6
CONTINUOUS
100
AcDbLine
 10
147.8883989999999926
 20
-72.2932579999999945
 30
0
 11
147.9209069999999997
 21
-72.4566849999999931
 31
0
  0
LINE
  5
26D
330
22
100
AcDbEntity
  8
F.Cu
  6
CONTINUOUS
100
AcDbLine
 10
147.9209069999999997
 20
-72.4566849999999931
 30
0
 11
147.9209069999999997
 21
-72.623314999999991
 31
0
  0
LINE
  5
26E
330
22
100
AcDbEntity
  8
F.Cu
  6
CONTINUOUS
100
AcDbLine
 10
147.9209069999999997
 20
-72.623314999999991
 30
0
 11
147.8883989999999926
 21
-72.7867419999999896
 31
0
  0
LINE
  5
26F
330
22
100
AcDbEntity
  8
F.Cu
  6
CONTINUOUS
100
AcDbLine
 10
147.8883989999999926
 20
-72.7867419999999896
 30
0
 11
147.8246330000000057
 21
-72.9406869999999969
 31
0
  0
LINE
  5
270
330
22
100
AcDbEntity
  8
F.Cu
  6
CONTINUOUS
100
AcDbLine
 10
147.8246330000000057
 20
-72.9406869999999969
 30
0
 11
147.7320589999999925
 21
-73.0792339999999996
 31
0
  0
LINE
  5
271
330
22
100
AcDbEntity
  8
F.Cu
  6
CONTINUOUS
100
AcDbLine
 10
147.7320589999999925
 20
-73.0792339999999996
 30
0
 11
147.614233999999982
 21
-73.1970589999999959
 31
0
  0
LINE
  5
272
330
22
100
AcDbEntity
  8
F.Cu
  6
CONTINUOUS
100
AcDbLine
 10
147.614233999999982
 20
-73.1970589999999959
 30
0
 11
147.4756869999999935
 21
-73.2896329999999949
 31
0
  0
LINE
  5
273
330
22
100
AcDbEntity
  8
F.Cu
  6
CONTINUOUS
100
AcDbLine
 10
147.4756869999999935
 20
-73.2896329999999949
 30
0
 11
147.3217420000000004
 21
-73.353398999999996
 31
0
  0
LINE
  5
274
330
22
100
AcDbEntity
  8
F.Cu
  6
CONTINUOUS
100
AcDbLine
 10
147.3217420000000004
 20
-73.353398999999996
 30
0
 11
147.1583149999999875
 21
-73.3859070000000031
 31
0
  0
LINE
  5
275
330
22
100
AcDbEntity
  8
F.Cu
  6
CONTINUOUS
100
AcDbLine
 10
147.1583149999999875
 20
-73.3859070000000031
 30
0
 11
147.0749999999999886
 21
-73.3900000000000006
 31
0
  0
LINE
  5
276
330
22
100
AcDbEntity
  8
F.Cu
  6
CONTINUOUS
100
AcDbLine
 10
147.0749999999999886
 20
-73.3900000000000006
 30
0
 11
145.1749999999999829
 21
-73.3900000000000006
 31
0
  0
LINE
  5
277
330
22
100
AcDbEntity
  8
F.Cu
  6
CONTINUOUS
100
AcDbLine
 10
145.1749999999999829
 20
-73.3900000000000006
 30
0
 11
145.091684999999984
 21
-73.3859070000000031
 31
0
  0
LINE
  5
278
330
22
100
AcDbEntity
  8
F.Cu
  6
CONTINUOUS
100
AcDbLine
 10
145.091684999999984
 20
-73.3859070000000031
 30
0
 11
144.9282579999999996
 21
-73.353398999999996
 31
0
  0
LINE
  5
279
330
22
100
AcDbEntity
  8
F.Cu
  6
CONTINUOUS
100
AcDbLine
 10
144.9282579999999996
 20
-73.353398999999996
 30
0
 11
144.7743130000000065
 21
-73.2896329999999949
 31
0
  0
LINE
  5
27A
330
22
100
AcDbEntity
  8
F.Cu
  6
CONTINUOUS
100
AcDbLine
 10
144.7743130000000065
 20
-73.2896329999999949
 30
0
 11
144.6357659999999896
 21
-73.1970589999999959
 31
0
  0
LINE
  5
27B
330
22
100
AcDbEntity
  8
F.Cu
  6
CONTINUOUS
100
AcDbLine
 10
144.6357659999999896
 20
-73.1970589999999959
 30
0
 11
144.5179410000000075
 21
-73.0792339999999996
 31
0
  0
LINE
  5
27C
330
22
100
AcDbEntity
  8
F.Cu
  6
CONTINUOUS
100
AcDbLine
 10
144.5179410000000075
 20
-73.0792339999999996
 30
0
 11
144.4253669999999943
 21
-72.9406869999999969
 31
0
  0
LINE
  5
27D
330
22
100
AcDbEntity
  8
F.Cu
  6
CONTINUOUS
100
AcDbLine
 10
144.4253669999999943
 20
-72.9406869999999969
 30
0
 11
144.3616010000000074
 21
-72.7867419999999896
 31
0
  0
LINE
  5
27E
330
22
100
AcDbEntity
  8
F.Cu
  6
CONTINUOUS
100
AcDbLine
 10
144.3616010000000074
 20
-72.7867419999999896
 30
0
 11
144.3290930000000003
 21
-72.623314999999991
 31
0
  0
LINE
  5
27F
330
22
100
AcDbEntity
  8
F.Cu
  6
CONTINUOUS
100
AcDbLine
 10
144.3290930000000003
 20
-72.623314999999991
 30
0
 11
144.3290930000000003
 21
-72.4566849999999931
 31
0
  0
LINE
  5
280
330
22
100
AcDbEntity
  8
F.Cu
  6
CONTINUOUS
100
AcDbLine
 10
144.3290930000000003
 20
-72.4566849999999931
 30
0
 11
144.3616010000000074
 21
-72.2932579999999945
 31
0
  0
LINE
  5
281
330
22
100
AcDbEntity
  8
F.Cu
  6
CONTINUOUS
100
AcDbLine
 10
144.3616010000000074
 20
-72.2932579999999945
 30
0
 11
144.4253669999999943
 21
-72.1393130000000014
 31
0
  0
LINE
  5
282
330
22
100
AcDbEntity
  8
F.Cu
  6
CONTINUOUS
100
AcDbLine
 10
144.4253669999999943
 20
-72.1393130000000014
 30
0
 11
144.5179410000000075
 21
-72.0007659999999987
 31
0
  0
LINE
  5
283
330
22
100
AcDbEntity
  8
F.Cu
  6
CONTINUOUS
100
AcDbLine
 10
144.5179410000000075
 20
-72.0007659999999987
 30
0
 11
144.6357659999999896
 21
-71.8829410000000024
 31
0
  0
LINE
  5
284
330
22
100
AcDbEntity
  8
F.Cu
  6
CONTINUOUS
100
AcDbLine
 10
144.6357659999999896
 20
-71.8829410000000024
 30
0
 11
144.7743130000000065
 21
-71.7903670000000034
 31
0
  0
LINE
  5
285
330
22
100
AcDbEntity
  8
F.Cu
  6
CONTINUOUS
100
AcDbLine
 10
144.7743130000000065
 20
-71.7903670000000034
 30
0
 11
144.9282579999999996
 21
-71.7266010000000023
 31
0
  0
LINE
  5
286
330
22
100
AcDbEntity
  8
F.Cu
  6
CONTINUOUS
100
AcDbLine
 10
144.9282579999999996
 20
-71.7266010000000023
 30
0
 11
145.091684999999984
 21
-71.6940929999999952
 31
0
  0
LINE
  5
287
330
22
100
AcDbEntity
  8
F.Cu
  6
CONTINUOUS
100
AcDbLine
 10
145.091684999999984
 20
-71.6940929999999952
 30
0
 11
145.1749999999999829
 21
-71.6899999999999977
 31
0
  0
LINE
  5
288
330
22
100
AcDbEntity
  8
F.Cu
  6
CONTINUOUS
100
AcDbLine
 10
145.1749999999999829
 20
-71.6899999999999977
 30
0
 11
147.0749999999999886
 21
-71.6899999999999977
 31
0
  0
LINE
  5
289
330
22
100
AcDbEntity
  8
F.Cu
  6
CONTINUOUS
100
AcDbLine
 10
147.0749999999999886
 20
-71.6899999999999977
 30
0
 11
147.1583149999999875
 21
-71.6940929999999952
 31
0
  0
LINE
  5
28A
330
22
100
AcDbEntity
  8
F.Cu
  6
CONTINUOUS
100
AcDbLine
 10
111.1425389999999993
 20
-68.5201840000000004
 30
0
 11
111.1882939999999991
 21
-68.5729879999999952
 31
0
  0
LINE
  5
28B
330
22
100
AcDbEntity
  8
F.Cu
  6
CONTINUOUS
100
AcDbLine
 10
111.1882939999999991
 20
-68.5729879999999952
 30
0
 11
111.1995000000000005
 21
-68.6244990000000001
 31
0
  0
LINE
  5
28C
330
22
100
AcDbEntity
  8
F.Cu
  6
CONTINUOUS
100
AcDbLine
 10
111.1995000000000005
 20
-68.6244990000000001
 30
0
 11
111.1995000000000005
 21
-68.7920969999999983
 31
0
  0
LINE
  5
28D
330
22
100
AcDbEntity
  8
F.Cu
  6
CONTINUOUS
100
AcDbLine
 10
111.1995000000000005
 20
-68.7920969999999983
 30
0
 11
111.2730099999999993
 21
-68.8656069999999971
 31
0
  0
LINE
  5
28E
330
22
100
AcDbEntity
  8
F.Cu
  6
CONTINUOUS
100
AcDbLine
 10
111.2730099999999993
 20
-68.8656069999999971
 30
0
 11
111.3819209999999913
 21
-69.0286030000000039
 31
0
  0
LINE
  5
28F
330
22
100
AcDbEntity
  8
F.Cu
  6
CONTINUOUS
100
AcDbLine
 10
111.3819209999999913
 20
-69.0286030000000039
 30
0
 11
111.4569399999999888
 21
-69.2097150000000028
 31
0
  0
LINE
  5
290
330
22
100
AcDbEntity
  8
F.Cu
  6
CONTINUOUS
100
AcDbLine
 10
111.4569399999999888
 20
-69.2097150000000028
 30
0
 11
111.4951849999999922
 21
-69.4019830000000013
 31
0
  0
LINE
  5
291
330
22
100
AcDbEntity
  8
F.Cu
  6
CONTINUOUS
100
AcDbLine
 10
111.4951849999999922
 20
-69.4019830000000013
 30
0
 11
111.4951849999999922
 21
-69.5980169999999987
 31
0
  0
LINE
  5
292
330
22
100
AcDbEntity
  8
F.Cu
  6
CONTINUOUS
100
AcDbLine
 10
111.4951849999999922
 20
-69.5980169999999987
 30
0
 11
111.4569399999999888
 21
-69.7902849999999972
 31
0
  0
LINE
  5
293
330
22
100
AcDbEntity
  8
F.Cu
  6
CONTINUOUS
100
AcDbLine
 10
111.4569399999999888
 20
-69.7902849999999972
 30
0
 11
111.3819209999999913
 21
-69.9713969999999961
 31
0
  0
LINE
  5
294
330
22
100
AcDbEntity
  8
F.Cu
  6
CONTINUOUS
100
AcDbLine
 10
111.3819209999999913
 20
-69.9713969999999961
 30
0
 11
111.2730099999999993
 21
-70.1343930000000029
 31
0
  0
LINE
  5
295
330
22
100
AcDbEntity
  8
F.Cu
  6
CONTINUOUS
100
AcDbLine
 10
111.2730099999999993
 20
-70.1343930000000029
 30
0
 11
111.1995000000000005
 21
-70.2079030000000017
 31
0
  0
LINE
  5
296
330
22
100
AcDbEntity
  8
F.Cu
  6
CONTINUOUS
100
AcDbLine
 10
111.1995000000000005
 20
-70.2079030000000017
 30
0
 11
111.1995000000000005
 21
-70.3999019999999973
 31
0
  0
LINE
  5
297
330
22
100
AcDbEntity
  8
F.Cu
  6
CONTINUOUS
100
AcDbLine
 10
111.1995000000000005
 20
-70.3999019999999973
 30
0
 11
111.1798149999999907
 21
-70.4669409999999914
 31
0
  0
LINE
  5
298
330
22
100
AcDbEntity
  8
F.Cu
  6
CONTINUOUS
100
AcDbLine
 10
111.1798149999999907
 20
-70.4669409999999914
 30
0
 11
111.1631849999999986
 21
-70.4875779999999992
 31
0
  0
LINE
  5
299
330
22
100
AcDbEntity
  8
F.Cu
  6
CONTINUOUS
100
AcDbLine
 10
111.1631849999999986
 20
-70.4875779999999992
 30
0
 11
111.1323519999999974
 21
-70.5184119999999979
 31
0
  0
LINE
  5
29A
330
22
100
AcDbEntity
  8
F.Cu
  6
CONTINUOUS
100
AcDbLine
 10
111.1323519999999974
 20
-70.5184119999999979
 30
0
 11
111.1035629999999941
 21
-70.5472010000000012
 31
0
  0
LINE
  5
29B
330
22
100
AcDbEntity
  8
F.Cu
  6
CONTINUOUS
100
AcDbLine
 10
111.1035629999999941
 20
-70.5472010000000012
 30
0
 11
111.042238999999995
 21
-70.5806850000000026
 31
0
  0
LINE
  5
29C
330
22
100
AcDbEntity
  8
F.Cu
  6
CONTINUOUS
100
AcDbLine
 10
111.042238999999995
 20
-70.5806850000000026
 30
0
 11
110.977564000000001
 21
-70.5774499999999989
 31
0
  0
LINE
  5
29D
330
22
100
AcDbEntity
  8
F.Cu
  6
CONTINUOUS
100
AcDbLine
 10
110.977564000000001
 20
-70.5774499999999989
 30
0
 11
110.8513699999999886
 21
-70.5364469999999955
 31
0
  0
LINE
  5
29E
330
22
100
AcDbEntity
  8
F.Cu
  6
CONTINUOUS
100
AcDbLine
 10
110.8513699999999886
 20
-70.5364469999999955
 30
0
 11
110.6180969999999917
 21
-70.4994999999999976
 31
0
  0
LINE
  5
29F
330
22
100
AcDbEntity
  8
F.Cu
  6
CONTINUOUS
100
AcDbLine
 10
110.6180969999999917
 20
-70.4994999999999976
 30
0
 11
110.6180919999999901
 21
-70.4994999999999976
 31
0
  0
LINE
  5
2A0
330
22
100
AcDbEntity
  8
F.Cu
  6
CONTINUOUS
100
AcDbLine
 10
110.6180919999999901
 20
-70.4994999999999976
 30
0
 11
110.3819079999999957
 21
-70.4994999999999976
 31
0
  0
LINE
  5
2A1
330
22
100
AcDbEntity
  8
F.Cu
  6
CONTINUOUS
100
AcDbLine
 10
110.3819079999999957
 20
-70.4994999999999976
 30
0
 11
110.3819029999999941
 21
-70.4994999999999976
 31
0
  0
LINE
  5
2A2
330
22
100
AcDbEntity
  8
F.Cu
  6
CONTINUOUS
100
AcDbLine
 10
110.3819029999999941
 20
-70.4994999999999976
 30
0
 11
110.1486309999999946
 21
-70.536445999999998
 31
0
  0
LINE
  5
2A3
330
22
100
AcDbEntity
  8
F.Cu
  6
CONTINUOUS
100
AcDbLine
 10
110.1486309999999946
 20
-70.536445999999998
 30
0
 11
109.924002999999999
 21
-70.6094329999999957
 31
0
  0
LINE
  5
2A4
330
22
100
AcDbEntity
  8
F.Cu
  6
CONTINUOUS
100
AcDbLine
 10
109.924002999999999
 20
-70.6094329999999957
 30
0
 11
109.7135660000000001
 21
-70.7166569999999979
 31
0
  0
LINE
  5
2A5
330
22
100
AcDbEntity
  8
F.Cu
  6
CONTINUOUS
100
AcDbLine
 10
109.7135660000000001
 20
-70.7166569999999979
 30
0
 11
109.6276840000000021
 21
-70.7790549999999996
 31
0
  0
LINE
  5
2A6
330
22
100
AcDbEntity
  8
F.Cu
  6
CONTINUOUS
100
AcDbLine
 10
109.6276840000000021
 20
-70.7790549999999996
 30
0
 11
109.5224899999999906
 21
-70.8554829999999924
 31
0
  0
LINE
  5
2A7
330
22
100
AcDbEntity
  8
F.Cu
  6
CONTINUOUS
100
AcDbLine
 10
109.5224899999999906
 20
-70.8554829999999924
 30
0
 11
109.5224879999999956
 21
-70.8554850000000016
 31
0
  0
LINE
  5
2A8
330
22
100
AcDbEntity
  8
F.Cu
  6
CONTINUOUS
100
AcDbLine
 10
109.5224879999999956
 20
-70.8554850000000016
 30
0
 11
109.5224869999999981
 21
-70.8554850000000016
 31
0
  0
LINE
  5
2A9
330
22
100
AcDbEntity
  8
F.Cu
  6
CONTINUOUS
100
AcDbLine
 10
109.5224869999999981
 20
-70.8554850000000016
 30
0
 11
109.3554850000000016
 21
-71.0224869999999981
 31
0
  0
LINE
  5
2AA
330
22
100
AcDbEntity
  8
F.Cu
  6
CONTINUOUS
100
AcDbLine
 10
109.3554850000000016
 20
-71.0224869999999981
 30
0
 11
109.3554850000000016
 21
-71.0224879999999956
 31
0
  0
LINE
  5
2AB
330
22
100
AcDbEntity
  8
F.Cu
  6
CONTINUOUS
100
AcDbLine
 10
109.3554850000000016
 20
-71.0224879999999956
 30
0
 11
109.3554829999999924
 21
-71.0224899999999906
 31
0
  0
LINE
  5
2AC
330
22
100
AcDbEntity
  8
F.Cu
  6
CONTINUOUS
100
AcDbLine
 10
109.3554829999999924
 20
-71.0224899999999906
 30
0
 11
109.3219029999999918
 21
-71.0687089999999984
 31
0
  0
LINE
  5
2AD
330
22
100
AcDbEntity
  8
F.Cu
  6
CONTINUOUS
100
AcDbLine
 10
109.3219029999999918
 20
-71.0687089999999984
 30
0
 11
109.2166549999999887
 21
-71.2135679999999951
 31
0
  0
LINE
  5
2AE
330
22
100
AcDbEntity
  8
F.Cu
  6
CONTINUOUS
100
AcDbLine
 10
109.2166549999999887
 20
-71.2135679999999951
 30
0
 11
109.1279559999999975
 21
-71.3876489999999961
 31
0
  0
LINE
  5
2AF
330
22
100
AcDbEntity
  8
F.Cu
  6
CONTINUOUS
100
AcDbLine
 10
109.1279559999999975
 20
-71.3876489999999961
 30
0
 11
109.0799820000000011
 21
-71.4384439999999898
 31
0
  0
LINE
  5
2B0
330
22
100
AcDbEntity
  8
F.Cu
  6
CONTINUOUS
100
AcDbLine
 10
109.0799820000000011
 20
-71.4384439999999898
 30
0
 11
109.0121609999999919
 21
-71.4552389999999917
 31
0
  0
LINE
  5
2B1
330
22
100
AcDbEntity
  8
F.Cu
  6
CONTINUOUS
100
AcDbLine
 10
109.0121609999999919
 20
-71.4552389999999917
 30
0
 11
108.9460259999999892
 21
-71.4327009999999945
 31
0
  0
LINE
  5
2B2
330
22
100
AcDbEntity
  8
F.Cu
  6
CONTINUOUS
100
AcDbLine
 10
108.9460259999999892
 20
-71.4327009999999945
 30
0
 11
108.9297909999999945
 21
-71.4190339999999964
 31
0
  0
LINE
  5
2B3
330
22
100
AcDbEntity
  8
F.Cu
  6
CONTINUOUS
100
AcDbLine
 10
108.9297909999999945
 20
-71.4190339999999964
 30
0
 11
106.3830389999999966
 21
-68.8722819999999984
 31
0
  0
LINE
  5
2B4
330
22
100
AcDbEntity
  8
F.Cu
  6
CONTINUOUS
100
AcDbLine
 10
106.3830389999999966
 20
-68.8722819999999984
 30
0
 11
106.3495539999999977
 21
-68.8109589999999969
 31
0
  0
LINE
  5
2B5
330
22
100
AcDbEntity
  8
F.Cu
  6
CONTINUOUS
100
AcDbLine
 10
106.3495539999999977
 20
-68.8109589999999969
 30
0
 11
106.3545379999999909
 21
-68.7412669999999935
 31
0
  0
LINE
  5
2B6
330
22
100
AcDbEntity
  8
F.Cu
  6
CONTINUOUS
100
AcDbLine
 10
106.3545379999999909
 20
-68.7412669999999935
 30
0
 11
106.3964099999999888
 21
-68.6853339999999974
 31
0
  0
LINE
  5
2B7
330
22
100
AcDbEntity
  8
F.Cu
  6
CONTINUOUS
100
AcDbLine
 10
106.3964099999999888
 20
-68.6853339999999974
 30
0
 11
106.4618739999999946
 21
-68.6609169999999978
 31
0
  0
LINE
  5
2B8
330
22
100
AcDbEntity
  8
F.Cu
  6
CONTINUOUS
100
AcDbLine
 10
106.4618739999999946
 20
-68.6609169999999978
 30
0
 11
106.47072
 21
-68.6606009999999998
 31
0
  0
LINE
  5
2B9
330
22
100
AcDbEntity
  8
F.Cu
  6
CONTINUOUS
100
AcDbLine
 10
106.47072
 20
-68.6606009999999998
 30
0
 11
109.3532299999999964
 21
-68.6606009999999998
 31
0
  0
LINE
  5
2BA
330
22
100
AcDbEntity
  8
F.Cu
  6
CONTINUOUS
100
AcDbLine
 10
109.3532299999999964
 20
-68.6606009999999998
 30
0
 11
109.3532459999999986
 21
-68.6606019999999972
 31
0
  0
LINE
  5
2BB
330
22
100
AcDbEntity
  8
F.Cu
  6
CONTINUOUS
100
AcDbLine
 10
109.3532459999999986
 20
-68.6606019999999972
 30
0
 11
109.360841999999991
 21
-68.6606019999999972
 31
0
  0
LINE
  5
2BC
330
22
100
AcDbEntity
  8
F.Cu
  6
CONTINUOUS
100
AcDbLine
 10
109.360841999999991
 20
-68.6606019999999972
 30
0
 11
109.5189529999999962
 21
-68.6606019999999972
 31
0
  0
LINE
  5
2BD
330
22
100
AcDbEntity
  8
F.Cu
  6
CONTINUOUS
100
AcDbLine
 10
109.5189529999999962
 20
-68.6606019999999972
 30
0
 11
109.5189559999999886
 21
-68.6606019999999972
 31
0
  0
LINE
  5
2BE
330
22
100
AcDbEntity
  8
F.Cu
  6
CONTINUOUS
100
AcDbLine
 10
109.5189559999999886
 20
-68.6606019999999972
 30
0
 11
109.6716839999999991
 21
-68.6196779999999933
 31
0
  0
LINE
  5
2BF
330
22
100
AcDbEntity
  8
F.Cu
  6
CONTINUOUS
100
AcDbLine
 10
109.6716839999999991
 20
-68.6196779999999933
 30
0
 11
109.7218029999999942
 21
-68.5907399999999967
 31
0
  0
LINE
  5
2C0
330
22
100
AcDbEntity
  8
F.Cu
  6
CONTINUOUS
100
AcDbLine
 10
109.7218029999999942
 20
-68.5907399999999967
 30
0
 11
109.808614999999989
 21
-68.5406210000000016
 31
0
  0
LINE
  5
2C1
330
22
100
AcDbEntity
  8
F.Cu
  6
CONTINUOUS
100
AcDbLine
 10
109.808614999999989
 20
-68.5406210000000016
 30
0
 11
109.8086179999999956
 21
-68.5406179999999949
 31
0
  0
LINE
  5
2C2
330
22
100
AcDbEntity
  8
F.Cu
  6
CONTINUOUS
100
AcDbLine
 10
109.8086179999999956
 20
-68.5406179999999949
 30
0
 11
109.8124189999999913
 21
-68.5368179999999967
 31
0
  0
LINE
  5
2C3
330
22
100
AcDbEntity
  8
F.Cu
  6
CONTINUOUS
100
AcDbLine
 10
109.8124189999999913
 20
-68.5368179999999967
 30
0
 11
109.8737419999999929
 21
-68.5033329999999978
 31
0
  0
LINE
  5
2C4
330
22
100
AcDbEntity
  8
F.Cu
  6
CONTINUOUS
100
AcDbLine
 10
109.8737419999999929
 20
-68.5033329999999978
 30
0
 11
109.9000999999999948
 21
-68.5004989999999907
 31
0
  0
LINE
  5
2C5
330
22
100
AcDbEntity
  8
F.Cu
  6
CONTINUOUS
100
AcDbLine
 10
109.9000999999999948
 20
-68.5004989999999907
 30
0
 11
111.075499999999991
 21
-68.5004989999999907
 31
0
  0
LINE
  5
2C6
330
22
100
AcDbEntity
  8
F.Cu
  6
CONTINUOUS
100
AcDbLine
 10
111.075499999999991
 20
-68.5004989999999907
 30
0
 11
111.1425389999999993
 21
-68.5201840000000004
 31
0
  0
LINE
  5
2C7
330
22
100
AcDbEntity
  8
F.Cu
  6
CONTINUOUS
100
AcDbLine
 10
129.9083149999999875
 20
-69.1540930000000031
 30
0
 11
130.0717420000000004
 21
-69.186600999999996
 31
0
  0
LINE
  5
2C8
330
22
100
AcDbEntity
  8
F.Cu
  6
CONTINUOUS
100
AcDbLine
 10
130.0717420000000004
 20
-69.186600999999996
 30
0
 11
130.2256869999999935
 21
-69.2503669999999971
 31
0
  0
LINE
  5
2C9
330
22
100
AcDbEntity
  8
F.Cu
  6
CONTINUOUS
100
AcDbLine
 10
130.2256869999999935
 20
-69.2503669999999971
 30
0
 11
130.364233999999982
 21
-69.3429409999999962
 31
0
  0
LINE
  5
2CA
330
22
100
AcDbEntity
  8
F.Cu
  6
CONTINUOUS
100
AcDbLine
 10
130.364233999999982
 20
-69.3429409999999962
 30
0
 11
130.4820589999999925
 21
-69.4607659999999925
 31
0
  0
LINE
  5
2CB
330
22
100
AcDbEntity
  8
F.Cu
  6
CONTINUOUS
100
AcDbLine
 10
130.4820589999999925
 20
-69.4607659999999925
 30
0
 11
130.5746330000000057
 21
-69.5993129999999951
 31
0
  0
LINE
  5
2CC
330
22
100
AcDbEntity
  8
F.Cu
  6
CONTINUOUS
100
AcDbLine
 10
130.5746330000000057
 20
-69.5993129999999951
 30
0
 11
130.6383989999999926
 21
-69.7532580000000024
 31
0
  0
LINE
  5
2CD
330
22
100
AcDbEntity
  8
F.Cu
  6
CONTINUOUS
100
AcDbLine
 10
130.6383989999999926
 20
-69.7532580000000024
 30
0
 11
130.6709069999999997
 21
-69.9166850000000011
 31
0
  0
LINE
  5
2CE
330
22
100
AcDbEntity
  8
F.Cu
  6
CONTINUOUS
100
AcDbLine
 10
130.6709069999999997
 20
-69.9166850000000011
 30
0
 11
130.6709069999999997
 21
-70.0833149999999989
 31
0
  0
LINE
  5
2CF
330
22
100
AcDbEntity
  8
F.Cu
  6
CONTINUOUS
100
AcDbLine
 10
130.6709069999999997
 20
-70.0833149999999989
 30
0
 11
130.6383989999999926
 21
-70.2467419999999976
 31
0
  0
LINE
  5
2D0
330
22
100
AcDbEntity
  8
F.Cu
  6
CONTINUOUS
100
AcDbLine
 10
130.6383989999999926
 20
-70.2467419999999976
 30
0
 11
130.5746330000000057
 21
-70.4006869999999907
 31
0
  0
LINE
  5
2D1
330
22
100
AcDbEntity
  8
F.Cu
  6
CONTINUOUS
100
AcDbLine
 10
130.5746330000000057
 20
-70.4006869999999907
 30
0
 11
130.4820589999999925
 21
-70.5392339999999933
 31
0
  0
LINE
  5
2D2
330
22
100
AcDbEntity
  8
F.Cu
  6
CONTINUOUS
100
AcDbLine
 10
130.4820589999999925
 20
-70.5392339999999933
 30
0
 11
130.364233999999982
 21
-70.6570590000000038
 31
0
  0
LINE
  5
2D3
330
22
100
AcDbEntity
  8
F.Cu
  6
CONTINUOUS
100
AcDbLine
 10
130.364233999999982
 20
-70.6570590000000038
 30
0
 11
130.2256869999999935
 21
-70.7496330000000029
 31
0
  0
LINE
  5
2D4
330
22
100
AcDbEntity
  8
F.Cu
  6
CONTINUOUS
100
AcDbLine
 10
130.2256869999999935
 20
-70.7496330000000029
 30
0
 11
130.0717420000000004
 21
-70.8133989999999898
 31
0
  0
LINE
  5
2D5
330
22
100
AcDbEntity
  8
F.Cu
  6
CONTINUOUS
100
AcDbLine
 10
130.0717420000000004
 20
-70.8133989999999898
 30
0
 11
129.9083149999999875
 21
-70.8459069999999969
 31
0
  0
LINE
  5
2D6
330
22
100
AcDbEntity
  8
F.Cu
  6
CONTINUOUS
100
AcDbLine
 10
129.9083149999999875
 20
-70.8459069999999969
 30
0
 11
129.8249999999999886
 21
-70.8499999999999943
 31
0
  0
LINE
  5
2D7
330
22
100
AcDbEntity
  8
F.Cu
  6
CONTINUOUS
100
AcDbLine
 10
129.8249999999999886
 20
-70.8499999999999943
 30
0
 11
127.9249999999999972
 21
-70.8499999999999943
 31
0
  0
LINE
  5
2D8
330
22
100
AcDbEntity
  8
F.Cu
  6
CONTINUOUS
100
AcDbLine
 10
127.9249999999999972
 20
-70.8499999999999943
 30
0
 11
127.8416849999999982
 21
-70.8459069999999969
 31
0
  0
LINE
  5
2D9
330
22
100
AcDbEntity
  8
F.Cu
  6
CONTINUOUS
100
AcDbLine
 10
127.8416849999999982
 20
-70.8459069999999969
 30
0
 11
127.6782579999999996
 21
-70.8133989999999898
 31
0
  0
LINE
  5
2DA
330
22
100
AcDbEntity
  8
F.Cu
  6
CONTINUOUS
100
AcDbLine
 10
127.6782579999999996
 20
-70.8133989999999898
 30
0
 11
127.5243129999999923
 21
-70.7496330000000029
 31
0
  0
LINE
  5
2DB
330
22
100
AcDbEntity
  8
F.Cu
  6
CONTINUOUS
100
AcDbLine
 10
127.5243129999999923
 20
-70.7496330000000029
 30
0
 11
127.3857659999999896
 21
-70.6570590000000038
 31
0
  0
LINE
  5
2DC
330
22
100
AcDbEntity
  8
F.Cu
  6
CONTINUOUS
100
AcDbLine
 10
127.3857659999999896
 20
-70.6570590000000038
 30
0
 11
127.2679409999999933
 21
-70.5392339999999933
 31
0
  0
LINE
  5
2DD
330
22
100
AcDbEntity
  8
F.Cu
  6
CONTINUOUS
100
AcDbLine
 10
127.2679409999999933
 20
-70.5392339999999933
 30
0
 11
127.1753669999999943
 21
-70.4006869999999907
 31
0
  0
LINE
  5
2DE
330
22
100
AcDbEntity
  8
F.Cu
  6
CONTINUOUS
100
AcDbLine
 10
127.1753669999999943
 20
-70.4006869999999907
 30
0
 11
127.1116009999999932
 21
-70.2467419999999976
 31
0
  0
LINE
  5
2DF
330
22
100
AcDbEntity
  8
F.Cu
  6
CONTINUOUS
100
AcDbLine
 10
127.1116009999999932
 20
-70.2467419999999976
 30
0
 11
127.0790930000000003
 21
-70.0833149999999989
 31
0
  0
LINE
  5
2E0
330
22
100
AcDbEntity
  8
F.Cu
  6
CONTINUOUS
100
AcDbLine
 10
127.0790930000000003
 20
-70.0833149999999989
 30
0
 11
127.0790930000000003
 21
-69.9166850000000011
 31
0
  0
LINE
  5
2E1
330
22
100
AcDbEntity
  8
F.Cu
  6
CONTINUOUS
100
AcDbLine
 10
127.0790930000000003
 20
-69.9166850000000011
 30
0
 11
127.1116009999999932
 21
-69.7532580000000024
 31
0
  0
LINE
  5
2E2
330
22
100
AcDbEntity
  8
F.Cu
  6
CONTINUOUS
100
AcDbLine
 10
127.1116009999999932
 20
-69.7532580000000024
 30
0
 11
127.1753669999999943
 21
-69.5993129999999951
 31
0
  0
LINE
  5
2E3
330
22
100
AcDbEntity
  8
F.Cu
  6
CONTINUOUS
100
AcDbLine
 10
127.1753669999999943
 20
-69.5993129999999951
 30
0
 11
127.2679409999999933
 21
-69.4607659999999925
 31
0
  0
LINE
  5
2E4
330
22
100
AcDbEntity
  8
F.Cu
  6
CONTINUOUS
100
AcDbLine
 10
127.2679409999999933
 20
-69.4607659999999925
 30
0
 11
127.3857659999999896
 21
-69.3429409999999962
 31
0
  0
LINE
  5
2E5
330
22
100
AcDbEntity
  8
F.Cu
  6
CONTINUOUS
100
AcDbLine
 10
127.3857659999999896
 20
-69.3429409999999962
 30
0
 11
127.5243129999999923
 21
-69.2503669999999971
 31
0
  0
LINE
  5
2E6
330
22
100
AcDbEntity
  8
F.Cu
  6
CONTINUOUS
100
AcDbLine
 10
127.5243129999999923
 20
-69.2503669999999971
 30
0
 11
127.6782579999999996
 21
-69.186600999999996
 31
0
  0
LINE
  5
2E7
330
22
100
AcDbEntity
  8
F.Cu
  6
CONTINUOUS
100
AcDbLine
 10
127.6782579999999996
 20
-69.186600999999996
 30
0
 11
127.8416849999999982
 21
-69.1540930000000031
 31
0
  0
LINE
  5
2E8
330
22
100
AcDbEntity
  8
F.Cu
  6
CONTINUOUS
100
AcDbLine
 10
127.8416849999999982
 20
-69.1540930000000031
 30
0
 11
127.9249999999999972
 21
-69.1499999999999915
 31
0
  0
LINE
  5
2E9
330
22
100
AcDbEntity
  8
F.Cu
  6
CONTINUOUS
100
AcDbLine
 10
127.9249999999999972
 20
-69.1499999999999915
 30
0
 11
129.8249999999999886
 21
-69.1499999999999915
 31
0
  0
LINE
  5
2EA
330
22
100
AcDbEntity
  8
F.Cu
  6
CONTINUOUS
100
AcDbLine
 10
129.8249999999999886
 20
-69.1499999999999915
 30
0
 11
129.9083149999999875
 21
-69.1540930000000031
 31
0
  0
LINE
  5
2EB
330
22
100
AcDbEntity
  8
F.Cu
  6
CONTINUOUS
100
AcDbLine
 10
147.2083149999999989
 20
-69.1540930000000031
 30
0
 11
147.3717419999999834
 21
-69.186600999999996
 31
0
  0
LINE
  5
2EC
330
22
100
AcDbEntity
  8
F.Cu
  6
CONTINUOUS
100
AcDbLine
 10
147.3717419999999834
 20
-69.186600999999996
 30
0
 11
147.5256870000000049
 21
-69.2503669999999971
 31
0
  0
LINE
  5
2ED
330
22
100
AcDbEntity
  8
F.Cu
  6
CONTINUOUS
100
AcDbLine
 10
147.5256870000000049
 20
-69.2503669999999971
 30
0
 11
147.6642339999999933
 21
-69.3429409999999962
 31
0
  0
LINE
  5
2EE
330
22
100
AcDbEntity
  8
F.Cu
  6
CONTINUOUS
100
AcDbLine
 10
147.6642339999999933
 20
-69.3429409999999962
 30
0
 11
147.7820590000000038
 21
-69.4607659999999925
 31
0
  0
LINE
  5
2EF
330
22
100
AcDbEntity
  8
F.Cu
  6
CONTINUOUS
100
AcDbLine
 10
147.7820590000000038
 20
-69.4607659999999925
 30
0
 11
147.8746329999999887
 21
-69.5993129999999951
 31
0
  0
LINE
  5
2F0
330
22
100
AcDbEntity
  8
F.Cu
  6
CONTINUOUS
100
AcDbLine
 10
147.8746329999999887
 20
-69.5993129999999951
 30
0
 11
147.938399000000004
 21
-69.7532580000000024
 31
0
  0
LINE
  5
2F1
330
22
100
AcDbEntity
  8
F.Cu
  6
CONTINUOUS
100
AcDbLine
 10
147.938399000000004
 20
-69.7532580000000024
 30
0
 11
147.9709069999999826
 21
-69.9166850000000011
 31
0
  0
LINE
  5
2F2
330
22
100
AcDbEntity
  8
F.Cu
  6
CONTINUOUS
100
AcDbLine
 10
147.9709069999999826
 20
-69.9166850000000011
 30
0
 11
147.9709069999999826
 21
-70.0833149999999989
 31
0
  0
LINE
  5
2F3
330
22
100
AcDbEntity
  8
F.Cu
  6
CONTINUOUS
100
AcDbLine
 10
147.9709069999999826
 20
-70.0833149999999989
 30
0
 11
147.938399000000004
 21
-70.2467419999999976
 31
0
  0
LINE
  5
2F4
330
22
100
AcDbEntity
  8
F.Cu
  6
CONTINUOUS
100
AcDbLine
 10
147.938399000000004
 20
-70.2467419999999976
 30
0
 11
147.8746329999999887
 21
-70.4006869999999907
 31
0
  0
LINE
  5
2F5
330
22
100
AcDbEntity
  8
F.Cu
  6
CONTINUOUS
100
AcDbLine
 10
147.8746329999999887
 20
-70.4006869999999907
 30
0
 11
147.7820590000000038
 21
-70.5392339999999933
 31
0
  0
LINE
  5
2F6
330
22
100
AcDbEntity
  8
F.Cu
  6
CONTINUOUS
100
AcDbLine
 10
147.7820590000000038
 20
-70.5392339999999933
 30
0
 11
147.6642339999999933
 21
-70.6570590000000038
 31
0
  0
LINE
  5
2F7
330
22
100
AcDbEntity
  8
F.Cu
  6
CONTINUOUS
100
AcDbLine
 10
147.6642339999999933
 20
-70.6570590000000038
 30
0
 11
147.5256870000000049
 21
-70.7496330000000029
 31
0
  0
LINE
  5
2F8
330
22
100
AcDbEntity
  8
F.Cu
  6
CONTINUOUS
100
AcDbLine
 10
147.5256870000000049
 20
-70.7496330000000029
 30
0
 11
147.3717419999999834
 21
-70.8133989999999898
 31
0
  0
LINE
  5
2F9
330
22
100
AcDbEntity
  8
F.Cu
  6
CONTINUOUS
100
AcDbLine
 10
147.3717419999999834
 20
-70.8133989999999898
 30
0
 11
147.2083149999999989
 21
-70.8459069999999969
 31
0
  0
LINE
  5
2FA
330
22
100
AcDbEntity
  8
F.Cu
  6
CONTINUOUS
100
AcDbLine
 10
147.2083149999999989
 20
-70.8459069999999969
 30
0
 11
147.125
 21
-70.8499999999999943
 31
0
  0
LINE
  5
2FB
330
22
100
AcDbEntity
  8
F.Cu
  6
CONTINUOUS
100
AcDbLine
 10
147.125
 20
-70.8499999999999943
 30
0
 11
145.125
 21
-70.8499999999999943
 31
0
  0
LINE
  5
2FC
330
22
100
AcDbEntity
  8
F.Cu
  6
CONTINUOUS
100
AcDbLine
 10
145.125
 20
-70.8499999999999943
 30
0
 11
145.0416850000000011
 21
-70.8459069999999969
 31
0
  0
LINE
  5
2FD
330
22
100
AcDbEntity
  8
F.Cu
  6
CONTINUOUS
100
AcDbLine
 10
145.0416850000000011
 20
-70.8459069999999969
 30
0
 11
144.8782579999999882
 21
-70.8133989999999898
 31
0
  0
LINE
  5
2FE
330
22
100
AcDbEntity
  8
F.Cu
  6
CONTINUOUS
100
AcDbLine
 10
144.8782579999999882
 20
-70.8133989999999898
 30
0
 11
144.7243129999999951
 21
-70.7496330000000029
 31
0
  0
LINE
  5
2FF
330
22
100
AcDbEntity
  8
F.Cu
  6
CONTINUOUS
100
AcDbLine
 10
144.7243129999999951
 20
-70.7496330000000029
 30
0
 11
144.5857660000000067
 21
-70.6570590000000038
 31
0
  0
LINE
  5
300
330
22
100
AcDbEntity
  8
F.Cu
  6
CONTINUOUS
100
AcDbLine
 10
144.5857660000000067
 20
-70.6570590000000038
 30
0
 11
144.4679409999999962
 21
-70.5392339999999933
 31
0
  0
LINE
  5
301
330
22
100
AcDbEntity
  8
F.Cu
  6
CONTINUOUS
100
AcDbLine
 10
144.4679409999999962
 20
-70.5392339999999933
 30
0
 11
144.3753669999999829
 21
-70.4006869999999907
 31
0
  0
LINE
  5
302
330
22
100
AcDbEntity
  8
F.Cu
  6
CONTINUOUS
100
AcDbLine
 10
144.3753669999999829
 20
-70.4006869999999907
 30
0
 11
144.311600999999996
 21
-70.2467419999999976
 31
0
  0
LINE
  5
303
330
22
100
AcDbEntity
  8
F.Cu
  6
CONTINUOUS
100
AcDbLine
 10
144.311600999999996
 20
-70.2467419999999976
 30
0
 11
144.2790929999999889
 21
-70.0833149999999989
 31
0
  0
LINE
  5
304
330
22
100
AcDbEntity
  8
F.Cu
  6
CONTINUOUS
100
AcDbLine
 10
144.2790929999999889
 20
-70.0833149999999989
 30
0
 11
144.2790929999999889
 21
-69.9166850000000011
 31
0
  0
LINE
  5
305
330
22
100
AcDbEntity
  8
F.Cu
  6
CONTINUOUS
100
AcDbLine
 10
144.2790929999999889
 20
-69.9166850000000011
 30
0
 11
144.311600999999996
 21
-69.7532580000000024
 31
0
  0
LINE
  5
306
330
22
100
AcDbEntity
  8
F.Cu
  6
CONTINUOUS
100
AcDbLine
 10
144.311600999999996
 20
-69.7532580000000024
 30
0
 11
144.3753669999999829
 21
-69.5993129999999951
 31
0
  0
LINE
  5
307
330
22
100
AcDbEntity
  8
F.Cu
  6
CONTINUOUS
100
AcDbLine
 10
144.3753669999999829
 20
-69.5993129999999951
 30
0
 11
144.4679409999999962
 21
-69.4607659999999925
 31
0
  0
LINE
  5
308
330
22
100
AcDbEntity
  8
F.Cu
  6
CONTINUOUS
100
AcDbLine
 10
144.4679409999999962
 20
-69.4607659999999925
 30
0
 11
144.5857660000000067
 21
-69.3429409999999962
 31
0
  0
LINE
  5
309
330
22
100
AcDbEntity
  8
F.Cu
  6
CONTINUOUS
100
AcDbLine
 10
144.5857660000000067
 20
-69.3429409999999962
 30
0
 11
144.7243129999999951
 21
-69.2503669999999971
 31
0
  0
LINE
  5
30A
330
22
100
AcDbEntity
  8
F.Cu
  6
CONTINUOUS
100
AcDbLine
 10
144.7243129999999951
 20
-69.2503669999999971
 30
0
 11
144.8782579999999882
 21
-69.186600999999996
 31
0
  0
LINE
  5
30B
330
22
100
AcDbEntity
  8
F.Cu
  6
CONTINUOUS
100
AcDbLine
 10
144.8782579999999882
 20
-69.186600999999996
 30
0
 11
145.0416850000000011
 21
-69.1540930000000031
 31
0
  0
LINE
  5
30C
330
22
100
AcDbEntity
  8
F.Cu
  6
CONTINUOUS
100
AcDbLine
 10
145.0416850000000011
 20
-69.1540930000000031
 30
0
 11
145.125
 21
-69.1499999999999915
 31
0
  0
LINE
  5
30D
330
22
100
AcDbEntity
  8
F.Cu
  6
CONTINUOUS
100
AcDbLine
 10
145.125
 20
-69.1499999999999915
 30
0
 11
147.125
 21
-69.1499999999999915
 31
0
  0
LINE
  5
30E
330
22
100
AcDbEntity
  8
F.Cu
  6
CONTINUOUS
100
AcDbLine
 10
147.125
 20
-69.1499999999999915
 30
0
 11
147.2083149999999989
 21
-69.1540930000000031
 31
0
  0
LINE
  5
30F
330
22
100
AcDbEntity
  8
F.Cu
  6
CONTINUOUS
100
AcDbLine
 10
141.7467419999999834
 20
-31.7266009999999987
 30
0
 11
141.9006870000000049
 21
-31.7903669999999998
 31
0
  0
LINE
  5
310
330
22
100
AcDbEntity
  8
F.Cu
  6
CONTINUOUS
100
AcDbLine
 10
141.9006870000000049
 20
-31.7903669999999998
 30
0
 11
142.0392339999999933
 21
-31.8829409999999989
 31
0
  0
LINE
  5
311
330
22
100
AcDbEntity
  8
F.Cu
  6
CONTINUOUS
100
AcDbLine
 10
142.0392339999999933
 20
-31.8829409999999989
 30
0
 11
142.1570590000000038
 21
-32.0007659999999987
 31
0
  0
LINE
  5
312
330
22
100
AcDbEntity
  8
F.Cu
  6
CONTINUOUS
100
AcDbLine
 10
142.1570590000000038
 20
-32.0007659999999987
 30
0
 11
142.2496329999999887
 21
-32.1393130000000014
 31
0
  0
LINE
  5
313
330
22
100
AcDbEntity
  8
F.Cu
  6
CONTINUOUS
100
AcDbLine
 10
142.2496329999999887
 20
-32.1393130000000014
 30
0
 11
142.313399000000004
 21
-32.2932580000000016
 31
0
  0
LINE
  5
314
330
22
100
AcDbEntity
  8
F.Cu
  6
CONTINUOUS
100
AcDbLine
 10
142.313399000000004
 20
-32.2932580000000016
 30
0
 11
142.3459069999999826
 21
-32.4566850000000002
 31
0
  0
LINE
  5
315
330
22
100
AcDbEntity
  8
F.Cu
  6
CONTINUOUS
100
AcDbLine
 10
142.3459069999999826
 20
-32.4566850000000002
 30
0
 11
142.3459069999999826
 21
-32.6233149999999981
 31
0
  0
LINE
  5
316
330
22
100
AcDbEntity
  8
F.Cu
  6
CONTINUOUS
100
AcDbLine
 10
142.3459069999999826
 20
-32.6233149999999981
 30
0
 11
142.313399000000004
 21
-32.7867419999999967
 31
0
  0
LINE
  5
317
330
22
100
AcDbEntity
  8
F.Cu
  6
CONTINUOUS
100
AcDbLine
 10
142.313399000000004
 20
-32.7867419999999967
 30
0
 11
142.2496329999999887
 21
-32.9406869999999969
 31
0
  0
LINE
  5
318
330
22
100
AcDbEntity
  8
F.Cu
  6
CONTINUOUS
100
AcDbLine
 10
142.2496329999999887
 20
-32.9406869999999969
 30
0
 11
142.1570590000000038
 21
-33.0792339999999996
 31
0
  0
LINE
  5
319
330
22
100
AcDbEntity
  8
F.Cu
  6
CONTINUOUS
100
AcDbLine
 10
142.1570590000000038
 20
-33.0792339999999996
 30
0
 11
142.0392339999999933
 21
-33.1970589999999959
 31
0
  0
LINE
  5
31A
330
22
100
AcDbEntity
  8
F.Cu
  6
CONTINUOUS
100
AcDbLine
 10
142.0392339999999933
 20
-33.1970589999999959
 30
0
 11
141.9006870000000049
 21
-33.289633000000002
 31
0
  0
LINE
  5
31B
330
22
100
AcDbEntity
  8
F.Cu
  6
CONTINUOUS
100
AcDbLine
 10
141.9006870000000049
 20
-33.289633000000002
 30
0
 11
141.7467419999999834
 21
-33.353398999999996
 31
0
  0
LINE
  5
31C
330
22
100
AcDbEntity
  8
F.Cu
  6
CONTINUOUS
100
AcDbLine
 10
141.7467419999999834
 20
-33.353398999999996
 30
0
 11
141.5833149999999989
 21
-33.385906999999996
 31
0
  0
LINE
  5
31D
330
22
100
AcDbEntity
  8
F.Cu
  6
CONTINUOUS
100
AcDbLine
 10
141.5833149999999989
 20
-33.385906999999996
 30
0
 11
141.4166850000000011
 21
-33.385906999999996
 31
0
  0
LINE
  5
31E
330
22
100
AcDbEntity
  8
F.Cu
  6
CONTINUOUS
100
AcDbLine
 10
141.4166850000000011
 20
-33.385906999999996
 30
0
 11
141.2532579999999882
 21
-33.353398999999996
 31
0
  0
LINE
  5
31F
330
22
100
AcDbEntity
  8
F.Cu
  6
CONTINUOUS
100
AcDbLine
 10
141.2532579999999882
 20
-33.353398999999996
 30
0
 11
141.0993129999999951
 21
-33.289633000000002
 31
0
  0
LINE
  5
320
330
22
100
AcDbEntity
  8
F.Cu
  6
CONTINUOUS
100
AcDbLine
 10
141.0993129999999951
 20
-33.289633000000002
 30
0
 11
140.9749109999999916
 21
-33.2065100000000015
 31
0
  0
LINE
  5
321
330
22
100
AcDbEntity
  8
F.Cu
  6
CONTINUOUS
100
AcDbLine
 10
140.9749109999999916
 20
-33.2065100000000015
 30
0
 11
139.0896569999999883
 21
-35.0917649999999952
 31
0
  0
LINE
  5
322
330
22
100
AcDbEntity
  8
F.Cu
  6
CONTINUOUS
100
AcDbLine
 10
139.0896569999999883
 20
-35.0917649999999952
 30
0
 11
139.0896569999999883
 21
-61.2832349999999977
 31
0
  0
LINE
  5
323
330
22
100
AcDbEntity
  8
F.Cu
  6
CONTINUOUS
100
AcDbLine
 10
139.0896569999999883
 20
-61.2832349999999977
 30
0
 11
144.5999099999999942
 21
-66.7934889999999939
 31
0
  0
LINE
  5
324
330
22
100
AcDbEntity
  8
F.Cu
  6
CONTINUOUS
100
AcDbLine
 10
144.5999099999999942
 20
-66.7934889999999939
 30
0
 11
144.7243129999999951
 21
-66.7103669999999909
 31
0
  0
LINE
  5
325
330
22
100
AcDbEntity
  8
F.Cu
  6
CONTINUOUS
100
AcDbLine
 10
144.7243129999999951
 20
-66.7103669999999909
 30
0
 11
144.8782579999999882
 21
-66.646601000000004
 31
0
  0
LINE
  5
326
330
22
100
AcDbEntity
  8
F.Cu
  6
CONTINUOUS
100
AcDbLine
 10
144.8782579999999882
 20
-66.646601000000004
 30
0
 11
145.0416850000000011
 21
-66.6140929999999969
 31
0
  0
LINE
  5
327
330
22
100
AcDbEntity
  8
F.Cu
  6
CONTINUOUS
100
AcDbLine
 10
145.0416850000000011
 20
-66.6140929999999969
 30
0
 11
145.125
 21
-66.6099999999999994
 31
0
  0
LINE
  5
328
330
22
100
AcDbEntity
  8
F.Cu
  6
CONTINUOUS
100
AcDbLine
 10
145.125
 20
-66.6099999999999994
 30
0
 11
147.125
 21
-66.6099999999999994
 31
0
  0
LINE
  5
329
330
22
100
AcDbEntity
  8
F.Cu
  6
CONTINUOUS
100
AcDbLine
 10
147.125
 20
-66.6099999999999994
 30
0
 11
147.2083149999999989
 21
-66.6140929999999969
 31
0
  0
LINE
  5
32A
330
22
100
AcDbEntity
  8
F.Cu
  6
CONTINUOUS
100
AcDbLine
 10
147.2083149999999989
 20
-66.6140929999999969
 30
0
 11
147.3717419999999834
 21
-66.646601000000004
 31
0
  0
LINE
  5
32B
330
22
100
AcDbEntity
  8
F.Cu
  6
CONTINUOUS
100
AcDbLine
 10
147.3717419999999834
 20
-66.646601000000004
 30
0
 11
147.5256870000000049
 21
-66.7103669999999909
 31
0
  0
LINE
  5
32C
330
22
100
AcDbEntity
  8
F.Cu
  6
CONTINUOUS
100
AcDbLine
 10
147.5256870000000049
 20
-66.7103669999999909
 30
0
 11
147.6642339999999933
 21
-66.8029409999999899
 31
0
  0
LINE
  5
32D
330
22
100
AcDbEntity
  8
F.Cu
  6
CONTINUOUS
100
AcDbLine
 10
147.6642339999999933
 20
-66.8029409999999899
 30
0
 11
147.7820590000000038
 21
-66.9207660000000004
 31
0
  0
LINE
  5
32E
330
22
100
AcDbEntity
  8
F.Cu
  6
CONTINUOUS
100
AcDbLine
 10
147.7820590000000038
 20
-66.9207660000000004
 30
0
 11
147.8746329999999887
 21
-67.0593130000000031
 31
0
  0
LINE
  5
32F
330
22
100
AcDbEntity
  8
F.Cu
  6
CONTINUOUS
100
AcDbLine
 10
147.8746329999999887
 20
-67.0593130000000031
 30
0
 11
147.938399000000004
 21
-67.2132579999999962
 31
0
  0
LINE
  5
330
330
22
100
AcDbEntity
  8
F.Cu
  6
CONTINUOUS
100
AcDbLine
 10
147.938399000000004
 20
-67.2132579999999962
 30
0
 11
147.9709069999999826
 21
-67.3766849999999948
 31
0
  0
LINE
  5
331
330
22
100
AcDbEntity
  8
F.Cu
  6
CONTINUOUS
100
AcDbLine
 10
147.9709069999999826
 20
-67.3766849999999948
 30
0
 11
147.9709069999999826
 21
-67.5433149999999927
 31
0
  0
LINE
  5
332
330
22
100
AcDbEntity
  8
F.Cu
  6
CONTINUOUS
100
AcDbLine
 10
147.9709069999999826
 20
-67.5433149999999927
 30
0
 11
147.938399000000004
 21
-67.7067419999999913
 31
0
  0
LINE
  5
333
330
22
100
AcDbEntity
  8
F.Cu
  6
CONTINUOUS
100
AcDbLine
 10
147.938399000000004
 20
-67.7067419999999913
 30
0
 11
147.8746329999999887
 21
-67.8606869999999986
 31
0
  0
LINE
  5
334
330
22
100
AcDbEntity
  8
F.Cu
  6
CONTINUOUS
100
AcDbLine
 10
147.8746329999999887
 20
-67.8606869999999986
 30
0
 11
147.7820590000000038
 21
-67.9992340000000013
 31
0
  0
LINE
  5
335
330
22
100
AcDbEntity
  8
F.Cu
  6
CONTINUOUS
100
AcDbLine
 10
147.7820590000000038
 20
-67.9992340000000013
 30
0
 11
147.6642339999999933
 21
-68.1170589999999976
 31
0
  0
LINE
  5
336
330
22
100
AcDbEntity
  8
F.Cu
  6
CONTINUOUS
100
AcDbLine
 10
147.6642339999999933
 20
-68.1170589999999976
 30
0
 11
147.5256870000000049
 21
-68.2096329999999966
 31
0
  0
LINE
  5
337
330
22
100
AcDbEntity
  8
F.Cu
  6
CONTINUOUS
100
AcDbLine
 10
147.5256870000000049
 20
-68.2096329999999966
 30
0
 11
147.3717419999999834
 21
-68.2733989999999977
 31
0
  0
LINE
  5
338
330
22
100
AcDbEntity
  8
F.Cu
  6
CONTINUOUS
100
AcDbLine
 10
147.3717419999999834
 20
-68.2733989999999977
 30
0
 11
147.2083149999999989
 21
-68.3059069999999906
 31
0
  0
LINE
  5
339
330
22
100
AcDbEntity
  8
F.Cu
  6
CONTINUOUS
100
AcDbLine
 10
147.2083149999999989
 20
-68.3059069999999906
 30
0
 11
147.125
 21
-68.3100000000000023
 31
0
  0
LINE
  5
33A
330
22
100
AcDbEntity
  8
F.Cu
  6
CONTINUOUS
100
AcDbLine
 10
147.125
 20
-68.3100000000000023
 30
0
 11
145.125
 21
-68.3100000000000023
 31
0
  0
LINE
  5
33B
330
22
100
AcDbEntity
  8
F.Cu
  6
CONTINUOUS
100
AcDbLine
 10
145.125
 20
-68.3100000000000023
 30
0
 11
145.0416850000000011
 21
-68.3059069999999906
 31
0
  0
LINE
  5
33C
330
22
100
AcDbEntity
  8
F.Cu
  6
CONTINUOUS
100
AcDbLine
 10
145.0416850000000011
 20
-68.3059069999999906
 30
0
 11
144.8782579999999882
 21
-68.2733989999999977
 31
0
  0
LINE
  5
33D
330
22
100
AcDbEntity
  8
F.Cu
  6
CONTINUOUS
100
AcDbLine
 10
144.8782579999999882
 20
-68.2733989999999977
 30
0
 11
144.7243129999999951
 21
-68.2096329999999966
 31
0
  0
LINE
  5
33E
330
22
100
AcDbEntity
  8
F.Cu
  6
CONTINUOUS
100
AcDbLine
 10
144.7243129999999951
 20
-68.2096329999999966
 30
0
 11
144.5857660000000067
 21
-68.1170589999999976
 31
0
  0
LINE
  5
33F
330
22
100
AcDbEntity
  8
F.Cu
  6
CONTINUOUS
100
AcDbLine
 10
144.5857660000000067
 20
-68.1170589999999976
 30
0
 11
144.4679409999999962
 21
-67.9992340000000013
 31
0
  0
LINE
  5
340
330
22
100
AcDbEntity
  8
F.Cu
  6
CONTINUOUS
100
AcDbLine
 10
144.4679409999999962
 20
-67.9992340000000013
 30
0
 11
144.3753669999999829
 21
-67.8606869999999986
 31
0
  0
LINE
  5
341
330
22
100
AcDbEntity
  8
F.Cu
  6
CONTINUOUS
100
AcDbLine
 10
144.3753669999999829
 20
-67.8606869999999986
 30
0
 11
144.311600999999996
 21
-67.7067419999999913
 31
0
  0
LINE
  5
342
330
22
100
AcDbEntity
  8
F.Cu
  6
CONTINUOUS
100
AcDbLine
 10
144.311600999999996
 20
-67.7067419999999913
 30
0
 11
144.2790929999999889
 21
-67.5433149999999927
 31
0
  0
LINE
  5
343
330
22
100
AcDbEntity
  8
F.Cu
  6
CONTINUOUS
100
AcDbLine
 10
144.2790929999999889
 20
-67.5433149999999927
 30
0
 11
144.2790929999999889
 21
-67.3766849999999948
 31
0
  0
LINE
  5
344
330
22
100
AcDbEntity
  8
F.Cu
  6
CONTINUOUS
100
AcDbLine
 10
144.2790929999999889
 20
-67.3766849999999948
 30
0
 11
144.311600999999996
 21
-67.2132579999999962
 31
0
  0
LINE
  5
345
330
22
100
AcDbEntity
  8
F.Cu
  6
CONTINUOUS
100
AcDbLine
 10
144.311600999999996
 20
-67.2132579999999962
 30
0
 11
144.3753669999999829
 21
-67.0593130000000031
 31
0
  0
LINE
  5
346
330
22
100
AcDbEntity
  8
F.Cu
  6
CONTINUOUS
100
AcDbLine
 10
144.3753669999999829
 20
-67.0593130000000031
 30
0
 11
144.4584889999999859
 21
-66.9349100000000021
 31
0
  0
LINE
  5
347
330
22
100
AcDbEntity
  8
F.Cu
  6
CONTINUOUS
100
AcDbLine
 10
144.4584889999999859
 20
-66.9349100000000021
 30
0
 11
138.9189460000000054
 21
-61.3953679999999977
 31
0
  0
LINE
  5
348
330
22
100
AcDbEntity
  8
F.Cu
  6
CONTINUOUS
100
AcDbLine
 10
138.9189460000000054
 20
-61.3953679999999977
 30
0
 11
138.9065099999999973
 21
-61.3802139999999952
 31
0
  0
LINE
  5
349
330
22
100
AcDbEntity
  8
F.Cu
  6
CONTINUOUS
100
AcDbLine
 10
138.9065099999999973
 20
-61.3802139999999952
 30
0
 11
138.8915779999999813
 21
-61.3441659999999942
 31
0
  0
LINE
  5
34A
330
22
100
AcDbEntity
  8
F.Cu
  6
CONTINUOUS
100
AcDbLine
 10
138.8915779999999813
 20
-61.3441659999999942
 30
0
 11
138.8896569999999997
 21
-61.3246569999999949
 31
0
  0
LINE
  5
34B
330
22
100
AcDbEntity
  8
F.Cu
  6
CONTINUOUS
100
AcDbLine
 10
138.8896569999999997
 20
-61.3246569999999949
 30
0
 11
138.8896569999999997
 21
-35.050342999999998
 31
0
  0
LINE
  5
34C
330
22
100
AcDbEntity
  8
F.Cu
  6
CONTINUOUS
100
AcDbLine
 10
138.8896569999999997
 20
-35.050342999999998
 30
0
 11
138.8915779999999813
 21
-35.0308339999999987
 31
0
  0
LINE
  5
34D
330
22
100
AcDbEntity
  8
F.Cu
  6
CONTINUOUS
100
AcDbLine
 10
138.8915779999999813
 20
-35.0308339999999987
 30
0
 11
138.9065099999999973
 21
-34.9947859999999977
 31
0
  0
LINE
  5
34E
330
22
100
AcDbEntity
  8
F.Cu
  6
CONTINUOUS
100
AcDbLine
 10
138.9065099999999973
 20
-34.9947859999999977
 30
0
 11
138.9189460000000054
 21
-34.9796319999999952
 31
0
  0
LINE
  5
34F
330
22
100
AcDbEntity
  8
F.Cu
  6
CONTINUOUS
100
AcDbLine
 10
138.9189460000000054
 20
-34.9796319999999952
 30
0
 11
140.8334889999999859
 21
-33.0650879999999958
 31
0
  0
LINE
  5
350
330
22
100
AcDbEntity
  8
F.Cu
  6
CONTINUOUS
100
AcDbLine
 10
140.8334889999999859
 20
-33.0650879999999958
 30
0
 11
140.7503669999999829
 21
-32.9406869999999969
 31
0
  0
LINE
  5
351
330
22
100
AcDbEntity
  8
F.Cu
  6
CONTINUOUS
100
AcDbLine
 10
140.7503669999999829
 20
-32.9406869999999969
 30
0
 11
140.686600999999996
 21
-32.7867419999999967
 31
0
  0
LINE
  5
352
330
22
100
AcDbEntity
  8
F.Cu
  6
CONTINUOUS
100
AcDbLine
 10
140.686600999999996
 20
-32.7867419999999967
 30
0
 11
140.6540929999999889
 21
-32.6233149999999981
 31
0
  0
LINE
  5
353
330
22
100
AcDbEntity
  8
F.Cu
  6
CONTINUOUS
100
AcDbLine
 10
140.6540929999999889
 20
-32.6233149999999981
 30
0
 11
140.6540929999999889
 21
-32.4566850000000002
 31
0
  0
LINE
  5
354
330
22
100
AcDbEntity
  8
F.Cu
  6
CONTINUOUS
100
AcDbLine
 10
140.6540929999999889
 20
-32.4566850000000002
 30
0
 11
140.686600999999996
 21
-32.2932580000000016
 31
0
  0
LINE
  5
355
330
22
100
AcDbEntity
  8
F.Cu
  6
CONTINUOUS
100
AcDbLine
 10
140.686600999999996
 20
-32.2932580000000016
 30
0
 11
140.7503669999999829
 21
-32.1393130000000014
 31
0
  0
LINE
  5
356
330
22
100
AcDbEntity
  8
F.Cu
  6
CONTINUOUS
100
AcDbLine
 10
140.7503669999999829
 20
-32.1393130000000014
 30
0
 11
140.8429409999999962
 21
-32.0007659999999987
 31
0
  0
LINE
  5
357
330
22
100
AcDbEntity
  8
F.Cu
  6
CONTINUOUS
100
AcDbLine
 10
140.8429409999999962
 20
-32.0007659999999987
 30
0
 11
140.9607660000000067
 21
-31.8829409999999989
 31
0
  0
LINE
  5
358
330
22
100
AcDbEntity
  8
F.Cu
  6
CONTINUOUS
100
AcDbLine
 10
140.9607660000000067
 20
-31.8829409999999989
 30
0
 11
141.0993129999999951
 21
-31.7903669999999998
 31
0
  0
LINE
  5
359
330
22
100
AcDbEntity
  8
F.Cu
  6
CONTINUOUS
100
AcDbLine
 10
141.0993129999999951
 20
-31.7903669999999998
 30
0
 11
141.2532579999999882
 21
-31.7266009999999987
 31
0
  0
LINE
  5
35A
330
22
100
AcDbEntity
  8
F.Cu
  6
CONTINUOUS
100
AcDbLine
 10
141.2532579999999882
 20
-31.7266009999999987
 30
0
 11
141.4166850000000011
 21
-31.6940929999999987
 31
0
  0
LINE
  5
35B
330
22
100
AcDbEntity
  8
F.Cu
  6
CONTINUOUS
100
AcDbLine
 10
141.4166850000000011
 20
-31.6940929999999987
 30
0
 11
141.5833149999999989
 21
-31.6940929999999987
 31
0
  0
LINE
  5
35C
330
22
100
AcDbEntity
  8
F.Cu
  6
CONTINUOUS
100
AcDbLine
 10
141.5833149999999989
 20
-31.6940929999999987
 30
0
 11
141.7467419999999834
 21
-31.7266009999999987
 31
0
  0
LINE
  5
35D
330
22
100
AcDbEntity
  8
F.Cu
  6
CONTINUOUS
100
AcDbLine
 10
94.9067900000000009
 20
-48.5203929999999986
 30
0
 11
95.0709519999999912
 21
-48.5737329999999972
 31
0
  0
LINE
  5
35E
330
22
100
AcDbEntity
  8
F.Cu
  6
CONTINUOUS
100
AcDbLine
 10
95.0709519999999912
 20
-48.5737329999999972
 30
0
 11
95.2247479999999911
 21
-48.6520960000000002
 31
0
  0
LINE
  5
35F
330
22
100
AcDbEntity
  8
F.Cu
  6
CONTINUOUS
100
AcDbLine
 10
95.2247479999999911
 20
-48.6520960000000002
 30
0
 11
95.3643929999999926
 21
-48.7535529999999966
 31
0
  0
LINE
  5
360
330
22
100
AcDbEntity
  8
F.Cu
  6
CONTINUOUS
100
AcDbLine
 10
95.3643929999999926
 20
-48.7535529999999966
 30
0
 11
95.4864469999999983
 21
-48.8756069999999951
 31
0
  0
LINE
  5
361
330
22
100
AcDbEntity
  8
F.Cu
  6
CONTINUOUS
100
AcDbLine
 10
95.4864469999999983
 20
-48.8756069999999951
 30
0
 11
95.5879039999999947
 21
-49.0152519999999967
 31
0
  0
LINE
  5
362
330
22
100
AcDbEntity
  8
F.Cu
  6
CONTINUOUS
100
AcDbLine
 10
95.5879039999999947
 20
-49.0152519999999967
 30
0
 11
95.6662669999999906
 21
-49.1690479999999965
 31
0
  0
LINE
  5
363
330
22
100
AcDbEntity
  8
F.Cu
  6
CONTINUOUS
100
AcDbLine
 10
95.6662669999999906
 20
-49.1690479999999965
 30
0
 11
95.7196069999999963
 21
-49.3332100000000011
 31
0
  0
LINE
  5
364
330
22
100
AcDbEntity
  8
F.Cu
  6
CONTINUOUS
100
AcDbLine
 10
95.7196069999999963
 20
-49.3332100000000011
 30
0
 11
95.7301849999999916
 21
-49.3999999999999986
 31
0
  0
LINE
  5
365
330
22
100
AcDbEntity
  8
F.Cu
  6
CONTINUOUS
100
AcDbLine
 10
95.7301849999999916
 20
-49.3999999999999986
 30
0
 11
99.1534019999999998
 21
-49.3999999999999986
 31
0
  0
LINE
  5
366
330
22
100
AcDbEntity
  8
F.Cu
  6
CONTINUOUS
100
AcDbLine
 10
99.1534019999999998
 20
-49.3999999999999986
 30
0
 11
99.1729109999999991
 21
-49.4019209999999944
 31
0
  0
LINE
  5
367
330
22
100
AcDbEntity
  8
F.Cu
  6
CONTINUOUS
100
AcDbLine
 10
99.1729109999999991
 20
-49.4019209999999944
 30
0
 11
99.208958999999993
 21
-49.4168529999999961
 31
0
  0
LINE
  5
368
330
22
100
AcDbEntity
  8
F.Cu
  6
CONTINUOUS
100
AcDbLine
 10
99.208958999999993
 20
-49.4168529999999961
 30
0
 11
99.2241129999999885
 21
-49.4292889999999971
 31
0
  0
LINE
  5
369
330
22
100
AcDbEntity
  8
F.Cu
  6
CONTINUOUS
100
AcDbLine
 10
99.2241129999999885
 20
-49.4292889999999971
 30
0
 11
115.3948229999999882
 21
-65.5999999999999943
 31
0
  0
LINE
  5
36A
330
22
100
AcDbEntity
  8
F.Cu
  6
CONTINUOUS
100
AcDbLine
 10
115.3948229999999882
 20
-65.5999999999999943
 30
0
 11
127.4200999999999908
 21
-65.5999999999999943
 31
0
  0
LINE
  5
36B
330
22
100
AcDbEntity
  8
F.Cu
  6
CONTINUOUS
100
AcDbLine
 10
127.4200999999999908
 20
-65.5999999999999943
 30
0
 11
127.3857659999999896
 21
-65.5770589999999913
 31
0
  0
LINE
  5
36C
330
22
100
AcDbEntity
  8
F.Cu
  6
CONTINUOUS
100
AcDbLine
 10
127.3857659999999896
 20
-65.5770589999999913
 30
0
 11
127.2679409999999933
 21
-65.459233999999995
 31
0
  0
LINE
  5
36D
330
22
100
AcDbEntity
  8
F.Cu
  6
CONTINUOUS
100
AcDbLine
 10
127.2679409999999933
 20
-65.459233999999995
 30
0
 11
127.1753669999999943
 21
-65.3206869999999924
 31
0
  0
LINE
  5
36E
330
22
100
AcDbEntity
  8
F.Cu
  6
CONTINUOUS
100
AcDbLine
 10
127.1753669999999943
 20
-65.3206869999999924
 30
0
 11
127.1116009999999932
 21
-65.1667419999999993
 31
0
  0
LINE
  5
36F
330
22
100
AcDbEntity
  8
F.Cu
  6
CONTINUOUS
100
AcDbLine
 10
127.1116009999999932
 20
-65.1667419999999993
 30
0
 11
127.0790930000000003
 21
-65.0033150000000006
 31
0
  0
LINE
  5
370
330
22
100
AcDbEntity
  8
F.Cu
  6
CONTINUOUS
100
AcDbLine
 10
127.0790930000000003
 20
-65.0033150000000006
 30
0
 11
127.0790930000000003
 21
-64.8366850000000028
 31
0
  0
LINE
  5
371
330
22
100
AcDbEntity
  8
F.Cu
  6
CONTINUOUS
100
AcDbLine
 10
127.0790930000000003
 20
-64.8366850000000028
 30
0
 11
127.1116009999999932
 21
-64.6732580000000041
 31
0
  0
LINE
  5
372
330
22
100
AcDbEntity
  8
F.Cu
  6
CONTINUOUS
100
AcDbLine
 10
127.1116009999999932
 20
-64.6732580000000041
 30
0
 11
127.1753669999999943
 21
-64.5193129999999968
 31
0
  0
LINE
  5
373
330
22
100
AcDbEntity
  8
F.Cu
  6
CONTINUOUS
100
AcDbLine
 10
127.1753669999999943
 20
-64.5193129999999968
 30
0
 11
127.2679409999999933
 21
-64.3807659999999942
 31
0
  0
LINE
  5
374
330
22
100
AcDbEntity
  8
F.Cu
  6
CONTINUOUS
100
AcDbLine
 10
127.2679409999999933
 20
-64.3807659999999942
 30
0
 11
127.3857659999999896
 21
-64.2629409999999979
 31
0
  0
LINE
  5
375
330
22
100
AcDbEntity
  8
F.Cu
  6
CONTINUOUS
100
AcDbLine
 10
127.3857659999999896
 20
-64.2629409999999979
 30
0
 11
127.5243129999999923
 21
-64.1703669999999988
 31
0
  0
LINE
  5
376
330
22
100
AcDbEntity
  8
F.Cu
  6
CONTINUOUS
100
AcDbLine
 10
127.5243129999999923
 20
-64.1703669999999988
 30
0
 11
127.6782579999999996
 21
-64.1066009999999977
 31
0
  0
LINE
  5
377
330
22
100
AcDbEntity
  8
F.Cu
  6
CONTINUOUS
100
AcDbLine
 10
127.6782579999999996
 20
-64.1066009999999977
 30
0
 11
127.8416849999999982
 21
-64.0740929999999906
 31
0
  0
LINE
  5
378
330
22
100
AcDbEntity
  8
F.Cu
  6
CONTINUOUS
100
AcDbLine
 10
127.8416849999999982
 20
-64.0740929999999906
 30
0
 11
127.9249999999999972
 21
-64.0699999999999932
 31
0
  0
LINE
  5
379
330
22
100
AcDbEntity
  8
F.Cu
  6
CONTINUOUS
100
AcDbLine
 10
127.9249999999999972
 20
-64.0699999999999932
 30
0
 11
129.8249999999999886
 21
-64.0699999999999932
 31
0
  0
LINE
  5
37A
330
22
100
AcDbEntity
  8
F.Cu
  6
CONTINUOUS
100
AcDbLine
 10
129.8249999999999886
 20
-64.0699999999999932
 30
0
 11
129.9083149999999875
 21
-64.0740929999999906
 31
0
  0
LINE
  5
37B
330
22
100
AcDbEntity
  8
F.Cu
  6
CONTINUOUS
100
AcDbLine
 10
129.9083149999999875
 20
-64.0740929999999906
 30
0
 11
130.0717420000000004
 21
-64.1066009999999977
 31
0
  0
LINE
  5
37C
330
22
100
AcDbEntity
  8
F.Cu
  6
CONTINUOUS
100
AcDbLine
 10
130.0717420000000004
 20
-64.1066009999999977
 30
0
 11
130.2256869999999935
 21
-64.1703669999999988
 31
0
  0
LINE
  5
37D
330
22
100
AcDbEntity
  8
F.Cu
  6
CONTINUOUS
100
AcDbLine
 10
130.2256869999999935
 20
-64.1703669999999988
 30
0
 11
130.364233999999982
 21
-64.2629409999999979
 31
0
  0
LINE
  5
37E
330
22
100
AcDbEntity
  8
F.Cu
  6
CONTINUOUS
100
AcDbLine
 10
130.364233999999982
 20
-64.2629409999999979
 30
0
 11
130.4820589999999925
 21
-64.3807659999999942
 31
0
  0
LINE
  5
37F
330
22
100
AcDbEntity
  8
F.Cu
  6
CONTINUOUS
100
AcDbLine
 10
130.4820589999999925
 20
-64.3807659999999942
 30
0
 11
130.5746330000000057
 21
-64.5193129999999968
 31
0
  0
LINE
  5
380
330
22
100
AcDbEntity
  8
F.Cu
  6
CONTINUOUS
100
AcDbLine
 10
130.5746330000000057
 20
-64.5193129999999968
 30
0
 11
130.6383989999999926
 21
-64.6732580000000041
 31
0
  0
LINE
  5
381
330
22
100
AcDbEntity
  8
F.Cu
  6
CONTINUOUS
100
AcDbLine
 10
130.6383989999999926
 20
-64.6732580000000041
 30
0
 11
130.6709069999999997
 21
-64.8366850000000028
 31
0
  0
LINE
  5
382
330
22
100
AcDbEntity
  8
F.Cu
  6
CONTINUOUS
100
AcDbLine
 10
130.6709069999999997
 20
-64.8366850000000028
 30
0
 11
130.6709069999999997
 21
-65.0033150000000006
 31
0
  0
LINE
  5
383
330
22
100
AcDbEntity
  8
F.Cu
  6
CONTINUOUS
100
AcDbLine
 10
130.6709069999999997
 20
-65.0033150000000006
 30
0
 11
130.6383989999999926
 21
-65.1667419999999993
 31
0
  0
LINE
  5
384
330
22
100
AcDbEntity
  8
F.Cu
  6
CONTINUOUS
100
AcDbLine
 10
130.6383989999999926
 20
-65.1667419999999993
 30
0
 11
130.5746330000000057
 21
-65.3206869999999924
 31
0
  0
LINE
  5
385
330
22
100
AcDbEntity
  8
F.Cu
  6
CONTINUOUS
100
AcDbLine
 10
130.5746330000000057
 20
-65.3206869999999924
 30
0
 11
130.4820589999999925
 21
-65.459233999999995
 31
0
  0
LINE
  5
386
330
22
100
AcDbEntity
  8
F.Cu
  6
CONTINUOUS
100
AcDbLine
 10
130.4820589999999925
 20
-65.459233999999995
 30
0
 11
130.364233999999982
 21
-65.5770589999999913
 31
0
  0
LINE
  5
387
330
22
100
AcDbEntity
  8
F.Cu
  6
CONTINUOUS
100
AcDbLine
 10
130.364233999999982
 20
-65.5770589999999913
 30
0
 11
130.2256869999999935
 21
-65.6696329999999904
 31
0
  0
LINE
  5
388
330
22
100
AcDbEntity
  8
F.Cu
  6
CONTINUOUS
100
AcDbLine
 10
130.2256869999999935
 20
-65.6696329999999904
 30
0
 11
130.0717420000000004
 21
-65.7333989999999915
 31
0
  0
LINE
  5
389
330
22
100
AcDbEntity
  8
F.Cu
  6
CONTINUOUS
100
AcDbLine
 10
130.0717420000000004
 20
-65.7333989999999915
 30
0
 11
129.9083149999999875
 21
-65.7659069999999986
 31
0
  0
LINE
  5
38A
330
22
100
AcDbEntity
  8
F.Cu
  6
CONTINUOUS
100
AcDbLine
 10
129.9083149999999875
 20
-65.7659069999999986
 30
0
 11
129.8249999999999886
 21
-65.769999999999996
 31
0
  0
LINE
  5
38B
330
22
100
AcDbEntity
  8
F.Cu
  6
CONTINUOUS
100
AcDbLine
 10
129.8249999999999886
 20
-65.769999999999996
 30
0
 11
129.166421999999983
 21
-65.769999999999996
 31
0
  0
LINE
  5
38C
330
22
100
AcDbEntity
  8
F.Cu
  6
CONTINUOUS
100
AcDbLine
 10
129.166421999999983
 20
-65.769999999999996
 30
0
 11
129.1657109999999875
 21
-65.7707109999999915
 31
0
  0
LINE
  5
38D
330
22
100
AcDbEntity
  8
F.Cu
  6
CONTINUOUS
100
AcDbLine
 10
129.1657109999999875
 20
-65.7707109999999915
 30
0
 11
129.1505569999999921
 21
-65.7831469999999996
 31
0
  0
LINE
  5
38E
330
22
100
AcDbEntity
  8
F.Cu
  6
CONTINUOUS
100
AcDbLine
 10
129.1505569999999921
 20
-65.7831469999999996
 30
0
 11
129.1145089999999982
 21
-65.7980790000000013
 31
0
  0
LINE
  5
38F
330
22
100
AcDbEntity
  8
F.Cu
  6
CONTINUOUS
100
AcDbLine
 10
129.1145089999999982
 20
-65.7980790000000013
 30
0
 11
129.0949999999999989
 21
-65.7999999999999972
 31
0
  0
LINE
  5
390
330
22
100
AcDbEntity
  8
F.Cu
  6
CONTINUOUS
100
AcDbLine
 10
129.0949999999999989
 20
-65.7999999999999972
 30
0
 11
115.3534019999999884
 21
-65.7999999999999972
 31
0
  0
LINE
  5
391
330
22
100
AcDbEntity
  8
F.Cu
  6
CONTINUOUS
100
AcDbLine
 10
115.3534019999999884
 20
-65.7999999999999972
 30
0
 11
115.3338929999999891
 21
-65.7980790000000013
 31
0
  0
LINE
  5
392
330
22
100
AcDbEntity
  8
F.Cu
  6
CONTINUOUS
100
AcDbLine
 10
115.3338929999999891
 20
-65.7980790000000013
 30
0
 11
115.2978449999999953
 21
-65.7831469999999996
 31
0
  0
LINE
  5
393
330
22
100
AcDbEntity
  8
F.Cu
  6
CONTINUOUS
100
AcDbLine
 10
115.2978449999999953
 20
-65.7831469999999996
 30
0
 11
115.2826919999999973
 21
-65.7707109999999915
 31
0
  0
LINE
  5
394
330
22
100
AcDbEntity
  8
F.Cu
  6
CONTINUOUS
100
AcDbLine
 10
115.2826919999999973
 20
-65.7707109999999915
 30
0
 11
99.1119799999999884
 21
-49.5999999999999943
 31
0
  0
LINE
  5
395
330
22
100
AcDbEntity
  8
F.Cu
  6
CONTINUOUS
100
AcDbLine
 10
99.1119799999999884
 20
-49.5999999999999943
 30
0
 11
95.7466089999999923
 21
-49.5999999999999943
 31
0
  0
LINE
  5
396
330
22
100
AcDbEntity
  8
F.Cu
  6
CONTINUOUS
100
AcDbLine
 10
95.7466089999999923
 20
-49.5999999999999943
 30
0
 11
95.7466089999999923
 21
-49.6763049999999993
 31
0
  0
LINE
  5
397
330
22
100
AcDbEntity
  8
F.Cu
  6
CONTINUOUS
100
AcDbLine
 10
95.7466089999999923
 20
-49.6763049999999993
 30
0
 11
95.7196069999999963
 21
-49.8467899999999986
 31
0
  0
LINE
  5
398
330
22
100
AcDbEntity
  8
F.Cu
  6
CONTINUOUS
100
AcDbLine
 10
95.7196069999999963
 20
-49.8467899999999986
 30
0
 11
95.6662669999999906
 21
-50.0109519999999961
 31
0
  0
LINE
  5
399
330
22
100
AcDbEntity
  8
F.Cu
  6
CONTINUOUS
100
AcDbLine
 10
95.6662669999999906
 20
-50.0109519999999961
 30
0
 11
95.5879039999999947
 21
-50.1647479999999959
 31
0
  0
LINE
  5
39A
330
22
100
AcDbEntity
  8
F.Cu
  6
CONTINUOUS
100
AcDbLine
 10
95.5879039999999947
 20
-50.1647479999999959
 30
0
 11
95.4864469999999983
 21
-50.3043929999999975
 31
0
  0
LINE
  5
39B
330
22
100
AcDbEntity
  8
F.Cu
  6
CONTINUOUS
100
AcDbLine
 10
95.4864469999999983
 20
-50.3043929999999975
 30
0
 11
95.3643929999999926
 21
-50.426446999999996
 31
0
  0
LINE
  5
39C
330
22
100
AcDbEntity
  8
F.Cu
  6
CONTINUOUS
100
AcDbLine
 10
95.3643929999999926
 20
-50.426446999999996
 30
0
 11
95.2247479999999911
 21
-50.5279039999999995
 31
0
  0
LINE
  5
39D
330
22
100
AcDbEntity
  8
F.Cu
  6
CONTINUOUS
100
AcDbLine
 10
95.2247479999999911
 20
-50.5279039999999995
 30
0
 11
95.0709519999999912
 21
-50.6062669999999954
 31
0
  0
LINE
  5
39E
330
22
100
AcDbEntity
  8
F.Cu
  6
CONTINUOUS
100
AcDbLine
 10
95.0709519999999912
 20
-50.6062669999999954
 30
0
 11
94.9067900000000009
 21
-50.6596070000000012
 31
0
  0
LINE
  5
39F
330
22
100
AcDbEntity
  8
F.Cu
  6
CONTINUOUS
100
AcDbLine
 10
94.9067900000000009
 20
-50.6596070000000012
 30
0
 11
94.7363050000000015
 21
-50.6866089999999971
 31
0
  0
LINE
  5
3A0
330
22
100
AcDbEntity
  8
F.Cu
  6
CONTINUOUS
100
AcDbLine
 10
94.7363050000000015
 20
-50.6866089999999971
 30
0
 11
94.5636949999999956
 21
-50.6866089999999971
 31
0
  0
LINE
  5
3A1
330
22
100
AcDbEntity
  8
F.Cu
  6
CONTINUOUS
100
AcDbLine
 10
94.5636949999999956
 20
-50.6866089999999971
 30
0
 11
94.3932099999999963
 21
-50.6596070000000012
 31
0
  0
LINE
  5
3A2
330
22
100
AcDbEntity
  8
F.Cu
  6
CONTINUOUS
100
AcDbLine
 10
94.3932099999999963
 20
-50.6596070000000012
 30
0
 11
94.2290479999999917
 21
-50.6062669999999954
 31
0
  0
LINE
  5
3A3
330
22
100
AcDbEntity
  8
F.Cu
  6
CONTINUOUS
100
AcDbLine
 10
94.2290479999999917
 20
-50.6062669999999954
 30
0
 11
94.0752519999999919
 21
-50.5279039999999995
 31
0
  0
LINE
  5
3A4
330
22
100
AcDbEntity
  8
F.Cu
  6
CONTINUOUS
100
AcDbLine
 10
94.0752519999999919
 20
-50.5279039999999995
 30
0
 11
93.9356069999999903
 21
-50.426446999999996
 31
0
  0
LINE
  5
3A5
330
22
100
AcDbEntity
  8
F.Cu
  6
CONTINUOUS
100
AcDbLine
 10
93.9356069999999903
 20
-50.426446999999996
 30
0
 11
93.8135529999999989
 21
-50.3043929999999975
 31
0
  0
LINE
  5
3A6
330
22
100
AcDbEntity
  8
F.Cu
  6
CONTINUOUS
100
AcDbLine
 10
93.8135529999999989
 20
-50.3043929999999975
 30
0
 11
93.7120960000000025
 21
-50.1647479999999959
 31
0
  0
LINE
  5
3A7
330
22
100
AcDbEntity
  8
F.Cu
  6
CONTINUOUS
100
AcDbLine
 10
93.7120960000000025
 20
-50.1647479999999959
 30
0
 11
93.6337329999999923
 21
-50.0109519999999961
 31
0
  0
LINE
  5
3A8
330
22
100
AcDbEntity
  8
F.Cu
  6
CONTINUOUS
100
AcDbLine
 10
93.6337329999999923
 20
-50.0109519999999961
 30
0
 11
93.5803930000000008
 21
-49.8467899999999986
 31
0
  0
LINE
  5
3A9
330
22
100
AcDbEntity
  8
F.Cu
  6
CONTINUOUS
100
AcDbLine
 10
93.5803930000000008
 20
-49.8467899999999986
 30
0
 11
93.5533909999999906
 21
-49.6763049999999993
 31
0
  0
LINE
  5
3AA
330
22
100
AcDbEntity
  8
F.Cu
  6
CONTINUOUS
100
AcDbLine
 10
93.5533909999999906
 20
-49.6763049999999993
 30
0
 11
93.5533909999999906
 21
-49.5036950000000004
 31
0
  0
LINE
  5
3AB
330
22
100
AcDbEntity
  8
F.Cu
  6
CONTINUOUS
100
AcDbLine
 10
93.5533909999999906
 20
-49.5036950000000004
 30
0
 11
93.5803930000000008
 21
-49.3332100000000011
 31
0
  0
LINE
  5
3AC
330
22
100
AcDbEntity
  8
F.Cu
  6
CONTINUOUS
100
AcDbLine
 10
93.5803930000000008
 20
-49.3332100000000011
 30
0
 11
93.6337329999999923
 21
-49.1690479999999965
 31
0
  0
LINE
  5
3AD
330
22
100
AcDbEntity
  8
F.Cu
  6
CONTINUOUS
100
AcDbLine
 10
93.6337329999999923
 20
-49.1690479999999965
 30
0
 11
93.7120960000000025
 21
-49.0152519999999967
 31
0
  0
LINE
  5
3AE
330
22
100
AcDbEntity
  8
F.Cu
  6
CONTINUOUS
100
AcDbLine
 10
93.7120960000000025
 20
-49.0152519999999967
 30
0
 11
93.8135529999999989
 21
-48.8756069999999951
 31
0
  0
LINE
  5
3AF
330
22
100
AcDbEntity
  8
F.Cu
  6
CONTINUOUS
100
AcDbLine
 10
93.8135529999999989
 20
-48.8756069999999951
 30
0
 11
93.9356069999999903
 21
-48.7535529999999966
 31
0
  0
LINE
  5
3B0
330
22
100
AcDbEntity
  8
F.Cu
  6
CONTINUOUS
100
AcDbLine
 10
93.9356069999999903
 20
-48.7535529999999966
 30
0
 11
94.0752519999999919
 21
-48.6520960000000002
 31
0
  0
LINE
  5
3B1
330
22
100
AcDbEntity
  8
F.Cu
  6
CONTINUOUS
100
AcDbLine
 10
94.0752519999999919
 20
-48.6520960000000002
 30
0
 11
94.2290479999999917
 21
-48.5737329999999972
 31
0
  0
LINE
  5
3B2
330
22
100
AcDbEntity
  8
F.Cu
  6
CONTINUOUS
100
AcDbLine
 10
94.2290479999999917
 20
-48.5737329999999972
 30
0
 11
94.3932099999999963
 21
-48.5203929999999986
 31
0
  0
LINE
  5
3B3
330
22
100
AcDbEntity
  8
F.Cu
  6
CONTINUOUS
100
AcDbLine
 10
94.3932099999999963
 20
-48.5203929999999986
 30
0
 11
94.5636949999999956
 21
-48.4933909999999955
 31
0
  0
LINE
  5
3B4
330
22
100
AcDbEntity
  8
F.Cu
  6
CONTINUOUS
100
AcDbLine
 10
94.5636949999999956
 20
-48.4933909999999955
 30
0
 11
94.7363050000000015
 21
-48.4933909999999955
 31
0
  0
LINE
  5
3B5
330
22
100
AcDbEntity
  8
F.Cu
  6
CONTINUOUS
100
AcDbLine
 10
94.7363050000000015
 20
-48.4933909999999955
 30
0
 11
94.9067900000000009
 21
-48.5203929999999986
 31
0
  0
LINE
  5
3B6
330
22
100
AcDbEntity
  8
F.Cu
  6
CONTINUOUS
100
AcDbLine
 10
119.5999999999999943
 20
-64.8999999999999915
 30
0
 11
116.3999999999999915
 21
-64.8999999999999915
 31
0
  0
LINE
  5
3B7
330
22
100
AcDbEntity
  8
F.Cu
  6
CONTINUOUS
100
AcDbLine
 10
116.3999999999999915
 20
-64.8999999999999915
 30
0
 11
116.3999999999999915
 21
-62.8999999999999986
 31
0
  0
LINE
  5
3B8
330
22
100
AcDbEntity
  8
F.Cu
  6
CONTINUOUS
100
AcDbLine
 10
116.3999999999999915
 20
-62.8999999999999986
 30
0
 11
119.5999999999999943
 21
-62.8999999999999986
 31
0
  0
LINE
  5
3B9
330
22
100
AcDbEntity
  8
F.Cu
  6
CONTINUOUS
100
AcDbLine
 10
119.5999999999999943
 20
-62.8999999999999986
 30
0
 11
119.5999999999999943
 21
-64.8999999999999915
 31
0
  0
LINE
  5
3BA
330
22
100
AcDbEntity
  8
F.Cu
  6
CONTINUOUS
100
AcDbLine
 10
94.9067900000000009
 20
-29.4703929999999978
 30
0
 11
95.0709519999999912
 21
-29.523733
 31
0
  0
LINE
  5
3BB
330
22
100
AcDbEntity
  8
F.Cu
  6
CONTINUOUS
100
AcDbLine
 10
95.0709519999999912
 20
-29.523733
 30
0
 11
95.2247479999999911
 21
-29.6020959999999995
 31
0
  0
LINE
  5
3BC
330
22
100
AcDbEntity
  8
F.Cu
  6
CONTINUOUS
100
AcDbLine
 10
95.2247479999999911
 20
-29.6020959999999995
 30
0
 11
95.3643929999999926
 21
-29.7035529999999994
 31
0
  0
LINE
  5
3BD
330
22
100
AcDbEntity
  8
F.Cu
  6
CONTINUOUS
100
AcDbLine
 10
95.3643929999999926
 20
-29.7035529999999994
 30
0
 11
95.4864469999999983
 21
-29.825606999999998
 31
0
  0
LINE
  5
3BE
330
22
100
AcDbEntity
  8
F.Cu
  6
CONTINUOUS
100
AcDbLine
 10
95.4864469999999983
 20
-29.825606999999998
 30
0
 11
95.5879039999999947
 21
-29.9652519999999996
 31
0
  0
LINE
  5
3BF
330
22
100
AcDbEntity
  8
F.Cu
  6
CONTINUOUS
100
AcDbLine
 10
95.5879039999999947
 20
-29.9652519999999996
 30
0
 11
95.6662669999999906
 21
-30.1190479999999994
 31
0
  0
LINE
  5
3C0
330
22
100
AcDbEntity
  8
F.Cu
  6
CONTINUOUS
100
AcDbLine
 10
95.6662669999999906
 20
-30.1190479999999994
 30
0
 11
95.7196069999999963
 21
-30.2832100000000004
 31
0
  0
LINE
  5
3C1
330
22
100
AcDbEntity
  8
F.Cu
  6
CONTINUOUS
100
AcDbLine
 10
95.7196069999999963
 20
-30.2832100000000004
 30
0
 11
95.7466089999999923
 21
-30.4536949999999997
 31
0
  0
LINE
  5
3C2
330
22
100
AcDbEntity
  8
F.Cu
  6
CONTINUOUS
100
AcDbLine
 10
95.7466089999999923
 20
-30.4536949999999997
 30
0
 11
95.7466089999999923
 21
-30.6263049999999986
 31
0
  0
LINE
  5
3C3
330
22
100
AcDbEntity
  8
F.Cu
  6
CONTINUOUS
100
AcDbLine
 10
95.7466089999999923
 20
-30.6263049999999986
 30
0
 11
95.7196069999999963
 21
-30.7967899999999979
 31
0
  0
LINE
  5
3C4
330
22
100
AcDbEntity
  8
F.Cu
  6
CONTINUOUS
100
AcDbLine
 10
95.7196069999999963
 20
-30.7967899999999979
 30
0
 11
95.6662669999999906
 21
-30.9609519999999989
 31
0
  0
LINE
  5
3C5
330
22
100
AcDbEntity
  8
F.Cu
  6
CONTINUOUS
100
AcDbLine
 10
95.6662669999999906
 20
-30.9609519999999989
 30
0
 11
95.5879039999999947
 21
-31.1147479999999987
 31
0
  0
LINE
  5
3C6
330
22
100
AcDbEntity
  8
F.Cu
  6
CONTINUOUS
100
AcDbLine
 10
95.5879039999999947
 20
-31.1147479999999987
 30
0
 11
95.4864469999999983
 21
-31.2543930000000003
 31
0
  0
LINE
  5
3C7
330
22
100
AcDbEntity
  8
F.Cu
  6
CONTINUOUS
100
AcDbLine
 10
95.4864469999999983
 20
-31.2543930000000003
 30
0
 11
95.3643929999999926
 21
-31.3764469999999989
 31
0
  0
LINE
  5
3C8
330
22
100
AcDbEntity
  8
F.Cu
  6
CONTINUOUS
100
AcDbLine
 10
95.3643929999999926
 20
-31.3764469999999989
 30
0
 11
95.2247479999999911
 21
-31.4779039999999988
 31
0
  0
LINE
  5
3C9
330
22
100
AcDbEntity
  8
F.Cu
  6
CONTINUOUS
100
AcDbLine
 10
95.2247479999999911
 20
-31.4779039999999988
 30
0
 11
95.0709519999999912
 21
-31.5562669999999983
 31
0
  0
LINE
  5
3CA
330
22
100
AcDbEntity
  8
F.Cu
  6
CONTINUOUS
100
AcDbLine
 10
95.0709519999999912
 20
-31.5562669999999983
 30
0
 11
94.9067900000000009
 21
-31.6096069999999969
 31
0
  0
LINE
  5
3CB
330
22
100
AcDbEntity
  8
F.Cu
  6
CONTINUOUS
100
AcDbLine
 10
94.9067900000000009
 20
-31.6096069999999969
 30
0
 11
94.7363050000000015
 21
-31.636609
 31
0
  0
LINE
  5
3CC
330
22
100
AcDbEntity
  8
F.Cu
  6
CONTINUOUS
100
AcDbLine
 10
94.7363050000000015
 20
-31.636609
 30
0
 11
94.5999999999999943
 21
-31.636609
 31
0
  0
LINE
  5
3CD
330
22
100
AcDbEntity
  8
F.Cu
  6
CONTINUOUS
100
AcDbLine
 10
94.5999999999999943
 20
-31.636609
 30
0
 11
94.5999999999999943
 21
-32.4019800000000018
 31
0
  0
LINE
  5
3CE
330
22
100
AcDbEntity
  8
F.Cu
  6
CONTINUOUS
100
AcDbLine
 10
94.5999999999999943
 20
-32.4019800000000018
 30
0
 11
124.4780200000000008
 21
-62.279999999999994
 31
0
  0
LINE
  5
3CF
330
22
100
AcDbEntity
  8
F.Cu
  6
CONTINUOUS
100
AcDbLine
 10
124.4780200000000008
 20
-62.279999999999994
 30
0
 11
127.125
 21
-62.279999999999994
 31
0
  0
LINE
  5
3D0
330
22
100
AcDbEntity
  8
F.Cu
  6
CONTINUOUS
100
AcDbLine
 10
127.125
 20
-62.279999999999994
 30
0
 11
127.125
 21
-61.529999999999994
 31
0
  0
LINE
  5
3D1
330
22
100
AcDbEntity
  8
F.Cu
  6
CONTINUOUS
100
AcDbLine
 10
127.125
 20
-61.529999999999994
 30
0
 11
130.625
 21
-61.529999999999994
 31
0
  0
LINE
  5
3D2
330
22
100
AcDbEntity
  8
F.Cu
  6
CONTINUOUS
100
AcDbLine
 10
130.625
 20
-61.529999999999994
 30
0
 11
130.625
 21
-63.2299999999999969
 31
0
  0
LINE
  5
3D3
330
22
100
AcDbEntity
  8
F.Cu
  6
CONTINUOUS
100
AcDbLine
 10
130.625
 20
-63.2299999999999969
 30
0
 11
127.125
 21
-63.2299999999999969
 31
0
  0
LINE
  5
3D4
330
22
100
AcDbEntity
  8
F.Cu
  6
CONTINUOUS
100
AcDbLine
 10
127.125
 20
-63.2299999999999969
 30
0
 11
127.125
 21
-62.4799999999999969
 31
0
  0
LINE
  5
3D5
330
22
100
AcDbEntity
  8
F.Cu
  6
CONTINUOUS
100
AcDbLine
 10
127.125
 20
-62.4799999999999969
 30
0
 11
124.4365979999999894
 21
-62.4799999999999969
 31
0
  0
LINE
  5
3D6
330
22
100
AcDbEntity
  8
F.Cu
  6
CONTINUOUS
100
AcDbLine
 10
124.4365979999999894
 20
-62.4799999999999969
 30
0
 11
124.4170889999999901
 21
-62.4780789999999939
 31
0
  0
LINE
  5
3D7
330
22
100
AcDbEntity
  8
F.Cu
  6
CONTINUOUS
100
AcDbLine
 10
124.4170889999999901
 20
-62.4780789999999939
 30
0
 11
124.3810409999999962
 21
-62.4631469999999993
 31
0
  0
LINE
  5
3D8
330
22
100
AcDbEntity
  8
F.Cu
  6
CONTINUOUS
100
AcDbLine
 10
124.3810409999999962
 20
-62.4631469999999993
 30
0
 11
124.3658870000000007
 21
-62.4507109999999983
 31
0
  0
LINE
  5
3D9
330
22
100
AcDbEntity
  8
F.Cu
  6
CONTINUOUS
100
AcDbLine
 10
124.3658870000000007
 20
-62.4507109999999983
 30
0
 11
94.4292889999999971
 21
-32.5141130000000018
 31
0
  0
LINE
  5
3DA
330
22
100
AcDbEntity
  8
F.Cu
  6
CONTINUOUS
100
AcDbLine
 10
94.4292889999999971
 20
-32.5141130000000018
 30
0
 11
94.416852999999989
 21
-32.4989589999999993
 31
0
  0
LINE
  5
3DB
330
22
100
AcDbEntity
  8
F.Cu
  6
CONTINUOUS
100
AcDbLine
 10
94.416852999999989
 20
-32.4989589999999993
 30
0
 11
94.4019210000000015
 21
-32.4629109999999983
 31
0
  0
LINE
  5
3DC
330
22
100
AcDbEntity
  8
F.Cu
  6
CONTINUOUS
100
AcDbLine
 10
94.4019210000000015
 20
-32.4629109999999983
 30
0
 11
94.3999999999999915
 21
-32.443401999999999
 31
0
  0
LINE
  5
3DD
330
22
100
AcDbEntity
  8
F.Cu
  6
CONTINUOUS
100
AcDbLine
 10
94.3999999999999915
 20
-32.443401999999999
 30
0
 11
94.3999999999999915
 21
-31.6106819999999971
 31
0
  0
LINE
  5
3DE
330
22
100
AcDbEntity
  8
F.Cu
  6
CONTINUOUS
100
AcDbLine
 10
94.3999999999999915
 20
-31.6106819999999971
 30
0
 11
94.3932099999999963
 21
-31.6096069999999969
 31
0
  0
LINE
  5
3DF
330
22
100
AcDbEntity
  8
F.Cu
  6
CONTINUOUS
100
AcDbLine
 10
94.3932099999999963
 20
-31.6096069999999969
 30
0
 11
94.2290479999999917
 21
-31.5562669999999983
 31
0
  0
LINE
  5
3E0
330
22
100
AcDbEntity
  8
F.Cu
  6
CONTINUOUS
100
AcDbLine
 10
94.2290479999999917
 20
-31.5562669999999983
 30
0
 11
94.0752519999999919
 21
-31.4779039999999988
 31
0
  0
LINE
  5
3E1
330
22
100
AcDbEntity
  8
F.Cu
  6
CONTINUOUS
100
AcDbLine
 10
94.0752519999999919
 20
-31.4779039999999988
 30
0
 11
93.9356069999999903
 21
-31.3764469999999989
 31
0
  0
LINE
  5
3E2
330
22
100
AcDbEntity
  8
F.Cu
  6
CONTINUOUS
100
AcDbLine
 10
93.9356069999999903
 20
-31.3764469999999989
 30
0
 11
93.8135529999999989
 21
-31.2543930000000003
 31
0
  0
LINE
  5
3E3
330
22
100
AcDbEntity
  8
F.Cu
  6
CONTINUOUS
100
AcDbLine
 10
93.8135529999999989
 20
-31.2543930000000003
 30
0
 11
93.7120960000000025
 21
-31.1147479999999987
 31
0
  0
LINE
  5
3E4
330
22
100
AcDbEntity
  8
F.Cu
  6
CONTINUOUS
100
AcDbLine
 10
93.7120960000000025
 20
-31.1147479999999987
 30
0
 11
93.6337329999999923
 21
-30.9609519999999989
 31
0
  0
LINE
  5
3E5
330
22
100
AcDbEntity
  8
F.Cu
  6
CONTINUOUS
100
AcDbLine
 10
93.6337329999999923
 20
-30.9609519999999989
 30
0
 11
93.5803930000000008
 21
-30.7967899999999979
 31
0
  0
LINE
  5
3E6
330
22
100
AcDbEntity
  8
F.Cu
  6
CONTINUOUS
100
AcDbLine
 10
93.5803930000000008
 20
-30.7967899999999979
 30
0
 11
93.5533909999999906
 21
-30.6263049999999986
 31
0
  0
LINE
  5
3E7
330
22
100
AcDbEntity
  8
F.Cu
  6
CONTINUOUS
100
AcDbLine
 10
93.5533909999999906
 20
-30.6263049999999986
 30
0
 11
93.5533909999999906
 21
-30.4536949999999997
 31
0
  0
LINE
  5
3E8
330
22
100
AcDbEntity
  8
F.Cu
  6
CONTINUOUS
100
AcDbLine
 10
93.5533909999999906
 20
-30.4536949999999997
 30
0
 11
93.5803930000000008
 21
-30.2832100000000004
 31
0
  0
LINE
  5
3E9
330
22
100
AcDbEntity
  8
F.Cu
  6
CONTINUOUS
100
AcDbLine
 10
93.5803930000000008
 20
-30.2832100000000004
 30
0
 11
93.6337329999999923
 21
-30.1190479999999994
 31
0
  0
LINE
  5
3EA
330
22
100
AcDbEntity
  8
F.Cu
  6
CONTINUOUS
100
AcDbLine
 10
93.6337329999999923
 20
-30.1190479999999994
 30
0
 11
93.7120960000000025
 21
-29.9652519999999996
 31
0
  0
LINE
  5
3EB
330
22
100
AcDbEntity
  8
F.Cu
  6
CONTINUOUS
100
AcDbLine
 10
93.7120960000000025
 20
-29.9652519999999996
 30
0
 11
93.8135529999999989
 21
-29.825606999999998
 31
0
  0
LINE
  5
3EC
330
22
100
AcDbEntity
  8
F.Cu
  6
CONTINUOUS
100
AcDbLine
 10
93.8135529999999989
 20
-29.825606999999998
 30
0
 11
93.9356069999999903
 21
-29.7035529999999994
 31
0
  0
LINE
  5
3ED
330
22
100
AcDbEntity
  8
F.Cu
  6
CONTINUOUS
100
AcDbLine
 10
93.9356069999999903
 20
-29.7035529999999994
 30
0
 11
94.0752519999999919
 21
-29.6020959999999995
 31
0
  0
LINE
  5
3EE
330
22
100
AcDbEntity
  8
F.Cu
  6
CONTINUOUS
100
AcDbLine
 10
94.0752519999999919
 20
-29.6020959999999995
 30
0
 11
94.2290479999999917
 21
-29.523733
 31
0
  0
LINE
  5
3EF
330
22
100
AcDbEntity
  8
F.Cu
  6
CONTINUOUS
100
AcDbLine
 10
94.2290479999999917
 20
-29.523733
 30
0
 11
94.3932099999999963
 21
-29.4703929999999978
 31
0
  0
LINE
  5
3F0
330
22
100
AcDbEntity
  8
F.Cu
  6
CONTINUOUS
100
AcDbLine
 10
94.3932099999999963
 20
-29.4703929999999978
 30
0
 11
94.5636949999999956
 21
-29.4433909999999983
 31
0
  0
LINE
  5
3F1
330
22
100
AcDbEntity
  8
F.Cu
  6
CONTINUOUS
100
AcDbLine
 10
94.5636949999999956
 20
-29.4433909999999983
 30
0
 11
94.7363050000000015
 21
-29.4433909999999983
 31
0
  0
LINE
  5
3F2
330
22
100
AcDbEntity
  8
F.Cu
  6
CONTINUOUS
100
AcDbLine
 10
94.7363050000000015
 20
-29.4433909999999983
 30
0
 11
94.9067900000000009
 21
-29.4703929999999978
 31
0
  0
LINE
  5
3F3
330
22
100
AcDbEntity
  8
F.Cu
  6
CONTINUOUS
100
AcDbLine
 10
141.7467419999999834
 20
-46.9666009999999972
 30
0
 11
141.9006870000000049
 21
-47.0303669999999983
 31
0
  0
LINE
  5
3F4
330
22
100
AcDbEntity
  8
F.Cu
  6
CONTINUOUS
100
AcDbLine
 10
141.9006870000000049
 20
-47.0303669999999983
 30
0
 11
142.0392339999999933
 21
-47.1229409999999973
 31
0
  0
LINE
  5
3F5
330
22
100
AcDbEntity
  8
F.Cu
  6
CONTINUOUS
100
AcDbLine
 10
142.0392339999999933
 20
-47.1229409999999973
 30
0
 11
142.1570590000000038
 21
-47.2407660000000007
 31
0
  0
LINE
  5
3F6
330
22
100
AcDbEntity
  8
F.Cu
  6
CONTINUOUS
100
AcDbLine
 10
142.1570590000000038
 20
-47.2407660000000007
 30
0
 11
142.2496329999999887
 21
-47.3793129999999962
 31
0
  0
LINE
  5
3F7
330
22
100
AcDbEntity
  8
F.Cu
  6
CONTINUOUS
100
AcDbLine
 10
142.2496329999999887
 20
-47.3793129999999962
 30
0
 11
142.313399000000004
 21
-47.5332579999999965
 31
0
  0
LINE
  5
3F8
330
22
100
AcDbEntity
  8
F.Cu
  6
CONTINUOUS
100
AcDbLine
 10
142.313399000000004
 20
-47.5332579999999965
 30
0
 11
142.3459069999999826
 21
-47.6966849999999951
 31
0
  0
LINE
  5
3F9
330
22
100
AcDbEntity
  8
F.Cu
  6
CONTINUOUS
100
AcDbLine
 10
142.3459069999999826
 20
-47.6966849999999951
 30
0
 11
142.3459069999999826
 21
-47.8633150000000001
 31
0
  0
LINE
  5
3FA
330
22
100
AcDbEntity
  8
F.Cu
  6
CONTINUOUS
100
AcDbLine
 10
142.3459069999999826
 20
-47.8633150000000001
 30
0
 11
142.313399000000004
 21
-48.0267419999999987
 31
0
  0
LINE
  5
3FB
330
22
100
AcDbEntity
  8
F.Cu
  6
CONTINUOUS
100
AcDbLine
 10
142.313399000000004
 20
-48.0267419999999987
 30
0
 11
142.2496329999999887
 21
-48.1806869999999989
 31
0
  0
LINE
  5
3FC
330
22
100
AcDbEntity
  8
F.Cu
  6
CONTINUOUS
100
AcDbLine
 10
142.2496329999999887
 20
-48.1806869999999989
 30
0
 11
142.1570590000000038
 21
-48.3192339999999945
 31
0
  0
LINE
  5
3FD
330
22
100
AcDbEntity
  8
F.Cu
  6
CONTINUOUS
100
AcDbLine
 10
142.1570590000000038
 20
-48.3192339999999945
 30
0
 11
142.0392339999999933
 21
-48.4370589999999979
 31
0
  0
LINE
  5
3FE
330
22
100
AcDbEntity
  8
F.Cu
  6
CONTINUOUS
100
AcDbLine
 10
142.0392339999999933
 20
-48.4370589999999979
 30
0
 11
141.9006870000000049
 21
-48.5296329999999969
 31
0
  0
LINE
  5
3FF
330
22
100
AcDbEntity
  8
F.Cu
  6
CONTINUOUS
100
AcDbLine
 10
141.9006870000000049
 20
-48.5296329999999969
 30
0
 11
141.7467419999999834
 21
-48.593398999999998
 31
0
  0
LINE
  5
400
330
22
100
AcDbEntity
  8
F.Cu
  6
CONTINUOUS
100
AcDbLine
 10
141.7467419999999834
 20
-48.593398999999998
 30
0
 11
141.5833149999999989
 21
-48.625906999999998
 31
0
  0
LINE
  5
401
330
22
100
AcDbEntity
  8
F.Cu
  6
CONTINUOUS
100
AcDbLine
 10
141.5833149999999989
 20
-48.625906999999998
 30
0
 11
141.4166850000000011
 21
-48.625906999999998
 31
0
  0
LINE
  5
402
330
22
100
AcDbEntity
  8
F.Cu
  6
CONTINUOUS
100
AcDbLine
 10
141.4166850000000011
 20
-48.625906999999998
 30
0
 11
141.2532579999999882
 21
-48.593398999999998
 31
0
  0
LINE
  5
403
330
22
100
AcDbEntity
  8
F.Cu
  6
CONTINUOUS
100
AcDbLine
 10
141.2532579999999882
 20
-48.593398999999998
 30
0
 11
141.0993129999999951
 21
-48.5296329999999969
 31
0
  0
LINE
  5
404
330
22
100
AcDbEntity
  8
F.Cu
  6
CONTINUOUS
100
AcDbLine
 10
141.0993129999999951
 20
-48.5296329999999969
 30
0
 11
140.9607660000000067
 21
-48.4370589999999979
 31
0
  0
LINE
  5
405
330
22
100
AcDbEntity
  8
F.Cu
  6
CONTINUOUS
100
AcDbLine
 10
140.9607660000000067
 20
-48.4370589999999979
 30
0
 11
140.8429409999999962
 21
-48.3192339999999945
 31
0
  0
LINE
  5
406
330
22
100
AcDbEntity
  8
F.Cu
  6
CONTINUOUS
100
AcDbLine
 10
140.8429409999999962
 20
-48.3192339999999945
 30
0
 11
140.7503669999999829
 21
-48.1806869999999989
 31
0
  0
LINE
  5
407
330
22
100
AcDbEntity
  8
F.Cu
  6
CONTINUOUS
100
AcDbLine
 10
140.7503669999999829
 20
-48.1806869999999989
 30
0
 11
140.686600999999996
 21
-48.0267419999999987
 31
0
  0
LINE
  5
408
330
22
100
AcDbEntity
  8
F.Cu
  6
CONTINUOUS
100
AcDbLine
 10
140.686600999999996
 20
-48.0267419999999987
 30
0
 11
140.6540929999999889
 21
-47.8633150000000001
 31
0
  0
LINE
  5
409
330
22
100
AcDbEntity
  8
F.Cu
  6
CONTINUOUS
100
AcDbLine
 10
140.6540929999999889
 20
-47.8633150000000001
 30
0
 11
140.6540929999999889
 21
-47.6966849999999951
 31
0
  0
LINE
  5
40A
330
22
100
AcDbEntity
  8
F.Cu
  6
CONTINUOUS
100
AcDbLine
 10
140.6540929999999889
 20
-47.6966849999999951
 30
0
 11
140.686600999999996
 21
-47.5332579999999965
 31
0
  0
LINE
  5
40B
330
22
100
AcDbEntity
  8
F.Cu
  6
CONTINUOUS
100
AcDbLine
 10
140.686600999999996
 20
-47.5332579999999965
 30
0
 11
140.7503669999999829
 21
-47.3793129999999962
 31
0
  0
LINE
  5
40C
330
22
100
AcDbEntity
  8
F.Cu
  6
CONTINUOUS
100
AcDbLine
 10
140.7503669999999829
 20
-47.3793129999999962
 30
0
 11
140.8429409999999962
 21
-47.2407660000000007
 31
0
  0
LINE
  5
40D
330
22
100
AcDbEntity
  8
F.Cu
  6
CONTINUOUS
100
AcDbLine
 10
140.8429409999999962
 20
-47.2407660000000007
 30
0
 11
140.9607660000000067
 21
-47.1229409999999973
 31
0
  0
LINE
  5
40E
330
22
100
AcDbEntity
  8
F.Cu
  6
CONTINUOUS
100
AcDbLine
 10
140.9607660000000067
 20
-47.1229409999999973
 30
0
 11
141.0993129999999951
 21
-47.0303669999999983
 31
0
  0
LINE
  5
40F
330
22
100
AcDbEntity
  8
F.Cu
  6
CONTINUOUS
100
AcDbLine
 10
141.0993129999999951
 20
-47.0303669999999983
 30
0
 11
141.2532579999999882
 21
-46.9666009999999972
 31
0
  0
LINE
  5
410
330
22
100
AcDbEntity
  8
F.Cu
  6
CONTINUOUS
100
AcDbLine
 10
141.2532579999999882
 20
-46.9666009999999972
 30
0
 11
141.4166850000000011
 21
-46.9340929999999972
 31
0
  0
LINE
  5
411
330
22
100
AcDbEntity
  8
F.Cu
  6
CONTINUOUS
100
AcDbLine
 10
141.4166850000000011
 20
-46.9340929999999972
 30
0
 11
141.5833149999999989
 21
-46.9340929999999972
 31
0
  0
LINE
  5
412
330
22
100
AcDbEntity
  8
F.Cu
  6
CONTINUOUS
100
AcDbLine
 10
141.5833149999999989
 20
-46.9340929999999972
 30
0
 11
141.7467419999999834
 21
-46.9666009999999972
 31
0
  0
LINE
  5
413
330
22
100
AcDbEntity
  8
F.Cu
  6
CONTINUOUS
100
AcDbLine
 10
141.7467419999999834
 20
-44.426600999999998
 30
0
 11
141.9006870000000049
 21
-44.4903669999999991
 31
0
  0
LINE
  5
414
330
22
100
AcDbEntity
  8
F.Cu
  6
CONTINUOUS
100
AcDbLine
 10
141.9006870000000049
 20
-44.4903669999999991
 30
0
 11
142.0392339999999933
 21
-44.5829409999999982
 31
0
  0
LINE
  5
415
330
22
100
AcDbEntity
  8
F.Cu
  6
CONTINUOUS
100
AcDbLine
 10
142.0392339999999933
 20
-44.5829409999999982
 30
0
 11
142.1570590000000038
 21
-44.7007659999999944
 31
0
  0
LINE
  5
416
330
22
100
AcDbEntity
  8
F.Cu
  6
CONTINUOUS
100
AcDbLine
 10
142.1570590000000038
 20
-44.7007659999999944
 30
0
 11
142.2496329999999887
 21
-44.8393129999999971
 31
0
  0
LINE
  5
417
330
22
100
AcDbEntity
  8
F.Cu
  6
CONTINUOUS
100
AcDbLine
 10
142.2496329999999887
 20
-44.8393129999999971
 30
0
 11
142.313399000000004
 21
-44.9932579999999973
 31
0
  0
LINE
  5
418
330
22
100
AcDbEntity
  8
F.Cu
  6
CONTINUOUS
100
AcDbLine
 10
142.313399000000004
 20
-44.9932579999999973
 30
0
 11
142.3459069999999826
 21
-45.156684999999996
 31
0
  0
LINE
  5
419
330
22
100
AcDbEntity
  8
F.Cu
  6
CONTINUOUS
100
AcDbLine
 10
142.3459069999999826
 20
-45.156684999999996
 30
0
 11
142.3459069999999826
 21
-45.3233150000000009
 31
0
  0
LINE
  5
41A
330
22
100
AcDbEntity
  8
F.Cu
  6
CONTINUOUS
100
AcDbLine
 10
142.3459069999999826
 20
-45.3233150000000009
 30
0
 11
142.313399000000004
 21
-45.4867419999999996
 31
0
  0
LINE
  5
41B
330
22
100
AcDbEntity
  8
F.Cu
  6
CONTINUOUS
100
AcDbLine
 10
142.313399000000004
 20
-45.4867419999999996
 30
0
 11
142.2496329999999887
 21
-45.6406869999999998
 31
0
  0
LINE
  5
41C
330
22
100
AcDbEntity
  8
F.Cu
  6
CONTINUOUS
100
AcDbLine
 10
142.2496329999999887
 20
-45.6406869999999998
 30
0
 11
142.1570590000000038
 21
-45.7792339999999953
 31
0
  0
LINE
  5
41D
330
22
100
AcDbEntity
  8
F.Cu
  6
CONTINUOUS
100
AcDbLine
 10
142.1570590000000038
 20
-45.7792339999999953
 30
0
 11
142.0392339999999933
 21
-45.8970589999999987
 31
0
  0
LINE
  5
41E
330
22
100
AcDbEntity
  8
F.Cu
  6
CONTINUOUS
100
AcDbLine
 10
142.0392339999999933
 20
-45.8970589999999987
 30
0
 11
141.9006870000000049
 21
-45.9896329999999978
 31
0
  0
LINE
  5
41F
330
22
100
AcDbEntity
  8
F.Cu
  6
CONTINUOUS
100
AcDbLine
 10
141.9006870000000049
 20
-45.9896329999999978
 30
0
 11
141.7467419999999834
 21
-46.0533989999999989
 31
0
  0
LINE
  5
420
330
22
100
AcDbEntity
  8
F.Cu
  6
CONTINUOUS
100
AcDbLine
 10
141.7467419999999834
 20
-46.0533989999999989
 30
0
 11
141.5833149999999989
 21
-46.0859069999999988
 31
0
  0
LINE
  5
421
330
22
100
AcDbEntity
  8
F.Cu
  6
CONTINUOUS
100
AcDbLine
 10
141.5833149999999989
 20
-46.0859069999999988
 30
0
 11
141.4166850000000011
 21
-46.0859069999999988
 31
0
  0
LINE
  5
422
330
22
100
AcDbEntity
  8
F.Cu
  6
CONTINUOUS
100
AcDbLine
 10
141.4166850000000011
 20
-46.0859069999999988
 30
0
 11
141.2532579999999882
 21
-46.0533989999999989
 31
0
  0
LINE
  5
423
330
22
100
AcDbEntity
  8
F.Cu
  6
CONTINUOUS
100
AcDbLine
 10
141.2532579999999882
 20
-46.0533989999999989
 30
0
 11
141.0993129999999951
 21
-45.9896329999999978
 31
0
  0
LINE
  5
424
330
22
100
AcDbEntity
  8
F.Cu
  6
CONTINUOUS
100
AcDbLine
 10
141.0993129999999951
 20
-45.9896329999999978
 30
0
 11
140.9607660000000067
 21
-45.8970589999999987
 31
0
  0
LINE
  5
425
330
22
100
AcDbEntity
  8
F.Cu
  6
CONTINUOUS
100
AcDbLine
 10
140.9607660000000067
 20
-45.8970589999999987
 30
0
 11
140.8429409999999962
 21
-45.7792339999999953
 31
0
  0
LINE
  5
426
330
22
100
AcDbEntity
  8
F.Cu
  6
CONTINUOUS
100
AcDbLine
 10
140.8429409999999962
 20
-45.7792339999999953
 30
0
 11
140.7503669999999829
 21
-45.6406869999999998
 31
0
  0
LINE
  5
427
330
22
100
AcDbEntity
  8
F.Cu
  6
CONTINUOUS
100
AcDbLine
 10
140.7503669999999829
 20
-45.6406869999999998
 30
0
 11
140.686600999999996
 21
-45.4867419999999996
 31
0
  0
LINE
  5
428
330
22
100
AcDbEntity
  8
F.Cu
  6
CONTINUOUS
100
AcDbLine
 10
140.686600999999996
 20
-45.4867419999999996
 30
0
 11
140.6540929999999889
 21
-45.3233150000000009
 31
0
  0
LINE
  5
429
330
22
100
AcDbEntity
  8
F.Cu
  6
CONTINUOUS
100
AcDbLine
 10
140.6540929999999889
 20
-45.3233150000000009
 30
0
 11
140.6540929999999889
 21
-45.156684999999996
 31
0
  0
LINE
  5
42A
330
22
100
AcDbEntity
  8
F.Cu
  6
CONTINUOUS
100
AcDbLine
 10
140.6540929999999889
 20
-45.156684999999996
 30
0
 11
140.686600999999996
 21
-44.9932579999999973
 31
0
  0
LINE
  5
42B
330
22
100
AcDbEntity
  8
F.Cu
  6
CONTINUOUS
100
AcDbLine
 10
140.686600999999996
 20
-44.9932579999999973
 30
0
 11
140.7503669999999829
 21
-44.8393129999999971
 31
0
  0
LINE
  5
42C
330
22
100
AcDbEntity
  8
F.Cu
  6
CONTINUOUS
100
AcDbLine
 10
140.7503669999999829
 20
-44.8393129999999971
 30
0
 11
140.8429409999999962
 21
-44.7007659999999944
 31
0
  0
LINE
  5
42D
330
22
100
AcDbEntity
  8
F.Cu
  6
CONTINUOUS
100
AcDbLine
 10
140.8429409999999962
 20
-44.7007659999999944
 30
0
 11
140.9607660000000067
 21
-44.5829409999999982
 31
0
  0
LINE
  5
42E
330
22
100
AcDbEntity
  8
F.Cu
  6
CONTINUOUS
100
AcDbLine
 10
140.9607660000000067
 20
-44.5829409999999982
 30
0
 11
141.0993129999999951
 21
-44.4903669999999991
 31
0
  0
LINE
  5
42F
330
22
100
AcDbEntity
  8
F.Cu
  6
CONTINUOUS
100
AcDbLine
 10
141.0993129999999951
 20
-44.4903669999999991
 30
0
 11
141.2532579999999882
 21
-44.426600999999998
 31
0
  0
LINE
  5
430
330
22
100
AcDbEntity
  8
F.Cu
  6
CONTINUOUS
100
AcDbLine
 10
141.2532579999999882
 20
-44.426600999999998
 30
0
 11
141.4166850000000011
 21
-44.394092999999998
 31
0
  0
LINE
  5
431
330
22
100
AcDbEntity
  8
F.Cu
  6
CONTINUOUS
100
AcDbLine
 10
141.4166850000000011
 20
-44.394092999999998
 30
0
 11
141.5833149999999989
 21
-44.394092999999998
 31
0
  0
LINE
  5
432
330
22
100
AcDbEntity
  8
F.Cu
  6
CONTINUOUS
100
AcDbLine
 10
141.5833149999999989
 20
-44.394092999999998
 30
0
 11
141.7467419999999834
 21
-44.426600999999998
 31
0
  0
LINE
  5
433
330
22
100
AcDbEntity
  8
F.Cu
  6
CONTINUOUS
100
AcDbLine
 10
141.7467419999999834
 20
-41.8866009999999989
 30
0
 11
141.9006870000000049
 21
-41.950367
 31
0
  0
LINE
  5
434
330
22
100
AcDbEntity
  8
F.Cu
  6
CONTINUOUS
100
AcDbLine
 10
141.9006870000000049
 20
-41.950367
 30
0
 11
142.0392339999999933
 21
-42.042940999999999
 31
0
  0
LINE
  5
435
330
22
100
AcDbEntity
  8
F.Cu
  6
CONTINUOUS
100
AcDbLine
 10
142.0392339999999933
 20
-42.042940999999999
 30
0
 11
142.1570590000000038
 21
-42.1607659999999953
 31
0
  0
LINE
  5
436
330
22
100
AcDbEntity
  8
F.Cu
  6
CONTINUOUS
100
AcDbLine
 10
142.1570590000000038
 20
-42.1607659999999953
 30
0
 11
142.2496329999999887
 21
-42.2993129999999979
 31
0
  0
LINE
  5
437
330
22
100
AcDbEntity
  8
F.Cu
  6
CONTINUOUS
100
AcDbLine
 10
142.2496329999999887
 20
-42.2993129999999979
 30
0
 11
142.313399000000004
 21
-42.4532579999999982
 31
0
  0
LINE
  5
438
330
22
100
AcDbEntity
  8
F.Cu
  6
CONTINUOUS
100
AcDbLine
 10
142.313399000000004
 20
-42.4532579999999982
 30
0
 11
142.3459069999999826
 21
-42.6166849999999968
 31
0
  0
LINE
  5
439
330
22
100
AcDbEntity
  8
F.Cu
  6
CONTINUOUS
100
AcDbLine
 10
142.3459069999999826
 20
-42.6166849999999968
 30
0
 11
142.3459069999999826
 21
-42.7833149999999947
 31
0
  0
LINE
  5
43A
330
22
100
AcDbEntity
  8
F.Cu
  6
CONTINUOUS
100
AcDbLine
 10
142.3459069999999826
 20
-42.7833149999999947
 30
0
 11
142.313399000000004
 21
-42.9467420000000004
 31
0
  0
LINE
  5
43B
330
22
100
AcDbEntity
  8
F.Cu
  6
CONTINUOUS
100
AcDbLine
 10
142.313399000000004
 20
-42.9467420000000004
 30
0
 11
142.2496329999999887
 21
-43.1006870000000006
 31
0
  0
LINE
  5
43C
330
22
100
AcDbEntity
  8
F.Cu
  6
CONTINUOUS
100
AcDbLine
 10
142.2496329999999887
 20
-43.1006870000000006
 30
0
 11
142.1570590000000038
 21
-43.2392339999999962
 31
0
  0
LINE
  5
43D
330
22
100
AcDbEntity
  8
F.Cu
  6
CONTINUOUS
100
AcDbLine
 10
142.1570590000000038
 20
-43.2392339999999962
 30
0
 11
142.0392339999999933
 21
-43.3570589999999996
 31
0
  0
LINE
  5
43E
330
22
100
AcDbEntity
  8
F.Cu
  6
CONTINUOUS
100
AcDbLine
 10
142.0392339999999933
 20
-43.3570589999999996
 30
0
 11
141.9006870000000049
 21
-43.4496329999999986
 31
0
  0
LINE
  5
43F
330
22
100
AcDbEntity
  8
F.Cu
  6
CONTINUOUS
100
AcDbLine
 10
141.9006870000000049
 20
-43.4496329999999986
 30
0
 11
141.7467419999999834
 21
-43.5133989999999997
 31
0
  0
LINE
  5
440
330
22
100
AcDbEntity
  8
F.Cu
  6
CONTINUOUS
100
AcDbLine
 10
141.7467419999999834
 20
-43.5133989999999997
 30
0
 11
141.5833149999999989
 21
-43.5459069999999997
 31
0
  0
LINE
  5
441
330
22
100
AcDbEntity
  8
F.Cu
  6
CONTINUOUS
100
AcDbLine
 10
141.5833149999999989
 20
-43.5459069999999997
 30
0
 11
141.4166850000000011
 21
-43.5459069999999997
 31
0
  0
LINE
  5
442
330
22
100
AcDbEntity
  8
F.Cu
  6
CONTINUOUS
100
AcDbLine
 10
141.4166850000000011
 20
-43.5459069999999997
 30
0
 11
141.2532579999999882
 21
-43.5133989999999997
 31
0
  0
LINE
  5
443
330
22
100
AcDbEntity
  8
F.Cu
  6
CONTINUOUS
100
AcDbLine
 10
141.2532579999999882
 20
-43.5133989999999997
 30
0
 11
141.0993129999999951
 21
-43.4496329999999986
 31
0
  0
LINE
  5
444
330
22
100
AcDbEntity
  8
F.Cu
  6
CONTINUOUS
100
AcDbLine
 10
141.0993129999999951
 20
-43.4496329999999986
 30
0
 11
140.9607660000000067
 21
-43.3570589999999996
 31
0
  0
LINE
  5
445
330
22
100
AcDbEntity
  8
F.Cu
  6
CONTINUOUS
100
AcDbLine
 10
140.9607660000000067
 20
-43.3570589999999996
 30
0
 11
140.8429409999999962
 21
-43.2392339999999962
 31
0
  0
LINE
  5
446
330
22
100
AcDbEntity
  8
F.Cu
  6
CONTINUOUS
100
AcDbLine
 10
140.8429409999999962
 20
-43.2392339999999962
 30
0
 11
140.7503669999999829
 21
-43.1006870000000006
 31
0
  0
LINE
  5
447
330
22
100
AcDbEntity
  8
F.Cu
  6
CONTINUOUS
100
AcDbLine
 10
140.7503669999999829
 20
-43.1006870000000006
 30
0
 11
140.686600999999996
 21
-42.9467420000000004
 31
0
  0
LINE
  5
448
330
22
100
AcDbEntity
  8
F.Cu
  6
CONTINUOUS
100
AcDbLine
 10
140.686600999999996
 20
-42.9467420000000004
 30
0
 11
140.6540929999999889
 21
-42.7833149999999947
 31
0
  0
LINE
  5
449
330
22
100
AcDbEntity
  8
F.Cu
  6
CONTINUOUS
100
AcDbLine
 10
140.6540929999999889
 20
-42.7833149999999947
 30
0
 11
140.6540929999999889
 21
-42.6166849999999968
 31
0
  0
LINE
  5
44A
330
22
100
AcDbEntity
  8
F.Cu
  6
CONTINUOUS
100
AcDbLine
 10
140.6540929999999889
 20
-42.6166849999999968
 30
0
 11
140.686600999999996
 21
-42.4532579999999982
 31
0
  0
LINE
  5
44B
330
22
100
AcDbEntity
  8
F.Cu
  6
CONTINUOUS
100
AcDbLine
 10
140.686600999999996
 20
-42.4532579999999982
 30
0
 11
140.7503669999999829
 21
-42.2993129999999979
 31
0
  0
LINE
  5
44C
330
22
100
AcDbEntity
  8
F.Cu
  6
CONTINUOUS
100
AcDbLine
 10
140.7503669999999829
 20
-42.2993129999999979
 30
0
 11
140.8429409999999962
 21
-42.1607659999999953
 31
0
  0
LINE
  5
44D
330
22
100
AcDbEntity
  8
F.Cu
  6
CONTINUOUS
100
AcDbLine
 10
140.8429409999999962
 20
-42.1607659999999953
 30
0
 11
140.9607660000000067
 21
-42.042940999999999
 31
0
  0
LINE
  5
44E
330
22
100
AcDbEntity
  8
F.Cu
  6
CONTINUOUS
100
AcDbLine
 10
140.9607660000000067
 20
-42.042940999999999
 30
0
 11
141.0993129999999951
 21
-41.950367
 31
0
  0
LINE
  5
44F
330
22
100
AcDbEntity
  8
F.Cu
  6
CONTINUOUS
100
AcDbLine
 10
141.0993129999999951
 20
-41.950367
 30
0
 11
141.2532579999999882
 21
-41.8866009999999989
 31
0
  0
LINE
  5
450
330
22
100
AcDbEntity
  8
F.Cu
  6
CONTINUOUS
100
AcDbLine
 10
141.2532579999999882
 20
-41.8866009999999989
 30
0
 11
141.4166850000000011
 21
-41.8540929999999989
 31
0
  0
LINE
  5
451
330
22
100
AcDbEntity
  8
F.Cu
  6
CONTINUOUS
100
AcDbLine
 10
141.4166850000000011
 20
-41.8540929999999989
 30
0
 11
141.5833149999999989
 21
-41.8540929999999989
 31
0
  0
LINE
  5
452
330
22
100
AcDbEntity
  8
F.Cu
  6
CONTINUOUS
100
AcDbLine
 10
141.5833149999999989
 20
-41.8540929999999989
 30
0
 11
141.7467419999999834
 21
-41.8866009999999989
 31
0
  0
LINE
  5
453
330
22
100
AcDbEntity
  8
F.Cu
  6
CONTINUOUS
100
AcDbLine
 10
141.7467419999999834
 20
-39.3466009999999997
 30
0
 11
141.9006870000000049
 21
-39.4103670000000008
 31
0
  0
LINE
  5
454
330
22
100
AcDbEntity
  8
F.Cu
  6
CONTINUOUS
100
AcDbLine
 10
141.9006870000000049
 20
-39.4103670000000008
 30
0
 11
142.0392339999999933
 21
-39.5029409999999999
 31
0
  0
LINE
  5
455
330
22
100
AcDbEntity
  8
F.Cu
  6
CONTINUOUS
100
AcDbLine
 10
142.0392339999999933
 20
-39.5029409999999999
 30
0
 11
142.1570590000000038
 21
-39.6207659999999962
 31
0
  0
LINE
  5
456
330
22
100
AcDbEntity
  8
F.Cu
  6
CONTINUOUS
100
AcDbLine
 10
142.1570590000000038
 20
-39.6207659999999962
 30
0
 11
142.2496329999999887
 21
-39.7593129999999988
 31
0
  0
LINE
  5
457
330
22
100
AcDbEntity
  8
F.Cu
  6
CONTINUOUS
100
AcDbLine
 10
142.2496329999999887
 20
-39.7593129999999988
 30
0
 11
142.313399000000004
 21
-39.913257999999999
 31
0
  0
LINE
  5
458
330
22
100
AcDbEntity
  8
F.Cu
  6
CONTINUOUS
100
AcDbLine
 10
142.313399000000004
 20
-39.913257999999999
 30
0
 11
142.3459069999999826
 21
-40.0766849999999977
 31
0
  0
LINE
  5
459
330
22
100
AcDbEntity
  8
F.Cu
  6
CONTINUOUS
100
AcDbLine
 10
142.3459069999999826
 20
-40.0766849999999977
 30
0
 11
142.3459069999999826
 21
-40.2433149999999955
 31
0
  0
LINE
  5
45A
330
22
100
AcDbEntity
  8
F.Cu
  6
CONTINUOUS
100
AcDbLine
 10
142.3459069999999826
 20
-40.2433149999999955
 30
0
 11
142.313399000000004
 21
-40.4067420000000013
 31
0
  0
LINE
  5
45B
330
22
100
AcDbEntity
  8
F.Cu
  6
CONTINUOUS
100
AcDbLine
 10
142.313399000000004
 20
-40.4067420000000013
 30
0
 11
142.2496329999999887
 21
-40.5606870000000015
 31
0
  0
LINE
  5
45C
330
22
100
AcDbEntity
  8
F.Cu
  6
CONTINUOUS
100
AcDbLine
 10
142.2496329999999887
 20
-40.5606870000000015
 30
0
 11
142.1570590000000038
 21
-40.699233999999997
 31
0
  0
LINE
  5
45D
330
22
100
AcDbEntity
  8
F.Cu
  6
CONTINUOUS
100
AcDbLine
 10
142.1570590000000038
 20
-40.699233999999997
 30
0
 11
142.0392339999999933
 21
-40.8170590000000004
 31
0
  0
LINE
  5
45E
330
22
100
AcDbEntity
  8
F.Cu
  6
CONTINUOUS
100
AcDbLine
 10
142.0392339999999933
 20
-40.8170590000000004
 30
0
 11
141.9006870000000049
 21
-40.9096329999999995
 31
0
  0
LINE
  5
45F
330
22
100
AcDbEntity
  8
F.Cu
  6
CONTINUOUS
100
AcDbLine
 10
141.9006870000000049
 20
-40.9096329999999995
 30
0
 11
141.7467419999999834
 21
-40.9733990000000006
 31
0
  0
LINE
  5
460
330
22
100
AcDbEntity
  8
F.Cu
  6
CONTINUOUS
100
AcDbLine
 10
141.7467419999999834
 20
-40.9733990000000006
 30
0
 11
141.5833149999999989
 21
-41.0059070000000006
 31
0
  0
LINE
  5
461
330
22
100
AcDbEntity
  8
F.Cu
  6
CONTINUOUS
100
AcDbLine
 10
141.5833149999999989
 20
-41.0059070000000006
 30
0
 11
141.4166850000000011
 21
-41.0059070000000006
 31
0
  0
LINE
  5
462
330
22
100
AcDbEntity
  8
F.Cu
  6
CONTINUOUS
100
AcDbLine
 10
141.4166850000000011
 20
-41.0059070000000006
 30
0
 11
141.2532579999999882
 21
-40.9733990000000006
 31
0
  0
LINE
  5
463
330
22
100
AcDbEntity
  8
F.Cu
  6
CONTINUOUS
100
AcDbLine
 10
141.2532579999999882
 20
-40.9733990000000006
 30
0
 11
141.0993129999999951
 21
-40.9096329999999995
 31
0
  0
LINE
  5
464
330
22
100
AcDbEntity
  8
F.Cu
  6
CONTINUOUS
100
AcDbLine
 10
141.0993129999999951
 20
-40.9096329999999995
 30
0
 11
140.9607660000000067
 21
-40.8170590000000004
 31
0
  0
LINE
  5
465
330
22
100
AcDbEntity
  8
F.Cu
  6
CONTINUOUS
100
AcDbLine
 10
140.9607660000000067
 20
-40.8170590000000004
 30
0
 11
140.8429409999999962
 21
-40.699233999999997
 31
0
  0
LINE
  5
466
330
22
100
AcDbEntity
  8
F.Cu
  6
CONTINUOUS
100
AcDbLine
 10
140.8429409999999962
 20
-40.699233999999997
 30
0
 11
140.7503669999999829
 21
-40.5606870000000015
 31
0
  0
LINE
  5
467
330
22
100
AcDbEntity
  8
F.Cu
  6
CONTINUOUS
100
AcDbLine
 10
140.7503669999999829
 20
-40.5606870000000015
 30
0
 11
140.686600999999996
 21
-40.4067420000000013
 31
0
  0
LINE
  5
468
330
22
100
AcDbEntity
  8
F.Cu
  6
CONTINUOUS
100
AcDbLine
 10
140.686600999999996
 20
-40.4067420000000013
 30
0
 11
140.6540929999999889
 21
-40.2433149999999955
 31
0
  0
LINE
  5
469
330
22
100
AcDbEntity
  8
F.Cu
  6
CONTINUOUS
100
AcDbLine
 10
140.6540929999999889
 20
-40.2433149999999955
 30
0
 11
140.6540929999999889
 21
-40.0766849999999977
 31
0
  0
LINE
  5
46A
330
22
100
AcDbEntity
  8
F.Cu
  6
CONTINUOUS
100
AcDbLine
 10
140.6540929999999889
 20
-40.0766849999999977
 30
0
 11
140.686600999999996
 21
-39.913257999999999
 31
0
  0
LINE
  5
46B
330
22
100
AcDbEntity
  8
F.Cu
  6
CONTINUOUS
100
AcDbLine
 10
140.686600999999996
 20
-39.913257999999999
 30
0
 11
140.7503669999999829
 21
-39.7593129999999988
 31
0
  0
LINE
  5
46C
330
22
100
AcDbEntity
  8
F.Cu
  6
CONTINUOUS
100
AcDbLine
 10
140.7503669999999829
 20
-39.7593129999999988
 30
0
 11
140.8429409999999962
 21
-39.6207659999999962
 31
0
  0
LINE
  5
46D
330
22
100
AcDbEntity
  8
F.Cu
  6
CONTINUOUS
100
AcDbLine
 10
140.8429409999999962
 20
-39.6207659999999962
 30
0
 11
140.9607660000000067
 21
-39.5029409999999999
 31
0
  0
LINE
  5
46E
330
22
100
AcDbEntity
  8
F.Cu
  6
CONTINUOUS
100
AcDbLine
 10
140.9607660000000067
 20
-39.5029409999999999
 30
0
 11
141.0993129999999951
 21
-39.4103670000000008
 31
0
  0
LINE
  5
46F
330
22
100
AcDbEntity
  8
F.Cu
  6
CONTINUOUS
100
AcDbLine
 10
141.0993129999999951
 20
-39.4103670000000008
 30
0
 11
141.2532579999999882
 21
-39.3466009999999997
 31
0
  0
LINE
  5
470
330
22
100
AcDbEntity
  8
F.Cu
  6
CONTINUOUS
100
AcDbLine
 10
141.2532579999999882
 20
-39.3466009999999997
 30
0
 11
141.4166850000000011
 21
-39.3140929999999997
 31
0
  0
LINE
  5
471
330
22
100
AcDbEntity
  8
F.Cu
  6
CONTINUOUS
100
AcDbLine
 10
141.4166850000000011
 20
-39.3140929999999997
 30
0
 11
141.5833149999999989
 21
-39.3140929999999997
 31
0
  0
LINE
  5
472
330
22
100
AcDbEntity
  8
F.Cu
  6
CONTINUOUS
100
AcDbLine
 10
141.5833149999999989
 20
-39.3140929999999997
 30
0
 11
141.7467419999999834
 21
-39.3466009999999997
 31
0
  0
LINE
  5
473
330
22
100
AcDbEntity
  8
F.Cu
  6
CONTINUOUS
100
AcDbLine
 10
141.7467419999999834
 20
-36.8066010000000006
 30
0
 11
141.9006870000000049
 21
-36.8703670000000017
 31
0
  0
LINE
  5
474
330
22
100
AcDbEntity
  8
F.Cu
  6
CONTINUOUS
100
AcDbLine
 10
141.9006870000000049
 20
-36.8703670000000017
 30
0
 11
142.0392339999999933
 21
-36.9629410000000007
 31
0
  0
LINE
  5
475
330
22
100
AcDbEntity
  8
F.Cu
  6
CONTINUOUS
100
AcDbLine
 10
142.0392339999999933
 20
-36.9629410000000007
 30
0
 11
142.1570590000000038
 21
-37.080765999999997
 31
0
  0
LINE
  5
476
330
22
100
AcDbEntity
  8
F.Cu
  6
CONTINUOUS
100
AcDbLine
 10
142.1570590000000038
 20
-37.080765999999997
 30
0
 11
142.2496329999999887
 21
-37.2193129999999996
 31
0
  0
LINE
  5
477
330
22
100
AcDbEntity
  8
F.Cu
  6
CONTINUOUS
100
AcDbLine
 10
142.2496329999999887
 20
-37.2193129999999996
 30
0
 11
142.313399000000004
 21
-37.3732579999999999
 31
0
  0
LINE
  5
478
330
22
100
AcDbEntity
  8
F.Cu
  6
CONTINUOUS
100
AcDbLine
 10
142.313399000000004
 20
-37.3732579999999999
 30
0
 11
142.3459069999999826
 21
-37.5366849999999985
 31
0
  0
LINE
  5
479
330
22
100
AcDbEntity
  8
F.Cu
  6
CONTINUOUS
100
AcDbLine
 10
142.3459069999999826
 20
-37.5366849999999985
 30
0
 11
142.3459069999999826
 21
-37.7033149999999964
 31
0
  0
LINE
  5
47A
330
22
100
AcDbEntity
  8
F.Cu
  6
CONTINUOUS
100
AcDbLine
 10
142.3459069999999826
 20
-37.7033149999999964
 30
0
 11
142.313399000000004
 21
-37.866741999999995
 31
0
  0
LINE
  5
47B
330
22
100
AcDbEntity
  8
F.Cu
  6
CONTINUOUS
100
AcDbLine
 10
142.313399000000004
 20
-37.866741999999995
 30
0
 11
142.2496329999999887
 21
-38.0206869999999952
 31
0
  0
LINE
  5
47C
330
22
100
AcDbEntity
  8
F.Cu
  6
CONTINUOUS
100
AcDbLine
 10
142.2496329999999887
 20
-38.0206869999999952
 30
0
 11
142.1570590000000038
 21
-38.1592339999999979
 31
0
  0
LINE
  5
47D
330
22
100
AcDbEntity
  8
F.Cu
  6
CONTINUOUS
100
AcDbLine
 10
142.1570590000000038
 20
-38.1592339999999979
 30
0
 11
142.0392339999999933
 21
-38.2770590000000013
 31
0
  0
LINE
  5
47E
330
22
100
AcDbEntity
  8
F.Cu
  6
CONTINUOUS
100
AcDbLine
 10
142.0392339999999933
 20
-38.2770590000000013
 30
0
 11
141.9006870000000049
 21
-38.3696330000000003
 31
0
  0
LINE
  5
47F
330
22
100
AcDbEntity
  8
F.Cu
  6
CONTINUOUS
100
AcDbLine
 10
141.9006870000000049
 20
-38.3696330000000003
 30
0
 11
141.7467419999999834
 21
-38.4333990000000014
 31
0
  0
LINE
  5
480
330
22
100
AcDbEntity
  8
F.Cu
  6
CONTINUOUS
100
AcDbLine
 10
141.7467419999999834
 20
-38.4333990000000014
 30
0
 11
141.5833149999999989
 21
-38.4659070000000014
 31
0
  0
LINE
  5
481
330
22
100
AcDbEntity
  8
F.Cu
  6
CONTINUOUS
100
AcDbLine
 10
141.5833149999999989
 20
-38.4659070000000014
 30
0
 11
141.4166850000000011
 21
-38.4659070000000014
 31
0
  0
LINE
  5
482
330
22
100
AcDbEntity
  8
F.Cu
  6
CONTINUOUS
100
AcDbLine
 10
141.4166850000000011
 20
-38.4659070000000014
 30
0
 11
141.2532579999999882
 21
-38.4333990000000014
 31
0
  0
LINE
  5
483
330
22
100
AcDbEntity
  8
F.Cu
  6
CONTINUOUS
100
AcDbLine
 10
141.2532579999999882
 20
-38.4333990000000014
 30
0
 11
141.0993129999999951
 21
-38.3696330000000003
 31
0
  0
LINE
  5
484
330
22
100
AcDbEntity
  8
F.Cu
  6
CONTINUOUS
100
AcDbLine
 10
141.0993129999999951
 20
-38.3696330000000003
 30
0
 11
140.9607660000000067
 21
-38.2770590000000013
 31
0
  0
LINE
  5
485
330
22
100
AcDbEntity
  8
F.Cu
  6
CONTINUOUS
100
AcDbLine
 10
140.9607660000000067
 20
-38.2770590000000013
 30
0
 11
140.8429409999999962
 21
-38.1592339999999979
 31
0
  0
LINE
  5
486
330
22
100
AcDbEntity
  8
F.Cu
  6
CONTINUOUS
100
AcDbLine
 10
140.8429409999999962
 20
-38.1592339999999979
 30
0
 11
140.7503669999999829
 21
-38.0206869999999952
 31
0
  0
LINE
  5
487
330
22
100
AcDbEntity
  8
F.Cu
  6
CONTINUOUS
100
AcDbLine
 10
140.7503669999999829
 20
-38.0206869999999952
 30
0
 11
140.686600999999996
 21
-37.866741999999995
 31
0
  0
LINE
  5
488
330
22
100
AcDbEntity
  8
F.Cu
  6
CONTINUOUS
100
AcDbLine
 10
140.686600999999996
 20
-37.866741999999995
 30
0
 11
140.6540929999999889
 21
-37.7033149999999964
 31
0
  0
LINE
  5
489
330
22
100
AcDbEntity
  8
F.Cu
  6
CONTINUOUS
100
AcDbLine
 10
140.6540929999999889
 20
-37.7033149999999964
 30
0
 11
140.6540929999999889
 21
-37.5366849999999985
 31
0
  0
LINE
  5
48A
330
22
100
AcDbEntity
  8
F.Cu
  6
CONTINUOUS
100
AcDbLine
 10
140.6540929999999889
 20
-37.5366849999999985
 30
0
 11
140.686600999999996
 21
-37.3732579999999999
 31
0
  0
LINE
  5
48B
330
22
100
AcDbEntity
  8
F.Cu
  6
CONTINUOUS
100
AcDbLine
 10
140.686600999999996
 20
-37.3732579999999999
 30
0
 11
140.7503669999999829
 21
-37.2193129999999996
 31
0
  0
LINE
  5
48C
330
22
100
AcDbEntity
  8
F.Cu
  6
CONTINUOUS
100
AcDbLine
 10
140.7503669999999829
 20
-37.2193129999999996
 30
0
 11
140.8429409999999962
 21
-37.080765999999997
 31
0
  0
LINE
  5
48D
330
22
100
AcDbEntity
  8
F.Cu
  6
CONTINUOUS
100
AcDbLine
 10
140.8429409999999962
 20
-37.080765999999997
 30
0
 11
140.9607660000000067
 21
-36.9629410000000007
 31
0
  0
LINE
  5
48E
330
22
100
AcDbEntity
  8
F.Cu
  6
CONTINUOUS
100
AcDbLine
 10
140.9607660000000067
 20
-36.9629410000000007
 30
0
 11
141.0993129999999951
 21
-36.8703670000000017
 31
0
  0
LINE
  5
48F
330
22
100
AcDbEntity
  8
F.Cu
  6
CONTINUOUS
100
AcDbLine
 10
141.0993129999999951
 20
-36.8703670000000017
 30
0
 11
141.2532579999999882
 21
-36.8066010000000006
 31
0
  0
LINE
  5
490
330
22
100
AcDbEntity
  8
F.Cu
  6
CONTINUOUS
100
AcDbLine
 10
141.2532579999999882
 20
-36.8066010000000006
 30
0
 11
141.4166850000000011
 21
-36.7740930000000006
 31
0
  0
LINE
  5
491
330
22
100
AcDbEntity
  8
F.Cu
  6
CONTINUOUS
100
AcDbLine
 10
141.4166850000000011
 20
-36.7740930000000006
 30
0
 11
141.5833149999999989
 21
-36.7740930000000006
 31
0
  0
LINE
  5
492
330
22
100
AcDbEntity
  8
F.Cu
  6
CONTINUOUS
100
AcDbLine
 10
141.5833149999999989
 20
-36.7740930000000006
 30
0
 11
141.7467419999999834
 21
-36.8066010000000006
 31
0
  0
LINE
  5
493
330
22
100
AcDbEntity
  8
F.Cu
  6
CONTINUOUS
100
AcDbLine
 10
147.2083149999999989
 20
-61.5340929999999986
 30
0
 11
147.3717419999999834
 21
-61.5666009999999986
 31
0
  0
LINE
  5
494
330
22
100
AcDbEntity
  8
F.Cu
  6
CONTINUOUS
100
AcDbLine
 10
147.3717419999999834
 20
-61.5666009999999986
 30
0
 11
147.5256870000000049
 21
-61.6303669999999997
 31
0
  0
LINE
  5
495
330
22
100
AcDbEntity
  8
F.Cu
  6
CONTINUOUS
100
AcDbLine
 10
147.5256870000000049
 20
-61.6303669999999997
 30
0
 11
147.6642339999999933
 21
-61.7229409999999987
 31
0
  0
LINE
  5
496
330
22
100
AcDbEntity
  8
F.Cu
  6
CONTINUOUS
100
AcDbLine
 10
147.6642339999999933
 20
-61.7229409999999987
 30
0
 11
147.7820590000000038
 21
-61.840765999999995
 31
0
  0
LINE
  5
497
330
22
100
AcDbEntity
  8
F.Cu
  6
CONTINUOUS
100
AcDbLine
 10
147.7820590000000038
 20
-61.840765999999995
 30
0
 11
147.8746329999999887
 21
-61.9793129999999977
 31
0
  0
LINE
  5
498
330
22
100
AcDbEntity
  8
F.Cu
  6
CONTINUOUS
100
AcDbLine
 10
147.8746329999999887
 20
-61.9793129999999977
 30
0
 11
147.938399000000004
 21
-62.1332579999999979
 31
0
  0
LINE
  5
499
330
22
100
AcDbEntity
  8
F.Cu
  6
CONTINUOUS
100
AcDbLine
 10
147.938399000000004
 20
-62.1332579999999979
 30
0
 11
147.9709069999999826
 21
-62.2966849999999965
 31
0
  0
LINE
  5
49A
330
22
100
AcDbEntity
  8
F.Cu
  6
CONTINUOUS
100
AcDbLine
 10
147.9709069999999826
 20
-62.2966849999999965
 30
0
 11
147.9709069999999826
 21
-62.4633149999999944
 31
0
  0
LINE
  5
49B
330
22
100
AcDbEntity
  8
F.Cu
  6
CONTINUOUS
100
AcDbLine
 10
147.9709069999999826
 20
-62.4633149999999944
 30
0
 11
147.938399000000004
 21
-62.6267420000000001
 31
0
  0
LINE
  5
49C
330
22
100
AcDbEntity
  8
F.Cu
  6
CONTINUOUS
100
AcDbLine
 10
147.938399000000004
 20
-62.6267420000000001
 30
0
 11
147.8746329999999887
 21
-62.7806870000000004
 31
0
  0
LINE
  5
49D
330
22
100
AcDbEntity
  8
F.Cu
  6
CONTINUOUS
100
AcDbLine
 10
147.8746329999999887
 20
-62.7806870000000004
 30
0
 11
147.7820590000000038
 21
-62.9192339999999959
 31
0
  0
LINE
  5
49E
330
22
100
AcDbEntity
  8
F.Cu
  6
CONTINUOUS
100
AcDbLine
 10
147.7820590000000038
 20
-62.9192339999999959
 30
0
 11
147.6642339999999933
 21
-63.0370589999999993
 31
0
  0
LINE
  5
49F
330
22
100
AcDbEntity
  8
F.Cu
  6
CONTINUOUS
100
AcDbLine
 10
147.6642339999999933
 20
-63.0370589999999993
 30
0
 11
147.5256870000000049
 21
-63.1296329999999983
 31
0
  0
LINE
  5
4A0
330
22
100
AcDbEntity
  8
F.Cu
  6
CONTINUOUS
100
AcDbLine
 10
147.5256870000000049
 20
-63.1296329999999983
 30
0
 11
147.3717419999999834
 21
-63.1933989999999994
 31
0
  0
LINE
  5
4A1
330
22
100
AcDbEntity
  8
F.Cu
  6
CONTINUOUS
100
AcDbLine
 10
147.3717419999999834
 20
-63.1933989999999994
 30
0
 11
147.2083149999999989
 21
-63.2259069999999994
 31
0
  0
LINE
  5
4A2
330
22
100
AcDbEntity
  8
F.Cu
  6
CONTINUOUS
100
AcDbLine
 10
147.2083149999999989
 20
-63.2259069999999994
 30
0
 11
147.125
 21
-63.2299999999999969
 31
0
  0
LINE
  5
4A3
330
22
100
AcDbEntity
  8
F.Cu
  6
CONTINUOUS
100
AcDbLine
 10
147.125
 20
-63.2299999999999969
 30
0
 11
145.125
 21
-63.2299999999999969
 31
0
  0
LINE
  5
4A4
330
22
100
AcDbEntity
  8
F.Cu
  6
CONTINUOUS
100
AcDbLine
 10
145.125
 20
-63.2299999999999969
 30
0
 11
145.0416850000000011
 21
-63.2259069999999994
 31
0
  0
LINE
  5
4A5
330
22
100
AcDbEntity
  8
F.Cu
  6
CONTINUOUS
100
AcDbLine
 10
145.0416850000000011
 20
-63.2259069999999994
 30
0
 11
144.8782579999999882
 21
-63.1933989999999994
 31
0
  0
LINE
  5
4A6
330
22
100
AcDbEntity
  8
F.Cu
  6
CONTINUOUS
100
AcDbLine
 10
144.8782579999999882
 20
-63.1933989999999994
 30
0
 11
144.7243129999999951
 21
-63.1296329999999983
 31
0
  0
LINE
  5
4A7
330
22
100
AcDbEntity
  8
F.Cu
  6
CONTINUOUS
100
AcDbLine
 10
144.7243129999999951
 20
-63.1296329999999983
 30
0
 11
144.5857660000000067
 21
-63.0370589999999993
 31
0
  0
LINE
  5
4A8
330
22
100
AcDbEntity
  8
F.Cu
  6
CONTINUOUS
100
AcDbLine
 10
144.5857660000000067
 20
-63.0370589999999993
 30
0
 11
144.4679409999999962
 21
-62.9192339999999959
 31
0
  0
LINE
  5
4A9
330
22
100
AcDbEntity
  8
F.Cu
  6
CONTINUOUS
100
AcDbLine
 10
144.4679409999999962
 20
-62.9192339999999959
 30
0
 11
144.3753669999999829
 21
-62.7806870000000004
 31
0
  0
LINE
  5
4AA
330
22
100
AcDbEntity
  8
F.Cu
  6
CONTINUOUS
100
AcDbLine
 10
144.3753669999999829
 20
-62.7806870000000004
 30
0
 11
144.311600999999996
 21
-62.6267420000000001
 31
0
  0
LINE
  5
4AB
330
22
100
AcDbEntity
  8
F.Cu
  6
CONTINUOUS
100
AcDbLine
 10
144.311600999999996
 20
-62.6267420000000001
 30
0
 11
144.2790929999999889
 21
-62.4633149999999944
 31
0
  0
LINE
  5
4AC
330
22
100
AcDbEntity
  8
F.Cu
  6
CONTINUOUS
100
AcDbLine
 10
144.2790929999999889
 20
-62.4633149999999944
 30
0
 11
144.2790929999999889
 21
-62.2966849999999965
 31
0
  0
LINE
  5
4AD
330
22
100
AcDbEntity
  8
F.Cu
  6
CONTINUOUS
100
AcDbLine
 10
144.2790929999999889
 20
-62.2966849999999965
 30
0
 11
144.311600999999996
 21
-62.1332579999999979
 31
0
  0
LINE
  5
4AE
330
22
100
AcDbEntity
  8
F.Cu
  6
CONTINUOUS
100
AcDbLine
 10
144.311600999999996
 20
-62.1332579999999979
 30
0
 11
144.3753669999999829
 21
-61.9793129999999977
 31
0
  0
LINE
  5
4AF
330
22
100
AcDbEntity
  8
F.Cu
  6
CONTINUOUS
100
AcDbLine
 10
144.3753669999999829
 20
-61.9793129999999977
 30
0
 11
144.4679409999999962
 21
-61.840765999999995
 31
0
  0
LINE
  5
4B0
330
22
100
AcDbEntity
  8
F.Cu
  6
CONTINUOUS
100
AcDbLine
 10
144.4679409999999962
 20
-61.840765999999995
 30
0
 11
144.5857660000000067
 21
-61.7229409999999987
 31
0
  0
LINE
  5
4B1
330
22
100
AcDbEntity
  8
F.Cu
  6
CONTINUOUS
100
AcDbLine
 10
144.5857660000000067
 20
-61.7229409999999987
 30
0
 11
144.7243129999999951
 21
-61.6303669999999997
 31
0
  0
LINE
  5
4B2
330
22
100
AcDbEntity
  8
F.Cu
  6
CONTINUOUS
100
AcDbLine
 10
144.7243129999999951
 20
-61.6303669999999997
 30
0
 11
144.8782579999999882
 21
-61.5666009999999986
 31
0
  0
LINE
  5
4B3
330
22
100
AcDbEntity
  8
F.Cu
  6
CONTINUOUS
100
AcDbLine
 10
144.8782579999999882
 20
-61.5666009999999986
 30
0
 11
145.0416850000000011
 21
-61.5340929999999986
 31
0
  0
LINE
  5
4B4
330
22
100
AcDbEntity
  8
F.Cu
  6
CONTINUOUS
100
AcDbLine
 10
145.0416850000000011
 20
-61.5340929999999986
 30
0
 11
145.125
 21
-61.529999999999994
 31
0
  0
LINE
  5
4B5
330
22
100
AcDbEntity
  8
F.Cu
  6
CONTINUOUS
100
AcDbLine
 10
145.125
 20
-61.529999999999994
 30
0
 11
147.125
 21
-61.529999999999994
 31
0
  0
LINE
  5
4B6
330
22
100
AcDbEntity
  8
F.Cu
  6
CONTINUOUS
100
AcDbLine
 10
147.125
 20
-61.529999999999994
 30
0
 11
147.2083149999999989
 21
-61.5340929999999986
 31
0
  0
LINE
  5
4B7
330
22
100
AcDbEntity
  8
F.Cu
  6
CONTINUOUS
100
AcDbLine
 10
154.9430389999999989
 20
-15.5196849999999991
 30
0
 11
154.9887939999999844
 21
-15.5724889999999991
 31
0
  0
LINE
  5
4B8
330
22
100
AcDbEntity
  8
F.Cu
  6
CONTINUOUS
100
AcDbLine
 10
154.9887939999999844
 20
-15.5724889999999991
 30
0
 11
155.
 21
-15.6239999999999988
 31
0
  0
LINE
  5
4B9
330
22
100
AcDbEntity
  8
F.Cu
  6
CONTINUOUS
100
AcDbLine
 10
155.
 20
-15.6239999999999988
 30
0
 11
155.
 21
-88.8751350000000002
 31
0
  0
LINE
  5
4BA
330
22
100
AcDbEntity
  8
F.Cu
  6
CONTINUOUS
100
AcDbLine
 10
155.
 20
-88.8751350000000002
 30
0
 11
154.9803149999999903
 21
-88.9421739999999943
 31
0
  0
LINE
  5
4BB
330
22
100
AcDbEntity
  8
F.Cu
  6
CONTINUOUS
100
AcDbLine
 10
154.9803149999999903
 20
-88.9421739999999943
 30
0
 11
154.9275109999999813
 21
-88.9879289999999941
 31
0
  0
LINE
  5
4BC
330
22
100
AcDbEntity
  8
F.Cu
  6
CONTINUOUS
100
AcDbLine
 10
154.9275109999999813
 20
-88.9879289999999941
 30
0
 11
154.8751389999999901
 21
-88.999132000000003
 31
0
  0
LINE
  5
4BD
330
22
100
AcDbEntity
  8
F.Cu
  6
CONTINUOUS
100
AcDbLine
 10
154.8751389999999901
 20
-88.999132000000003
 30
0
 11
83.1239849999999905
 21
-88.5008610000000004
 31
0
  0
LINE
  5
4BE
330
22
100
AcDbEntity
  8
F.Cu
  6
CONTINUOUS
100
AcDbLine
 10
83.1239849999999905
 20
-88.5008610000000004
 30
0
 11
83.0570840000000032
 21
-88.4807109999999994
 31
0
  0
LINE
  5
4BF
330
22
100
AcDbEntity
  8
F.Cu
  6
CONTINUOUS
100
AcDbLine
 10
83.0570840000000032
 20
-88.4807109999999994
 30
0
 11
83.0116969999999981
 21
-88.4275909999999925
 31
0
  0
LINE
  5
4C0
330
22
100
AcDbEntity
  8
F.Cu
  6
CONTINUOUS
100
AcDbLine
 10
83.0116969999999981
 20
-88.4275909999999925
 30
0
 11
83.0008490000000023
 21
-88.3760149999999953
 31
0
  0
LINE
  5
4C1
330
22
100
AcDbEntity
  8
F.Cu
  6
CONTINUOUS
100
AcDbLine
 10
83.0008490000000023
 20
-88.3760149999999953
 30
0
 11
83.0350770000000011
 21
-83.3787109999999956
 31
0
  0
LINE
  5
4C2
330
22
100
AcDbEntity
  8
F.Cu
  6
CONTINUOUS
100
AcDbLine
 10
83.0350770000000011
 20
-83.3787109999999956
 30
0
 11
83.0351110000000006
 21
-83.3738039999999927
 31
0
  0
LINE
  5
4C3
330
22
100
AcDbEntity
  8
F.Cu
  6
CONTINUOUS
100
AcDbLine
 10
83.0351110000000006
 20
-83.3738039999999927
 30
0
 11
83.096935000000002
 21
-74.3474609999999956
 31
0
  0
LINE
  5
4C4
330
22
100
AcDbEntity
  8
F.Cu
  6
CONTINUOUS
100
AcDbLine
 10
83.096935000000002
 20
-74.3474609999999956
 30
0
 11
83.1146839999999969
 21
-71.7561099999999925
 31
0
  0
LINE
  5
4C5
330
22
100
AcDbEntity
  8
F.Cu
  6
CONTINUOUS
100
AcDbLine
 10
83.1146839999999969
 20
-71.7561099999999925
 30
0
 11
83.2748679999999979
 21
-48.3692050000000009
 31
0
  0
LINE
  5
4C6
330
22
100
AcDbEntity
  8
F.Cu
  6
CONTINUOUS
100
AcDbLine
 10
83.2748679999999979
 20
-48.3692050000000009
 30
0
 11
83.4398219999999924
 21
-24.2860379999999978
 31
0
  0
LINE
  5
4C7
330
22
100
AcDbEntity
  8
F.Cu
  6
CONTINUOUS
100
AcDbLine
 10
83.4398219999999924
 20
-24.2860379999999978
 30
0
 11
83.4398609999999934
 21
-24.2803170000000001
 31
0
  0
LINE
  5
4C8
330
22
100
AcDbEntity
  8
F.Cu
  6
CONTINUOUS
100
AcDbLine
 10
83.4398609999999934
 20
-24.2803170000000001
 30
0
 11
83.473433
 21
-19.3787109999999991
 31
0
  0
LINE
  5
4C9
330
22
100
AcDbEntity
  8
F.Cu
  6
CONTINUOUS
100
AcDbLine
 10
83.473433
 20
-19.3787109999999991
 30
0
 11
83.4734669999999994
 21
-19.3738039999999998
 31
0
  0
LINE
  5
4CA
330
22
100
AcDbEntity
  8
F.Cu
  6
CONTINUOUS
100
AcDbLine
 10
83.4734669999999994
 20
-19.3738039999999998
 30
0
 11
83.4775530000000003
 21
-18.7772559999999977
 31
0
  0
LINE
  5
4CB
330
22
100
AcDbEntity
  8
F.Cu
  6
CONTINUOUS
100
AcDbLine
 10
83.4775530000000003
 20
-18.7772559999999977
 30
0
 11
83.4991559999999993
 21
-15.6231489999999997
 31
0
  0
LINE
  5
4CC
330
22
100
AcDbEntity
  8
F.Cu
  6
CONTINUOUS
100
AcDbLine
 10
83.4991559999999993
 20
-15.6231489999999997
 30
0
 11
83.5192989999999895
 21
-15.5562480000000001
 31
0
  0
LINE
  5
4CD
330
22
100
AcDbEntity
  8
F.Cu
  6
CONTINUOUS
100
AcDbLine
 10
83.5192989999999895
 20
-15.5562480000000001
 30
0
 11
83.5724149999999923
 21
-15.5108549999999994
 31
0
  0
LINE
  5
4CE
330
22
100
AcDbEntity
  8
F.Cu
  6
CONTINUOUS
100
AcDbLine
 10
83.5724149999999923
 20
-15.5108549999999994
 30
0
 11
83.6231530000000021
 21
-15.5
 31
0
  0
LINE
  5
4CF
330
22
100
AcDbEntity
  8
F.Cu
  6
CONTINUOUS
100
AcDbLine
 10
83.6231530000000021
 20
-15.5
 30
0
 11
154.8760000000000048
 21
-15.5
 31
0
  0
LINE
  5
4D0
330
22
100
AcDbEntity
  8
F.Cu
  6
CONTINUOUS
100
AcDbLine
 10
154.8760000000000048
 20
-15.5
 30
0
 11
154.9430389999999989
 21
-15.5196849999999991
 31
0
  0
LINE
  5
4D1
330
22
100
AcDbEntity
  8
F.Cu
  6
CONTINUOUS
100
AcDbLine
 10
91.6204230000000024
 20
-71.9088409999999953
 30
0
 11
91.6493579999999923
 21
-71.9589560000000006
 31
0
  0
LINE
  5
4D2
330
22
100
AcDbEntity
  8
F.Cu
  6
CONTINUOUS
100
AcDbLine
 10
91.6493579999999923
 20
-71.9589560000000006
 30
0
 11
91.6493589999999898
 21
-71.9589599999999905
 31
0
  0
LINE
  5
4D3
330
22
100
AcDbEntity
  8
F.Cu
  6
CONTINUOUS
100
AcDbLine
 10
91.6493589999999898
 20
-71.9589599999999905
 30
0
 11
91.6493600000000015
 21
-71.9589599999999905
 31
0
  0
LINE
  5
4D4
330
22
100
AcDbEntity
  8
F.Cu
  6
CONTINUOUS
100
AcDbLine
 10
91.6493600000000015
 20
-71.9589599999999905
 30
0
 11
91.6855159999999927
 21
-72.0215859999999992
 31
0
  0
LINE
  5
4D5
330
22
100
AcDbEntity
  8
F.Cu
  6
CONTINUOUS
100
AcDbLine
 10
91.6855159999999927
 20
-72.0215859999999992
 30
0
 11
91.6994789999999966
 21
-72.0457699999999903
 31
0
  0
LINE
  5
4D6
330
22
100
AcDbEntity
  8
F.Cu
  6
CONTINUOUS
100
AcDbLine
 10
91.6994789999999966
 20
-72.0457699999999903
 30
0
 11
91.6994809999999916
 21
-72.045772999999997
 31
0
  0
LINE
  5
4D7
330
22
100
AcDbEntity
  8
F.Cu
  6
CONTINUOUS
100
AcDbLine
 10
91.6994809999999916
 20
-72.045772999999997
 30
0
 11
91.8183489999999978
 21
-72.1646410000000031
 31
0
  0
LINE
  5
4D8
330
22
100
AcDbEntity
  8
F.Cu
  6
CONTINUOUS
100
AcDbLine
 10
91.8183489999999978
 20
-72.1646410000000031
 30
0
 11
91.8183539999999994
 21
-72.164644999999993
 31
0
  0
LINE
  5
4D9
330
22
100
AcDbEntity
  8
F.Cu
  6
CONTINUOUS
100
AcDbLine
 10
91.8183539999999994
 20
-72.164644999999993
 30
0
 11
98.9042279999999892
 21
-79.2505199999999945
 31
0
  0
LINE
  5
4DA
330
22
100
AcDbEntity
  8
F.Cu
  6
CONTINUOUS
100
AcDbLine
 10
98.9042279999999892
 20
-79.2505199999999945
 30
0
 11
98.9042299999999983
 21
-79.250520999999992
 31
0
  0
LINE
  5
4DB
330
22
100
AcDbEntity
  8
F.Cu
  6
CONTINUOUS
100
AcDbLine
 10
98.9042299999999983
 20
-79.250520999999992
 30
0
 11
98.9042340000000024
 21
-79.2505239999999986
 31
0
  0
LINE
  5
4DC
330
22
100
AcDbEntity
  8
F.Cu
  6
CONTINUOUS
100
AcDbLine
 10
98.9042340000000024
 20
-79.2505239999999986
 30
0
 11
99.0411529999999942
 21
-79.3295729999999963
 31
0
  0
LINE
  5
4DD
330
22
100
AcDbEntity
  8
F.Cu
  6
CONTINUOUS
100
AcDbLine
 10
99.0411529999999942
 20
-79.3295729999999963
 30
0
 11
99.0411599999999908
 21
-79.3295770000000005
 31
0
  0
LINE
  5
4DE
330
22
100
AcDbEntity
  8
F.Cu
  6
CONTINUOUS
100
AcDbLine
 10
99.0411599999999908
 20
-79.3295770000000005
 30
0
 11
99.1938869999999895
 21
-79.3705009999999902
 31
0
  0
LINE
  5
4DF
330
22
100
AcDbEntity
  8
F.Cu
  6
CONTINUOUS
100
AcDbLine
 10
99.1938869999999895
 20
-79.3705009999999902
 30
0
 11
99.1938889999999986
 21
-79.3705009999999902
 31
0
  0
LINE
  5
4E0
330
22
100
AcDbEntity
  8
F.Cu
  6
CONTINUOUS
100
AcDbLine
 10
99.1938889999999986
 20
-79.3705009999999902
 30
0
 11
99.3595979999999912
 21
-79.3705009999999902
 31
0
  0
LINE
  5
4E1
330
22
100
AcDbEntity
  8
F.Cu
  6
CONTINUOUS
100
AcDbLine
 10
99.3595979999999912
 20
-79.3705009999999902
 30
0
 11
99.3596139999999934
 21
-79.3704999999999927
 31
0
  0
LINE
  5
4E2
330
22
100
AcDbEntity
  8
F.Cu
  6
CONTINUOUS
100
AcDbLine
 10
99.3596139999999934
 20
-79.3704999999999927
 30
0
 11
143.8883309999999938
 21
-79.3704999999999927
 31
0
  0
LINE
  5
4E3
330
22
100
AcDbEntity
  8
F.Cu
  6
CONTINUOUS
100
AcDbLine
 10
143.8883309999999938
 20
-79.3704999999999927
 30
0
 11
143.8883469999999818
 21
-79.3705009999999902
 31
0
  0
LINE
  5
4E4
330
22
100
AcDbEntity
  8
F.Cu
  6
CONTINUOUS
100
AcDbLine
 10
143.8883469999999818
 20
-79.3705009999999902
 30
0
 11
143.8959429999999884
 21
-79.3705009999999902
 31
0
  0
LINE
  5
4E5
330
22
100
AcDbEntity
  8
F.Cu
  6
CONTINUOUS
100
AcDbLine
 10
143.8959429999999884
 20
-79.3705009999999902
 30
0
 11
144.0540539999999794
 21
-79.3705009999999902
 31
0
  0
LINE
  5
4E6
330
22
100
AcDbEntity
  8
F.Cu
  6
CONTINUOUS
100
AcDbLine
 10
144.0540539999999794
 20
-79.3705009999999902
 30
0
 11
144.0540570000000002
 21
-79.3705009999999902
 31
0
  0
LINE
  5
4E7
330
22
100
AcDbEntity
  8
F.Cu
  6
CONTINUOUS
100
AcDbLine
 10
144.0540570000000002
 20
-79.3705009999999902
 30
0
 11
144.2067849999999964
 21
-79.3295770000000005
 31
0
  0
LINE
  5
4E8
330
22
100
AcDbEntity
  8
F.Cu
  6
CONTINUOUS
100
AcDbLine
 10
144.2067849999999964
 20
-79.3295770000000005
 30
0
 11
144.2569039999999916
 21
-79.3006389999999897
 31
0
  0
LINE
  5
4E9
330
22
100
AcDbEntity
  8
F.Cu
  6
CONTINUOUS
100
AcDbLine
 10
144.2569039999999916
 20
-79.3006389999999897
 30
0
 11
144.3437160000000006
 21
-79.2505199999999945
 31
0
  0
LINE
  5
4EA
330
22
100
AcDbEntity
  8
F.Cu
  6
CONTINUOUS
100
AcDbLine
 10
144.3437160000000006
 20
-79.2505199999999945
 30
0
 11
144.455520000000007
 21
-79.1387160000000023
 31
0
  0
LINE
  5
4EB
330
22
100
AcDbEntity
  8
F.Cu
  6
CONTINUOUS
100
AcDbLine
 10
144.455520000000007
 20
-79.1387160000000023
 30
0
 11
144.455520000000007
 21
-79.1387139999999931
 31
0
  0
LINE
  5
4EC
330
22
100
AcDbEntity
  8
F.Cu
  6
CONTINUOUS
100
AcDbLine
 10
144.455520000000007
 20
-79.1387139999999931
 30
0
 11
144.4657279999999844
 21
-79.128506999999999
 31
0
  0
LINE
  5
4ED
330
22
100
AcDbEntity
  8
F.Cu
  6
CONTINUOUS
100
AcDbLine
 10
144.4657279999999844
 20
-79.128506999999999
 30
0
 11
144.4657299999999793
 21
-79.1285039999999924
 31
0
  0
LINE
  5
4EE
330
22
100
AcDbEntity
  8
F.Cu
  6
CONTINUOUS
100
AcDbLine
 10
144.4657299999999793
 20
-79.1285039999999924
 30
0
 11
144.6527399999999943
 21
-78.9414929999999941
 31
0
  0
LINE
  5
4EF
330
22
100
AcDbEntity
  8
F.Cu
  6
CONTINUOUS
100
AcDbLine
 10
144.6527399999999943
 20
-78.9414929999999941
 30
0
 11
144.7140609999999867
 21
-78.9080099999999902
 31
0
  0
LINE
  5
4F0
330
22
100
AcDbEntity
  8
F.Cu
  6
CONTINUOUS
100
AcDbLine
 10
144.7140609999999867
 20
-78.9080099999999902
 30
0
 11
144.7787349999999833
 21
-78.9112439999999964
 31
0
  0
LINE
  5
4F1
330
22
100
AcDbEntity
  8
F.Cu
  6
CONTINUOUS
100
AcDbLine
 10
144.7787349999999833
 20
-78.9112439999999964
 30
0
 11
144.8587569999999971
 21
-78.9372460000000018
 31
0
  0
LINE
  5
4F2
330
22
100
AcDbEntity
  8
F.Cu
  6
CONTINUOUS
100
AcDbLine
 10
144.8587569999999971
 20
-78.9372460000000018
 30
0
 11
145.0687130000000025
 21
-78.9705000000000013
 31
0
  0
LINE
  5
4F3
330
22
100
AcDbEntity
  8
F.Cu
  6
CONTINUOUS
100
AcDbLine
 10
145.0687130000000025
 20
-78.9705000000000013
 30
0
 11
145.0687139999999999
 21
-78.9705000000000013
 31
0
  0
LINE
  5
4F4
330
22
100
AcDbEntity
  8
F.Cu
  6
CONTINUOUS
100
AcDbLine
 10
145.0687139999999999
 20
-78.9705000000000013
 30
0
 11
147.1812860000000001
 21
-78.9705000000000013
 31
0
  0
LINE
  5
4F5
330
22
100
AcDbEntity
  8
F.Cu
  6
CONTINUOUS
100
AcDbLine
 10
147.1812860000000001
 20
-78.9705000000000013
 30
0
 11
147.1812869999999975
 21
-78.9705000000000013
 31
0
  0
LINE
  5
4F6
330
22
100
AcDbEntity
  8
F.Cu
  6
CONTINUOUS
100
AcDbLine
 10
147.1812869999999975
 20
-78.9705000000000013
 30
0
 11
147.3912430000000029
 21
-78.9372460000000018
 31
0
  0
LINE
  5
4F7
330
22
100
AcDbEntity
  8
F.Cu
  6
CONTINUOUS
100
AcDbLine
 10
147.3912430000000029
 20
-78.9372460000000018
 30
0
 11
147.5934120000000007
 21
-78.8715569999999957
 31
0
  0
LINE
  5
4F8
330
22
100
AcDbEntity
  8
F.Cu
  6
CONTINUOUS
100
AcDbLine
 10
147.5934120000000007
 20
-78.8715569999999957
 30
0
 11
147.7828159999999968
 21
-78.7750509999999906
 31
0
  0
LINE
  5
4F9
330
22
100
AcDbEntity
  8
F.Cu
  6
CONTINUOUS
100
AcDbLine
 10
147.7828159999999968
 20
-78.7750509999999906
 30
0
 11
147.8047889999999995
 21
-78.7590859999999964
 31
0
  0
LINE
  5
4FA
330
22
100
AcDbEntity
  8
F.Cu
  6
CONTINUOUS
100
AcDbLine
 10
147.8047889999999995
 20
-78.7590859999999964
 30
0
 11
147.9547859999999844
 21
-78.6501090000000005
 31
0
  0
LINE
  5
4FB
330
22
100
AcDbEntity
  8
F.Cu
  6
CONTINUOUS
100
AcDbLine
 10
147.9547859999999844
 20
-78.6501090000000005
 30
0
 11
147.9547879999999793
 21
-78.6501059999999939
 31
0
  0
LINE
  5
4FC
330
22
100
AcDbEntity
  8
F.Cu
  6
CONTINUOUS
100
AcDbLine
 10
147.9547879999999793
 20
-78.6501059999999939
 30
0
 11
147.9547919999999976
 21
-78.6501039999999989
 31
0
  0
LINE
  5
4FD
330
22
100
AcDbEntity
  8
F.Cu
  6
CONTINUOUS
100
AcDbLine
 10
147.9547919999999976
 20
-78.6501039999999989
 30
0
 11
148.105103999999983
 21
-78.4997919999999993
 31
0
  0
LINE
  5
4FE
330
22
100
AcDbEntity
  8
F.Cu
  6
CONTINUOUS
100
AcDbLine
 10
148.105103999999983
 20
-78.4997919999999993
 30
0
 11
148.1051060000000064
 21
-78.4997879999999952
 31
0
  0
LINE
  5
4FF
330
22
100
AcDbEntity
  8
F.Cu
  6
CONTINUOUS
100
AcDbLine
 10
148.1051060000000064
 20
-78.4997879999999952
 30
0
 11
148.1051089999999988
 21
-78.4997860000000003
 31
0
  0
LINE
  5
500
330
22
100
AcDbEntity
  8
F.Cu
  6
CONTINUOUS
100
AcDbLine
 10
148.1051089999999988
 20
-78.4997860000000003
 30
0
 11
148.2300479999999823
 21
-78.3278200000000027
 31
0
  0
LINE
  5
501
330
22
100
AcDbEntity
  8
F.Cu
  6
CONTINUOUS
100
AcDbLine
 10
148.2300479999999823
 20
-78.3278200000000027
 30
0
 11
148.2300469999999848
 21
-78.3278200000000027
 31
0
  0
LINE
  5
502
330
22
100
AcDbEntity
  8
F.Cu
  6
CONTINUOUS
100
AcDbLine
 10
148.2300469999999848
 20
-78.3278200000000027
 30
0
 11
148.2300510000000031
 21
-78.3278159999999986
 31
0
  0
LINE
  5
503
330
22
100
AcDbEntity
  8
F.Cu
  6
CONTINUOUS
100
AcDbLine
 10
148.2300510000000031
 20
-78.3278159999999986
 30
0
 11
148.3265569999999798
 21
-78.1384120000000024
 31
0
  0
LINE
  5
504
330
22
100
AcDbEntity
  8
F.Cu
  6
CONTINUOUS
100
AcDbLine
 10
148.3265569999999798
 20
-78.1384120000000024
 30
0
 11
148.3922460000000001
 21
-77.9362429999999904
 31
0
  0
LINE
  5
505
330
22
100
AcDbEntity
  8
F.Cu
  6
CONTINUOUS
100
AcDbLine
 10
148.3922460000000001
 20
-77.9362429999999904
 30
0
 11
148.4254999999999995
 21
-77.7262869999999992
 31
0
  0
LINE
  5
506
330
22
100
AcDbEntity
  8
F.Cu
  6
CONTINUOUS
100
AcDbLine
 10
148.4254999999999995
 20
-77.7262869999999992
 30
0
 11
148.4254999999999995
 21
-77.5137129999999956
 31
0
  0
LINE
  5
507
330
22
100
AcDbEntity
  8
F.Cu
  6
CONTINUOUS
100
AcDbLine
 10
148.4254999999999995
 20
-77.5137129999999956
 30
0
 11
148.3922460000000001
 21
-77.3037569999999903
 31
0
  0
LINE
  5
508
330
22
100
AcDbEntity
  8
F.Cu
  6
CONTINUOUS
100
AcDbLine
 10
148.3922460000000001
 20
-77.3037569999999903
 30
0
 11
148.3265569999999798
 21
-77.1015879999999925
 31
0
  0
LINE
  5
509
330
22
100
AcDbEntity
  8
F.Cu
  6
CONTINUOUS
100
AcDbLine
 10
148.3265569999999798
 20
-77.1015879999999925
 30
0
 11
148.2300510000000031
 21
-76.9121839999999963
 31
0
  0
LINE
  5
50A
330
22
100
AcDbEntity
  8
F.Cu
  6
CONTINUOUS
100
AcDbLine
 10
148.2300510000000031
 20
-76.9121839999999963
 30
0
 11
148.2300489999999797
 21
-76.9121809999999897
 31
0
  0
LINE
  5
50B
330
22
100
AcDbEntity
  8
F.Cu
  6
CONTINUOUS
100
AcDbLine
 10
148.2300489999999797
 20
-76.9121809999999897
 30
0
 11
148.2300479999999823
 21
-76.9121789999999947
 31
0
  0
LINE
  5
50C
330
22
100
AcDbEntity
  8
F.Cu
  6
CONTINUOUS
100
AcDbLine
 10
148.2300479999999823
 20
-76.9121789999999947
 30
0
 11
148.1051089999999988
 21
-76.7402129999999971
 31
0
  0
LINE
  5
50D
330
22
100
AcDbEntity
  8
F.Cu
  6
CONTINUOUS
100
AcDbLine
 10
148.1051089999999988
 20
-76.7402129999999971
 30
0
 11
148.0854190000000017
 21
-76.720523
 31
0
  0
LINE
  5
50E
330
22
100
AcDbEntity
  8
F.Cu
  6
CONTINUOUS
100
AcDbLine
 10
148.0854190000000017
 20
-76.720523
 30
0
 11
148.0519339999999886
 21
-76.6591999999999985
 31
0
  0
LINE
  5
50F
330
22
100
AcDbEntity
  8
F.Cu
  6
CONTINUOUS
100
AcDbLine
 10
148.0519339999999886
 20
-76.6591999999999985
 30
0
 11
148.056917999999996
 21
-76.589507999999995
 31
0
  0
LINE
  5
510
330
22
100
AcDbEntity
  8
F.Cu
  6
CONTINUOUS
100
AcDbLine
 10
148.056917999999996
 20
-76.589507999999995
 30
0
 11
148.0854190000000017
 21
-76.5451609999999931
 31
0
  0
LINE
  5
511
330
22
100
AcDbEntity
  8
F.Cu
  6
CONTINUOUS
100
AcDbLine
 10
148.0854190000000017
 20
-76.5451609999999931
 30
0
 11
148.2990230000000054
 21
-76.3315569999999894
 31
0
  0
LINE
  5
512
330
22
100
AcDbEntity
  8
F.Cu
  6
CONTINUOUS
100
AcDbLine
 10
148.2990230000000054
 20
-76.3315569999999894
 30
0
 11
148.5937129999999797
 21
-76.0368670000000009
 31
0
  0
LINE
  5
513
330
22
100
AcDbEntity
  8
F.Cu
  6
CONTINUOUS
100
AcDbLine
 10
148.5937129999999797
 20
-76.0368670000000009
 30
0
 11
148.5937160000000006
 21
-76.0368660000000034
 31
0
  0
LINE
  5
514
330
22
100
AcDbEntity
  8
F.Cu
  6
CONTINUOUS
100
AcDbLine
 10
148.5937160000000006
 20
-76.0368660000000034
 30
0
 11
148.705520000000007
 21
-75.9250619999999969
 31
0
  0
LINE
  5
515
330
22
100
AcDbEntity
  8
F.Cu
  6
CONTINUOUS
100
AcDbLine
 10
148.705520000000007
 20
-75.9250619999999969
 30
0
 11
148.7556390000000022
 21
-75.8382500000000022
 31
0
  0
LINE
  5
516
330
22
100
AcDbEntity
  8
F.Cu
  6
CONTINUOUS
100
AcDbLine
 10
148.7556390000000022
 20
-75.8382500000000022
 30
0
 11
148.7845769999999845
 21
-75.7881309999999928
 31
0
  0
LINE
  5
517
330
22
100
AcDbEntity
  8
F.Cu
  6
CONTINUOUS
100
AcDbLine
 10
148.7845769999999845
 20
-75.7881309999999928
 30
0
 11
148.8255010000000027
 21
-75.6354029999999966
 31
0
  0
LINE
  5
518
330
22
100
AcDbEntity
  8
F.Cu
  6
CONTINUOUS
100
AcDbLine
 10
148.8255010000000027
 20
-75.6354029999999966
 30
0
 11
148.8255010000000027
 21
-75.477288999999999
 31
0
  0
LINE
  5
519
330
22
100
AcDbEntity
  8
F.Cu
  6
CONTINUOUS
100
AcDbLine
 10
148.8255010000000027
 20
-75.477288999999999
 30
0
 11
148.8255010000000027
 21
-75.4696939999999898
 31
0
  0
LINE
  5
51A
330
22
100
AcDbEntity
  8
F.Cu
  6
CONTINUOUS
100
AcDbLine
 10
148.8255010000000027
 20
-75.4696939999999898
 30
0
 11
148.8255000000000052
 21
-75.4696759999999927
 31
0
  0
LINE
  5
51B
330
22
100
AcDbEntity
  8
F.Cu
  6
CONTINUOUS
100
AcDbLine
 10
148.8255000000000052
 20
-75.4696759999999927
 30
0
 11
148.8255000000000052
 21
-74.6927139999999952
 31
0
  0
LINE
  5
51C
330
22
100
AcDbEntity
  8
F.Cu
  6
CONTINUOUS
100
AcDbLine
 10
148.8255000000000052
 20
-74.6927139999999952
 30
0
 11
148.8255010000000027
 21
-74.6927009999999996
 31
0
  0
LINE
  5
51D
330
22
100
AcDbEntity
  8
F.Cu
  6
CONTINUOUS
100
AcDbLine
 10
148.8255010000000027
 20
-74.6927009999999996
 30
0
 11
148.8255010000000027
 21
-74.5245979999999975
 31
0
  0
LINE
  5
51E
330
22
100
AcDbEntity
  8
F.Cu
  6
CONTINUOUS
100
AcDbLine
 10
148.8255010000000027
 20
-74.5245979999999975
 30
0
 11
148.7846609999999998
 21
-74.3721839999999901
 31
0
  0
LINE
  5
51F
330
22
100
AcDbEntity
  8
F.Cu
  6
CONTINUOUS
100
AcDbLine
 10
148.7846609999999998
 20
-74.3721839999999901
 30
0
 11
148.7845769999999845
 21
-74.3718700000000013
 31
0
  0
LINE
  5
520
330
22
100
AcDbEntity
  8
F.Cu
  6
CONTINUOUS
100
AcDbLine
 10
148.7845769999999845
 20
-74.3718700000000013
 30
0
 11
148.7704849999999794
 21
-74.3474609999999956
 31
0
  0
LINE
  5
521
330
22
100
AcDbEntity
  8
F.Cu
  6
CONTINUOUS
100
AcDbLine
 10
148.7704849999999794
 20
-74.3474609999999956
 30
0
 11
148.7055239999999969
 21
-74.2349439999999987
 31
0
  0
LINE
  5
522
330
22
100
AcDbEntity
  8
F.Cu
  6
CONTINUOUS
100
AcDbLine
 10
148.7055239999999969
 20
-74.2349439999999987
 30
0
 11
148.7055179999999837
 21
-74.2349359999999905
 31
0
  0
LINE
  5
523
330
22
100
AcDbEntity
  8
F.Cu
  6
CONTINUOUS
100
AcDbLine
 10
148.7055179999999837
 20
-74.2349359999999905
 30
0
 11
148.3955310000000054
 21
-73.924948999999998
 31
0
  0
LINE
  5
524
330
22
100
AcDbEntity
  8
F.Cu
  6
CONTINUOUS
100
AcDbLine
 10
148.3955310000000054
 20
-73.924948999999998
 30
0
 11
148.0854180000000042
 21
-73.6148369999999943
 31
0
  0
LINE
  5
525
330
22
100
AcDbEntity
  8
F.Cu
  6
CONTINUOUS
100
AcDbLine
 10
148.0854180000000042
 20
-73.6148369999999943
 30
0
 11
148.0519339999999886
 21
-73.5535149999999902
 31
0
  0
LINE
  5
526
330
22
100
AcDbEntity
  8
F.Cu
  6
CONTINUOUS
100
AcDbLine
 10
148.0519339999999886
 20
-73.5535149999999902
 30
0
 11
148.056917999999996
 21
-73.4838239999999985
 31
0
  0
LINE
  5
527
330
22
100
AcDbEntity
  8
F.Cu
  6
CONTINUOUS
100
AcDbLine
 10
148.056917999999996
 20
-73.4838239999999985
 30
0
 11
148.0854190000000017
 21
-73.4394759999999991
 31
0
  0
LINE
  5
528
330
22
100
AcDbEntity
  8
F.Cu
  6
CONTINUOUS
100
AcDbLine
 10
148.0854190000000017
 20
-73.4394759999999991
 30
0
 11
148.105103999999983
 21
-73.4197920000000011
 31
0
  0
LINE
  5
529
330
22
100
AcDbEntity
  8
F.Cu
  6
CONTINUOUS
100
AcDbLine
 10
148.105103999999983
 20
-73.4197920000000011
 30
0
 11
148.1051060000000064
 21
-73.4197879999999969
 31
0
  0
LINE
  5
52A
330
22
100
AcDbEntity
  8
F.Cu
  6
CONTINUOUS
100
AcDbLine
 10
148.1051060000000064
 20
-73.4197879999999969
 30
0
 11
148.1051089999999988
 21
-73.419786000000002
 31
0
  0
LINE
  5
52B
330
22
100
AcDbEntity
  8
F.Cu
  6
CONTINUOUS
100
AcDbLine
 10
148.1051089999999988
 20
-73.419786000000002
 30
0
 11
148.2300479999999823
 21
-73.2478199999999902
 31
0
  0
LINE
  5
52C
330
22
100
AcDbEntity
  8
F.Cu
  6
CONTINUOUS
100
AcDbLine
 10
148.2300479999999823
 20
-73.2478199999999902
 30
0
 11
148.2300469999999848
 21
-73.2478199999999902
 31
0
  0
LINE
  5
52D
330
22
100
AcDbEntity
  8
F.Cu
  6
CONTINUOUS
100
AcDbLine
 10
148.2300469999999848
 20
-73.2478199999999902
 30
0
 11
148.2300510000000031
 21
-73.2478160000000003
 31
0
  0
LINE
  5
52E
330
22
100
AcDbEntity
  8
F.Cu
  6
CONTINUOUS
100
AcDbLine
 10
148.2300510000000031
 20
-73.2478160000000003
 30
0
 11
148.3265569999999798
 21
-73.0584119999999899
 31
0
  0
LINE
  5
52F
330
22
100
AcDbEntity
  8
F.Cu
  6
CONTINUOUS
100
AcDbLine
 10
148.3265569999999798
 20
-73.0584119999999899
 30
0
 11
148.3922460000000001
 21
-72.8562429999999921
 31
0
  0
LINE
  5
530
330
22
100
AcDbEntity
  8
F.Cu
  6
CONTINUOUS
100
AcDbLine
 10
148.3922460000000001
 20
-72.8562429999999921
 30
0
 11
148.4254999999999995
 21
-72.6462870000000009
 31
0
  0
LINE
  5
531
330
22
100
AcDbEntity
  8
F.Cu
  6
CONTINUOUS
100
AcDbLine
 10
148.4254999999999995
 20
-72.6462870000000009
 30
0
 11
148.4254999999999995
 21
-72.4337129999999974
 31
0
  0
LINE
  5
532
330
22
100
AcDbEntity
  8
F.Cu
  6
CONTINUOUS
100
AcDbLine
 10
148.4254999999999995
 20
-72.4337129999999974
 30
0
 11
148.3922460000000001
 21
-72.223756999999992
 31
0
  0
LINE
  5
533
330
22
100
AcDbEntity
  8
F.Cu
  6
CONTINUOUS
100
AcDbLine
 10
148.3922460000000001
 20
-72.223756999999992
 30
0
 11
148.3265569999999798
 21
-72.0215879999999942
 31
0
  0
LINE
  5
534
330
22
100
AcDbEntity
  8
F.Cu
  6
CONTINUOUS
100
AcDbLine
 10
148.3265569999999798
 20
-72.0215879999999942
 30
0
 11
148.2300510000000031
 21
-71.832183999999998
 31
0
  0
LINE
  5
535
330
22
100
AcDbEntity
  8
F.Cu
  6
CONTINUOUS
100
AcDbLine
 10
148.2300510000000031
 20
-71.832183999999998
 30
0
 11
148.2300489999999797
 21
-71.8321809999999914
 31
0
  0
LINE
  5
536
330
22
100
AcDbEntity
  8
F.Cu
  6
CONTINUOUS
100
AcDbLine
 10
148.2300489999999797
 20
-71.8321809999999914
 30
0
 11
148.2300479999999823
 21
-71.8321789999999964
 31
0
  0
LINE
  5
537
330
22
100
AcDbEntity
  8
F.Cu
  6
CONTINUOUS
100
AcDbLine
 10
148.2300479999999823
 20
-71.8321789999999964
 30
0
 11
148.1051089999999988
 21
-71.6602129999999988
 31
0
  0
LINE
  5
538
330
22
100
AcDbEntity
  8
F.Cu
  6
CONTINUOUS
100
AcDbLine
 10
148.1051089999999988
 20
-71.6602129999999988
 30
0
 11
147.9547900000000027
 21
-71.5098940000000027
 31
0
  0
LINE
  5
539
330
22
100
AcDbEntity
  8
F.Cu
  6
CONTINUOUS
100
AcDbLine
 10
147.9547900000000027
 20
-71.5098940000000027
 30
0
 11
147.9547849999999869
 21
-71.5098899999999986
 31
0
  0
LINE
  5
53A
330
22
100
AcDbEntity
  8
F.Cu
  6
CONTINUOUS
100
AcDbLine
 10
147.9547849999999869
 20
-71.5098899999999986
 30
0
 11
147.7811399999999935
 21
-71.3837299999999999
 31
0
  0
LINE
  5
53B
330
22
100
AcDbEntity
  8
F.Cu
  6
CONTINUOUS
100
AcDbLine
 10
147.7811399999999935
 20
-71.3837299999999999
 30
0
 11
147.7384739999999965
 21
-71.328400000000002
 31
0
  0
LINE
  5
53C
330
22
100
AcDbEntity
  8
F.Cu
  6
CONTINUOUS
100
AcDbLine
 10
147.7384739999999965
 20
-71.328400000000002
 30
0
 11
147.7324950000000001
 21
-71.2587869999999981
 31
0
  0
LINE
  5
53D
330
22
100
AcDbEntity
  8
F.Cu
  6
CONTINUOUS
100
AcDbLine
 10
147.7324950000000001
 20
-71.2587869999999981
 30
0
 11
147.7650999999999897
 21
-71.1969919999999945
 31
0
  0
LINE
  5
53E
330
22
100
AcDbEntity
  8
F.Cu
  6
CONTINUOUS
100
AcDbLine
 10
147.7650999999999897
 20
-71.1969919999999945
 30
0
 11
147.7977319999999963
 21
-71.1729270000000014
 31
0
  0
LINE
  5
53F
330
22
100
AcDbEntity
  8
F.Cu
  6
CONTINUOUS
100
AcDbLine
 10
147.7977319999999963
 20
-71.1729270000000014
 30
0
 11
147.8328159999999798
 21
-71.1550510000000003
 31
0
  0
LINE
  5
540
330
22
100
AcDbEntity
  8
F.Cu
  6
CONTINUOUS
100
AcDbLine
 10
147.8328159999999798
 20
-71.1550510000000003
 30
0
 11
147.8328149999999823
 21
-71.1550510000000003
 31
0
  0
LINE
  5
541
330
22
100
AcDbEntity
  8
F.Cu
  6
CONTINUOUS
100
AcDbLine
 10
147.8328149999999823
 20
-71.1550510000000003
 30
0
 11
147.8328180000000032
 21
-71.1550500000000028
 31
0
  0
LINE
  5
542
330
22
100
AcDbEntity
  8
F.Cu
  6
CONTINUOUS
100
AcDbLine
 10
147.8328180000000032
 20
-71.1550500000000028
 30
0
 11
148.0047859999999957
 21
-71.0301089999999959
 31
0
  0
LINE
  5
543
330
22
100
AcDbEntity
  8
F.Cu
  6
CONTINUOUS
100
AcDbLine
 10
148.0047859999999957
 20
-71.0301089999999959
 30
0
 11
148.0047879999999907
 21
-71.0301060000000035
 31
0
  0
LINE
  5
544
330
22
100
AcDbEntity
  8
F.Cu
  6
CONTINUOUS
100
AcDbLine
 10
148.0047879999999907
 20
-71.0301060000000035
 30
0
 11
148.0047919999999806
 21
-71.0301039999999944
 31
0
  0
LINE
  5
545
330
22
100
AcDbEntity
  8
F.Cu
  6
CONTINUOUS
100
AcDbLine
 10
148.0047919999999806
 20
-71.0301039999999944
 30
0
 11
148.1551039999999944
 21
-70.8797919999999948
 31
0
  0
LINE
  5
546
330
22
100
AcDbEntity
  8
F.Cu
  6
CONTINUOUS
100
AcDbLine
 10
148.1551039999999944
 20
-70.8797919999999948
 30
0
 11
148.1551059999999893
 21
-70.8797879999999907
 31
0
  0
LINE
  5
547
330
22
100
AcDbEntity
  8
F.Cu
  6
CONTINUOUS
100
AcDbLine
 10
148.1551059999999893
 20
-70.8797879999999907
 30
0
 11
148.1551089999999817
 21
-70.8797859999999957
 31
0
  0
LINE
  5
548
330
22
100
AcDbEntity
  8
F.Cu
  6
CONTINUOUS
100
AcDbLine
 10
148.1551089999999817
 20
-70.8797859999999957
 30
0
 11
148.2800479999999936
 21
-70.7078199999999981
 31
0
  0
LINE
  5
549
330
22
100
AcDbEntity
  8
F.Cu
  6
CONTINUOUS
100
AcDbLine
 10
148.2800479999999936
 20
-70.7078199999999981
 30
0
 11
148.2800469999999962
 21
-70.7078199999999981
 31
0
  0
LINE
  5
54A
330
22
100
AcDbEntity
  8
F.Cu
  6
CONTINUOUS
100
AcDbLine
 10
148.2800469999999962
 20
-70.7078199999999981
 30
0
 11
148.2800509999999861
 21
-70.707815999999994
 31
0
  0
LINE
  5
54B
330
22
100
AcDbEntity
  8
F.Cu
  6
CONTINUOUS
100
AcDbLine
 10
148.2800509999999861
 20
-70.707815999999994
 30
0
 11
148.3765569999999911
 21
-70.5184119999999979
 31
0
  0
LINE
  5
54C
330
22
100
AcDbEntity
  8
F.Cu
  6
CONTINUOUS
100
AcDbLine
 10
148.3765569999999911
 20
-70.5184119999999979
 30
0
 11
148.442245999999983
 21
-70.3162430000000001
 31
0
  0
LINE
  5
54D
330
22
100
AcDbEntity
  8
F.Cu
  6
CONTINUOUS
100
AcDbLine
 10
148.442245999999983
 20
-70.3162430000000001
 30
0
 11
148.4754999999999825
 21
-70.1062869999999947
 31
0
  0
LINE
  5
54E
330
22
100
AcDbEntity
  8
F.Cu
  6
CONTINUOUS
100
AcDbLine
 10
148.4754999999999825
 20
-70.1062869999999947
 30
0
 11
148.4754999999999825
 21
-69.8937129999999911
 31
0
  0
LINE
  5
54F
330
22
100
AcDbEntity
  8
F.Cu
  6
CONTINUOUS
100
AcDbLine
 10
148.4754999999999825
 20
-69.8937129999999911
 30
0
 11
148.442245999999983
 21
-69.6837569999999999
 31
0
  0
LINE
  5
550
330
22
100
AcDbEntity
  8
F.Cu
  6
CONTINUOUS
100
AcDbLine
 10
148.442245999999983
 20
-69.6837569999999999
 30
0
 11
148.3765569999999911
 21
-69.4815880000000021
 31
0
  0
LINE
  5
551
330
22
100
AcDbEntity
  8
F.Cu
  6
CONTINUOUS
100
AcDbLine
 10
148.3765569999999911
 20
-69.4815880000000021
 30
0
 11
148.2800509999999861
 21
-69.2921839999999918
 31
0
  0
LINE
  5
552
330
22
100
AcDbEntity
  8
F.Cu
  6
CONTINUOUS
100
AcDbLine
 10
148.2800509999999861
 20
-69.2921839999999918
 30
0
 11
148.2800489999999911
 21
-69.2921809999999994
 31
0
  0
LINE
  5
553
330
22
100
AcDbEntity
  8
F.Cu
  6
CONTINUOUS
100
AcDbLine
 10
148.2800489999999911
 20
-69.2921809999999994
 30
0
 11
148.2800479999999936
 21
-69.2921789999999902
 31
0
  0
LINE
  5
554
330
22
100
AcDbEntity
  8
F.Cu
  6
CONTINUOUS
100
AcDbLine
 10
148.2800479999999936
 20
-69.2921789999999902
 30
0
 11
148.1551089999999817
 21
-69.1202129999999926
 31
0
  0
LINE
  5
555
330
22
100
AcDbEntity
  8
F.Cu
  6
CONTINUOUS
100
AcDbLine
 10
148.1551089999999817
 20
-69.1202129999999926
 30
0
 11
148.0047859999999957
 21
-68.9698899999999924
 31
0
  0
LINE
  5
556
330
22
100
AcDbEntity
  8
F.Cu
  6
CONTINUOUS
100
AcDbLine
 10
148.0047859999999957
 20
-68.9698899999999924
 30
0
 11
147.8328199999999981
 21
-68.8449509999999947
 31
0
  0
LINE
  5
557
330
22
100
AcDbEntity
  8
F.Cu
  6
CONTINUOUS
100
AcDbLine
 10
147.8328199999999981
 20
-68.8449509999999947
 30
0
 11
147.8321149999999875
 21
-68.8445909999999941
 31
0
  0
LINE
  5
558
330
22
100
AcDbEntity
  8
F.Cu
  6
CONTINUOUS
100
AcDbLine
 10
147.8321149999999875
 20
-68.8445909999999941
 30
0
 11
147.8240539999999896
 21
-68.840485000000001
 31
0
  0
LINE
  5
559
330
22
100
AcDbEntity
  8
F.Cu
  6
CONTINUOUS
100
AcDbLine
 10
147.8240539999999896
 20
-68.840485000000001
 30
0
 11
147.7732589999999959
 21
-68.7925120000000021
 31
0
  0
LINE
  5
55A
330
22
100
AcDbEntity
  8
F.Cu
  6
CONTINUOUS
100
AcDbLine
 10
147.7732589999999959
 20
-68.7925120000000021
 30
0
 11
147.7564629999999966
 21
-68.7246919999999903
 31
0
  0
LINE
  5
55B
330
22
100
AcDbEntity
  8
F.Cu
  6
CONTINUOUS
100
AcDbLine
 10
147.7564629999999966
 20
-68.7246919999999903
 30
0
 11
147.7789989999999989
 21
-68.6585559999999901
 31
0
  0
LINE
  5
55C
330
22
100
AcDbEntity
  8
F.Cu
  6
CONTINUOUS
100
AcDbLine
 10
147.7789989999999989
 20
-68.6585559999999901
 30
0
 11
147.8240539999999896
 21
-68.6195149999999927
 31
0
  0
LINE
  5
55D
330
22
100
AcDbEntity
  8
F.Cu
  6
CONTINUOUS
100
AcDbLine
 10
147.8240539999999896
 20
-68.6195149999999927
 30
0
 11
147.8328159999999798
 21
-68.615050999999994
 31
0
  0
LINE
  5
55E
330
22
100
AcDbEntity
  8
F.Cu
  6
CONTINUOUS
100
AcDbLine
 10
147.8328159999999798
 20
-68.615050999999994
 30
0
 11
147.8662730000000067
 21
-68.5907430000000033
 31
0
  0
LINE
  5
55F
330
22
100
AcDbEntity
  8
F.Cu
  6
CONTINUOUS
100
AcDbLine
 10
147.8662730000000067
 20
-68.5907430000000033
 30
0
 11
148.0047859999999957
 21
-68.4901090000000039
 31
0
  0
LINE
  5
560
330
22
100
AcDbEntity
  8
F.Cu
  6
CONTINUOUS
100
AcDbLine
 10
148.0047859999999957
 20
-68.4901090000000039
 30
0
 11
148.0047879999999907
 21
-68.4901059999999973
 31
0
  0
LINE
  5
561
330
22
100
AcDbEntity
  8
F.Cu
  6
CONTINUOUS
100
AcDbLine
 10
148.0047879999999907
 20
-68.4901059999999973
 30
0
 11
148.0047919999999806
 21
-68.4901040000000023
 31
0
  0
LINE
  5
562
330
22
100
AcDbEntity
  8
F.Cu
  6
CONTINUOUS
100
AcDbLine
 10
148.0047919999999806
 20
-68.4901040000000023
 30
0
 11
148.1551039999999944
 21
-68.3397920000000028
 31
0
  0
LINE
  5
563
330
22
100
AcDbEntity
  8
F.Cu
  6
CONTINUOUS
100
AcDbLine
 10
148.1551039999999944
 20
-68.3397920000000028
 30
0
 11
148.1551059999999893
 21
-68.3397879999999986
 31
0
  0
LINE
  5
564
330
22
100
AcDbEntity
  8
F.Cu
  6
CONTINUOUS
100
AcDbLine
 10
148.1551059999999893
 20
-68.3397879999999986
 30
0
 11
148.1551089999999817
 21
-68.3397860000000037
 31
0
  0
LINE
  5
565
330
22
100
AcDbEntity
  8
F.Cu
  6
CONTINUOUS
100
AcDbLine
 10
148.1551089999999817
 20
-68.3397860000000037
 30
0
 11
148.2800479999999936
 21
-68.1678199999999919
 31
0
  0
LINE
  5
566
330
22
100
AcDbEntity
  8
F.Cu
  6
CONTINUOUS
100
AcDbLine
 10
148.2800479999999936
 20
-68.1678199999999919
 30
0
 11
148.2800469999999962
 21
-68.1678199999999919
 31
0
  0
LINE
  5
567
330
22
100
AcDbEntity
  8
F.Cu
  6
CONTINUOUS
100
AcDbLine
 10
148.2800469999999962
 20
-68.1678199999999919
 30
0
 11
148.2800509999999861
 21
-68.167816000000002
 31
0
  0
LINE
  5
568
330
22
100
AcDbEntity
  8
F.Cu
  6
CONTINUOUS
100
AcDbLine
 10
148.2800509999999861
 20
-68.167816000000002
 30
0
 11
148.3765569999999911
 21
-67.9784119999999916
 31
0
  0
LINE
  5
569
330
22
100
AcDbEntity
  8
F.Cu
  6
CONTINUOUS
100
AcDbLine
 10
148.3765569999999911
 20
-67.9784119999999916
 30
0
 11
148.442245999999983
 21
-67.7762429999999938
 31
0
  0
LINE
  5
56A
330
22
100
AcDbEntity
  8
F.Cu
  6
CONTINUOUS
100
AcDbLine
 10
148.442245999999983
 20
-67.7762429999999938
 30
0
 11
148.4754999999999825
 21
-67.5662870000000026
 31
0
  0
LINE
  5
56B
330
22
100
AcDbEntity
  8
F.Cu
  6
CONTINUOUS
100
AcDbLine
 10
148.4754999999999825
 20
-67.5662870000000026
 30
0
 11
148.4754999999999825
 21
-67.3537129999999991
 31
0
  0
LINE
  5
56C
330
22
100
AcDbEntity
  8
F.Cu
  6
CONTINUOUS
100
AcDbLine
 10
148.4754999999999825
 20
-67.3537129999999991
 30
0
 11
148.442245999999983
 21
-67.1437569999999937
 31
0
  0
LINE
  5
56D
330
22
100
AcDbEntity
  8
F.Cu
  6
CONTINUOUS
100
AcDbLine
 10
148.442245999999983
 20
-67.1437569999999937
 30
0
 11
148.3765569999999911
 21
-66.9415879999999959
 31
0
  0
LINE
  5
56E
330
22
100
AcDbEntity
  8
F.Cu
  6
CONTINUOUS
100
AcDbLine
 10
148.3765569999999911
 20
-66.9415879999999959
 30
0
 11
148.2800509999999861
 21
-66.7521839999999997
 31
0
  0
LINE
  5
56F
330
22
100
AcDbEntity
  8
F.Cu
  6
CONTINUOUS
100
AcDbLine
 10
148.2800509999999861
 20
-66.7521839999999997
 30
0
 11
148.2800489999999911
 21
-66.7521809999999931
 31
0
  0
LINE
  5
570
330
22
100
AcDbEntity
  8
F.Cu
  6
CONTINUOUS
100
AcDbLine
 10
148.2800489999999911
 20
-66.7521809999999931
 30
0
 11
148.2800479999999936
 21
-66.7521789999999982
 31
0
  0
LINE
  5
571
330
22
100
AcDbEntity
  8
F.Cu
  6
CONTINUOUS
100
AcDbLine
 10
148.2800479999999936
 20
-66.7521789999999982
 30
0
 11
148.1551089999999817
 21
-66.5802130000000005
 31
0
  0
LINE
  5
572
330
22
100
AcDbEntity
  8
F.Cu
  6
CONTINUOUS
100
AcDbLine
 10
148.1551089999999817
 20
-66.5802130000000005
 30
0
 11
148.0047859999999957
 21
-66.4298900000000003
 31
0
  0
LINE
  5
573
330
22
100
AcDbEntity
  8
F.Cu
  6
CONTINUOUS
100
AcDbLine
 10
148.0047859999999957
 20
-66.4298900000000003
 30
0
 11
147.8328199999999981
 21
-66.3049510000000026
 31
0
  0
LINE
  5
574
330
22
100
AcDbEntity
  8
F.Cu
  6
CONTINUOUS
100
AcDbLine
 10
147.8328199999999981
 20
-66.3049510000000026
 30
0
 11
147.643414000000007
 21
-66.2084440000000001
 31
0
  0
LINE
  5
575
330
22
100
AcDbEntity
  8
F.Cu
  6
CONTINUOUS
100
AcDbLine
 10
147.643414000000007
 20
-66.2084440000000001
 30
0
 11
147.6434129999999811
 21
-66.2084430000000026
 31
0
  0
LINE
  5
576
330
22
100
AcDbEntity
  8
F.Cu
  6
CONTINUOUS
100
AcDbLine
 10
147.6434129999999811
 20
-66.2084430000000026
 30
0
 11
147.6434119999999837
 21
-66.2084430000000026
 31
0
  0
LINE
  5
577
330
22
100
AcDbEntity
  8
F.Cu
  6
CONTINUOUS
100
AcDbLine
 10
147.6434119999999837
 20
-66.2084430000000026
 30
0
 11
147.4412429999999858
 21
-66.1427539999999965
 31
0
  0
LINE
  5
578
330
22
100
AcDbEntity
  8
F.Cu
  6
CONTINUOUS
100
AcDbLine
 10
147.4412429999999858
 20
-66.1427539999999965
 30
0
 11
147.4412409999999909
 21
-66.142752999999999
 31
0
  0
LINE
  5
579
330
22
100
AcDbEntity
  8
F.Cu
  6
CONTINUOUS
100
AcDbLine
 10
147.4412409999999909
 20
-66.142752999999999
 30
0
 11
147.4412399999999934
 21
-66.142752999999999
 31
0
  0
LINE
  5
57A
330
22
100
AcDbEntity
  8
F.Cu
  6
CONTINUOUS
100
AcDbLine
 10
147.4412399999999934
 20
-66.142752999999999
 30
0
 11
147.279956999999996
 21
-66.1172079999999909
 31
0
  0
LINE
  5
57B
330
22
100
AcDbEntity
  8
F.Cu
  6
CONTINUOUS
100
AcDbLine
 10
147.279956999999996
 20
-66.1172079999999909
 30
0
 11
147.2312869999999805
 21
-66.109499999999997
 31
0
  0
LINE
  5
57C
330
22
100
AcDbEntity
  8
F.Cu
  6
CONTINUOUS
100
AcDbLine
 10
147.2312869999999805
 20
-66.109499999999997
 30
0
 11
145.0187129999999911
 21
-66.109499999999997
 31
0
  0
LINE
  5
57D
330
22
100
AcDbEntity
  8
F.Cu
  6
CONTINUOUS
100
AcDbLine
 10
145.0187129999999911
 20
-66.109499999999997
 30
0
 11
144.9900059999999939
 21
-66.1140460000000019
 31
0
  0
LINE
  5
57E
330
22
100
AcDbEntity
  8
F.Cu
  6
CONTINUOUS
100
AcDbLine
 10
144.9900059999999939
 20
-66.1140460000000019
 30
0
 11
144.8087569999999857
 21
-66.142752999999999
 31
0
  0
LINE
  5
57F
330
22
100
AcDbEntity
  8
F.Cu
  6
CONTINUOUS
100
AcDbLine
 10
144.8087569999999857
 20
-66.142752999999999
 30
0
 11
144.7664729999999906
 21
-66.1564920000000001
 31
0
  0
LINE
  5
580
330
22
100
AcDbEntity
  8
F.Cu
  6
CONTINUOUS
100
AcDbLine
 10
144.7664729999999906
 20
-66.1564920000000001
 30
0
 11
144.6966319999999939
 21
-66.1584859999999964
 31
0
  0
LINE
  5
581
330
22
100
AcDbEntity
  8
F.Cu
  6
CONTINUOUS
100
AcDbLine
 10
144.6966319999999939
 20
-66.1584859999999964
 30
0
 11
144.6404760000000067
 21
-66.1262409999999932
 31
0
  0
LINE
  5
582
330
22
100
AcDbEntity
  8
F.Cu
  6
CONTINUOUS
100
AcDbLine
 10
144.6404760000000067
 20
-66.1262409999999932
 30
0
 11
140.7879480000000001
 21
-62.2737129999999937
 31
0
  0
LINE
  5
583
330
22
100
AcDbEntity
  8
F.Cu
  6
CONTINUOUS
100
AcDbLine
 10
140.7879480000000001
 20
-62.2737129999999937
 30
0
 11
139.6264759999999967
 21
-61.1122409999999974
 31
0
  0
LINE
  5
584
330
22
100
AcDbEntity
  8
F.Cu
  6
CONTINUOUS
100
AcDbLine
 10
139.6264759999999967
 20
-61.1122409999999974
 30
0
 11
139.5929909999999836
 21
-61.0509179999999958
 31
0
  0
LINE
  5
585
330
22
100
AcDbEntity
  8
F.Cu
  6
CONTINUOUS
100
AcDbLine
 10
139.5929909999999836
 20
-61.0509179999999958
 30
0
 11
139.5901570000000049
 21
-61.0245599999999939
 31
0
  0
LINE
  5
586
330
22
100
AcDbEntity
  8
F.Cu
  6
CONTINUOUS
100
AcDbLine
 10
139.5901570000000049
 20
-61.0245599999999939
 30
0
 11
139.5901570000000049
 21
-53.2420380000000009
 31
0
  0
LINE
  5
587
330
22
100
AcDbEntity
  8
F.Cu
  6
CONTINUOUS
100
AcDbLine
 10
139.5901570000000049
 20
-53.2420380000000009
 30
0
 11
139.5901570000000049
 21
-35.3504390000000015
 31
0
  0
LINE
  5
588
330
22
100
AcDbEntity
  8
F.Cu
  6
CONTINUOUS
100
AcDbLine
 10
139.5901570000000049
 20
-35.3504390000000015
 30
0
 11
139.6098419999999862
 21
-35.2834000000000003
 31
0
  0
LINE
  5
589
330
22
100
AcDbEntity
  8
F.Cu
  6
CONTINUOUS
100
AcDbLine
 10
139.6098419999999862
 20
-35.2834000000000003
 30
0
 11
139.6264720000000068
 21
-35.2627619999999951
 31
0
  0
LINE
  5
58A
330
22
100
AcDbEntity
  8
F.Cu
  6
CONTINUOUS
100
AcDbLine
 10
139.6264720000000068
 20
-35.2627619999999951
 30
0
 11
139.9378189999999904
 21
-34.9514139999999998
 31
0
  0
LINE
  5
58B
330
22
100
AcDbEntity
  8
F.Cu
  6
CONTINUOUS
100
AcDbLine
 10
139.9378189999999904
 20
-34.9514139999999998
 30
0
 11
139.9991420000000062
 21
-34.9179299999999984
 31
0
  0
LINE
  5
58C
330
22
100
AcDbEntity
  8
F.Cu
  6
CONTINUOUS
100
AcDbLine
 10
139.9991420000000062
 20
-34.9179299999999984
 30
0
 11
140.0688339999999812
 21
-34.9229139999999987
 31
0
  0
LINE
  5
58D
330
22
100
AcDbEntity
  8
F.Cu
  6
CONTINUOUS
100
AcDbLine
 10
140.0688339999999812
 20
-34.9229139999999987
 30
0
 11
140.1247669999999914
 21
-34.9647859999999966
 31
0
  0
LINE
  5
58E
330
22
100
AcDbEntity
  8
F.Cu
  6
CONTINUOUS
100
AcDbLine
 10
140.1247669999999914
 20
-34.9647859999999966
 30
0
 11
140.1491839999999911
 21
-35.0302499999999952
 31
0
  0
LINE
  5
58F
330
22
100
AcDbEntity
  8
F.Cu
  6
CONTINUOUS
100
AcDbLine
 10
140.1491839999999911
 20
-35.0302499999999952
 30
0
 11
140.1494999999999891
 21
-35.0390960000000007
 31
0
  0
LINE
  5
590
330
22
100
AcDbEntity
  8
F.Cu
  6
CONTINUOUS
100
AcDbLine
 10
140.1494999999999891
 20
-35.0390960000000007
 30
0
 11
140.1494999999999891
 21
-35.1862859999999955
 31
0
  0
LINE
  5
591
330
22
100
AcDbEntity
  8
F.Cu
  6
CONTINUOUS
100
AcDbLine
 10
140.1494999999999891
 20
-35.1862859999999955
 30
0
 11
140.17625799999999
 21
-35.3552329999999984
 31
0
  0
LINE
  5
592
330
22
100
AcDbEntity
  8
F.Cu
  6
CONTINUOUS
100
AcDbLine
 10
140.17625799999999
 20
-35.3552329999999984
 30
0
 11
140.1827539999999885
 21
-35.3962429999999983
 31
0
  0
LINE
  5
593
330
22
100
AcDbEntity
  8
F.Cu
  6
CONTINUOUS
100
AcDbLine
 10
140.1827539999999885
 20
-35.3962429999999983
 30
0
 11
140.2301719999999818
 21
-35.5421809999999994
 31
0
  0
LINE
  5
594
330
22
100
AcDbEntity
  8
F.Cu
  6
CONTINUOUS
100
AcDbLine
 10
140.2301719999999818
 20
-35.5421809999999994
 30
0
 11
140.2484440000000063
 21
-35.5984139999999982
 31
0
  0
LINE
  5
595
330
22
100
AcDbEntity
  8
F.Cu
  6
CONTINUOUS
100
AcDbLine
 10
140.2484440000000063
 20
-35.5984139999999982
 30
0
 11
140.3449509999999805
 21
-35.7878199999999964
 31
0
  0
LINE
  5
596
330
22
100
AcDbEntity
  8
F.Cu
  6
CONTINUOUS
100
AcDbLine
 10
140.3449509999999805
 20
-35.7878199999999964
 30
0
 11
140.4698899999999924
 21
-35.9597860000000011
 31
0
  0
LINE
  5
597
330
22
100
AcDbEntity
  8
F.Cu
  6
CONTINUOUS
100
AcDbLine
 10
140.4698899999999924
 20
-35.9597860000000011
 30
0
 11
140.6202130000000068
 21
-36.1101090000000013
 31
0
  0
LINE
  5
598
330
22
100
AcDbEntity
  8
F.Cu
  6
CONTINUOUS
100
AcDbLine
 10
140.6202130000000068
 20
-36.1101090000000013
 30
0
 11
140.7921819999999968
 21
-36.2350500000000011
 31
0
  0
LINE
  5
599
330
22
100
AcDbEntity
  8
F.Cu
  6
CONTINUOUS
100
AcDbLine
 10
140.7921819999999968
 20
-36.2350500000000011
 30
0
 11
140.800945999999982
 21
-36.2395160000000018
 31
0
  0
LINE
  5
59A
330
22
100
AcDbEntity
  8
F.Cu
  6
CONTINUOUS
100
AcDbLine
 10
140.800945999999982
 20
-36.2395160000000018
 30
0
 11
140.8517420000000016
 21
-36.2874909999999957
 31
0
  0
LINE
  5
59B
330
22
100
AcDbEntity
  8
F.Cu
  6
CONTINUOUS
100
AcDbLine
 10
140.8517420000000016
 20
-36.2874909999999957
 30
0
 11
140.868536000000006
 21
-36.3553119999999979
 31
0
  0
LINE
  5
59C
330
22
100
AcDbEntity
  8
F.Cu
  6
CONTINUOUS
100
AcDbLine
 10
140.868536000000006
 20
-36.3553119999999979
 30
0
 11
140.8459979999999803
 21
-36.4214470000000006
 31
0
  0
LINE
  5
59D
330
22
100
AcDbEntity
  8
F.Cu
  6
CONTINUOUS
100
AcDbLine
 10
140.8459979999999803
 20
-36.4214470000000006
 30
0
 11
140.800945999999982
 21
-36.460484000000001
 31
0
  0
LINE
  5
59E
330
22
100
AcDbEntity
  8
F.Cu
  6
CONTINUOUS
100
AcDbLine
 10
140.800945999999982
 20
-36.460484000000001
 30
0
 11
140.7921819999999968
 21
-36.4649489999999972
 31
0
  0
LINE
  5
59F
330
22
100
AcDbEntity
  8
F.Cu
  6
CONTINUOUS
100
AcDbLine
 10
140.7921819999999968
 20
-36.4649489999999972
 30
0
 11
140.6202130000000068
 21
-36.5898899999999969
 31
0
  0
LINE
  5
5A0
330
22
100
AcDbEntity
  8
F.Cu
  6
CONTINUOUS
100
AcDbLine
 10
140.6202130000000068
 20
-36.5898899999999969
 30
0
 11
140.4698899999999924
 21
-36.7402129999999971
 31
0
  0
LINE
  5
5A1
330
22
100
AcDbEntity
  8
F.Cu
  6
CONTINUOUS
100
AcDbLine
 10
140.4698899999999924
 20
-36.7402129999999971
 30
0
 11
140.3449509999999805
 21
-36.9121790000000018
 31
0
  0
LINE
  5
5A2
330
22
100
AcDbEntity
  8
F.Cu
  6
CONTINUOUS
100
AcDbLine
 10
140.3449509999999805
 20
-36.9121790000000018
 30
0
 11
140.2484440000000063
 21
-37.101585
 31
0
  0
LINE
  5
5A3
330
22
100
AcDbEntity
  8
F.Cu
  6
CONTINUOUS
100
AcDbLine
 10
140.2484440000000063
 20
-37.101585
 30
0
 11
140.1827529999999911
 21
-37.3037599999999969
 31
0
  0
LINE
  5
5A4
330
22
100
AcDbEntity
  8
F.Cu
  6
CONTINUOUS
100
AcDbLine
 10
140.1827529999999911
 20
-37.3037599999999969
 30
0
 11
140.1494999999999891
 21
-37.5137129999999956
 31
0
  0
LINE
  5
5A5
330
22
100
AcDbEntity
  8
F.Cu
  6
CONTINUOUS
100
AcDbLine
 10
140.1494999999999891
 20
-37.5137129999999956
 30
0
 11
140.1494999999999891
 21
-37.7262860000000018
 31
0
  0
LINE
  5
5A6
330
22
100
AcDbEntity
  8
F.Cu
  6
CONTINUOUS
100
AcDbLine
 10
140.1494999999999891
 20
-37.7262860000000018
 30
0
 11
140.1827529999999911
 21
-37.9362390000000005
 31
0
  0
LINE
  5
5A7
330
22
100
AcDbEntity
  8
F.Cu
  6
CONTINUOUS
100
AcDbLine
 10
140.1827529999999911
 20
-37.9362390000000005
 30
0
 11
140.2484440000000063
 21
-38.1384139999999974
 31
0
  0
LINE
  5
5A8
330
22
100
AcDbEntity
  8
F.Cu
  6
CONTINUOUS
100
AcDbLine
 10
140.2484440000000063
 20
-38.1384139999999974
 30
0
 11
140.3449509999999805
 21
-38.3278199999999956
 31
0
  0
LINE
  5
5A9
330
22
100
AcDbEntity
  8
F.Cu
  6
CONTINUOUS
100
AcDbLine
 10
140.3449509999999805
 20
-38.3278199999999956
 30
0
 11
140.4698899999999924
 21
-38.4997860000000003
 31
0
  0
LINE
  5
5AA
330
22
100
AcDbEntity
  8
F.Cu
  6
CONTINUOUS
100
AcDbLine
 10
140.4698899999999924
 20
-38.4997860000000003
 30
0
 11
140.6202130000000068
 21
-38.6501090000000005
 31
0
  0
LINE
  5
5AB
330
22
100
AcDbEntity
  8
F.Cu
  6
CONTINUOUS
100
AcDbLine
 10
140.6202130000000068
 20
-38.6501090000000005
 30
0
 11
140.7921819999999968
 21
-38.7750500000000002
 31
0
  0
LINE
  5
5AC
330
22
100
AcDbEntity
  8
F.Cu
  6
CONTINUOUS
100
AcDbLine
 10
140.7921819999999968
 20
-38.7750500000000002
 30
0
 11
140.800945999999982
 21
-38.779516000000001
 31
0
  0
LINE
  5
5AD
330
22
100
AcDbEntity
  8
F.Cu
  6
CONTINUOUS
100
AcDbLine
 10
140.800945999999982
 20
-38.779516000000001
 30
0
 11
140.8517420000000016
 21
-38.8274909999999949
 31
0
  0
LINE
  5
5AE
330
22
100
AcDbEntity
  8
F.Cu
  6
CONTINUOUS
100
AcDbLine
 10
140.8517420000000016
 20
-38.8274909999999949
 30
0
 11
140.868536000000006
 21
-38.895311999999997
 31
0
  0
LINE
  5
5AF
330
22
100
AcDbEntity
  8
F.Cu
  6
CONTINUOUS
100
AcDbLine
 10
140.868536000000006
 20
-38.895311999999997
 30
0
 11
140.8459979999999803
 21
-38.9614469999999997
 31
0
  0
LINE
  5
5B0
330
22
100
AcDbEntity
  8
F.Cu
  6
CONTINUOUS
100
AcDbLine
 10
140.8459979999999803
 20
-38.9614469999999997
 30
0
 11
140.800945999999982
 21
-39.0004840000000002
 31
0
  0
LINE
  5
5B1
330
22
100
AcDbEntity
  8
F.Cu
  6
CONTINUOUS
100
AcDbLine
 10
140.800945999999982
 20
-39.0004840000000002
 30
0
 11
140.7921819999999968
 21
-39.0049489999999963
 31
0
  0
LINE
  5
5B2
330
22
100
AcDbEntity
  8
F.Cu
  6
CONTINUOUS
100
AcDbLine
 10
140.7921819999999968
 20
-39.0049489999999963
 30
0
 11
140.6202130000000068
 21
-39.1298899999999961
 31
0
  0
LINE
  5
5B3
330
22
100
AcDbEntity
  8
F.Cu
  6
CONTINUOUS
100
AcDbLine
 10
140.6202130000000068
 20
-39.1298899999999961
 30
0
 11
140.4698899999999924
 21
-39.2802129999999963
 31
0
  0
LINE
  5
5B4
330
22
100
AcDbEntity
  8
F.Cu
  6
CONTINUOUS
100
AcDbLine
 10
140.4698899999999924
 20
-39.2802129999999963
 30
0
 11
140.3449509999999805
 21
-39.452179000000001
 31
0
  0
LINE
  5
5B5
330
22
100
AcDbEntity
  8
F.Cu
  6
CONTINUOUS
100
AcDbLine
 10
140.3449509999999805
 20
-39.452179000000001
 30
0
 11
140.2484440000000063
 21
-39.6415849999999992
 31
0
  0
LINE
  5
5B6
330
22
100
AcDbEntity
  8
F.Cu
  6
CONTINUOUS
100
AcDbLine
 10
140.2484440000000063
 20
-39.6415849999999992
 30
0
 11
140.1827529999999911
 21
-39.8437599999999961
 31
0
  0
LINE
  5
5B7
330
22
100
AcDbEntity
  8
F.Cu
  6
CONTINUOUS
100
AcDbLine
 10
140.1827529999999911
 20
-39.8437599999999961
 30
0
 11
140.1494999999999891
 21
-40.0537129999999948
 31
0
  0
LINE
  5
5B8
330
22
100
AcDbEntity
  8
F.Cu
  6
CONTINUOUS
100
AcDbLine
 10
140.1494999999999891
 20
-40.0537129999999948
 30
0
 11
140.1494999999999891
 21
-40.2662860000000009
 31
0
  0
LINE
  5
5B9
330
22
100
AcDbEntity
  8
F.Cu
  6
CONTINUOUS
100
AcDbLine
 10
140.1494999999999891
 20
-40.2662860000000009
 30
0
 11
140.1827529999999911
 21
-40.4762389999999996
 31
0
  0
LINE
  5
5BA
330
22
100
AcDbEntity
  8
F.Cu
  6
CONTINUOUS
100
AcDbLine
 10
140.1827529999999911
 20
-40.4762389999999996
 30
0
 11
140.2484440000000063
 21
-40.6784139999999965
 31
0
  0
LINE
  5
5BB
330
22
100
AcDbEntity
  8
F.Cu
  6
CONTINUOUS
100
AcDbLine
 10
140.2484440000000063
 20
-40.6784139999999965
 30
0
 11
140.3449509999999805
 21
-40.8678199999999947
 31
0
  0
LINE
  5
5BC
330
22
100
AcDbEntity
  8
F.Cu
  6
CONTINUOUS
100
AcDbLine
 10
140.3449509999999805
 20
-40.8678199999999947
 30
0
 11
140.4698899999999924
 21
-41.0397859999999994
 31
0
  0
LINE
  5
5BD
330
22
100
AcDbEntity
  8
F.Cu
  6
CONTINUOUS
100
AcDbLine
 10
140.4698899999999924
 20
-41.0397859999999994
 30
0
 11
140.6202130000000068
 21
-41.1901089999999996
 31
0
  0
LINE
  5
5BE
330
22
100
AcDbEntity
  8
F.Cu
  6
CONTINUOUS
100
AcDbLine
 10
140.6202130000000068
 20
-41.1901089999999996
 30
0
 11
140.7921819999999968
 21
-41.3150499999999994
 31
0
  0
LINE
  5
5BF
330
22
100
AcDbEntity
  8
F.Cu
  6
CONTINUOUS
100
AcDbLine
 10
140.7921819999999968
 20
-41.3150499999999994
 30
0
 11
140.800945999999982
 21
-41.3195160000000001
 31
0
  0
LINE
  5
5C0
330
22
100
AcDbEntity
  8
F.Cu
  6
CONTINUOUS
100
AcDbLine
 10
140.800945999999982
 20
-41.3195160000000001
 30
0
 11
140.8517420000000016
 21
-41.3674910000000011
 31
0
  0
LINE
  5
5C1
330
22
100
AcDbEntity
  8
F.Cu
  6
CONTINUOUS
100
AcDbLine
 10
140.8517420000000016
 20
-41.3674910000000011
 30
0
 11
140.868536000000006
 21
-41.4353119999999961
 31
0
  0
LINE
  5
5C2
330
22
100
AcDbEntity
  8
F.Cu
  6
CONTINUOUS
100
AcDbLine
 10
140.868536000000006
 20
-41.4353119999999961
 30
0
 11
140.8459979999999803
 21
-41.5014469999999989
 31
0
  0
LINE
  5
5C3
330
22
100
AcDbEntity
  8
F.Cu
  6
CONTINUOUS
100
AcDbLine
 10
140.8459979999999803
 20
-41.5014469999999989
 30
0
 11
140.800945999999982
 21
-41.5404839999999993
 31
0
  0
LINE
  5
5C4
330
22
100
AcDbEntity
  8
F.Cu
  6
CONTINUOUS
100
AcDbLine
 10
140.800945999999982
 20
-41.5404839999999993
 30
0
 11
140.7921819999999968
 21
-41.5449489999999955
 31
0
  0
LINE
  5
5C5
330
22
100
AcDbEntity
  8
F.Cu
  6
CONTINUOUS
100
AcDbLine
 10
140.7921819999999968
 20
-41.5449489999999955
 30
0
 11
140.6202130000000068
 21
-41.6698899999999952
 31
0
  0
LINE
  5
5C6
330
22
100
AcDbEntity
  8
F.Cu
  6
CONTINUOUS
100
AcDbLine
 10
140.6202130000000068
 20
-41.6698899999999952
 30
0
 11
140.4698899999999924
 21
-41.8202129999999954
 31
0
  0
LINE
  5
5C7
330
22
100
AcDbEntity
  8
F.Cu
  6
CONTINUOUS
100
AcDbLine
 10
140.4698899999999924
 20
-41.8202129999999954
 30
0
 11
140.3449509999999805
 21
-41.9921790000000001
 31
0
  0
LINE
  5
5C8
330
22
100
AcDbEntity
  8
F.Cu
  6
CONTINUOUS
100
AcDbLine
 10
140.3449509999999805
 20
-41.9921790000000001
 30
0
 11
140.2484440000000063
 21
-42.1815849999999983
 31
0
  0
LINE
  5
5C9
330
22
100
AcDbEntity
  8
F.Cu
  6
CONTINUOUS
100
AcDbLine
 10
140.2484440000000063
 20
-42.1815849999999983
 30
0
 11
140.1827529999999911
 21
-42.3837599999999952
 31
0
  0
LINE
  5
5CA
330
22
100
AcDbEntity
  8
F.Cu
  6
CONTINUOUS
100
AcDbLine
 10
140.1827529999999911
 20
-42.3837599999999952
 30
0
 11
140.1494999999999891
 21
-42.593713000000001
 31
0
  0
LINE
  5
5CB
330
22
100
AcDbEntity
  8
F.Cu
  6
CONTINUOUS
100
AcDbLine
 10
140.1494999999999891
 20
-42.593713000000001
 30
0
 11
140.1494999999999891
 21
-42.8062860000000001
 31
0
  0
LINE
  5
5CC
330
22
100
AcDbEntity
  8
F.Cu
  6
CONTINUOUS
100
AcDbLine
 10
140.1494999999999891
 20
-42.8062860000000001
 30
0
 11
140.1827529999999911
 21
-43.0162389999999988
 31
0
  0
LINE
  5
5CD
330
22
100
AcDbEntity
  8
F.Cu
  6
CONTINUOUS
100
AcDbLine
 10
140.1827529999999911
 20
-43.0162389999999988
 30
0
 11
140.2484440000000063
 21
-43.2184139999999957
 31
0
  0
LINE
  5
5CE
330
22
100
AcDbEntity
  8
F.Cu
  6
CONTINUOUS
100
AcDbLine
 10
140.2484440000000063
 20
-43.2184139999999957
 30
0
 11
140.3449509999999805
 21
-43.407820000000001
 31
0
  0
LINE
  5
5CF
330
22
100
AcDbEntity
  8
F.Cu
  6
CONTINUOUS
100
AcDbLine
 10
140.3449509999999805
 20
-43.407820000000001
 30
0
 11
140.4698899999999924
 21
-43.5797859999999986
 31
0
  0
LINE
  5
5D0
330
22
100
AcDbEntity
  8
F.Cu
  6
CONTINUOUS
100
AcDbLine
 10
140.4698899999999924
 20
-43.5797859999999986
 30
0
 11
140.6202130000000068
 21
-43.7301089999999988
 31
0
  0
LINE
  5
5D1
330
22
100
AcDbEntity
  8
F.Cu
  6
CONTINUOUS
100
AcDbLine
 10
140.6202130000000068
 20
-43.7301089999999988
 30
0
 11
140.7921819999999968
 21
-43.8550499999999985
 31
0
  0
LINE
  5
5D2
330
22
100
AcDbEntity
  8
F.Cu
  6
CONTINUOUS
100
AcDbLine
 10
140.7921819999999968
 20
-43.8550499999999985
 30
0
 11
140.800945999999982
 21
-43.8595159999999993
 31
0
  0
LINE
  5
5D3
330
22
100
AcDbEntity
  8
F.Cu
  6
CONTINUOUS
100
AcDbLine
 10
140.800945999999982
 20
-43.8595159999999993
 30
0
 11
140.8517420000000016
 21
-43.9074910000000003
 31
0
  0
LINE
  5
5D4
330
22
100
AcDbEntity
  8
F.Cu
  6
CONTINUOUS
100
AcDbLine
 10
140.8517420000000016
 20
-43.9074910000000003
 30
0
 11
140.868536000000006
 21
-43.9753119999999953
 31
0
  0
LINE
  5
5D5
330
22
100
AcDbEntity
  8
F.Cu
  6
CONTINUOUS
100
AcDbLine
 10
140.868536000000006
 20
-43.9753119999999953
 30
0
 11
140.8459979999999803
 21
-44.041446999999998
 31
0
  0
LINE
  5
5D6
330
22
100
AcDbEntity
  8
F.Cu
  6
CONTINUOUS
100
AcDbLine
 10
140.8459979999999803
 20
-44.041446999999998
 30
0
 11
140.800945999999982
 21
-44.0804839999999984
 31
0
  0
LINE
  5
5D7
330
22
100
AcDbEntity
  8
F.Cu
  6
CONTINUOUS
100
AcDbLine
 10
140.800945999999982
 20
-44.0804839999999984
 30
0
 11
140.7921819999999968
 21
-44.0849489999999946
 31
0
  0
LINE
  5
5D8
330
22
100
AcDbEntity
  8
F.Cu
  6
CONTINUOUS
100
AcDbLine
 10
140.7921819999999968
 20
-44.0849489999999946
 30
0
 11
140.6202130000000068
 21
-44.2098900000000015
 31
0
  0
LINE
  5
5D9
330
22
100
AcDbEntity
  8
F.Cu
  6
CONTINUOUS
100
AcDbLine
 10
140.6202130000000068
 20
-44.2098900000000015
 30
0
 11
140.4698899999999924
 21
-44.3602129999999946
 31
0
  0
LINE
  5
5DA
330
22
100
AcDbEntity
  8
F.Cu
  6
CONTINUOUS
100
AcDbLine
 10
140.4698899999999924
 20
-44.3602129999999946
 30
0
 11
140.3449509999999805
 21
-44.5321789999999993
 31
0
  0
LINE
  5
5DB
330
22
100
AcDbEntity
  8
F.Cu
  6
CONTINUOUS
100
AcDbLine
 10
140.3449509999999805
 20
-44.5321789999999993
 30
0
 11
140.2484440000000063
 21
-44.7215849999999975
 31
0
  0
LINE
  5
5DC
330
22
100
AcDbEntity
  8
F.Cu
  6
CONTINUOUS
100
AcDbLine
 10
140.2484440000000063
 20
-44.7215849999999975
 30
0
 11
140.1827529999999911
 21
-44.9237600000000015
 31
0
  0
LINE
  5
5DD
330
22
100
AcDbEntity
  8
F.Cu
  6
CONTINUOUS
100
AcDbLine
 10
140.1827529999999911
 20
-44.9237600000000015
 30
0
 11
140.1494999999999891
 21
-45.1337130000000002
 31
0
  0
LINE
  5
5DE
330
22
100
AcDbEntity
  8
F.Cu
  6
CONTINUOUS
100
AcDbLine
 10
140.1494999999999891
 20
-45.1337130000000002
 30
0
 11
140.1494999999999891
 21
-45.3462859999999992
 31
0
  0
LINE
  5
5DF
330
22
100
AcDbEntity
  8
F.Cu
  6
CONTINUOUS
100
AcDbLine
 10
140.1494999999999891
 20
-45.3462859999999992
 30
0
 11
140.1827529999999911
 21
-45.5562389999999979
 31
0
  0
LINE
  5
5E0
330
22
100
AcDbEntity
  8
F.Cu
  6
CONTINUOUS
100
AcDbLine
 10
140.1827529999999911
 20
-45.5562389999999979
 30
0
 11
140.2484440000000063
 21
-45.7584139999999948
 31
0
  0
LINE
  5
5E1
330
22
100
AcDbEntity
  8
F.Cu
  6
CONTINUOUS
100
AcDbLine
 10
140.2484440000000063
 20
-45.7584139999999948
 30
0
 11
140.3449509999999805
 21
-45.9478200000000001
 31
0
  0
LINE
  5
5E2
330
22
100
AcDbEntity
  8
F.Cu
  6
CONTINUOUS
100
AcDbLine
 10
140.3449509999999805
 20
-45.9478200000000001
 30
0
 11
140.4698899999999924
 21
-46.1197859999999977
 31
0
  0
LINE
  5
5E3
330
22
100
AcDbEntity
  8
F.Cu
  6
CONTINUOUS
100
AcDbLine
 10
140.4698899999999924
 20
-46.1197859999999977
 30
0
 11
140.6202130000000068
 21
-46.2701089999999979
 31
0
  0
LINE
  5
5E4
330
22
100
AcDbEntity
  8
F.Cu
  6
CONTINUOUS
100
AcDbLine
 10
140.6202130000000068
 20
-46.2701089999999979
 30
0
 11
140.7921819999999968
 21
-46.3950499999999977
 31
0
  0
LINE
  5
5E5
330
22
100
AcDbEntity
  8
F.Cu
  6
CONTINUOUS
100
AcDbLine
 10
140.7921819999999968
 20
-46.3950499999999977
 30
0
 11
140.800945999999982
 21
-46.3995159999999984
 31
0
  0
LINE
  5
5E6
330
22
100
AcDbEntity
  8
F.Cu
  6
CONTINUOUS
100
AcDbLine
 10
140.800945999999982
 20
-46.3995159999999984
 30
0
 11
140.8517420000000016
 21
-46.4474909999999994
 31
0
  0
LINE
  5
5E7
330
22
100
AcDbEntity
  8
F.Cu
  6
CONTINUOUS
100
AcDbLine
 10
140.8517420000000016
 20
-46.4474909999999994
 30
0
 11
140.868536000000006
 21
-46.5153119999999944
 31
0
  0
LINE
  5
5E8
330
22
100
AcDbEntity
  8
F.Cu
  6
CONTINUOUS
100
AcDbLine
 10
140.868536000000006
 20
-46.5153119999999944
 30
0
 11
140.8459979999999803
 21
-46.5814469999999972
 31
0
  0
LINE
  5
5E9
330
22
100
AcDbEntity
  8
F.Cu
  6
CONTINUOUS
100
AcDbLine
 10
140.8459979999999803
 20
-46.5814469999999972
 30
0
 11
140.800945999999982
 21
-46.6204839999999976
 31
0
  0
LINE
  5
5EA
330
22
100
AcDbEntity
  8
F.Cu
  6
CONTINUOUS
100
AcDbLine
 10
140.800945999999982
 20
-46.6204839999999976
 30
0
 11
140.7921819999999968
 21
-46.6249490000000009
 31
0
  0
LINE
  5
5EB
330
22
100
AcDbEntity
  8
F.Cu
  6
CONTINUOUS
100
AcDbLine
 10
140.7921819999999968
 20
-46.6249490000000009
 30
0
 11
140.6202130000000068
 21
-46.7498900000000006
 31
0
  0
LINE
  5
5EC
330
22
100
AcDbEntity
  8
F.Cu
  6
CONTINUOUS
100
AcDbLine
 10
140.6202130000000068
 20
-46.7498900000000006
 30
0
 11
140.4698899999999924
 21
-46.9002130000000008
 31
0
  0
LINE
  5
5ED
330
22
100
AcDbEntity
  8
F.Cu
  6
CONTINUOUS
100
AcDbLine
 10
140.4698899999999924
 20
-46.9002130000000008
 30
0
 11
140.3449509999999805
 21
-47.0721789999999984
 31
0
  0
LINE
  5
5EE
330
22
100
AcDbEntity
  8
F.Cu
  6
CONTINUOUS
100
AcDbLine
 10
140.3449509999999805
 20
-47.0721789999999984
 30
0
 11
140.2484440000000063
 21
-47.2615849999999966
 31
0
  0
LINE
  5
5EF
330
22
100
AcDbEntity
  8
F.Cu
  6
CONTINUOUS
100
AcDbLine
 10
140.2484440000000063
 20
-47.2615849999999966
 30
0
 11
140.1827529999999911
 21
-47.4637600000000006
 31
0
  0
LINE
  5
5F0
330
22
100
AcDbEntity
  8
F.Cu
  6
CONTINUOUS
100
AcDbLine
 10
140.1827529999999911
 20
-47.4637600000000006
 30
0
 11
140.1494999999999891
 21
-47.6737129999999993
 31
0
  0
LINE
  5
5F1
330
22
100
AcDbEntity
  8
F.Cu
  6
CONTINUOUS
100
AcDbLine
 10
140.1494999999999891
 20
-47.6737129999999993
 30
0
 11
140.1494999999999891
 21
-47.8862869999999958
 31
0
  0
LINE
  5
5F2
330
22
100
AcDbEntity
  8
F.Cu
  6
CONTINUOUS
100
AcDbLine
 10
140.1494999999999891
 20
-47.8862869999999958
 30
0
 11
140.1827539999999885
 21
-48.0962430000000012
 31
0
  0
LINE
  5
5F3
330
22
100
AcDbEntity
  8
F.Cu
  6
CONTINUOUS
100
AcDbLine
 10
140.1827539999999885
 20
-48.0962430000000012
 30
0
 11
140.2233319999999992
 21
-48.2211299999999952
 31
0
  0
LINE
  5
5F4
330
22
100
AcDbEntity
  8
F.Cu
  6
CONTINUOUS
100
AcDbLine
 10
140.2233319999999992
 20
-48.2211299999999952
 30
0
 11
140.2484440000000063
 21
-48.2984140000000011
 31
0
  0
LINE
  5
5F5
330
22
100
AcDbEntity
  8
F.Cu
  6
CONTINUOUS
100
AcDbLine
 10
140.2484440000000063
 20
-48.2984140000000011
 30
0
 11
140.3449509999999805
 21
-48.4878199999999993
 31
0
  0
LINE
  5
5F6
330
22
100
AcDbEntity
  8
F.Cu
  6
CONTINUOUS
100
AcDbLine
 10
140.3449509999999805
 20
-48.4878199999999993
 30
0
 11
140.4698899999999924
 21
-48.6597859999999969
 31
0
  0
LINE
  5
5F7
330
22
100
AcDbEntity
  8
F.Cu
  6
CONTINUOUS
100
AcDbLine
 10
140.4698899999999924
 20
-48.6597859999999969
 30
0
 11
140.6202130000000068
 21
-48.8101089999999971
 31
0
  0
LINE
  5
5F8
330
22
100
AcDbEntity
  8
F.Cu
  6
CONTINUOUS
100
AcDbLine
 10
140.6202130000000068
 20
-48.8101089999999971
 30
0
 11
140.7921790000000044
 21
-48.9350479999999948
 31
0
  0
LINE
  5
5F9
330
22
100
AcDbEntity
  8
F.Cu
  6
CONTINUOUS
100
AcDbLine
 10
140.7921790000000044
 20
-48.9350479999999948
 30
0
 11
140.7921809999999994
 21
-48.9350489999999994
 31
0
  0
LINE
  5
5FA
330
22
100
AcDbEntity
  8
F.Cu
  6
CONTINUOUS
100
AcDbLine
 10
140.7921809999999994
 20
-48.9350489999999994
 30
0
 11
140.7921839999999918
 21
-48.9350509999999943
 31
0
  0
LINE
  5
5FB
330
22
100
AcDbEntity
  8
F.Cu
  6
CONTINUOUS
100
AcDbLine
 10
140.7921839999999918
 20
-48.9350509999999943
 30
0
 11
140.9815879999999879
 21
-49.0315569999999994
 31
0
  0
LINE
  5
5FC
330
22
100
AcDbEntity
  8
F.Cu
  6
CONTINUOUS
100
AcDbLine
 10
140.9815879999999879
 20
-49.0315569999999994
 30
0
 11
141.1837569999999857
 21
-49.0972459999999984
 31
0
  0
LINE
  5
5FD
330
22
100
AcDbEntity
  8
F.Cu
  6
CONTINUOUS
100
AcDbLine
 10
141.1837569999999857
 20
-49.0972459999999984
 30
0
 11
141.3937129999999911
 21
-49.1304999999999978
 31
0
  0
LINE
  5
5FE
330
22
100
AcDbEntity
  8
F.Cu
  6
CONTINUOUS
100
AcDbLine
 10
141.3937129999999911
 20
-49.1304999999999978
 30
0
 11
141.3937139999999886
 21
-49.1304999999999978
 31
0
  0
LINE
  5
5FF
330
22
100
AcDbEntity
  8
F.Cu
  6
CONTINUOUS
100
AcDbLine
 10
141.3937139999999886
 20
-49.1304999999999978
 30
0
 11
141.606285999999983
 21
-49.1304999999999978
 31
0
  0
LINE
  5
600
330
22
100
AcDbEntity
  8
F.Cu
  6
CONTINUOUS
100
AcDbLine
 10
141.606285999999983
 20
-49.1304999999999978
 30
0
 11
141.6062869999999805
 21
-49.1304999999999978
 31
0
  0
LINE
  5
601
330
22
100
AcDbEntity
  8
F.Cu
  6
CONTINUOUS
100
AcDbLine
 10
141.6062869999999805
 20
-49.1304999999999978
 30
0
 11
141.8162429999999858
 21
-49.0972459999999984
 31
0
  0
LINE
  5
602
330
22
100
AcDbEntity
  8
F.Cu
  6
CONTINUOUS
100
AcDbLine
 10
141.8162429999999858
 20
-49.0972459999999984
 30
0
 11
142.0184119999999837
 21
-49.0315569999999994
 31
0
  0
LINE
  5
603
330
22
100
AcDbEntity
  8
F.Cu
  6
CONTINUOUS
100
AcDbLine
 10
142.0184119999999837
 20
-49.0315569999999994
 30
0
 11
142.2078159999999798
 21
-48.9350509999999943
 31
0
  0
LINE
  5
604
330
22
100
AcDbEntity
  8
F.Cu
  6
CONTINUOUS
100
AcDbLine
 10
142.2078159999999798
 20
-48.9350509999999943
 30
0
 11
142.2567479999999875
 21
-48.8994999999999962
 31
0
  0
LINE
  5
605
330
22
100
AcDbEntity
  8
F.Cu
  6
CONTINUOUS
100
AcDbLine
 10
142.2567479999999875
 20
-48.8994999999999962
 30
0
 11
142.3797859999999957
 21
-48.8101089999999971
 31
0
  0
LINE
  5
606
330
22
100
AcDbEntity
  8
F.Cu
  6
CONTINUOUS
100
AcDbLine
 10
142.3797859999999957
 20
-48.8101089999999971
 30
0
 11
142.3797879999999907
 21
-48.8101059999999976
 31
0
  0
LINE
  5
607
330
22
100
AcDbEntity
  8
F.Cu
  6
CONTINUOUS
100
AcDbLine
 10
142.3797879999999907
 20
-48.8101059999999976
 30
0
 11
142.3797919999999806
 21
-48.8101039999999955
 31
0
  0
LINE
  5
608
330
22
100
AcDbEntity
  8
F.Cu
  6
CONTINUOUS
100
AcDbLine
 10
142.3797919999999806
 20
-48.8101039999999955
 30
0
 11
142.5301039999999944
 21
-48.6597919999999959
 31
0
  0
LINE
  5
609
330
22
100
AcDbEntity
  8
F.Cu
  6
CONTINUOUS
100
AcDbLine
 10
142.5301039999999944
 20
-48.6597919999999959
 30
0
 11
142.5301059999999893
 21
-48.6597879999999989
 31
0
  0
LINE
  5
60A
330
22
100
AcDbEntity
  8
F.Cu
  6
CONTINUOUS
100
AcDbLine
 10
142.5301059999999893
 20
-48.6597879999999989
 30
0
 11
142.5301089999999817
 21
-48.6597859999999969
 31
0
  0
LINE
  5
60B
330
22
100
AcDbEntity
  8
F.Cu
  6
CONTINUOUS
100
AcDbLine
 10
142.5301089999999817
 20
-48.6597859999999969
 30
0
 11
142.6550479999999936
 21
-48.4878199999999993
 31
0
  0
LINE
  5
60C
330
22
100
AcDbEntity
  8
F.Cu
  6
CONTINUOUS
100
AcDbLine
 10
142.6550479999999936
 20
-48.4878199999999993
 30
0
 11
142.6550469999999962
 21
-48.4878199999999993
 31
0
  0
LINE
  5
60D
330
22
100
AcDbEntity
  8
F.Cu
  6
CONTINUOUS
100
AcDbLine
 10
142.6550469999999962
 20
-48.4878199999999993
 30
0
 11
142.6550509999999861
 21
-48.4878159999999951
 31
0
  0
LINE
  5
60E
330
22
100
AcDbEntity
  8
F.Cu
  6
CONTINUOUS
100
AcDbLine
 10
142.6550509999999861
 20
-48.4878159999999951
 30
0
 11
142.7515569999999911
 21
-48.298411999999999
 31
0
  0
LINE
  5
60F
330
22
100
AcDbEntity
  8
F.Cu
  6
CONTINUOUS
100
AcDbLine
 10
142.7515569999999911
 20
-48.298411999999999
 30
0
 11
142.817245999999983
 21
-48.0962430000000012
 31
0
  0
LINE
  5
610
330
22
100
AcDbEntity
  8
F.Cu
  6
CONTINUOUS
100
AcDbLine
 10
142.817245999999983
 20
-48.0962430000000012
 30
0
 11
142.8504999999999825
 21
-47.8862869999999958
 31
0
  0
LINE
  5
611
330
22
100
AcDbEntity
  8
F.Cu
  6
CONTINUOUS
100
AcDbLine
 10
142.8504999999999825
 20
-47.8862869999999958
 30
0
 11
142.8504999999999825
 21
-47.6737129999999993
 31
0
  0
LINE
  5
612
330
22
100
AcDbEntity
  8
F.Cu
  6
CONTINUOUS
100
AcDbLine
 10
142.8504999999999825
 20
-47.6737129999999993
 30
0
 11
142.817245999999983
 21
-47.4637570000000011
 31
0
  0
LINE
  5
613
330
22
100
AcDbEntity
  8
F.Cu
  6
CONTINUOUS
100
AcDbLine
 10
142.817245999999983
 20
-47.4637570000000011
 30
0
 11
142.7515569999999911
 21
-47.2615879999999962
 31
0
  0
LINE
  5
614
330
22
100
AcDbEntity
  8
F.Cu
  6
CONTINUOUS
100
AcDbLine
 10
142.7515569999999911
 20
-47.2615879999999962
 30
0
 11
142.6550509999999861
 21
-47.072184
 31
0
  0
LINE
  5
615
330
22
100
AcDbEntity
  8
F.Cu
  6
CONTINUOUS
100
AcDbLine
 10
142.6550509999999861
 20
-47.072184
 30
0
 11
142.6550489999999911
 21
-47.0721810000000005
 31
0
  0
LINE
  5
616
330
22
100
AcDbEntity
  8
F.Cu
  6
CONTINUOUS
100
AcDbLine
 10
142.6550489999999911
 20
-47.0721810000000005
 30
0
 11
142.6550479999999936
 21
-47.0721789999999984
 31
0
  0
LINE
  5
617
330
22
100
AcDbEntity
  8
F.Cu
  6
CONTINUOUS
100
AcDbLine
 10
142.6550479999999936
 20
-47.0721789999999984
 30
0
 11
142.5301089999999817
 21
-46.9002130000000008
 31
0
  0
LINE
  5
618
330
22
100
AcDbEntity
  8
F.Cu
  6
CONTINUOUS
100
AcDbLine
 10
142.5301089999999817
 20
-46.9002130000000008
 30
0
 11
142.3797859999999957
 21
-46.7498900000000006
 31
0
  0
LINE
  5
619
330
22
100
AcDbEntity
  8
F.Cu
  6
CONTINUOUS
100
AcDbLine
 10
142.3797859999999957
 20
-46.7498900000000006
 30
0
 11
142.2078199999999981
 21
-46.6249509999999958
 31
0
  0
LINE
  5
61A
330
22
100
AcDbEntity
  8
F.Cu
  6
CONTINUOUS
100
AcDbLine
 10
142.2078199999999981
 20
-46.6249509999999958
 30
0
 11
142.2071149999999875
 21
-46.6245909999999952
 31
0
  0
LINE
  5
61B
330
22
100
AcDbEntity
  8
F.Cu
  6
CONTINUOUS
100
AcDbLine
 10
142.2071149999999875
 20
-46.6245909999999952
 30
0
 11
142.1990539999999896
 21
-46.6204849999999951
 31
0
  0
LINE
  5
61C
330
22
100
AcDbEntity
  8
F.Cu
  6
CONTINUOUS
100
AcDbLine
 10
142.1990539999999896
 20
-46.6204849999999951
 30
0
 11
142.1482589999999959
 21
-46.5725119999999961
 31
0
  0
LINE
  5
61D
330
22
100
AcDbEntity
  8
F.Cu
  6
CONTINUOUS
100
AcDbLine
 10
142.1482589999999959
 20
-46.5725119999999961
 30
0
 11
142.1314629999999966
 21
-46.5046919999999986
 31
0
  0
LINE
  5
61E
330
22
100
AcDbEntity
  8
F.Cu
  6
CONTINUOUS
100
AcDbLine
 10
142.1314629999999966
 20
-46.5046919999999986
 30
0
 11
142.1539989999999989
 21
-46.4385559999999984
 31
0
  0
LINE
  5
61F
330
22
100
AcDbEntity
  8
F.Cu
  6
CONTINUOUS
100
AcDbLine
 10
142.1539989999999989
 20
-46.4385559999999984
 30
0
 11
142.1990539999999896
 21
-46.399515000000001
 31
0
  0
LINE
  5
620
330
22
100
AcDbEntity
  8
F.Cu
  6
CONTINUOUS
100
AcDbLine
 10
142.1990539999999896
 20
-46.399515000000001
 30
0
 11
142.2078159999999798
 21
-46.3950509999999952
 31
0
  0
LINE
  5
621
330
22
100
AcDbEntity
  8
F.Cu
  6
CONTINUOUS
100
AcDbLine
 10
142.2078159999999798
 20
-46.3950509999999952
 30
0
 11
142.2297889999999825
 21
-46.3790860000000009
 31
0
  0
LINE
  5
622
330
22
100
AcDbEntity
  8
F.Cu
  6
CONTINUOUS
100
AcDbLine
 10
142.2297889999999825
 20
-46.3790860000000009
 30
0
 11
142.3797859999999957
 21
-46.2701089999999979
 31
0
  0
LINE
  5
623
330
22
100
AcDbEntity
  8
F.Cu
  6
CONTINUOUS
100
AcDbLine
 10
142.3797859999999957
 20
-46.2701089999999979
 30
0
 11
142.3797879999999907
 21
-46.2701059999999984
 31
0
  0
LINE
  5
624
330
22
100
AcDbEntity
  8
F.Cu
  6
CONTINUOUS
100
AcDbLine
 10
142.3797879999999907
 20
-46.2701059999999984
 30
0
 11
142.3797919999999806
 21
-46.2701039999999963
 31
0
  0
LINE
  5
625
330
22
100
AcDbEntity
  8
F.Cu
  6
CONTINUOUS
100
AcDbLine
 10
142.3797919999999806
 20
-46.2701039999999963
 30
0
 11
142.5301039999999944
 21
-46.1197919999999968
 31
0
  0
LINE
  5
626
330
22
100
AcDbEntity
  8
F.Cu
  6
CONTINUOUS
100
AcDbLine
 10
142.5301039999999944
 20
-46.1197919999999968
 30
0
 11
142.5301059999999893
 21
-46.1197879999999998
 31
0
  0
LINE
  5
627
330
22
100
AcDbEntity
  8
F.Cu
  6
CONTINUOUS
100
AcDbLine
 10
142.5301059999999893
 20
-46.1197879999999998
 30
0
 11
142.5301089999999817
 21
-46.1197859999999977
 31
0
  0
LINE
  5
628
330
22
100
AcDbEntity
  8
F.Cu
  6
CONTINUOUS
100
AcDbLine
 10
142.5301089999999817
 20
-46.1197859999999977
 30
0
 11
142.6550479999999936
 21
-45.9478200000000001
 31
0
  0
LINE
  5
629
330
22
100
AcDbEntity
  8
F.Cu
  6
CONTINUOUS
100
AcDbLine
 10
142.6550479999999936
 20
-45.9478200000000001
 30
0
 11
142.6550469999999962
 21
-45.9478200000000001
 31
0
  0
LINE
  5
62A
330
22
100
AcDbEntity
  8
F.Cu
  6
CONTINUOUS
100
AcDbLine
 10
142.6550469999999962
 20
-45.9478200000000001
 30
0
 11
142.6550509999999861
 21
-45.947815999999996
 31
0
  0
LINE
  5
62B
330
22
100
AcDbEntity
  8
F.Cu
  6
CONTINUOUS
100
AcDbLine
 10
142.6550509999999861
 20
-45.947815999999996
 30
0
 11
142.7515569999999911
 21
-45.7584119999999999
 31
0
  0
LINE
  5
62C
330
22
100
AcDbEntity
  8
F.Cu
  6
CONTINUOUS
100
AcDbLine
 10
142.7515569999999911
 20
-45.7584119999999999
 30
0
 11
142.817245999999983
 21
-45.5562429999999949
 31
0
  0
LINE
  5
62D
330
22
100
AcDbEntity
  8
F.Cu
  6
CONTINUOUS
100
AcDbLine
 10
142.817245999999983
 20
-45.5562429999999949
 30
0
 11
142.8504999999999825
 21
-45.3462869999999967
 31
0
  0
LINE
  5
62E
330
22
100
AcDbEntity
  8
F.Cu
  6
CONTINUOUS
100
AcDbLine
 10
142.8504999999999825
 20
-45.3462869999999967
 30
0
 11
142.8504999999999825
 21
-45.1337130000000002
 31
0
  0
LINE
  5
62F
330
22
100
AcDbEntity
  8
F.Cu
  6
CONTINUOUS
100
AcDbLine
 10
142.8504999999999825
 20
-45.1337130000000002
 30
0
 11
142.817245999999983
 21
-44.9237569999999948
 31
0
  0
LINE
  5
630
330
22
100
AcDbEntity
  8
F.Cu
  6
CONTINUOUS
100
AcDbLine
 10
142.817245999999983
 20
-44.9237569999999948
 30
0
 11
142.7515569999999911
 21
-44.721587999999997
 31
0
  0
LINE
  5
631
330
22
100
AcDbEntity
  8
F.Cu
  6
CONTINUOUS
100
AcDbLine
 10
142.7515569999999911
 20
-44.721587999999997
 30
0
 11
142.6550509999999861
 21
-44.5321840000000009
 31
0
  0
LINE
  5
632
330
22
100
AcDbEntity
  8
F.Cu
  6
CONTINUOUS
100
AcDbLine
 10
142.6550509999999861
 20
-44.5321840000000009
 30
0
 11
142.6550489999999911
 21
-44.5321810000000013
 31
0
  0
LINE
  5
633
330
22
100
AcDbEntity
  8
F.Cu
  6
CONTINUOUS
100
AcDbLine
 10
142.6550489999999911
 20
-44.5321810000000013
 30
0
 11
142.6550479999999936
 21
-44.5321789999999993
 31
0
  0
LINE
  5
634
330
22
100
AcDbEntity
  8
F.Cu
  6
CONTINUOUS
100
AcDbLine
 10
142.6550479999999936
 20
-44.5321789999999993
 30
0
 11
142.5301089999999817
 21
-44.3602129999999946
 31
0
  0
LINE
  5
635
330
22
100
AcDbEntity
  8
F.Cu
  6
CONTINUOUS
100
AcDbLine
 10
142.5301089999999817
 20
-44.3602129999999946
 30
0
 11
142.3797859999999957
 21
-44.2098900000000015
 31
0
  0
LINE
  5
636
330
22
100
AcDbEntity
  8
F.Cu
  6
CONTINUOUS
100
AcDbLine
 10
142.3797859999999957
 20
-44.2098900000000015
 30
0
 11
142.2078199999999981
 21
-44.0849509999999967
 31
0
  0
LINE
  5
637
330
22
100
AcDbEntity
  8
F.Cu
  6
CONTINUOUS
100
AcDbLine
 10
142.2078199999999981
 20
-44.0849509999999967
 30
0
 11
142.2071149999999875
 21
-44.0845909999999961
 31
0
  0
LINE
  5
638
330
22
100
AcDbEntity
  8
F.Cu
  6
CONTINUOUS
100
AcDbLine
 10
142.2071149999999875
 20
-44.0845909999999961
 30
0
 11
142.1990539999999896
 21
-44.0804849999999959
 31
0
  0
LINE
  5
639
330
22
100
AcDbEntity
  8
F.Cu
  6
CONTINUOUS
100
AcDbLine
 10
142.1990539999999896
 20
-44.0804849999999959
 30
0
 11
142.1482589999999959
 21
-44.032511999999997
 31
0
  0
LINE
  5
63A
330
22
100
AcDbEntity
  8
F.Cu
  6
CONTINUOUS
100
AcDbLine
 10
142.1482589999999959
 20
-44.032511999999997
 30
0
 11
142.1314629999999966
 21
-43.9646919999999994
 31
0
  0
LINE
  5
63B
330
22
100
AcDbEntity
  8
F.Cu
  6
CONTINUOUS
100
AcDbLine
 10
142.1314629999999966
 20
-43.9646919999999994
 30
0
 11
142.1539989999999989
 21
-43.8985559999999992
 31
0
  0
LINE
  5
63C
330
22
100
AcDbEntity
  8
F.Cu
  6
CONTINUOUS
100
AcDbLine
 10
142.1539989999999989
 20
-43.8985559999999992
 30
0
 11
142.1990539999999896
 21
-43.8595149999999947
 31
0
  0
LINE
  5
63D
330
22
100
AcDbEntity
  8
F.Cu
  6
CONTINUOUS
100
AcDbLine
 10
142.1990539999999896
 20
-43.8595149999999947
 30
0
 11
142.2078159999999798
 21
-43.855050999999996
 31
0
  0
LINE
  5
63E
330
22
100
AcDbEntity
  8
F.Cu
  6
CONTINUOUS
100
AcDbLine
 10
142.2078159999999798
 20
-43.855050999999996
 30
0
 11
142.2297889999999825
 21
-43.8390859999999947
 31
0
  0
LINE
  5
63F
330
22
100
AcDbEntity
  8
F.Cu
  6
CONTINUOUS
100
AcDbLine
 10
142.2297889999999825
 20
-43.8390859999999947
 30
0
 11
142.3797859999999957
 21
-43.7301089999999988
 31
0
  0
LINE
  5
640
330
22
100
AcDbEntity
  8
F.Cu
  6
CONTINUOUS
100
AcDbLine
 10
142.3797859999999957
 20
-43.7301089999999988
 30
0
 11
142.3797879999999907
 21
-43.7301059999999993
 31
0
  0
LINE
  5
641
330
22
100
AcDbEntity
  8
F.Cu
  6
CONTINUOUS
100
AcDbLine
 10
142.3797879999999907
 20
-43.7301059999999993
 30
0
 11
142.3797919999999806
 21
-43.7301039999999972
 31
0
  0
LINE
  5
642
330
22
100
AcDbEntity
  8
F.Cu
  6
CONTINUOUS
100
AcDbLine
 10
142.3797919999999806
 20
-43.7301039999999972
 30
0
 11
142.5301039999999944
 21
-43.5797919999999976
 31
0
  0
LINE
  5
643
330
22
100
AcDbEntity
  8
F.Cu
  6
CONTINUOUS
100
AcDbLine
 10
142.5301039999999944
 20
-43.5797919999999976
 30
0
 11
142.5301059999999893
 21
-43.5797880000000006
 31
0
  0
LINE
  5
644
330
22
100
AcDbEntity
  8
F.Cu
  6
CONTINUOUS
100
AcDbLine
 10
142.5301059999999893
 20
-43.5797880000000006
 30
0
 11
142.5301089999999817
 21
-43.5797859999999986
 31
0
  0
LINE
  5
645
330
22
100
AcDbEntity
  8
F.Cu
  6
CONTINUOUS
100
AcDbLine
 10
142.5301089999999817
 20
-43.5797859999999986
 30
0
 11
142.6550479999999936
 21
-43.407820000000001
 31
0
  0
LINE
  5
646
330
22
100
AcDbEntity
  8
F.Cu
  6
CONTINUOUS
100
AcDbLine
 10
142.6550479999999936
 20
-43.407820000000001
 30
0
 11
142.6550469999999962
 21
-43.407820000000001
 31
0
  0
LINE
  5
647
330
22
100
AcDbEntity
  8
F.Cu
  6
CONTINUOUS
100
AcDbLine
 10
142.6550469999999962
 20
-43.407820000000001
 30
0
 11
142.6550509999999861
 21
-43.4078159999999968
 31
0
  0
LINE
  5
648
330
22
100
AcDbEntity
  8
F.Cu
  6
CONTINUOUS
100
AcDbLine
 10
142.6550509999999861
 20
-43.4078159999999968
 30
0
 11
142.7515569999999911
 21
-43.2184120000000007
 31
0
  0
LINE
  5
649
330
22
100
AcDbEntity
  8
F.Cu
  6
CONTINUOUS
100
AcDbLine
 10
142.7515569999999911
 20
-43.2184120000000007
 30
0
 11
142.817245999999983
 21
-43.0162429999999958
 31
0
  0
LINE
  5
64A
330
22
100
AcDbEntity
  8
F.Cu
  6
CONTINUOUS
100
AcDbLine
 10
142.817245999999983
 20
-43.0162429999999958
 30
0
 11
142.8504999999999825
 21
-42.8062869999999975
 31
0
  0
LINE
  5
64B
330
22
100
AcDbEntity
  8
F.Cu
  6
CONTINUOUS
100
AcDbLine
 10
142.8504999999999825
 20
-42.8062869999999975
 30
0
 11
142.8504999999999825
 21
-42.593713000000001
 31
0
  0
LINE
  5
64C
330
22
100
AcDbEntity
  8
F.Cu
  6
CONTINUOUS
100
AcDbLine
 10
142.8504999999999825
 20
-42.593713000000001
 30
0
 11
142.817245999999983
 21
-42.3837569999999957
 31
0
  0
LINE
  5
64D
330
22
100
AcDbEntity
  8
F.Cu
  6
CONTINUOUS
100
AcDbLine
 10
142.817245999999983
 20
-42.3837569999999957
 30
0
 11
142.7515569999999911
 21
-42.1815879999999979
 31
0
  0
LINE
  5
64E
330
22
100
AcDbEntity
  8
F.Cu
  6
CONTINUOUS
100
AcDbLine
 10
142.7515569999999911
 20
-42.1815879999999979
 30
0
 11
142.6550509999999861
 21
-41.9921839999999946
 31
0
  0
LINE
  5
64F
330
22
100
AcDbEntity
  8
F.Cu
  6
CONTINUOUS
100
AcDbLine
 10
142.6550509999999861
 20
-41.9921839999999946
 30
0
 11
142.6550489999999911
 21
-41.9921809999999951
 31
0
  0
LINE
  5
650
330
22
100
AcDbEntity
  8
F.Cu
  6
CONTINUOUS
100
AcDbLine
 10
142.6550489999999911
 20
-41.9921809999999951
 30
0
 11
142.6550479999999936
 21
-41.9921790000000001
 31
0
  0
LINE
  5
651
330
22
100
AcDbEntity
  8
F.Cu
  6
CONTINUOUS
100
AcDbLine
 10
142.6550479999999936
 20
-41.9921790000000001
 30
0
 11
142.5301089999999817
 21
-41.8202129999999954
 31
0
  0
LINE
  5
652
330
22
100
AcDbEntity
  8
F.Cu
  6
CONTINUOUS
100
AcDbLine
 10
142.5301089999999817
 20
-41.8202129999999954
 30
0
 11
142.3797859999999957
 21
-41.6698899999999952
 31
0
  0
LINE
  5
653
330
22
100
AcDbEntity
  8
F.Cu
  6
CONTINUOUS
100
AcDbLine
 10
142.3797859999999957
 20
-41.6698899999999952
 30
0
 11
142.2078199999999981
 21
-41.5449509999999975
 31
0
  0
LINE
  5
654
330
22
100
AcDbEntity
  8
F.Cu
  6
CONTINUOUS
100
AcDbLine
 10
142.2078199999999981
 20
-41.5449509999999975
 30
0
 11
142.2071149999999875
 21
-41.5445909999999969
 31
0
  0
LINE
  5
655
330
22
100
AcDbEntity
  8
F.Cu
  6
CONTINUOUS
100
AcDbLine
 10
142.2071149999999875
 20
-41.5445909999999969
 30
0
 11
142.1990539999999896
 21
-41.5404849999999968
 31
0
  0
LINE
  5
656
330
22
100
AcDbEntity
  8
F.Cu
  6
CONTINUOUS
100
AcDbLine
 10
142.1990539999999896
 20
-41.5404849999999968
 30
0
 11
142.1482589999999959
 21
-41.4925119999999978
 31
0
  0
LINE
  5
657
330
22
100
AcDbEntity
  8
F.Cu
  6
CONTINUOUS
100
AcDbLine
 10
142.1482589999999959
 20
-41.4925119999999978
 30
0
 11
142.1314629999999966
 21
-41.4246920000000003
 31
0
  0
LINE
  5
658
330
22
100
AcDbEntity
  8
F.Cu
  6
CONTINUOUS
100
AcDbLine
 10
142.1314629999999966
 20
-41.4246920000000003
 30
0
 11
142.1539989999999989
 21
-41.3585560000000001
 31
0
  0
LINE
  5
659
330
22
100
AcDbEntity
  8
F.Cu
  6
CONTINUOUS
100
AcDbLine
 10
142.1539989999999989
 20
-41.3585560000000001
 30
0
 11
142.1990539999999896
 21
-41.3195149999999956
 31
0
  0
LINE
  5
65A
330
22
100
AcDbEntity
  8
F.Cu
  6
CONTINUOUS
100
AcDbLine
 10
142.1990539999999896
 20
-41.3195149999999956
 30
0
 11
142.2078159999999798
 21
-41.3150509999999969
 31
0
  0
LINE
  5
65B
330
22
100
AcDbEntity
  8
F.Cu
  6
CONTINUOUS
100
AcDbLine
 10
142.2078159999999798
 20
-41.3150509999999969
 30
0
 11
142.2297889999999825
 21
-41.2990859999999955
 31
0
  0
LINE
  5
65C
330
22
100
AcDbEntity
  8
F.Cu
  6
CONTINUOUS
100
AcDbLine
 10
142.2297889999999825
 20
-41.2990859999999955
 30
0
 11
142.3797859999999957
 21
-41.1901089999999996
 31
0
  0
LINE
  5
65D
330
22
100
AcDbEntity
  8
F.Cu
  6
CONTINUOUS
100
AcDbLine
 10
142.3797859999999957
 20
-41.1901089999999996
 30
0
 11
142.3797879999999907
 21
-41.1901060000000001
 31
0
  0
LINE
  5
65E
330
22
100
AcDbEntity
  8
F.Cu
  6
CONTINUOUS
100
AcDbLine
 10
142.3797879999999907
 20
-41.1901060000000001
 30
0
 11
142.3797919999999806
 21
-41.1901039999999981
 31
0
  0
LINE
  5
65F
330
22
100
AcDbEntity
  8
F.Cu
  6
CONTINUOUS
100
AcDbLine
 10
142.3797919999999806
 20
-41.1901039999999981
 30
0
 11
142.5301039999999944
 21
-41.0397919999999985
 31
0
  0
LINE
  5
660
330
22
100
AcDbEntity
  8
F.Cu
  6
CONTINUOUS
100
AcDbLine
 10
142.5301039999999944
 20
-41.0397919999999985
 30
0
 11
142.5301059999999893
 21
-41.0397880000000015
 31
0
  0
LINE
  5
661
330
22
100
AcDbEntity
  8
F.Cu
  6
CONTINUOUS
100
AcDbLine
 10
142.5301059999999893
 20
-41.0397880000000015
 30
0
 11
142.5301089999999817
 21
-41.0397859999999994
 31
0
  0
LINE
  5
662
330
22
100
AcDbEntity
  8
F.Cu
  6
CONTINUOUS
100
AcDbLine
 10
142.5301089999999817
 20
-41.0397859999999994
 30
0
 11
142.6550479999999936
 21
-40.8678199999999947
 31
0
  0
LINE
  5
663
330
22
100
AcDbEntity
  8
F.Cu
  6
CONTINUOUS
100
AcDbLine
 10
142.6550479999999936
 20
-40.8678199999999947
 30
0
 11
142.6550469999999962
 21
-40.8678199999999947
 31
0
  0
LINE
  5
664
330
22
100
AcDbEntity
  8
F.Cu
  6
CONTINUOUS
100
AcDbLine
 10
142.6550469999999962
 20
-40.8678199999999947
 30
0
 11
142.6550509999999861
 21
-40.8678159999999977
 31
0
  0
LINE
  5
665
330
22
100
AcDbEntity
  8
F.Cu
  6
CONTINUOUS
100
AcDbLine
 10
142.6550509999999861
 20
-40.8678159999999977
 30
0
 11
142.7515569999999911
 21
-40.6784120000000016
 31
0
  0
LINE
  5
666
330
22
100
AcDbEntity
  8
F.Cu
  6
CONTINUOUS
100
AcDbLine
 10
142.7515569999999911
 20
-40.6784120000000016
 30
0
 11
142.817245999999983
 21
-40.4762429999999966
 31
0
  0
LINE
  5
667
330
22
100
AcDbEntity
  8
F.Cu
  6
CONTINUOUS
100
AcDbLine
 10
142.817245999999983
 20
-40.4762429999999966
 30
0
 11
142.8504999999999825
 21
-40.2662869999999984
 31
0
  0
LINE
  5
668
330
22
100
AcDbEntity
  8
F.Cu
  6
CONTINUOUS
100
AcDbLine
 10
142.8504999999999825
 20
-40.2662869999999984
 30
0
 11
142.8504999999999825
 21
-40.0537129999999948
 31
0
  0
LINE
  5
669
330
22
100
AcDbEntity
  8
F.Cu
  6
CONTINUOUS
100
AcDbLine
 10
142.8504999999999825
 20
-40.0537129999999948
 30
0
 11
142.817245999999983
 21
-39.8437569999999965
 31
0
  0
LINE
  5
66A
330
22
100
AcDbEntity
  8
F.Cu
  6
CONTINUOUS
100
AcDbLine
 10
142.817245999999983
 20
-39.8437569999999965
 30
0
 11
142.7515569999999911
 21
-39.6415879999999987
 31
0
  0
LINE
  5
66B
330
22
100
AcDbEntity
  8
F.Cu
  6
CONTINUOUS
100
AcDbLine
 10
142.7515569999999911
 20
-39.6415879999999987
 30
0
 11
142.6550509999999861
 21
-39.4521839999999955
 31
0
  0
LINE
  5
66C
330
22
100
AcDbEntity
  8
F.Cu
  6
CONTINUOUS
100
AcDbLine
 10
142.6550509999999861
 20
-39.4521839999999955
 30
0
 11
142.6550489999999911
 21
-39.4521809999999959
 31
0
  0
LINE
  5
66D
330
22
100
AcDbEntity
  8
F.Cu
  6
CONTINUOUS
100
AcDbLine
 10
142.6550489999999911
 20
-39.4521809999999959
 30
0
 11
142.6550479999999936
 21
-39.452179000000001
 31
0
  0
LINE
  5
66E
330
22
100
AcDbEntity
  8
F.Cu
  6
CONTINUOUS
100
AcDbLine
 10
142.6550479999999936
 20
-39.452179000000001
 30
0
 11
142.5301089999999817
 21
-39.2802129999999963
 31
0
  0
LINE
  5
66F
330
22
100
AcDbEntity
  8
F.Cu
  6
CONTINUOUS
100
AcDbLine
 10
142.5301089999999817
 20
-39.2802129999999963
 30
0
 11
142.3797859999999957
 21
-39.1298899999999961
 31
0
  0
LINE
  5
670
330
22
100
AcDbEntity
  8
F.Cu
  6
CONTINUOUS
100
AcDbLine
 10
142.3797859999999957
 20
-39.1298899999999961
 30
0
 11
142.2078199999999981
 21
-39.0049509999999984
 31
0
  0
LINE
  5
671
330
22
100
AcDbEntity
  8
F.Cu
  6
CONTINUOUS
100
AcDbLine
 10
142.2078199999999981
 20
-39.0049509999999984
 30
0
 11
142.2071149999999875
 21
-39.0045909999999978
 31
0
  0
LINE
  5
672
330
22
100
AcDbEntity
  8
F.Cu
  6
CONTINUOUS
100
AcDbLine
 10
142.2071149999999875
 20
-39.0045909999999978
 30
0
 11
142.1990539999999896
 21
-39.0004849999999976
 31
0
  0
LINE
  5
673
330
22
100
AcDbEntity
  8
F.Cu
  6
CONTINUOUS
100
AcDbLine
 10
142.1990539999999896
 20
-39.0004849999999976
 30
0
 11
142.1482589999999959
 21
-38.9525119999999987
 31
0
  0
LINE
  5
674
330
22
100
AcDbEntity
  8
F.Cu
  6
CONTINUOUS
100
AcDbLine
 10
142.1482589999999959
 20
-38.9525119999999987
 30
0
 11
142.1314629999999966
 21
-38.8846920000000011
 31
0
  0
LINE
  5
675
330
22
100
AcDbEntity
  8
F.Cu
  6
CONTINUOUS
100
AcDbLine
 10
142.1314629999999966
 20
-38.8846920000000011
 30
0
 11
142.1539989999999989
 21
-38.8185560000000009
 31
0
  0
LINE
  5
676
330
22
100
AcDbEntity
  8
F.Cu
  6
CONTINUOUS
100
AcDbLine
 10
142.1539989999999989
 20
-38.8185560000000009
 30
0
 11
142.1990539999999896
 21
-38.7795149999999964
 31
0
  0
LINE
  5
677
330
22
100
AcDbEntity
  8
F.Cu
  6
CONTINUOUS
100
AcDbLine
 10
142.1990539999999896
 20
-38.7795149999999964
 30
0
 11
142.2078159999999798
 21
-38.7750509999999977
 31
0
  0
LINE
  5
678
330
22
100
AcDbEntity
  8
F.Cu
  6
CONTINUOUS
100
AcDbLine
 10
142.2078159999999798
 20
-38.7750509999999977
 30
0
 11
142.2297889999999825
 21
-38.7590859999999964
 31
0
  0
LINE
  5
679
330
22
100
AcDbEntity
  8
F.Cu
  6
CONTINUOUS
100
AcDbLine
 10
142.2297889999999825
 20
-38.7590859999999964
 30
0
 11
142.3797859999999957
 21
-38.6501090000000005
 31
0
  0
LINE
  5
67A
330
22
100
AcDbEntity
  8
F.Cu
  6
CONTINUOUS
100
AcDbLine
 10
142.3797859999999957
 20
-38.6501090000000005
 30
0
 11
142.3797879999999907
 21
-38.650106000000001
 31
0
  0
LINE
  5
67B
330
22
100
AcDbEntity
  8
F.Cu
  6
CONTINUOUS
100
AcDbLine
 10
142.3797879999999907
 20
-38.650106000000001
 30
0
 11
142.3797919999999806
 21
-38.6501039999999989
 31
0
  0
LINE
  5
67C
330
22
100
AcDbEntity
  8
F.Cu
  6
CONTINUOUS
100
AcDbLine
 10
142.3797919999999806
 20
-38.6501039999999989
 30
0
 11
142.5301039999999944
 21
-38.4997919999999993
 31
0
  0
LINE
  5
67D
330
22
100
AcDbEntity
  8
F.Cu
  6
CONTINUOUS
100
AcDbLine
 10
142.5301039999999944
 20
-38.4997919999999993
 30
0
 11
142.5301059999999893
 21
-38.4997879999999952
 31
0
  0
LINE
  5
67E
330
22
100
AcDbEntity
  8
F.Cu
  6
CONTINUOUS
100
AcDbLine
 10
142.5301059999999893
 20
-38.4997879999999952
 30
0
 11
142.5301089999999817
 21
-38.4997860000000003
 31
0
  0
LINE
  5
67F
330
22
100
AcDbEntity
  8
F.Cu
  6
CONTINUOUS
100
AcDbLine
 10
142.5301089999999817
 20
-38.4997860000000003
 30
0
 11
142.6550479999999936
 21
-38.3278199999999956
 31
0
  0
LINE
  5
680
330
22
100
AcDbEntity
  8
F.Cu
  6
CONTINUOUS
100
AcDbLine
 10
142.6550479999999936
 20
-38.3278199999999956
 30
0
 11
142.6550469999999962
 21
-38.3278199999999956
 31
0
  0
LINE
  5
681
330
22
100
AcDbEntity
  8
F.Cu
  6
CONTINUOUS
100
AcDbLine
 10
142.6550469999999962
 20
-38.3278199999999956
 30
0
 11
142.6550509999999861
 21
-38.3278159999999986
 31
0
  0
LINE
  5
682
330
22
100
AcDbEntity
  8
F.Cu
  6
CONTINUOUS
100
AcDbLine
 10
142.6550509999999861
 20
-38.3278159999999986
 30
0
 11
142.7515569999999911
 21
-38.1384119999999953
 31
0
  0
LINE
  5
683
330
22
100
AcDbEntity
  8
F.Cu
  6
CONTINUOUS
100
AcDbLine
 10
142.7515569999999911
 20
-38.1384119999999953
 30
0
 11
142.817245999999983
 21
-37.9362429999999975
 31
0
  0
LINE
  5
684
330
22
100
AcDbEntity
  8
F.Cu
  6
CONTINUOUS
100
AcDbLine
 10
142.817245999999983
 20
-37.9362429999999975
 30
0
 11
142.8504999999999825
 21
-37.7262869999999992
 31
0
  0
LINE
  5
685
330
22
100
AcDbEntity
  8
F.Cu
  6
CONTINUOUS
100
AcDbLine
 10
142.8504999999999825
 20
-37.7262869999999992
 30
0
 11
142.8504999999999825
 21
-37.5137129999999956
 31
0
  0
LINE
  5
686
330
22
100
AcDbEntity
  8
F.Cu
  6
CONTINUOUS
100
AcDbLine
 10
142.8504999999999825
 20
-37.5137129999999956
 30
0
 11
142.817245999999983
 21
-37.3037569999999974
 31
0
  0
LINE
  5
687
330
22
100
AcDbEntity
  8
F.Cu
  6
CONTINUOUS
100
AcDbLine
 10
142.817245999999983
 20
-37.3037569999999974
 30
0
 11
142.7515569999999911
 21
-37.1015879999999996
 31
0
  0
LINE
  5
688
330
22
100
AcDbEntity
  8
F.Cu
  6
CONTINUOUS
100
AcDbLine
 10
142.7515569999999911
 20
-37.1015879999999996
 30
0
 11
142.6550509999999861
 21
-36.9121839999999963
 31
0
  0
LINE
  5
689
330
22
100
AcDbEntity
  8
F.Cu
  6
CONTINUOUS
100
AcDbLine
 10
142.6550509999999861
 20
-36.9121839999999963
 30
0
 11
142.6550489999999911
 21
-36.9121809999999968
 31
0
  0
LINE
  5
68A
330
22
100
AcDbEntity
  8
F.Cu
  6
CONTINUOUS
100
AcDbLine
 10
142.6550489999999911
 20
-36.9121809999999968
 30
0
 11
142.6550479999999936
 21
-36.9121790000000018
 31
0
  0
LINE
  5
68B
330
22
100
AcDbEntity
  8
F.Cu
  6
CONTINUOUS
100
AcDbLine
 10
142.6550479999999936
 20
-36.9121790000000018
 30
0
 11
142.5301089999999817
 21
-36.7402129999999971
 31
0
  0
LINE
  5
68C
330
22
100
AcDbEntity
  8
F.Cu
  6
CONTINUOUS
100
AcDbLine
 10
142.5301089999999817
 20
-36.7402129999999971
 30
0
 11
142.3797859999999957
 21
-36.5898899999999969
 31
0
  0
LINE
  5
68D
330
22
100
AcDbEntity
  8
F.Cu
  6
CONTINUOUS
100
AcDbLine
 10
142.3797859999999957
 20
-36.5898899999999969
 30
0
 11
142.2078199999999981
 21
-36.4649509999999992
 31
0
  0
LINE
  5
68E
330
22
100
AcDbEntity
  8
F.Cu
  6
CONTINUOUS
100
AcDbLine
 10
142.2078199999999981
 20
-36.4649509999999992
 30
0
 11
142.2071149999999875
 21
-36.4645909999999986
 31
0
  0
LINE
  5
68F
330
22
100
AcDbEntity
  8
F.Cu
  6
CONTINUOUS
100
AcDbLine
 10
142.2071149999999875
 20
-36.4645909999999986
 30
0
 11
142.1990539999999896
 21
-36.4604849999999985
 31
0
  0
LINE
  5
690
330
22
100
AcDbEntity
  8
F.Cu
  6
CONTINUOUS
100
AcDbLine
 10
142.1990539999999896
 20
-36.4604849999999985
 30
0
 11
142.1482589999999959
 21
-36.4125119999999995
 31
0
  0
LINE
  5
691
330
22
100
AcDbEntity
  8
F.Cu
  6
CONTINUOUS
100
AcDbLine
 10
142.1482589999999959
 20
-36.4125119999999995
 30
0
 11
142.1314629999999966
 21
-36.3446919999999949
 31
0
  0
LINE
  5
692
330
22
100
AcDbEntity
  8
F.Cu
  6
CONTINUOUS
100
AcDbLine
 10
142.1314629999999966
 20
-36.3446919999999949
 30
0
 11
142.1539989999999989
 21
-36.2785560000000018
 31
0
  0
LINE
  5
693
330
22
100
AcDbEntity
  8
F.Cu
  6
CONTINUOUS
100
AcDbLine
 10
142.1539989999999989
 20
-36.2785560000000018
 30
0
 11
142.1990539999999896
 21
-36.2395149999999973
 31
0
  0
LINE
  5
694
330
22
100
AcDbEntity
  8
F.Cu
  6
CONTINUOUS
100
AcDbLine
 10
142.1990539999999896
 20
-36.2395149999999973
 30
0
 11
142.2078159999999798
 21
-36.2350509999999986
 31
0
  0
LINE
  5
695
330
22
100
AcDbEntity
  8
F.Cu
  6
CONTINUOUS
100
AcDbLine
 10
142.2078159999999798
 20
-36.2350509999999986
 30
0
 11
142.2297889999999825
 21
-36.2190859999999972
 31
0
  0
LINE
  5
696
330
22
100
AcDbEntity
  8
F.Cu
  6
CONTINUOUS
100
AcDbLine
 10
142.2297889999999825
 20
-36.2190859999999972
 30
0
 11
142.3797859999999957
 21
-36.1101090000000013
 31
0
  0
LINE
  5
697
330
22
100
AcDbEntity
  8
F.Cu
  6
CONTINUOUS
100
AcDbLine
 10
142.3797859999999957
 20
-36.1101090000000013
 30
0
 11
142.3797879999999907
 21
-36.1101060000000018
 31
0
  0
LINE
  5
698
330
22
100
AcDbEntity
  8
F.Cu
  6
CONTINUOUS
100
AcDbLine
 10
142.3797879999999907
 20
-36.1101060000000018
 30
0
 11
142.3797919999999806
 21
-36.1101039999999998
 31
0
  0
LINE
  5
699
330
22
100
AcDbEntity
  8
F.Cu
  6
CONTINUOUS
100
AcDbLine
 10
142.3797919999999806
 20
-36.1101039999999998
 30
0
 11
142.5301039999999944
 21
-35.9597920000000002
 31
0
  0
LINE
  5
69A
330
22
100
AcDbEntity
  8
F.Cu
  6
CONTINUOUS
100
AcDbLine
 10
142.5301039999999944
 20
-35.9597920000000002
 30
0
 11
142.5301059999999893
 21
-35.9597879999999961
 31
0
  0
LINE
  5
69B
330
22
100
AcDbEntity
  8
F.Cu
  6
CONTINUOUS
100
AcDbLine
 10
142.5301059999999893
 20
-35.9597879999999961
 30
0
 11
142.5301089999999817
 21
-35.9597860000000011
 31
0
  0
LINE
  5
69C
330
22
100
AcDbEntity
  8
F.Cu
  6
CONTINUOUS
100
AcDbLine
 10
142.5301089999999817
 20
-35.9597860000000011
 30
0
 11
142.6550479999999936
 21
-35.7878199999999964
 31
0
  0
LINE
  5
69D
330
22
100
AcDbEntity
  8
F.Cu
  6
CONTINUOUS
100
AcDbLine
 10
142.6550479999999936
 20
-35.7878199999999964
 30
0
 11
142.6550469999999962
 21
-35.7878199999999964
 31
0
  0
LINE
  5
69E
330
22
100
AcDbEntity
  8
F.Cu
  6
CONTINUOUS
100
AcDbLine
 10
142.6550469999999962
 20
-35.7878199999999964
 30
0
 11
142.6550509999999861
 21
-35.7878159999999994
 31
0
  0
LINE
  5
69F
330
22
100
AcDbEntity
  8
F.Cu
  6
CONTINUOUS
100
AcDbLine
 10
142.6550509999999861
 20
-35.7878159999999994
 30
0
 11
142.7515569999999911
 21
-35.5984119999999962
 31
0
  0
LINE
  5
6A0
330
22
100
AcDbEntity
  8
F.Cu
  6
CONTINUOUS
100
AcDbLine
 10
142.7515569999999911
 20
-35.5984119999999962
 30
0
 11
142.817245999999983
 21
-35.3962429999999983
 31
0
  0
LINE
  5
6A1
330
22
100
AcDbEntity
  8
F.Cu
  6
CONTINUOUS
100
AcDbLine
 10
142.817245999999983
 20
-35.3962429999999983
 30
0
 11
142.8504999999999825
 21
-35.1862870000000001
 31
0
  0
LINE
  5
6A2
330
22
100
AcDbEntity
  8
F.Cu
  6
CONTINUOUS
100
AcDbLine
 10
142.8504999999999825
 20
-35.1862870000000001
 30
0
 11
142.8504999999999825
 21
-34.9737129999999965
 31
0
  0
LINE
  5
6A3
330
22
100
AcDbEntity
  8
F.Cu
  6
CONTINUOUS
100
AcDbLine
 10
142.8504999999999825
 20
-34.9737129999999965
 30
0
 11
142.817245999999983
 21
-34.7637569999999982
 31
0
  0
LINE
  5
6A4
330
22
100
AcDbEntity
  8
F.Cu
  6
CONTINUOUS
100
AcDbLine
 10
142.817245999999983
 20
-34.7637569999999982
 30
0
 11
142.8035059999999987
 21
-34.721472999999996
 31
0
  0
LINE
  5
6A5
330
22
100
AcDbEntity
  8
F.Cu
  6
CONTINUOUS
100
AcDbLine
 10
142.8035059999999987
 20
-34.721472999999996
 30
0
 11
142.8015120000000024
 21
-34.6516349999999989
 31
0
  0
LINE
  5
6A6
330
22
100
AcDbEntity
  8
F.Cu
  6
CONTINUOUS
100
AcDbLine
 10
142.8015120000000024
 20
-34.6516349999999989
 30
0
 11
142.8337530000000015
 21
-34.5954799999999949
 31
0
  0
LINE
  5
6A7
330
22
100
AcDbEntity
  8
F.Cu
  6
CONTINUOUS
100
AcDbLine
 10
142.8337530000000015
 20
-34.5954799999999949
 30
0
 11
143.13051999999999
 21
-34.2987159999999989
 31
0
  0
LINE
  5
6A8
330
22
100
AcDbEntity
  8
F.Cu
  6
CONTINUOUS
100
AcDbLine
 10
143.13051999999999
 20
-34.2987159999999989
 30
0
 11
143.2095769999999959
 21
-34.1617839999999973
 31
0
  0
LINE
  5
6A9
330
22
100
AcDbEntity
  8
F.Cu
  6
CONTINUOUS
100
AcDbLine
 10
143.2095769999999959
 20
-34.1617839999999973
 30
0
 11
143.2505009999999857
 21
-34.0090569999999985
 31
0
  0
LINE
  5
6AA
330
22
100
AcDbEntity
  8
F.Cu
  6
CONTINUOUS
100
AcDbLine
 10
143.2505009999999857
 20
-34.0090569999999985
 30
0
 11
143.2505009999999857
 21
-33.8509419999999963
 31
0
  0
LINE
  5
6AB
330
22
100
AcDbEntity
  8
F.Cu
  6
CONTINUOUS
100
AcDbLine
 10
143.2505009999999857
 20
-33.8509419999999963
 30
0
 11
143.2505009999999857
 21
-33.8433470000000014
 31
0
  0
LINE
  5
6AC
330
22
100
AcDbEntity
  8
F.Cu
  6
CONTINUOUS
100
AcDbLine
 10
143.2505009999999857
 20
-33.8433470000000014
 30
0
 11
143.2504999999999882
 21
-33.8433289999999971
 31
0
  0
LINE
  5
6AD
330
22
100
AcDbEntity
  8
F.Cu
  6
CONTINUOUS
100
AcDbLine
 10
143.2504999999999882
 20
-33.8433289999999971
 30
0
 11
143.2504999999999882
 21
-32.152713999999996
 31
0
  0
LINE
  5
6AE
330
22
100
AcDbEntity
  8
F.Cu
  6
CONTINUOUS
100
AcDbLine
 10
143.2504999999999882
 20
-32.152713999999996
 30
0
 11
143.2505009999999857
 21
-32.1527010000000004
 31
0
  0
LINE
  5
6AF
330
22
100
AcDbEntity
  8
F.Cu
  6
CONTINUOUS
100
AcDbLine
 10
143.2505009999999857
 20
-32.1527010000000004
 30
0
 11
143.2505009999999857
 21
-31.9845979999999983
 31
0
  0
LINE
  5
6B0
330
22
100
AcDbEntity
  8
F.Cu
  6
CONTINUOUS
100
AcDbLine
 10
143.2505009999999857
 20
-31.9845979999999983
 30
0
 11
143.2417989999999861
 21
-31.9521219999999992
 31
0
  0
LINE
  5
6B1
330
22
100
AcDbEntity
  8
F.Cu
  6
CONTINUOUS
100
AcDbLine
 10
143.2417989999999861
 20
-31.9521219999999992
 30
0
 11
143.2095769999999959
 21
-31.8318699999999986
 31
0
  0
LINE
  5
6B2
330
22
100
AcDbEntity
  8
F.Cu
  6
CONTINUOUS
100
AcDbLine
 10
143.2095769999999959
 20
-31.8318699999999986
 30
0
 11
143.1685410000000047
 21
-31.7607929999999996
 31
0
  0
LINE
  5
6B3
330
22
100
AcDbEntity
  8
F.Cu
  6
CONTINUOUS
100
AcDbLine
 10
143.1685410000000047
 20
-31.7607929999999996
 30
0
 11
143.1305239999999799
 21
-31.6949439999999996
 31
0
  0
LINE
  5
6B4
330
22
100
AcDbEntity
  8
F.Cu
  6
CONTINUOUS
100
AcDbLine
 10
143.1305239999999799
 20
-31.6949439999999996
 30
0
 11
143.130517999999995
 21
-31.6949359999999984
 31
0
  0
LINE
  5
6B5
330
22
100
AcDbEntity
  8
F.Cu
  6
CONTINUOUS
100
AcDbLine
 10
143.130517999999995
 20
-31.6949359999999984
 30
0
 11
142.4639359999999897
 21
-31.0283549999999977
 31
0
  0
LINE
  5
6B6
330
22
100
AcDbEntity
  8
F.Cu
  6
CONTINUOUS
100
AcDbLine
 10
142.4639359999999897
 20
-31.0283549999999977
 30
0
 11
142.4639339999999947
 21
-31.0283519999999982
 31
0
  0
LINE
  5
6B7
330
22
100
AcDbEntity
  8
F.Cu
  6
CONTINUOUS
100
AcDbLine
 10
142.4639339999999947
 20
-31.0283519999999982
 30
0
 11
142.3450629999999819
 21
-30.9094809999999995
 31
0
  0
LINE
  5
6B8
330
22
100
AcDbEntity
  8
F.Cu
  6
CONTINUOUS
100
AcDbLine
 10
142.3450629999999819
 20
-30.9094809999999995
 30
0
 11
142.3450619999999844
 21
-30.9094799999999985
 31
0
  0
LINE
  5
6B9
330
22
100
AcDbEntity
  8
F.Cu
  6
CONTINUOUS
100
AcDbLine
 10
142.3450619999999844
 20
-30.9094799999999985
 30
0
 11
142.2582500000000039
 21
-30.8593599999999988
 31
0
  0
LINE
  5
6BA
330
22
100
AcDbEntity
  8
F.Cu
  6
CONTINUOUS
100
AcDbLine
 10
142.2582500000000039
 20
-30.8593599999999988
 30
0
 11
142.2582500000000039
 21
-30.8593589999999978
 31
0
  0
LINE
  5
6BB
330
22
100
AcDbEntity
  8
F.Cu
  6
CONTINUOUS
100
AcDbLine
 10
142.2582500000000039
 20
-30.8593589999999978
 30
0
 11
142.2582459999999855
 21
-30.8593580000000003
 31
0
  0
LINE
  5
6BC
330
22
100
AcDbEntity
  8
F.Cu
  6
CONTINUOUS
100
AcDbLine
 10
142.2582459999999855
 20
-30.8593580000000003
 30
0
 11
142.2420379999999795
 21
-30.8499999999999979
 31
0
  0
LINE
  5
6BD
330
22
100
AcDbEntity
  8
F.Cu
  6
CONTINUOUS
100
AcDbLine
 10
142.2420379999999795
 20
-30.8499999999999979
 30
0
 11
140.7579599999999971
 21
-30.8499999999999979
 31
0
  0
LINE
  5
6BE
330
22
100
AcDbEntity
  8
F.Cu
  6
CONTINUOUS
100
AcDbLine
 10
140.7579599999999971
 20
-30.8499999999999979
 30
0
 11
140.7417499999999961
 21
-30.8593589999999978
 31
0
  0
LINE
  5
6BF
330
22
100
AcDbEntity
  8
F.Cu
  6
CONTINUOUS
100
AcDbLine
 10
140.7417499999999961
 20
-30.8593589999999978
 30
0
 11
140.7417489999999987
 21
-30.8593599999999988
 31
0
  0
LINE
  5
6C0
330
22
100
AcDbEntity
  8
F.Cu
  6
CONTINUOUS
100
AcDbLine
 10
140.7417489999999987
 20
-30.8593599999999988
 30
0
 11
140.6983429999999942
 21
-30.8844199999999987
 31
0
  0
LINE
  5
6C1
330
22
100
AcDbEntity
  8
F.Cu
  6
CONTINUOUS
100
AcDbLine
 10
140.6983429999999942
 20
-30.8844199999999987
 30
0
 11
140.6549389999999846
 21
-30.9094789999999975
 31
0
  0
LINE
  5
6C2
330
22
100
AcDbEntity
  8
F.Cu
  6
CONTINUOUS
100
AcDbLine
 10
140.6549389999999846
 20
-30.9094789999999975
 30
0
 11
140.6549359999999922
 21
-30.9094809999999995
 31
0
  0
LINE
  5
6C3
330
22
100
AcDbEntity
  8
F.Cu
  6
CONTINUOUS
100
AcDbLine
 10
140.6549359999999922
 20
-30.9094809999999995
 30
0
 11
132.0194809999999848
 21
-39.5449359999999999
 31
0
  0
LINE
  5
6C4
330
22
100
AcDbEntity
  8
F.Cu
  6
CONTINUOUS
100
AcDbLine
 10
132.0194809999999848
 20
-39.5449359999999999
 30
0
 11
132.0194789999999898
 21
-39.5449389999999994
 31
0
  0
LINE
  5
6C5
330
22
100
AcDbEntity
  8
F.Cu
  6
CONTINUOUS
100
AcDbLine
 10
132.0194789999999898
 20
-39.5449389999999994
 30
0
 11
131.9693609999999921
 21
-39.6317480000000018
 31
0
  0
LINE
  5
6C6
330
22
100
AcDbEntity
  8
F.Cu
  6
CONTINUOUS
100
AcDbLine
 10
131.9693609999999921
 20
-39.6317480000000018
 30
0
 11
131.9693589999999972
 21
-39.6317499999999967
 31
0
  0
LINE
  5
6C7
330
22
100
AcDbEntity
  8
F.Cu
  6
CONTINUOUS
100
AcDbLine
 10
131.9693589999999972
 20
-39.6317499999999967
 30
0
 11
131.9404250000000047
 21
-39.6818629999999999
 31
0
  0
LINE
  5
6C8
330
22
100
AcDbEntity
  8
F.Cu
  6
CONTINUOUS
100
AcDbLine
 10
131.9404250000000047
 20
-39.6818629999999999
 30
0
 11
131.9404240000000073
 21
-39.6818639999999974
 31
0
  0
LINE
  5
6C9
330
22
100
AcDbEntity
  8
F.Cu
  6
CONTINUOUS
100
AcDbLine
 10
131.9404240000000073
 20
-39.6818639999999974
 30
0
 11
131.9404229999999814
 21
-39.6818689999999989
 31
0
  0
LINE
  5
6CA
330
22
100
AcDbEntity
  8
F.Cu
  6
CONTINUOUS
100
AcDbLine
 10
131.9404229999999814
 20
-39.6818689999999989
 30
0
 11
131.8994989999999916
 21
-39.8345969999999951
 31
0
  0
LINE
  5
6CB
330
22
100
AcDbEntity
  8
F.Cu
  6
CONTINUOUS
100
AcDbLine
 10
131.8994989999999916
 20
-39.8345969999999951
 30
0
 11
131.8994989999999916
 21
-39.8345989999999972
 31
0
  0
LINE
  5
6CC
330
22
100
AcDbEntity
  8
F.Cu
  6
CONTINUOUS
100
AcDbLine
 10
131.8994989999999916
 20
-39.8345989999999972
 30
0
 11
131.8994989999999916
 21
-40.0026999999999973
 31
0
  0
LINE
  5
6CD
330
22
100
AcDbEntity
  8
F.Cu
  6
CONTINUOUS
100
AcDbLine
 10
131.8994989999999916
 20
-40.0026999999999973
 30
0
 11
131.8994999999999891
 21
-40.002713
 31
0
  0
LINE
  5
6CE
330
22
100
AcDbEntity
  8
F.Cu
  6
CONTINUOUS
100
AcDbLine
 10
131.8994999999999891
 20
-40.002713
 30
0
 11
131.8994999999999891
 21
-61.6446759999999969
 31
0
  0
LINE
  5
6CF
330
22
100
AcDbEntity
  8
F.Cu
  6
CONTINUOUS
100
AcDbLine
 10
131.8994999999999891
 20
-61.6446759999999969
 30
0
 11
131.8994989999999916
 21
-61.6446939999999941
 31
0
  0
LINE
  5
6D0
330
22
100
AcDbEntity
  8
F.Cu
  6
CONTINUOUS
100
AcDbLine
 10
131.8994989999999916
 20
-61.6446939999999941
 30
0
 11
131.8994989999999916
 21
-61.8103999999999942
 31
0
  0
LINE
  5
6D1
330
22
100
AcDbEntity
  8
F.Cu
  6
CONTINUOUS
100
AcDbLine
 10
131.8994989999999916
 20
-61.8103999999999942
 30
0
 11
131.8994979999999941
 21
-61.8103999999999942
 31
0
  0
LINE
  5
6D2
330
22
100
AcDbEntity
  8
F.Cu
  6
CONTINUOUS
100
AcDbLine
 10
131.8994979999999941
 20
-61.8103999999999942
 30
0
 11
131.9404229999999814
 21
-61.9631319999999945
 31
0
  0
LINE
  5
6D3
330
22
100
AcDbEntity
  8
F.Cu
  6
CONTINUOUS
100
AcDbLine
 10
131.9404229999999814
 20
-61.9631319999999945
 30
0
 11
131.9404240000000073
 21
-61.9631329999999991
 31
0
  0
LINE
  5
6D4
330
22
100
AcDbEntity
  8
F.Cu
  6
CONTINUOUS
100
AcDbLine
 10
131.9404240000000073
 20
-61.9631329999999991
 30
0
 11
131.9682239999999922
 21
-62.0112839999999963
 31
0
  0
LINE
  5
6D5
330
22
100
AcDbEntity
  8
F.Cu
  6
CONTINUOUS
100
AcDbLine
 10
131.9682239999999922
 20
-62.0112839999999963
 30
0
 11
132.0194799999999873
 21
-62.1000619999999941
 31
0
  0
LINE
  5
6D6
330
22
100
AcDbEntity
  8
F.Cu
  6
CONTINUOUS
100
AcDbLine
 10
132.0194799999999873
 20
-62.1000619999999941
 30
0
 11
132.0194819999999822
 21
-62.1000639999999962
 31
0
  0
LINE
  5
6D7
330
22
100
AcDbEntity
  8
F.Cu
  6
CONTINUOUS
100
AcDbLine
 10
132.0194819999999822
 20
-62.1000639999999962
 30
0
 11
132.1383490000000052
 21
-62.2189309999999978
 31
0
  0
LINE
  5
6D8
330
22
100
AcDbEntity
  8
F.Cu
  6
CONTINUOUS
100
AcDbLine
 10
132.1383490000000052
 20
-62.2189309999999978
 30
0
 11
132.13835499999999
 21
-62.2189359999999994
 31
0
  0
LINE
  5
6D9
330
22
100
AcDbEntity
  8
F.Cu
  6
CONTINUOUS
100
AcDbLine
 10
132.13835499999999
 20
-62.2189359999999994
 30
0
 11
135.4172379999999976
 21
-65.4978189999999927
 31
0
  0
LINE
  5
6DA
330
22
100
AcDbEntity
  8
F.Cu
  6
CONTINUOUS
100
AcDbLine
 10
135.4172379999999976
 20
-65.4978189999999927
 30
0
 11
135.4507229999999822
 21
-65.5591419999999943
 31
0
  0
LINE
  5
6DB
330
22
100
AcDbEntity
  8
F.Cu
  6
CONTINUOUS
100
AcDbLine
 10
135.4507229999999822
 20
-65.5591419999999943
 30
0
 11
135.4457390000000032
 21
-65.6288339999999977
 31
0
  0
LINE
  5
6DC
330
22
100
AcDbEntity
  8
F.Cu
  6
CONTINUOUS
100
AcDbLine
 10
135.4457390000000032
 20
-65.6288339999999977
 30
0
 11
135.4038669999999911
 21
-65.6847669999999937
 31
0
  0
LINE
  5
6DD
330
22
100
AcDbEntity
  8
F.Cu
  6
CONTINUOUS
100
AcDbLine
 10
135.4038669999999911
 20
-65.6847669999999937
 30
0
 11
135.3384029999999996
 21
-65.7091839999999934
 31
0
  0
LINE
  5
6DE
330
22
100
AcDbEntity
  8
F.Cu
  6
CONTINUOUS
100
AcDbLine
 10
135.3384029999999996
 20
-65.7091839999999934
 30
0
 11
135.3295569999999941
 21
-65.7094999999999914
 31
0
  0
LINE
  5
6DF
330
22
100
AcDbEntity
  8
F.Cu
  6
CONTINUOUS
100
AcDbLine
 10
135.3295569999999941
 20
-65.7094999999999914
 30
0
 11
131.140781000000004
 21
-65.7094999999999914
 31
0
  0
LINE
  5
6E0
330
22
100
AcDbEntity
  8
F.Cu
  6
CONTINUOUS
100
AcDbLine
 10
131.140781000000004
 20
-65.7094999999999914
 30
0
 11
131.0737419999999815
 21
-65.6898149999999958
 31
0
  0
LINE
  5
6E1
330
22
100
AcDbEntity
  8
F.Cu
  6
CONTINUOUS
100
AcDbLine
 10
131.0737419999999815
 20
-65.6898149999999958
 30
0
 11
131.027986999999996
 21
-65.6370110000000011
 31
0
  0
LINE
  5
6E2
330
22
100
AcDbEntity
  8
F.Cu
  6
CONTINUOUS
100
AcDbLine
 10
131.027986999999996
 20
-65.6370110000000011
 30
0
 11
131.0180430000000058
 21
-65.5678529999999995
 31
0
  0
LINE
  5
6E3
330
22
100
AcDbEntity
  8
F.Cu
  6
CONTINUOUS
100
AcDbLine
 10
131.0180430000000058
 20
-65.5678529999999995
 30
0
 11
131.0302959999999928
 21
-65.5292049999999904
 31
0
  0
LINE
  5
6E4
330
22
100
AcDbEntity
  8
F.Cu
  6
CONTINUOUS
100
AcDbLine
 10
131.0302959999999928
 20
-65.5292049999999904
 30
0
 11
131.0613710000000083
 21
-65.4682159999999982
 31
0
  0
LINE
  5
6E5
330
22
100
AcDbEntity
  8
F.Cu
  6
CONTINUOUS
100
AcDbLine
 10
131.0613710000000083
 20
-65.4682159999999982
 30
0
 11
131.0765570000000082
 21
-65.4384119999999996
 31
0
  0
LINE
  5
6E6
330
22
100
AcDbEntity
  8
F.Cu
  6
CONTINUOUS
100
AcDbLine
 10
131.0765570000000082
 20
-65.4384119999999996
 30
0
 11
131.1422460000000001
 21
-65.2362430000000018
 31
0
  0
LINE
  5
6E7
330
22
100
AcDbEntity
  8
F.Cu
  6
CONTINUOUS
100
AcDbLine
 10
131.1422460000000001
 20
-65.2362430000000018
 30
0
 11
131.1754999999999995
 21
-65.0262869999999964
 31
0
  0
LINE
  5
6E8
330
22
100
AcDbEntity
  8
F.Cu
  6
CONTINUOUS
100
AcDbLine
 10
131.1754999999999995
 20
-65.0262869999999964
 30
0
 11
131.1754999999999995
 21
-64.8137129999999928
 31
0
  0
LINE
  5
6E9
330
22
100
AcDbEntity
  8
F.Cu
  6
CONTINUOUS
100
AcDbLine
 10
131.1754999999999995
 20
-64.8137129999999928
 30
0
 11
131.1422460000000001
 21
-64.6037570000000017
 31
0
  0
LINE
  5
6EA
330
22
100
AcDbEntity
  8
F.Cu
  6
CONTINUOUS
100
AcDbLine
 10
131.1422460000000001
 20
-64.6037570000000017
 30
0
 11
131.0765570000000082
 21
-64.4015880000000038
 31
0
  0
LINE
  5
6EB
330
22
100
AcDbEntity
  8
F.Cu
  6
CONTINUOUS
100
AcDbLine
 10
131.0765570000000082
 20
-64.4015880000000038
 30
0
 11
130.9800510000000031
 21
-64.2121839999999935
 31
0
  0
LINE
  5
6EC
330
22
100
AcDbEntity
  8
F.Cu
  6
CONTINUOUS
100
AcDbLine
 10
130.9800510000000031
 20
-64.2121839999999935
 30
0
 11
130.9800490000000082
 21
-64.2121810000000011
 31
0
  0
LINE
  5
6ED
330
22
100
AcDbEntity
  8
F.Cu
  6
CONTINUOUS
100
AcDbLine
 10
130.9800490000000082
 20
-64.2121810000000011
 30
0
 11
130.9800479999999823
 21
-64.2121789999999919
 31
0
  0
LINE
  5
6EE
330
22
100
AcDbEntity
  8
F.Cu
  6
CONTINUOUS
100
AcDbLine
 10
130.9800479999999823
 20
-64.2121789999999919
 30
0
 11
130.8551089999999988
 21
-64.0402129999999943
 31
0
  0
LINE
  5
6EF
330
22
100
AcDbEntity
  8
F.Cu
  6
CONTINUOUS
100
AcDbLine
 10
130.8551089999999988
 20
-64.0402129999999943
 30
0
 11
130.7279859999999871
 21
-63.9130899999999968
 31
0
  0
LINE
  5
6F0
330
22
100
AcDbEntity
  8
F.Cu
  6
CONTINUOUS
100
AcDbLine
 10
130.7279859999999871
 20
-63.9130899999999968
 30
0
 11
130.6945010000000025
 21
-63.8517669999999953
 31
0
  0
LINE
  5
6F1
330
22
100
AcDbEntity
  8
F.Cu
  6
CONTINUOUS
100
AcDbLine
 10
130.6945010000000025
 20
-63.8517669999999953
 30
0
 11
130.6994849999999815
 21
-63.782074999999999
 31
0
  0
LINE
  5
6F2
330
22
100
AcDbEntity
  8
F.Cu
  6
CONTINUOUS
100
AcDbLine
 10
130.6994849999999815
 20
-63.782074999999999
 30
0
 11
130.7413569999999936
 21
-63.7261419999999958
 31
0
  0
LINE
  5
6F3
330
22
100
AcDbEntity
  8
F.Cu
  6
CONTINUOUS
100
AcDbLine
 10
130.7413569999999936
 20
-63.7261419999999958
 30
0
 11
130.7723349999999982
 21
-63.7092269999999985
 31
0
  0
LINE
  5
6F4
330
22
100
AcDbEntity
  8
F.Cu
  6
CONTINUOUS
100
AcDbLine
 10
130.7723349999999982
 20
-63.7092269999999985
 30
0
 11
130.8673259999999914
 21
-63.6737979999999979
 31
0
  0
LINE
  5
6F5
330
22
100
AcDbEntity
  8
F.Cu
  6
CONTINUOUS
100
AcDbLine
 10
130.8673259999999914
 20
-63.6737979999999979
 30
0
 11
130.8673259999999914
 21
-63.6737970000000004
 31
0
  0
LINE
  5
6F6
330
22
100
AcDbEntity
  8
F.Cu
  6
CONTINUOUS
100
AcDbLine
 10
130.8673259999999914
 20
-63.6737970000000004
 30
0
 11
130.8673310000000072
 21
-63.6737959999999958
 31
0
  0
LINE
  5
6F7
330
22
100
AcDbEntity
  8
F.Cu
  6
CONTINUOUS
100
AcDbLine
 10
130.8673310000000072
 20
-63.6737959999999958
 30
0
 11
130.982545999999985
 21
-63.5875459999999961
 31
0
  0
LINE
  5
6F8
330
22
100
AcDbEntity
  8
F.Cu
  6
CONTINUOUS
100
AcDbLine
 10
130.982545999999985
 20
-63.5875459999999961
 30
0
 11
131.0687959999999919
 21
-63.4723309999999969
 31
0
  0
LINE
  5
6F9
330
22
100
AcDbEntity
  8
F.Cu
  6
CONTINUOUS
100
AcDbLine
 10
131.0687959999999919
 20
-63.4723309999999969
 30
0
 11
131.1190909999999974
 21
-63.3374829999999989
 31
0
  0
LINE
  5
6FA
330
22
100
AcDbEntity
  8
F.Cu
  6
CONTINUOUS
100
AcDbLine
 10
131.1190909999999974
 20
-63.3374829999999989
 30
0
 11
131.1254999999999882
 21
-63.2778729999999996
 31
0
  0
LINE
  5
6FB
330
22
100
AcDbEntity
  8
F.Cu
  6
CONTINUOUS
100
AcDbLine
 10
131.1254999999999882
 20
-63.2778729999999996
 30
0
 11
131.1254989999999907
 21
-61.4821279999999959
 31
0
  0
LINE
  5
6FC
330
22
100
AcDbEntity
  8
F.Cu
  6
CONTINUOUS
100
AcDbLine
 10
131.1254989999999907
 20
-61.4821279999999959
 30
0
 11
131.1190909999999974
 21
-61.4225169999999991
 31
0
  0
LINE
  5
6FD
330
22
100
AcDbEntity
  8
F.Cu
  6
CONTINUOUS
100
AcDbLine
 10
131.1190909999999974
 20
-61.4225169999999991
 30
0
 11
131.0687959999999919
 21
-61.287668999999994
 31
0
  0
LINE
  5
6FE
330
22
100
AcDbEntity
  8
F.Cu
  6
CONTINUOUS
100
AcDbLine
 10
131.0687959999999919
 20
-61.287668999999994
 30
0
 11
131.0687949999999944
 21
-61.2876679999999965
 31
0
  0
LINE
  5
6FF
330
22
100
AcDbEntity
  8
F.Cu
  6
CONTINUOUS
100
AcDbLine
 10
131.0687949999999944
 20
-61.2876679999999965
 30
0
 11
131.0687929999999994
 21
-61.2876639999999995
 31
0
  0
LINE
  5
700
330
22
100
AcDbEntity
  8
F.Cu
  6
CONTINUOUS
100
AcDbLine
 10
131.0687929999999994
 20
-61.2876639999999995
 30
0
 11
130.9825469999999825
 21
-61.1724549999999994
 31
0
  0
LINE
  5
701
330
22
100
AcDbEntity
  8
F.Cu
  6
CONTINUOUS
100
AcDbLine
 10
130.9825469999999825
 20
-61.1724549999999994
 30
0
 11
130.9825439999999901
 21
-61.1724519999999998
 31
0
  0
LINE
  5
702
330
22
100
AcDbEntity
  8
F.Cu
  6
CONTINUOUS
100
AcDbLine
 10
130.9825439999999901
 20
-61.1724519999999998
 30
0
 11
130.8673349999999971
 21
-61.0862059999999971
 31
0
  0
LINE
  5
703
330
22
100
AcDbEntity
  8
F.Cu
  6
CONTINUOUS
100
AcDbLine
 10
130.8673349999999971
 20
-61.0862059999999971
 30
0
 11
130.8673279999999863
 21
-61.0862020000000001
 31
0
  0
LINE
  5
704
330
22
100
AcDbEntity
  8
F.Cu
  6
CONTINUOUS
100
AcDbLine
 10
130.8673279999999863
 20
-61.0862020000000001
 30
0
 11
130.7324820000000045
 21
-61.0359079999999992
 31
0
  0
LINE
  5
705
330
22
100
AcDbEntity
  8
F.Cu
  6
CONTINUOUS
100
AcDbLine
 10
130.7324820000000045
 20
-61.0359079999999992
 30
0
 11
130.732483000000002
 21
-61.0359079999999992
 31
0
  0
LINE
  5
706
330
22
100
AcDbEntity
  8
F.Cu
  6
CONTINUOUS
100
AcDbLine
 10
130.732483000000002
 20
-61.0359079999999992
 30
0
 11
130.6728829999999846
 21
-61.0295009999999962
 31
0
  0
LINE
  5
707
330
22
100
AcDbEntity
  8
F.Cu
  6
CONTINUOUS
100
AcDbLine
 10
130.6728829999999846
 20
-61.0295009999999962
 30
0
 11
130.6728809999999896
 21
-61.0294999999999987
 31
0
  0
LINE
  5
708
330
22
100
AcDbEntity
  8
F.Cu
  6
CONTINUOUS
100
AcDbLine
 10
130.6728809999999896
 20
-61.0294999999999987
 30
0
 11
130.6728729999999814
 21
-61.0294999999999987
 31
0
  0
LINE
  5
709
330
22
100
AcDbEntity
  8
F.Cu
  6
CONTINUOUS
100
AcDbLine
 10
130.6728729999999814
 20
-61.0294999999999987
 30
0
 11
130.6728640000000041
 21
-61.0294999999999987
 31
0
  0
LINE
  5
70A
330
22
100
AcDbEntity
  8
F.Cu
  6
CONTINUOUS
100
AcDbLine
 10
130.6728640000000041
 20
-61.0294999999999987
 30
0
 11
127.0771289999999993
 21
-61.0294999999999987
 31
0
  0
LINE
  5
70B
330
22
100
AcDbEntity
  8
F.Cu
  6
CONTINUOUS
100
AcDbLine
 10
127.0771289999999993
 20
-61.0294999999999987
 30
0
 11
127.0771230000000003
 21
-61.0295009999999962
 31
0
  0
LINE
  5
70C
330
22
100
AcDbEntity
  8
F.Cu
  6
CONTINUOUS
100
AcDbLine
 10
127.0771230000000003
 20
-61.0295009999999962
 30
0
 11
127.0175160000000005
 21
-61.0359079999999992
 31
0
  0
LINE
  5
70D
330
22
100
AcDbEntity
  8
F.Cu
  6
CONTINUOUS
100
AcDbLine
 10
127.0175160000000005
 20
-61.0359079999999992
 30
0
 11
126.8826709999999878
 21
-61.0862020000000001
 31
0
  0
LINE
  5
70E
330
22
100
AcDbEntity
  8
F.Cu
  6
CONTINUOUS
100
AcDbLine
 10
126.8826709999999878
 20
-61.0862020000000001
 30
0
 11
126.8826639999999912
 21
-61.0862059999999971
 31
0
  0
LINE
  5
70F
330
22
100
AcDbEntity
  8
F.Cu
  6
CONTINUOUS
100
AcDbLine
 10
126.8826639999999912
 20
-61.0862059999999971
 30
0
 11
126.7674549999999982
 21
-61.1724519999999998
 31
0
  0
LINE
  5
710
330
22
100
AcDbEntity
  8
F.Cu
  6
CONTINUOUS
100
AcDbLine
 10
126.7674549999999982
 20
-61.1724519999999998
 30
0
 11
126.7674519999999916
 21
-61.1724549999999994
 31
0
  0
LINE
  5
711
330
22
100
AcDbEntity
  8
F.Cu
  6
CONTINUOUS
100
AcDbLine
 10
126.7674519999999916
 20
-61.1724549999999994
 30
0
 11
126.6812059999999889
 21
-61.2876639999999995
 31
0
  0
LINE
  5
712
330
22
100
AcDbEntity
  8
F.Cu
  6
CONTINUOUS
100
AcDbLine
 10
126.6812059999999889
 20
-61.2876639999999995
 30
0
 11
126.681201999999999
 21
-61.287670999999996
 31
0
  0
LINE
  5
713
330
22
100
AcDbEntity
  8
F.Cu
  6
CONTINUOUS
100
AcDbLine
 10
126.681201999999999
 20
-61.287670999999996
 30
0
 11
126.6309079999999909
 21
-61.4225169999999991
 31
0
  0
LINE
  5
714
330
22
100
AcDbEntity
  8
F.Cu
  6
CONTINUOUS
100
AcDbLine
 10
126.6309079999999909
 20
-61.4225169999999991
 30
0
 11
126.627135999999993
 21
-61.4576069999999959
 31
0
  0
LINE
  5
715
330
22
100
AcDbEntity
  8
F.Cu
  6
CONTINUOUS
100
AcDbLine
 10
126.627135999999993
 20
-61.4576069999999959
 30
0
 11
126.6245009999999951
 21
-61.4821229999999943
 31
0
  0
LINE
  5
716
330
22
100
AcDbEntity
  8
F.Cu
  6
CONTINUOUS
100
AcDbLine
 10
126.6245009999999951
 20
-61.4821229999999943
 30
0
 11
126.6244999999999976
 21
-61.4821349999999995
 31
0
  0
LINE
  5
717
330
22
100
AcDbEntity
  8
F.Cu
  6
CONTINUOUS
100
AcDbLine
 10
126.6244999999999976
 20
-61.4821349999999995
 30
0
 11
126.6244999999999976
 21
-61.6554999999999964
 31
0
  0
LINE
  5
718
330
22
100
AcDbEntity
  8
F.Cu
  6
CONTINUOUS
100
AcDbLine
 10
126.6244999999999976
 20
-61.6554999999999964
 30
0
 11
126.6048149999999879
 21
-61.7225389999999976
 31
0
  0
LINE
  5
719
330
22
100
AcDbEntity
  8
F.Cu
  6
CONTINUOUS
100
AcDbLine
 10
126.6048149999999879
 20
-61.7225389999999976
 30
0
 11
126.5520109999999931
 21
-61.7682939999999974
 31
0
  0
LINE
  5
71A
330
22
100
AcDbEntity
  8
F.Cu
  6
CONTINUOUS
100
AcDbLine
 10
126.5520109999999931
 20
-61.7682939999999974
 30
0
 11
126.5004999999999882
 21
-61.7794999999999987
 31
0
  0
LINE
  5
71B
330
22
100
AcDbEntity
  8
F.Cu
  6
CONTINUOUS
100
AcDbLine
 10
126.5004999999999882
 20
-61.7794999999999987
 30
0
 11
124.7366949999999974
 21
-61.7794999999999987
 31
0
  0
LINE
  5
71C
330
22
100
AcDbEntity
  8
F.Cu
  6
CONTINUOUS
100
AcDbLine
 10
124.7366949999999974
 20
-61.7794999999999987
 30
0
 11
124.6696559999999891
 21
-61.7598149999999961
 31
0
  0
LINE
  5
71D
330
22
100
AcDbEntity
  8
F.Cu
  6
CONTINUOUS
100
AcDbLine
 10
124.6696559999999891
 20
-61.7598149999999961
 30
0
 11
124.649013999999994
 21
-61.7431809999999999
 31
0
  0
LINE
  5
71E
330
22
100
AcDbEntity
  8
F.Cu
  6
CONTINUOUS
100
AcDbLine
 10
124.649013999999994
 20
-61.7431809999999999
 30
0
 11
98.4480140000000006
 21
-35.5421809999999994
 31
0
  0
LINE
  5
71F
330
22
100
AcDbEntity
  8
F.Cu
  6
CONTINUOUS
100
AcDbLine
 10
98.4480140000000006
 20
-35.5421809999999994
 30
0
 11
98.4145290000000017
 21
-35.4808579999999978
 31
0
  0
LINE
  5
720
330
22
100
AcDbEntity
  8
F.Cu
  6
CONTINUOUS
100
AcDbLine
 10
98.4145290000000017
 20
-35.4808579999999978
 30
0
 11
98.4195129999999949
 21
-35.4111660000000015
 31
0
  0
LINE
  5
721
330
22
100
AcDbEntity
  8
F.Cu
  6
CONTINUOUS
100
AcDbLine
 10
98.4195129999999949
 20
-35.4111660000000015
 30
0
 11
98.4613849999999928
 21
-35.3552329999999984
 31
0
  0
LINE
  5
722
330
22
100
AcDbEntity
  8
F.Cu
  6
CONTINUOUS
100
AcDbLine
 10
98.4613849999999928
 20
-35.3552329999999984
 30
0
 11
98.5268489999999986
 21
-35.3308159999999987
 31
0
  0
LINE
  5
723
330
22
100
AcDbEntity
  8
F.Cu
  6
CONTINUOUS
100
AcDbLine
 10
98.5268489999999986
 20
-35.3308159999999987
 30
0
 11
98.5356949999999898
 21
-35.3305000000000007
 31
0
  0
LINE
  5
724
330
22
100
AcDbEntity
  8
F.Cu
  6
CONTINUOUS
100
AcDbLine
 10
98.5356949999999898
 20
-35.3305000000000007
 30
0
 11
98.60749899999999
 21
-35.3305000000000007
 31
0
  0
LINE
  5
725
330
22
100
AcDbEntity
  8
F.Cu
  6
CONTINUOUS
100
AcDbLine
 10
98.60749899999999
 20
-35.3305000000000007
 30
0
 11
98.6075060000000008
 21
-35.3305000000000007
 31
0
  0
LINE
  5
726
330
22
100
AcDbEntity
  8
F.Cu
  6
CONTINUOUS
100
AcDbLine
 10
98.6075060000000008
 20
-35.3305000000000007
 30
0
 11
98.8999929999999949
 21
-35.2919929999999979
 31
0
  0
LINE
  5
727
330
22
100
AcDbEntity
  8
F.Cu
  6
CONTINUOUS
100
AcDbLine
 10
98.8999929999999949
 20
-35.2919929999999979
 30
0
 11
99.1849519999999956
 21
-35.2156389999999959
 31
0
  0
LINE
  5
728
330
22
100
AcDbEntity
  8
F.Cu
  6
CONTINUOUS
100
AcDbLine
 10
99.1849519999999956
 20
-35.2156389999999959
 30
0
 11
99.4575069999999926
 21
-35.1027429999999967
 31
0
  0
LINE
  5
729
330
22
100
AcDbEntity
  8
F.Cu
  6
CONTINUOUS
100
AcDbLine
 10
99.4575069999999926
 20
-35.1027429999999967
 30
0
 11
99.7129939999999948
 21
-34.9552380000000014
 31
0
  0
LINE
  5
72A
330
22
100
AcDbEntity
  8
F.Cu
  6
CONTINUOUS
100
AcDbLine
 10
99.7129939999999948
 20
-34.9552380000000014
 30
0
 11
99.9470419999999962
 21
-34.7756460000000018
 31
0
  0
LINE
  5
72B
330
22
100
AcDbEntity
  8
F.Cu
  6
CONTINUOUS
100
AcDbLine
 10
99.9470419999999962
 20
-34.7756460000000018
 30
0
 11
100.1556459999999902
 21
-34.5670420000000007
 31
0
  0
LINE
  5
72C
330
22
100
AcDbEntity
  8
F.Cu
  6
CONTINUOUS
100
AcDbLine
 10
100.1556459999999902
 20
-34.5670420000000007
 30
0
 11
100.3352379999999897
 21
-34.3329939999999993
 31
0
  0
LINE
  5
72D
330
22
100
AcDbEntity
  8
F.Cu
  6
CONTINUOUS
100
AcDbLine
 10
100.3352379999999897
 20
-34.3329939999999993
 30
0
 11
100.4827429999999993
 21
-34.0775069999999971
 31
0
  0
LINE
  5
72E
330
22
100
AcDbEntity
  8
F.Cu
  6
CONTINUOUS
100
AcDbLine
 10
100.4827429999999993
 20
-34.0775069999999971
 30
0
 11
100.5956389999999914
 21
-33.8049520000000001
 31
0
  0
LINE
  5
72F
330
22
100
AcDbEntity
  8
F.Cu
  6
CONTINUOUS
100
AcDbLine
 10
100.5956389999999914
 20
-33.8049520000000001
 30
0
 11
100.6719930000000005
 21
-33.5199929999999995
 31
0
  0
LINE
  5
730
330
22
100
AcDbEntity
  8
F.Cu
  6
CONTINUOUS
100
AcDbLine
 10
100.6719930000000005
 20
-33.5199929999999995
 30
0
 11
100.7104999999999961
 21
-33.2275059999999982
 31
0
  0
LINE
  5
731
330
22
100
AcDbEntity
  8
F.Cu
  6
CONTINUOUS
100
AcDbLine
 10
100.7104999999999961
 20
-33.2275059999999982
 30
0
 11
100.7104999999999961
 21
-32.9933890000000005
 31
0
  0
LINE
  5
732
330
22
100
AcDbEntity
  8
F.Cu
  6
CONTINUOUS
100
AcDbLine
 10
100.7104999999999961
 20
-32.9933890000000005
 30
0
 11
100.7104999999999961
 21
-32.9324939999999984
 31
0
  0
LINE
  5
733
330
22
100
AcDbEntity
  8
F.Cu
  6
CONTINUOUS
100
AcDbLine
 10
100.7104999999999961
 20
-32.9324939999999984
 30
0
 11
100.6719930000000005
 21
-32.6400069999999971
 31
0
  0
LINE
  5
734
330
22
100
AcDbEntity
  8
F.Cu
  6
CONTINUOUS
100
AcDbLine
 10
100.6719930000000005
 20
-32.6400069999999971
 30
0
 11
100.5956389999999914
 21
-32.3550479999999965
 31
0
  0
LINE
  5
735
330
22
100
AcDbEntity
  8
F.Cu
  6
CONTINUOUS
100
AcDbLine
 10
100.5956389999999914
 20
-32.3550479999999965
 30
0
 11
100.4827429999999993
 21
-32.0824929999999995
 31
0
  0
LINE
  5
736
330
22
100
AcDbEntity
  8
F.Cu
  6
CONTINUOUS
100
AcDbLine
 10
100.4827429999999993
 20
-32.0824929999999995
 30
0
 11
100.4485329999999976
 21
-32.0232400000000013
 31
0
  0
LINE
  5
737
330
22
100
AcDbEntity
  8
F.Cu
  6
CONTINUOUS
100
AcDbLine
 10
100.4485329999999976
 20
-32.0232400000000013
 30
0
 11
100.3352379999999897
 21
-31.8270059999999972
 31
0
  0
LINE
  5
738
330
22
100
AcDbEntity
  8
F.Cu
  6
CONTINUOUS
100
AcDbLine
 10
100.3352379999999897
 20
-31.8270059999999972
 30
0
 11
100.1556470000000019
 21
-31.5929589999999969
 31
0
  0
LINE
  5
739
330
22
100
AcDbEntity
  8
F.Cu
  6
CONTINUOUS
100
AcDbLine
 10
100.1556470000000019
 20
-31.5929589999999969
 30
0
 11
100.1556409999999886
 21
-31.5929519999999968
 31
0
  0
LINE
  5
73A
330
22
100
AcDbEntity
  8
F.Cu
  6
CONTINUOUS
100
AcDbLine
 10
100.1556409999999886
 20
-31.5929519999999968
 30
0
 11
99.9470469999999978
 21
-31.3843579999999989
 31
0
  0
LINE
  5
73B
330
22
100
AcDbEntity
  8
F.Cu
  6
CONTINUOUS
100
AcDbLine
 10
99.9470469999999978
 20
-31.3843579999999989
 30
0
 11
99.9470400000000012
 21
-31.3843519999999998
 31
0
  0
LINE
  5
73C
330
22
100
AcDbEntity
  8
F.Cu
  6
CONTINUOUS
100
AcDbLine
 10
99.9470400000000012
 20
-31.3843519999999998
 30
0
 11
99.7129929999999973
 21
-31.2047609999999978
 31
0
  0
LINE
  5
73D
330
22
100
AcDbEntity
  8
F.Cu
  6
CONTINUOUS
100
AcDbLine
 10
99.7129929999999973
 20
-31.2047609999999978
 30
0
 11
99.4575099999999992
 21
-31.0572579999999974
 31
0
  0
LINE
  5
73E
330
22
100
AcDbEntity
  8
F.Cu
  6
CONTINUOUS
100
AcDbLine
 10
99.4575099999999992
 20
-31.0572579999999974
 30
0
 11
99.457499999999996
 21
-31.0572540000000004
 31
0
  0
LINE
  5
73F
330
22
100
AcDbEntity
  8
F.Cu
  6
CONTINUOUS
100
AcDbLine
 10
99.457499999999996
 20
-31.0572540000000004
 30
0
 11
99.1849610000000013
 21
-30.9443640000000002
 31
0
  0
LINE
  5
740
330
22
100
AcDbEntity
  8
F.Cu
  6
CONTINUOUS
100
AcDbLine
 10
99.1849610000000013
 20
-30.9443640000000002
 30
0
 11
99.1849539999999905
 21
-30.9443619999999981
 31
0
  0
LINE
  5
741
330
22
100
AcDbEntity
  8
F.Cu
  6
CONTINUOUS
100
AcDbLine
 10
99.1849539999999905
 20
-30.9443619999999981
 30
0
 11
99.1849519999999956
 21
-30.9443609999999971
 31
0
  0
LINE
  5
742
330
22
100
AcDbEntity
  8
F.Cu
  6
CONTINUOUS
100
AcDbLine
 10
99.1849519999999956
 20
-30.9443609999999971
 30
0
 11
98.8999929999999949
 21
-30.8680069999999986
 31
0
  0
LINE
  5
743
330
22
100
AcDbEntity
  8
F.Cu
  6
CONTINUOUS
100
AcDbLine
 10
98.8999929999999949
 20
-30.8680069999999986
 30
0
 11
98.8343209999999885
 21
-30.8593609999999998
 31
0
  0
LINE
  5
744
330
22
100
AcDbEntity
  8
F.Cu
  6
CONTINUOUS
100
AcDbLine
 10
98.8343209999999885
 20
-30.8593609999999998
 30
0
 11
98.6075129999999973
 21
-30.8294999999999995
 31
0
  0
LINE
  5
745
330
22
100
AcDbEntity
  8
F.Cu
  6
CONTINUOUS
100
AcDbLine
 10
98.6075129999999973
 20
-30.8294999999999995
 30
0
 11
98.6075060000000008
 21
-30.8294999999999995
 31
0
  0
LINE
  5
746
330
22
100
AcDbEntity
  8
F.Cu
  6
CONTINUOUS
100
AcDbLine
 10
98.6075060000000008
 20
-30.8294999999999995
 30
0
 11
98.3124940000000009
 21
-30.8294999999999995
 31
0
  0
LINE
  5
747
330
22
100
AcDbEntity
  8
F.Cu
  6
CONTINUOUS
100
AcDbLine
 10
98.3124940000000009
 20
-30.8294999999999995
 30
0
 11
98.3124859999999927
 21
-30.8294999999999995
 31
0
  0
LINE
  5
748
330
22
100
AcDbEntity
  8
F.Cu
  6
CONTINUOUS
100
AcDbLine
 10
98.3124859999999927
 20
-30.8294999999999995
 30
0
 11
98.0340849999999904
 21
-30.8661529999999971
 31
0
  0
LINE
  5
749
330
22
100
AcDbEntity
  8
F.Cu
  6
CONTINUOUS
100
AcDbLine
 10
98.0340849999999904
 20
-30.8661529999999971
 30
0
 11
98.0200069999999926
 21
-30.8680069999999986
 31
0
  0
LINE
  5
74A
330
22
100
AcDbEntity
  8
F.Cu
  6
CONTINUOUS
100
AcDbLine
 10
98.0200069999999926
 20
-30.8680069999999986
 30
0
 11
97.8652269999999902
 21
-30.9094799999999985
 31
0
  0
LINE
  5
74B
330
22
100
AcDbEntity
  8
F.Cu
  6
CONTINUOUS
100
AcDbLine
 10
97.8652269999999902
 20
-30.9094799999999985
 30
0
 11
97.7350479999999919
 21
-30.9443609999999971
 31
0
  0
LINE
  5
74C
330
22
100
AcDbEntity
  8
F.Cu
  6
CONTINUOUS
100
AcDbLine
 10
97.7350479999999919
 20
-30.9443609999999971
 30
0
 11
97.7350379999999888
 21
-30.9443640000000002
 31
0
  0
LINE
  5
74D
330
22
100
AcDbEntity
  8
F.Cu
  6
CONTINUOUS
100
AcDbLine
 10
97.7350379999999888
 20
-30.9443640000000002
 30
0
 11
97.462498999999994
 21
-31.0572540000000004
 31
0
  0
LINE
  5
74E
330
22
100
AcDbEntity
  8
F.Cu
  6
CONTINUOUS
100
AcDbLine
 10
97.462498999999994
 20
-31.0572540000000004
 30
0
 11
97.4624889999999908
 21
-31.0572579999999974
 31
0
  0
LINE
  5
74F
330
22
100
AcDbEntity
  8
F.Cu
  6
CONTINUOUS
100
AcDbLine
 10
97.4624889999999908
 20
-31.0572579999999974
 30
0
 11
97.2070059999999927
 21
-31.2047609999999978
 31
0
  0
LINE
  5
750
330
22
100
AcDbEntity
  8
F.Cu
  6
CONTINUOUS
100
AcDbLine
 10
97.2070059999999927
 20
-31.2047609999999978
 30
0
 11
96.9729589999999888
 21
-31.3843519999999998
 31
0
  0
LINE
  5
751
330
22
100
AcDbEntity
  8
F.Cu
  6
CONTINUOUS
100
AcDbLine
 10
96.9729589999999888
 20
-31.3843519999999998
 30
0
 11
96.9729519999999923
 21
-31.3843579999999989
 31
0
  0
LINE
  5
752
330
22
100
AcDbEntity
  8
F.Cu
  6
CONTINUOUS
100
AcDbLine
 10
96.9729519999999923
 20
-31.3843579999999989
 30
0
 11
96.7643580000000014
 21
-31.5929519999999968
 31
0
  0
LINE
  5
753
330
22
100
AcDbEntity
  8
F.Cu
  6
CONTINUOUS
100
AcDbLine
 10
96.7643580000000014
 20
-31.5929519999999968
 30
0
 11
96.7643520000000024
 21
-31.5929589999999969
 31
0
  0
LINE
  5
754
330
22
100
AcDbEntity
  8
F.Cu
  6
CONTINUOUS
100
AcDbLine
 10
96.7643520000000024
 20
-31.5929589999999969
 30
0
 11
96.5847610000000003
 21
-31.8270059999999972
 31
0
  0
LINE
  5
755
330
22
100
AcDbEntity
  8
F.Cu
  6
CONTINUOUS
100
AcDbLine
 10
96.5847610000000003
 20
-31.8270059999999972
 30
0
 11
96.4372579999999999
 21
-32.0824889999999954
 31
0
  0
LINE
  5
756
330
22
100
AcDbEntity
  8
F.Cu
  6
CONTINUOUS
100
AcDbLine
 10
96.4372579999999999
 20
-32.0824889999999954
 30
0
 11
96.4372539999999958
 21
-32.0824989999999985
 31
0
  0
LINE
  5
757
330
22
100
AcDbEntity
  8
F.Cu
  6
CONTINUOUS
100
AcDbLine
 10
96.4372539999999958
 20
-32.0824989999999985
 30
0
 11
96.3243639999999886
 21
-32.3550380000000004
 31
0
  0
LINE
  5
758
330
22
100
AcDbEntity
  8
F.Cu
  6
CONTINUOUS
100
AcDbLine
 10
96.3243639999999886
 20
-32.3550380000000004
 30
0
 11
96.3243609999999961
 21
-32.3550479999999965
 31
0
  0
LINE
  5
759
330
22
100
AcDbEntity
  8
F.Cu
  6
CONTINUOUS
100
AcDbLine
 10
96.3243609999999961
 20
-32.3550479999999965
 30
0
 11
96.2480079999999987
 21
-32.6400039999999976
 31
0
  0
LINE
  5
75A
330
22
100
AcDbEntity
  8
F.Cu
  6
CONTINUOUS
100
AcDbLine
 10
96.2480079999999987
 20
-32.6400039999999976
 30
0
 11
96.2480059999999895
 21
-32.6400149999999982
 31
0
  0
LINE
  5
75B
330
22
100
AcDbEntity
  8
F.Cu
  6
CONTINUOUS
100
AcDbLine
 10
96.2480059999999895
 20
-32.6400149999999982
 30
0
 11
96.2094999999999914
 21
-32.9324859999999973
 31
0
  0
LINE
  5
75C
330
22
100
AcDbEntity
  8
F.Cu
  6
CONTINUOUS
100
AcDbLine
 10
96.2094999999999914
 20
-32.9324859999999973
 30
0
 11
96.2094999999999914
 21
-33.0043049999999951
 31
0
  0
LINE
  5
75D
330
22
100
AcDbEntity
  8
F.Cu
  6
CONTINUOUS
100
AcDbLine
 10
96.2094999999999914
 20
-33.0043049999999951
 30
0
 11
96.1898149999999958
 21
-33.0713439999999963
 31
0
  0
LINE
  5
75E
330
22
100
AcDbEntity
  8
F.Cu
  6
CONTINUOUS
100
AcDbLine
 10
96.1898149999999958
 20
-33.0713439999999963
 30
0
 11
96.1370110000000011
 21
-33.1170989999999961
 31
0
  0
LINE
  5
75F
330
22
100
AcDbEntity
  8
F.Cu
  6
CONTINUOUS
100
AcDbLine
 10
96.1370110000000011
 20
-33.1170989999999961
 30
0
 11
96.0678529999999995
 21
-33.1270430000000005
 31
0
  0
LINE
  5
760
330
22
100
AcDbEntity
  8
F.Cu
  6
CONTINUOUS
100
AcDbLine
 10
96.0678529999999995
 20
-33.1270430000000005
 30
0
 11
96.004296999999994
 21
-33.0980179999999962
 31
0
  0
LINE
  5
761
330
22
100
AcDbEntity
  8
F.Cu
  6
CONTINUOUS
100
AcDbLine
 10
96.004296999999994
 20
-33.0980179999999962
 30
0
 11
95.9978189999999927
 21
-33.0919859999999986
 31
0
  0
LINE
  5
762
330
22
100
AcDbEntity
  8
F.Cu
  6
CONTINUOUS
100
AcDbLine
 10
95.9978189999999927
 20
-33.0919859999999986
 30
0
 11
95.1543849999999907
 21
-32.2485519999999966
 31
0
  0
LINE
  5
763
330
22
100
AcDbEntity
  8
F.Cu
  6
CONTINUOUS
100
AcDbLine
 10
95.1543849999999907
 20
-32.2485519999999966
 30
0
 11
95.1208999999999918
 21
-32.1872290000000021
 31
0
  0
LINE
  5
764
330
22
100
AcDbEntity
  8
F.Cu
  6
CONTINUOUS
100
AcDbLine
 10
95.1208999999999918
 20
-32.1872290000000021
 30
0
 11
95.1258839999999992
 21
-32.1175369999999987
 31
0
  0
LINE
  5
765
330
22
100
AcDbEntity
  8
F.Cu
  6
CONTINUOUS
100
AcDbLine
 10
95.1258839999999992
 20
-32.1175369999999987
 30
0
 11
95.1677559999999971
 21
-32.0616039999999956
 31
0
  0
LINE
  5
766
330
22
100
AcDbEntity
  8
F.Cu
  6
CONTINUOUS
100
AcDbLine
 10
95.1677559999999971
 20
-32.0616039999999956
 30
0
 11
95.2037419999999912
 21
-32.0429419999999965
 31
0
  0
LINE
  5
767
330
22
100
AcDbEntity
  8
F.Cu
  6
CONTINUOUS
100
AcDbLine
 10
95.2037419999999912
 20
-32.0429419999999965
 30
0
 11
95.264378999999991
 21
-32.0232409999999987
 31
0
  0
LINE
  5
768
330
22
100
AcDbEntity
  8
F.Cu
  6
CONTINUOUS
100
AcDbLine
 10
95.264378999999991
 20
-32.0232409999999987
 30
0
 11
95.4888449999999978
 21
-31.9088700000000003
 31
0
  0
LINE
  5
769
330
22
100
AcDbEntity
  8
F.Cu
  6
CONTINUOUS
100
AcDbLine
 10
95.4888449999999978
 20
-31.9088700000000003
 30
0
 11
95.6926559999999995
 21
-31.7607929999999996
 31
0
  0
LINE
  5
76A
330
22
100
AcDbEntity
  8
F.Cu
  6
CONTINUOUS
100
AcDbLine
 10
95.6926559999999995
 20
-31.7607929999999996
 30
0
 11
95.8707929999999919
 21
-31.5826560000000001
 31
0
  0
LINE
  5
76B
330
22
100
AcDbEntity
  8
F.Cu
  6
CONTINUOUS
100
AcDbLine
 10
95.8707929999999919
 20
-31.5826560000000001
 30
0
 11
96.0188699999999926
 21
-31.3788449999999983
 31
0
  0
LINE
  5
76C
330
22
100
AcDbEntity
  8
F.Cu
  6
CONTINUOUS
100
AcDbLine
 10
96.0188699999999926
 20
-31.3788449999999983
 30
0
 11
96.1332409999999982
 21
-31.1543789999999987
 31
0
  0
LINE
  5
76D
330
22
100
AcDbEntity
  8
F.Cu
  6
CONTINUOUS
100
AcDbLine
 10
96.1332409999999982
 20
-31.1543789999999987
 30
0
 11
96.2110899999999987
 21
-30.9147849999999984
 31
0
  0
LINE
  5
76E
330
22
100
AcDbEntity
  8
F.Cu
  6
CONTINUOUS
100
AcDbLine
 10
96.2110899999999987
 20
-30.9147849999999984
 30
0
 11
96.2505000000000024
 21
-30.6659620000000004
 31
0
  0
LINE
  5
76F
330
22
100
AcDbEntity
  8
F.Cu
  6
CONTINUOUS
100
AcDbLine
 10
96.2505000000000024
 20
-30.6659620000000004
 30
0
 11
96.2505000000000024
 21
-30.4140379999999979
 31
0
  0
LINE
  5
770
330
22
100
AcDbEntity
  8
F.Cu
  6
CONTINUOUS
100
AcDbLine
 10
96.2505000000000024
 20
-30.4140379999999979
 30
0
 11
96.2110899999999987
 21
-30.1652149999999999
 31
0
  0
LINE
  5
771
330
22
100
AcDbEntity
  8
F.Cu
  6
CONTINUOUS
100
AcDbLine
 10
96.2110899999999987
 20
-30.1652149999999999
 30
0
 11
96.1332409999999982
 21
-29.9256209999999996
 31
0
  0
LINE
  5
772
330
22
100
AcDbEntity
  8
F.Cu
  6
CONTINUOUS
100
AcDbLine
 10
96.1332409999999982
 20
-29.9256209999999996
 30
0
 11
96.133238999999989
 21
-29.9256180000000001
 31
0
  0
LINE
  5
773
330
22
100
AcDbEntity
  8
F.Cu
  6
CONTINUOUS
100
AcDbLine
 10
96.133238999999989
 20
-29.9256180000000001
 30
0
 11
96.133238999999989
 21
-29.925615999999998
 31
0
  0
LINE
  5
774
330
22
100
AcDbEntity
  8
F.Cu
  6
CONTINUOUS
100
AcDbLine
 10
96.133238999999989
 20
-29.925615999999998
 30
0
 11
96.091746999999998
 21
-29.8441839999999985
 31
0
  0
LINE
  5
775
330
22
100
AcDbEntity
  8
F.Cu
  6
CONTINUOUS
100
AcDbLine
 10
96.091746999999998
 20
-29.8441839999999985
 30
0
 11
96.0188699999999926
 21
-29.701155
 31
0
  0
LINE
  5
776
330
22
100
AcDbEntity
  8
F.Cu
  6
CONTINUOUS
100
AcDbLine
 10
96.0188699999999926
 20
-29.701155
 30
0
 11
95.9999519999999933
 21
-29.6751170000000002
 31
0
  0
LINE
  5
777
330
22
100
AcDbEntity
  8
F.Cu
  6
CONTINUOUS
100
AcDbLine
 10
95.9999519999999933
 20
-29.6751170000000002
 30
0
 11
95.8707979999999935
 21
-29.4973499999999973
 31
0
  0
LINE
  5
778
330
22
100
AcDbEntity
  8
F.Cu
  6
CONTINUOUS
100
AcDbLine
 10
95.8707979999999935
 20
-29.4973499999999973
 30
0
 11
95.8707939999999894
 21
-29.4973449999999993
 31
0
  0
LINE
  5
779
330
22
100
AcDbEntity
  8
F.Cu
  6
CONTINUOUS
100
AcDbLine
 10
95.8707939999999894
 20
-29.4973449999999993
 30
0
 11
95.6926539999999903
 21
-29.3192050000000002
 31
0
  0
LINE
  5
77A
330
22
100
AcDbEntity
  8
F.Cu
  6
CONTINUOUS
100
AcDbLine
 10
95.6926539999999903
 20
-29.3192050000000002
 30
0
 11
95.6926489999999887
 21
-29.3192009999999996
 31
0
  0
LINE
  5
77B
330
22
100
AcDbEntity
  8
F.Cu
  6
CONTINUOUS
100
AcDbLine
 10
95.6926489999999887
 20
-29.3192009999999996
 30
0
 11
95.4888479999999902
 21
-29.1711320000000001
 31
0
  0
LINE
  5
77C
330
22
100
AcDbEntity
  8
F.Cu
  6
CONTINUOUS
100
AcDbLine
 10
95.4888479999999902
 20
-29.1711320000000001
 30
0
 11
95.4888469999999927
 21
-29.171130999999999
 31
0
  0
LINE
  5
77D
330
22
100
AcDbEntity
  8
F.Cu
  6
CONTINUOUS
100
AcDbLine
 10
95.4888469999999927
 20
-29.171130999999999
 30
0
 11
95.4888449999999978
 21
-29.171129999999998
 31
0
  0
LINE
  5
77E
330
22
100
AcDbEntity
  8
F.Cu
  6
CONTINUOUS
100
AcDbLine
 10
95.4888449999999978
 20
-29.171129999999998
 30
0
 11
95.4187469999999962
 21
-29.1354129999999998
 31
0
  0
LINE
  5
77F
330
22
100
AcDbEntity
  8
F.Cu
  6
CONTINUOUS
100
AcDbLine
 10
95.4187469999999962
 20
-29.1354129999999998
 30
0
 11
95.2643829999999951
 21
-29.056759999999997
 31
0
  0
LINE
  5
780
330
22
100
AcDbEntity
  8
F.Cu
  6
CONTINUOUS
100
AcDbLine
 10
95.2643829999999951
 20
-29.056759999999997
 30
0
 11
95.0247849999999943
 21
-28.9789099999999991
 31
0
  0
LINE
  5
781
330
22
100
AcDbEntity
  8
F.Cu
  6
CONTINUOUS
100
AcDbLine
 10
95.0247849999999943
 20
-28.9789099999999991
 30
0
 11
94.7759619999999927
 21
-28.9394999999999989
 31
0
  0
LINE
  5
782
330
22
100
AcDbEntity
  8
F.Cu
  6
CONTINUOUS
100
AcDbLine
 10
94.7759619999999927
 20
-28.9394999999999989
 30
0
 11
94.5240379999999902
 21
-28.9394999999999989
 31
0
  0
LINE
  5
783
330
22
100
AcDbEntity
  8
F.Cu
  6
CONTINUOUS
100
AcDbLine
 10
94.5240379999999902
 20
-28.9394999999999989
 30
0
 11
94.3996259999999978
 21
-28.9592049999999972
 31
0
  0
LINE
  5
784
330
22
100
AcDbEntity
  8
F.Cu
  6
CONTINUOUS
100
AcDbLine
 10
94.3996259999999978
 20
-28.9592049999999972
 30
0
 11
94.2752139999999912
 21
-28.9789099999999991
 31
0
  0
LINE
  5
785
330
22
100
AcDbEntity
  8
F.Cu
  6
CONTINUOUS
100
AcDbLine
 10
94.2752139999999912
 20
-28.9789099999999991
 30
0
 11
94.0356159999999903
 21
-29.056759999999997
 31
0
  0
LINE
  5
786
330
22
100
AcDbEntity
  8
F.Cu
  6
CONTINUOUS
100
AcDbLine
 10
94.0356159999999903
 20
-29.056759999999997
 30
0
 11
93.8111509999999953
 21
-29.1711320000000001
 31
0
  0
LINE
  5
787
330
22
100
AcDbEntity
  8
F.Cu
  6
CONTINUOUS
100
AcDbLine
 10
93.8111509999999953
 20
-29.1711320000000001
 30
0
 11
93.6073499999999967
 21
-29.3192009999999996
 31
0
  0
LINE
  5
788
330
22
100
AcDbEntity
  8
F.Cu
  6
CONTINUOUS
100
AcDbLine
 10
93.6073499999999967
 20
-29.3192009999999996
 30
0
 11
93.6073449999999951
 21
-29.3192050000000002
 31
0
  0
LINE
  5
789
330
22
100
AcDbEntity
  8
F.Cu
  6
CONTINUOUS
100
AcDbLine
 10
93.6073449999999951
 20
-29.3192050000000002
 30
0
 11
93.4292049999999961
 21
-29.4973449999999993
 31
0
  0
LINE
  5
78A
330
22
100
AcDbEntity
  8
F.Cu
  6
CONTINUOUS
100
AcDbLine
 10
93.4292049999999961
 20
-29.4973449999999993
 30
0
 11
93.429200999999992
 21
-29.4973499999999973
 31
0
  0
LINE
  5
78B
330
22
100
AcDbEntity
  8
F.Cu
  6
CONTINUOUS
100
AcDbLine
 10
93.429200999999992
 20
-29.4973499999999973
 30
0
 11
93.2811319999999995
 21
-29.7011509999999994
 31
0
  0
LINE
  5
78C
330
22
100
AcDbEntity
  8
F.Cu
  6
CONTINUOUS
100
AcDbLine
 10
93.2811319999999995
 20
-29.7011509999999994
 30
0
 11
93.1667599999999965
 21
-29.925615999999998
 31
0
  0
LINE
  5
78D
330
22
100
AcDbEntity
  8
F.Cu
  6
CONTINUOUS
100
AcDbLine
 10
93.1667599999999965
 20
-29.925615999999998
 30
0
 11
93.0889099999999985
 21
-30.1652139999999989
 31
0
  0
LINE
  5
78E
330
22
100
AcDbEntity
  8
F.Cu
  6
CONTINUOUS
100
AcDbLine
 10
93.0889099999999985
 20
-30.1652139999999989
 30
0
 11
93.0889099999999985
 21
-30.1652149999999999
 31
0
  0
LINE
  5
78F
330
22
100
AcDbEntity
  8
F.Cu
  6
CONTINUOUS
100
AcDbLine
 10
93.0889099999999985
 20
-30.1652149999999999
 30
0
 11
93.0494999999999948
 21
-30.4140379999999979
 31
0
  0
LINE
  5
790
330
22
100
AcDbEntity
  8
F.Cu
  6
CONTINUOUS
100
AcDbLine
 10
93.0494999999999948
 20
-30.4140379999999979
 30
0
 11
93.0494999999999948
 21
-30.6659620000000004
 31
0
  0
LINE
  5
791
330
22
100
AcDbEntity
  8
F.Cu
  6
CONTINUOUS
100
AcDbLine
 10
93.0494999999999948
 20
-30.6659620000000004
 30
0
 11
93.0801319999999919
 21
-30.8593609999999998
 31
0
  0
LINE
  5
792
330
22
100
AcDbEntity
  8
F.Cu
  6
CONTINUOUS
100
AcDbLine
 10
93.0801319999999919
 20
-30.8593609999999998
 30
0
 11
93.0889099999999985
 21
-30.9147849999999984
 31
0
  0
LINE
  5
793
330
22
100
AcDbEntity
  8
F.Cu
  6
CONTINUOUS
100
AcDbLine
 10
93.0889099999999985
 20
-30.9147849999999984
 30
0
 11
93.1667599999999965
 21
-31.1543829999999993
 31
0
  0
LINE
  5
794
330
22
100
AcDbEntity
  8
F.Cu
  6
CONTINUOUS
100
AcDbLine
 10
93.1667599999999965
 20
-31.1543829999999993
 30
0
 11
93.2811319999999995
 21
-31.3788479999999979
 31
0
  0
LINE
  5
795
330
22
100
AcDbEntity
  8
F.Cu
  6
CONTINUOUS
100
AcDbLine
 10
93.2811319999999995
 20
-31.3788479999999979
 30
0
 11
93.429200999999992
 21
-31.582649
 31
0
  0
LINE
  5
796
330
22
100
AcDbEntity
  8
F.Cu
  6
CONTINUOUS
100
AcDbLine
 10
93.429200999999992
 20
-31.582649
 30
0
 11
93.4292049999999961
 21
-31.582653999999998
 31
0
  0
LINE
  5
797
330
22
100
AcDbEntity
  8
F.Cu
  6
CONTINUOUS
100
AcDbLine
 10
93.4292049999999961
 20
-31.582653999999998
 30
0
 11
93.429206999999991
 21
-31.5826560000000001
 31
0
  0
LINE
  5
798
330
22
100
AcDbEntity
  8
F.Cu
  6
CONTINUOUS
100
AcDbLine
 10
93.429206999999991
 20
-31.5826560000000001
 30
0
 11
93.6073439999999977
 21
-31.7607929999999996
 31
0
  0
LINE
  5
799
330
22
100
AcDbEntity
  8
F.Cu
  6
CONTINUOUS
100
AcDbLine
 10
93.6073439999999977
 20
-31.7607929999999996
 30
0
 11
93.6073449999999951
 21
-31.7607939999999971
 31
0
  0
LINE
  5
79A
330
22
100
AcDbEntity
  8
F.Cu
  6
CONTINUOUS
100
AcDbLine
 10
93.6073449999999951
 20
-31.7607939999999971
 30
0
 11
93.6073439999999977
 21
-31.7607939999999971
 31
0
  0
LINE
  5
79B
330
22
100
AcDbEntity
  8
F.Cu
  6
CONTINUOUS
100
AcDbLine
 10
93.6073439999999977
 20
-31.7607939999999971
 30
0
 11
93.6136609999999934
 21
-31.7653829999999999
 31
0
  0
LINE
  5
79C
330
22
100
AcDbEntity
  8
F.Cu
  6
CONTINUOUS
100
AcDbLine
 10
93.6136609999999934
 20
-31.7653829999999999
 30
0
 11
93.6563269999999903
 21
-31.8207139999999988
 31
0
  0
LINE
  5
79D
330
22
100
AcDbEntity
  8
F.Cu
  6
CONTINUOUS
100
AcDbLine
 10
93.6563269999999903
 20
-31.8207139999999988
 30
0
 11
93.6623049999999893
 21
-31.8903269999999992
 31
0
  0
LINE
  5
79E
330
22
100
AcDbEntity
  8
F.Cu
  6
CONTINUOUS
100
AcDbLine
 10
93.6623049999999893
 20
-31.8903269999999992
 30
0
 11
93.6296990000000022
 21
-31.9521219999999992
 31
0
  0
LINE
  5
79F
330
22
100
AcDbEntity
  8
F.Cu
  6
CONTINUOUS
100
AcDbLine
 10
93.6296990000000022
 20
-31.9521219999999992
 30
0
 11
93.5688600000000008
 21
-31.9864789999999992
 31
0
  0
LINE
  5
7A0
330
22
100
AcDbEntity
  8
F.Cu
  6
CONTINUOUS
100
AcDbLine
 10
93.5688600000000008
 20
-31.9864789999999992
 30
0
 11
93.5213779999999986
 21
-31.9881739999999972
 31
0
  0
LINE
  5
7A1
330
22
100
AcDbEntity
  8
F.Cu
  6
CONTINUOUS
100
AcDbLine
 10
93.5213779999999986
 20
-31.9881739999999972
 30
0
 11
93.4666110000000003
 21
-31.979499999999998
 31
0
  0
LINE
  5
7A2
330
22
100
AcDbEntity
  8
F.Cu
  6
CONTINUOUS
100
AcDbLine
 10
93.4666110000000003
 20
-31.979499999999998
 30
0
 11
93.2933889999999906
 21
-31.979499999999998
 31
0
  0
LINE
  5
7A3
330
22
100
AcDbEntity
  8
F.Cu
  6
CONTINUOUS
100
AcDbLine
 10
93.2933889999999906
 20
-31.979499999999998
 30
0
 11
93.2612079999999963
 21
-31.9845969999999973
 31
0
  0
LINE
  5
7A4
330
22
100
AcDbEntity
  8
F.Cu
  6
CONTINUOUS
100
AcDbLine
 10
93.2612079999999963
 20
-31.9845969999999973
 30
0
 11
93.1223019999999906
 21
-32.0065969999999993
 31
0
  0
LINE
  5
7A5
330
22
100
AcDbEntity
  8
F.Cu
  6
CONTINUOUS
100
AcDbLine
 10
93.1223019999999906
 20
-32.0065969999999993
 30
0
 11
92.9575519999999926
 21
-32.0601279999999988
 31
0
  0
LINE
  5
7A6
330
22
100
AcDbEntity
  8
F.Cu
  6
CONTINUOUS
100
AcDbLine
 10
92.9575519999999926
 20
-32.0601279999999988
 30
0
 11
92.8032109999999903
 21
-32.1387679999999989
 31
0
  0
LINE
  5
7A7
330
22
100
AcDbEntity
  8
F.Cu
  6
CONTINUOUS
100
AcDbLine
 10
92.8032109999999903
 20
-32.1387679999999989
 30
0
 11
92.736510999999993
 21
-32.1872290000000021
 31
0
  0
LINE
  5
7A8
330
22
100
AcDbEntity
  8
F.Cu
  6
CONTINUOUS
100
AcDbLine
 10
92.736510999999993
 20
-32.1872290000000021
 30
0
 11
92.6630719999999997
 21
-32.2405860000000004
 31
0
  0
LINE
  5
7A9
330
22
100
AcDbEntity
  8
F.Cu
  6
CONTINUOUS
100
AcDbLine
 10
92.6630719999999997
 20
-32.2405860000000004
 30
0
 11
92.6630699999999905
 21
-32.2405879999999954
 31
0
  0
LINE
  5
7AA
330
22
100
AcDbEntity
  8
F.Cu
  6
CONTINUOUS
100
AcDbLine
 10
92.6630699999999905
 20
-32.2405879999999954
 30
0
 11
92.663068999999993
 21
-32.2405879999999954
 31
0
  0
LINE
  5
7AB
330
22
100
AcDbEntity
  8
F.Cu
  6
CONTINUOUS
100
AcDbLine
 10
92.663068999999993
 20
-32.2405879999999954
 30
0
 11
92.5405879999999996
 21
-32.3630689999999959
 31
0
  0
LINE
  5
7AC
330
22
100
AcDbEntity
  8
F.Cu
  6
CONTINUOUS
100
AcDbLine
 10
92.5405879999999996
 20
-32.3630689999999959
 30
0
 11
92.5405879999999996
 21
-32.3630700000000004
 31
0
  0
LINE
  5
7AD
330
22
100
AcDbEntity
  8
F.Cu
  6
CONTINUOUS
100
AcDbLine
 10
92.5405879999999996
 20
-32.3630700000000004
 30
0
 11
92.5405859999999905
 21
-32.3630719999999954
 31
0
  0
LINE
  5
7AE
330
22
100
AcDbEntity
  8
F.Cu
  6
CONTINUOUS
100
AcDbLine
 10
92.5405859999999905
 20
-32.3630719999999954
 30
0
 11
92.4968590000000006
 21
-32.4232560000000021
 31
0
  0
LINE
  5
7AF
330
22
100
AcDbEntity
  8
F.Cu
  6
CONTINUOUS
100
AcDbLine
 10
92.4968590000000006
 20
-32.4232560000000021
 30
0
 11
92.4387679999999961
 21
-32.5032110000000003
 31
0
  0
LINE
  5
7B0
330
22
100
AcDbEntity
  8
F.Cu
  6
CONTINUOUS
100
AcDbLine
 10
92.4387679999999961
 20
-32.5032110000000003
 30
0
 11
92.3601279999999889
 21
-32.6575519999999955
 31
0
  0
LINE
  5
7B1
330
22
100
AcDbEntity
  8
F.Cu
  6
CONTINUOUS
100
AcDbLine
 10
92.3601279999999889
 20
-32.6575519999999955
 30
0
 11
92.3065969999999965
 21
-32.8223020000000005
 31
0
  0
LINE
  5
7B2
330
22
100
AcDbEntity
  8
F.Cu
  6
CONTINUOUS
100
AcDbLine
 10
92.3065969999999965
 20
-32.8223020000000005
 30
0
 11
92.2891460000000023
 21
-32.9324859999999973
 31
0
  0
LINE
  5
7B3
330
22
100
AcDbEntity
  8
F.Cu
  6
CONTINUOUS
100
AcDbLine
 10
92.2891460000000023
 20
-32.9324859999999973
 30
0
 11
92.2794999999999987
 21
-32.9933890000000005
 31
0
  0
LINE
  5
7B4
330
22
100
AcDbEntity
  8
F.Cu
  6
CONTINUOUS
100
AcDbLine
 10
92.2794999999999987
 20
-32.9933890000000005
 30
0
 11
92.2794999999999987
 21
-33.1666109999999961
 31
0
  0
LINE
  5
7B5
330
22
100
AcDbEntity
  8
F.Cu
  6
CONTINUOUS
100
AcDbLine
 10
92.2794999999999987
 20
-33.1666109999999961
 30
0
 11
92.3065979999999939
 21
-33.3377009999999956
 31
0
  0
LINE
  5
7B6
330
22
100
AcDbEntity
  8
F.Cu
  6
CONTINUOUS
100
AcDbLine
 10
92.3065979999999939
 20
-33.3377009999999956
 30
0
 11
92.3601269999999914
 21
-33.5024450000000016
 31
0
  0
LINE
  5
7B7
330
22
100
AcDbEntity
  8
F.Cu
  6
CONTINUOUS
100
AcDbLine
 10
92.3601269999999914
 20
-33.5024450000000016
 30
0
 11
92.4387679999999961
 21
-33.6567879999999988
 31
0
  0
LINE
  5
7B8
330
22
100
AcDbEntity
  8
F.Cu
  6
CONTINUOUS
100
AcDbLine
 10
92.4387679999999961
 20
-33.6567879999999988
 30
0
 11
92.5405859999999905
 21
-33.7969280000000012
 31
0
  0
LINE
  5
7B9
330
22
100
AcDbEntity
  8
F.Cu
  6
CONTINUOUS
100
AcDbLine
 10
92.5405859999999905
 20
-33.7969280000000012
 30
0
 11
92.6630719999999997
 21
-33.9194139999999962
 31
0
  0
LINE
  5
7BA
330
22
100
AcDbEntity
  8
F.Cu
  6
CONTINUOUS
100
AcDbLine
 10
92.6630719999999997
 20
-33.9194139999999962
 30
0
 11
92.803212000000002
 21
-34.0212319999999977
 31
0
  0
LINE
  5
7BB
330
22
100
AcDbEntity
  8
F.Cu
  6
CONTINUOUS
100
AcDbLine
 10
92.803212000000002
 20
-34.0212319999999977
 30
0
 11
92.9575549999999993
 21
-34.0998729999999952
 31
0
  0
LINE
  5
7BC
330
22
100
AcDbEntity
  8
F.Cu
  6
CONTINUOUS
100
AcDbLine
 10
92.9575549999999993
 20
-34.0998729999999952
 30
0
 11
93.1222989999999982
 21
-34.1534019999999998
 31
0
  0
LINE
  5
7BD
330
22
100
AcDbEntity
  8
F.Cu
  6
CONTINUOUS
100
AcDbLine
 10
93.1222989999999982
 20
-34.1534019999999998
 30
0
 11
93.2933889999999906
 21
-34.180499999999995
 31
0
  0
LINE
  5
7BE
330
22
100
AcDbEntity
  8
F.Cu
  6
CONTINUOUS
100
AcDbLine
 10
93.2933889999999906
 20
-34.180499999999995
 30
0
 11
93.2933900000000023
 21
-34.180499999999995
 31
0
  0
LINE
  5
7BF
330
22
100
AcDbEntity
  8
F.Cu
  6
CONTINUOUS
100
AcDbLine
 10
93.2933900000000023
 20
-34.180499999999995
 30
0
 11
93.4666100000000029
 21
-34.180499999999995
 31
0
  0
LINE
  5
7C0
330
22
100
AcDbEntity
  8
F.Cu
  6
CONTINUOUS
100
AcDbLine
 10
93.4666100000000029
 20
-34.180499999999995
 30
0
 11
93.4666110000000003
 21
-34.180499999999995
 31
0
  0
LINE
  5
7C1
330
22
100
AcDbEntity
  8
F.Cu
  6
CONTINUOUS
100
AcDbLine
 10
93.4666110000000003
 20
-34.180499999999995
 30
0
 11
93.6377009999999927
 21
-34.1534019999999998
 31
0
  0
LINE
  5
7C2
330
22
100
AcDbEntity
  8
F.Cu
  6
CONTINUOUS
100
AcDbLine
 10
93.6377009999999927
 20
-34.1534019999999998
 30
0
 11
93.8024449999999916
 21
-34.0998729999999952
 31
0
  0
LINE
  5
7C3
330
22
100
AcDbEntity
  8
F.Cu
  6
CONTINUOUS
100
AcDbLine
 10
93.8024449999999916
 20
-34.0998729999999952
 30
0
 11
93.9567879999999889
 21
-34.0212319999999977
 31
0
  0
LINE
  5
7C4
330
22
100
AcDbEntity
  8
F.Cu
  6
CONTINUOUS
100
AcDbLine
 10
93.9567879999999889
 20
-34.0212319999999977
 30
0
 11
94.0969279999999912
 21
-33.9194139999999962
 31
0
  0
LINE
  5
7C5
330
22
100
AcDbEntity
  8
F.Cu
  6
CONTINUOUS
100
AcDbLine
 10
94.0969279999999912
 20
-33.9194139999999962
 30
0
 11
94.2194140000000004
 21
-33.7969280000000012
 31
0
  0
LINE
  5
7C6
330
22
100
AcDbEntity
  8
F.Cu
  6
CONTINUOUS
100
AcDbLine
 10
94.2194140000000004
 20
-33.7969280000000012
 30
0
 11
94.3212319999999949
 21
-33.6567879999999988
 31
0
  0
LINE
  5
7C7
330
22
100
AcDbEntity
  8
F.Cu
  6
CONTINUOUS
100
AcDbLine
 10
94.3212319999999949
 20
-33.6567879999999988
 30
0
 11
94.3998729999999995
 21
-33.5024450000000016
 31
0
  0
LINE
  5
7C8
330
22
100
AcDbEntity
  8
F.Cu
  6
CONTINUOUS
100
AcDbLine
 10
94.3998729999999995
 20
-33.5024450000000016
 30
0
 11
94.4133509999999916
 21
-33.4609609999999975
 31
0
  0
LINE
  5
7C9
330
22
100
AcDbEntity
  8
F.Cu
  6
CONTINUOUS
100
AcDbLine
 10
94.4133509999999916
 20
-33.4609609999999975
 30
0
 11
94.4527879999999982
 21
-33.4032869999999988
 31
0
  0
LINE
  5
7CA
330
22
100
AcDbEntity
  8
F.Cu
  6
CONTINUOUS
100
AcDbLine
 10
94.4527879999999982
 20
-33.4032869999999988
 30
0
 11
94.5171469999999943
 21
-33.3760890000000003
 31
0
  0
LINE
  5
7CB
330
22
100
AcDbEntity
  8
F.Cu
  6
CONTINUOUS
100
AcDbLine
 10
94.5171469999999943
 20
-33.3760890000000003
 30
0
 11
94.585993000000002
 21
-33.3880039999999951
 31
0
  0
LINE
  5
7CC
330
22
100
AcDbEntity
  8
F.Cu
  6
CONTINUOUS
100
AcDbLine
 10
94.585993000000002
 20
-33.3880039999999951
 30
0
 11
94.6189629999999937
 21
-33.4116
 31
0
  0
LINE
  5
7CD
330
22
100
AcDbEntity
  8
F.Cu
  6
CONTINUOUS
100
AcDbLine
 10
94.6189629999999937
 20
-33.4116
 30
0
 11
112.9974249999999927
 21
-51.7900619999999989
 31
0
  0
LINE
  5
7CE
330
22
100
AcDbEntity
  8
F.Cu
  6
CONTINUOUS
100
AcDbLine
 10
112.9974249999999927
 20
-51.7900619999999989
 30
0
 11
113.0309099999999916
 21
-51.8513850000000005
 31
0
  0
LINE
  5
7CF
330
22
100
AcDbEntity
  8
F.Cu
  6
CONTINUOUS
100
AcDbLine
 10
113.0309099999999916
 20
-51.8513850000000005
 30
0
 11
113.0259259999999983
 21
-51.9210769999999968
 31
0
  0
LINE
  5
7D0
330
22
100
AcDbEntity
  8
F.Cu
  6
CONTINUOUS
100
AcDbLine
 10
113.0259259999999983
 20
-51.9210769999999968
 30
0
 11
112.9840540000000004
 21
-51.9770099999999999
 31
0
  0
LINE
  5
7D1
330
22
100
AcDbEntity
  8
F.Cu
  6
CONTINUOUS
100
AcDbLine
 10
112.9840540000000004
 20
-51.9770099999999999
 30
0
 11
112.9185899999999947
 21
-52.0014269999999996
 31
0
  0
LINE
  5
7D2
330
22
100
AcDbEntity
  8
F.Cu
  6
CONTINUOUS
100
AcDbLine
 10
112.9185899999999947
 20
-52.0014269999999996
 30
0
 11
112.8534489999999977
 21
-51.9882279999999994
 31
0
  0
LINE
  5
7D3
330
22
100
AcDbEntity
  8
F.Cu
  6
CONTINUOUS
100
AcDbLine
 10
112.8534489999999977
 20
-51.9882279999999994
 30
0
 11
112.6503829999999908
 21
-51.88476
 31
0
  0
LINE
  5
7D4
330
22
100
AcDbEntity
  8
F.Cu
  6
CONTINUOUS
100
AcDbLine
 10
112.6503829999999908
 20
-51.88476
 30
0
 11
112.41078499999999
 21
-51.8069099999999949
 31
0
  0
LINE
  5
7D5
330
22
100
AcDbEntity
  8
F.Cu
  6
CONTINUOUS
100
AcDbLine
 10
112.41078499999999
 20
-51.8069099999999949
 30
0
 11
112.3570489999999893
 21
-51.7983989999999963
 31
0
  0
LINE
  5
7D6
330
22
100
AcDbEntity
  8
F.Cu
  6
CONTINUOUS
100
AcDbLine
 10
112.3570489999999893
 20
-51.7983989999999963
 30
0
 11
112.1619619999999884
 21
-51.7674999999999983
 31
0
  0
LINE
  5
7D7
330
22
100
AcDbEntity
  8
F.Cu
  6
CONTINUOUS
100
AcDbLine
 10
112.1619619999999884
 20
-51.7674999999999983
 30
0
 11
111.9100380000000001
 21
-51.7674999999999983
 31
0
  0
LINE
  5
7D8
330
22
100
AcDbEntity
  8
F.Cu
  6
CONTINUOUS
100
AcDbLine
 10
111.9100380000000001
 20
-51.7674999999999983
 30
0
 11
111.7856259999999935
 21
-51.7872050000000002
 31
0
  0
LINE
  5
7D9
330
22
100
AcDbEntity
  8
F.Cu
  6
CONTINUOUS
100
AcDbLine
 10
111.7856259999999935
 20
-51.7872050000000002
 30
0
 11
111.6612140000000011
 21
-51.8069099999999949
 31
0
  0
LINE
  5
7DA
330
22
100
AcDbEntity
  8
F.Cu
  6
CONTINUOUS
100
AcDbLine
 10
111.6612140000000011
 20
-51.8069099999999949
 30
0
 11
111.4216160000000002
 21
-51.88476
 31
0
  0
LINE
  5
7DB
330
22
100
AcDbEntity
  8
F.Cu
  6
CONTINUOUS
100
AcDbLine
 10
111.4216160000000002
 20
-51.88476
 30
0
 11
111.197150999999991
 21
-51.9991319999999959
 31
0
  0
LINE
  5
7DC
330
22
100
AcDbEntity
  8
F.Cu
  6
CONTINUOUS
100
AcDbLine
 10
111.197150999999991
 20
-51.9991319999999959
 30
0
 11
110.9933499999999924
 21
-52.1472009999999955
 31
0
  0
LINE
  5
7DD
330
22
100
AcDbEntity
  8
F.Cu
  6
CONTINUOUS
100
AcDbLine
 10
110.9933499999999924
 20
-52.1472009999999955
 30
0
 11
110.9933449999999908
 21
-52.1472049999999996
 31
0
  0
LINE
  5
7DE
330
22
100
AcDbEntity
  8
F.Cu
  6
CONTINUOUS
100
AcDbLine
 10
110.9933449999999908
 20
-52.1472049999999996
 30
0
 11
110.8152049999999917
 21
-52.3253449999999987
 31
0
  0
LINE
  5
7DF
330
22
100
AcDbEntity
  8
F.Cu
  6
CONTINUOUS
100
AcDbLine
 10
110.8152049999999917
 20
-52.3253449999999987
 30
0
 11
110.8152010000000018
 21
-52.3253500000000003
 31
0
  0
LINE
  5
7E0
330
22
100
AcDbEntity
  8
F.Cu
  6
CONTINUOUS
100
AcDbLine
 10
110.8152010000000018
 20
-52.3253500000000003
 30
0
 11
110.6671319999999952
 21
-52.5291509999999988
 31
0
  0
LINE
  5
7E1
330
22
100
AcDbEntity
  8
F.Cu
  6
CONTINUOUS
100
AcDbLine
 10
110.6671319999999952
 20
-52.5291509999999988
 30
0
 11
110.5527599999999921
 21
-52.753616000000001
 31
0
  0
LINE
  5
7E2
330
22
100
AcDbEntity
  8
F.Cu
  6
CONTINUOUS
100
AcDbLine
 10
110.5527599999999921
 20
-52.753616000000001
 30
0
 11
110.4749099999999942
 21
-52.9932139999999947
 31
0
  0
LINE
  5
7E3
330
22
100
AcDbEntity
  8
F.Cu
  6
CONTINUOUS
100
AcDbLine
 10
110.4749099999999942
 20
-52.9932139999999947
 30
0
 11
110.4354999999999905
 21
-53.2420380000000009
 31
0
  0
LINE
  5
7E4
330
22
100
AcDbEntity
  8
F.Cu
  6
CONTINUOUS
100
AcDbLine
 10
110.4354999999999905
 20
-53.2420380000000009
 30
0
 11
110.4354999999999905
 21
-53.4939609999999988
 31
0
  0
LINE
  5
7E5
330
22
100
AcDbEntity
  8
F.Cu
  6
CONTINUOUS
100
AcDbLine
 10
110.4354999999999905
 20
-53.4939609999999988
 30
0
 11
110.4749099999999942
 21
-53.7427849999999978
 31
0
  0
LINE
  5
7E6
330
22
100
AcDbEntity
  8
F.Cu
  6
CONTINUOUS
100
AcDbLine
 10
110.4749099999999942
 20
-53.7427849999999978
 30
0
 11
110.5527599999999921
 21
-53.9823829999999987
 31
0
  0
LINE
  5
7E7
330
22
100
AcDbEntity
  8
F.Cu
  6
CONTINUOUS
100
AcDbLine
 10
110.5527599999999921
 20
-53.9823829999999987
 30
0
 11
110.6671319999999952
 21
-54.2068480000000008
 31
0
  0
LINE
  5
7E8
330
22
100
AcDbEntity
  8
F.Cu
  6
CONTINUOUS
100
AcDbLine
 10
110.6671319999999952
 20
-54.2068480000000008
 30
0
 11
110.8152010000000018
 21
-54.4106489999999994
 31
0
  0
LINE
  5
7E9
330
22
100
AcDbEntity
  8
F.Cu
  6
CONTINUOUS
100
AcDbLine
 10
110.8152010000000018
 20
-54.4106489999999994
 30
0
 11
110.8152049999999917
 21
-54.410654000000001
 31
0
  0
LINE
  5
7EA
330
22
100
AcDbEntity
  8
F.Cu
  6
CONTINUOUS
100
AcDbLine
 10
110.8152049999999917
 20
-54.410654000000001
 30
0
 11
110.9933449999999908
 21
-54.588794
 31
0
  0
LINE
  5
7EB
330
22
100
AcDbEntity
  8
F.Cu
  6
CONTINUOUS
100
AcDbLine
 10
110.9933449999999908
 20
-54.588794
 30
0
 11
110.9933499999999924
 21
-54.588797999999997
 31
0
  0
LINE
  5
7EC
330
22
100
AcDbEntity
  8
F.Cu
  6
CONTINUOUS
100
AcDbLine
 10
110.9933499999999924
 20
-54.588797999999997
 30
0
 11
111.1711169999999953
 21
-54.7179519999999968
 31
0
  0
LINE
  5
7ED
330
22
100
AcDbEntity
  8
F.Cu
  6
CONTINUOUS
100
AcDbLine
 10
111.1711169999999953
 20
-54.7179519999999968
 30
0
 11
111.1971549999999951
 21
-54.7368699999999961
 31
0
  0
LINE
  5
7EE
330
22
100
AcDbEntity
  8
F.Cu
  6
CONTINUOUS
100
AcDbLine
 10
111.1971549999999951
 20
-54.7368699999999961
 30
0
 11
111.3401839999999936
 21
-54.8097469999999944
 31
0
  0
LINE
  5
7EF
330
22
100
AcDbEntity
  8
F.Cu
  6
CONTINUOUS
100
AcDbLine
 10
111.3401839999999936
 20
-54.8097469999999944
 30
0
 11
111.4216160000000002
 21
-54.8512389999999996
 31
0
  0
LINE
  5
7F0
330
22
100
AcDbEntity
  8
F.Cu
  6
CONTINUOUS
100
AcDbLine
 10
111.4216160000000002
 20
-54.8512389999999996
 30
0
 11
111.4216179999999952
 21
-54.8512389999999996
 31
0
  0
LINE
  5
7F1
330
22
100
AcDbEntity
  8
F.Cu
  6
CONTINUOUS
100
AcDbLine
 10
111.4216179999999952
 20
-54.8512389999999996
 30
0
 11
111.4216210000000018
 21
-54.8512409999999946
 31
0
  0
LINE
  5
7F2
330
22
100
AcDbEntity
  8
F.Cu
  6
CONTINUOUS
100
AcDbLine
 10
111.4216210000000018
 20
-54.8512409999999946
 30
0
 11
111.6612149999999986
 21
-54.9290899999999951
 31
0
  0
LINE
  5
7F3
330
22
100
AcDbEntity
  8
F.Cu
  6
CONTINUOUS
100
AcDbLine
 10
111.6612149999999986
 20
-54.9290899999999951
 30
0
 11
111.9100380000000001
 21
-54.9684999999999988
 31
0
  0
LINE
  5
7F4
330
22
100
AcDbEntity
  8
F.Cu
  6
CONTINUOUS
100
AcDbLine
 10
111.9100380000000001
 20
-54.9684999999999988
 30
0
 11
111.9100389999999976
 21
-54.9684999999999988
 31
0
  0
LINE
  5
7F5
330
22
100
AcDbEntity
  8
F.Cu
  6
CONTINUOUS
100
AcDbLine
 10
111.9100389999999976
 20
-54.9684999999999988
 30
0
 11
112.1619609999999909
 21
-54.9684999999999988
 31
0
  0
LINE
  5
7F6
330
22
100
AcDbEntity
  8
F.Cu
  6
CONTINUOUS
100
AcDbLine
 10
112.1619609999999909
 20
-54.9684999999999988
 30
0
 11
112.1619619999999884
 21
-54.9684999999999988
 31
0
  0
LINE
  5
7F7
330
22
100
AcDbEntity
  8
F.Cu
  6
CONTINUOUS
100
AcDbLine
 10
112.1619619999999884
 20
-54.9684999999999988
 30
0
 11
112.41078499999999
 21
-54.9290899999999951
 31
0
  0
LINE
  5
7F8
330
22
100
AcDbEntity
  8
F.Cu
  6
CONTINUOUS
100
AcDbLine
 10
112.41078499999999
 20
-54.9290899999999951
 30
0
 11
112.6503790000000009
 21
-54.8512409999999946
 31
0
  0
LINE
  5
7F9
330
22
100
AcDbEntity
  8
F.Cu
  6
CONTINUOUS
100
AcDbLine
 10
112.6503790000000009
 20
-54.8512409999999946
 30
0
 11
112.8748449999999934
 21
-54.7368699999999961
 31
0
  0
LINE
  5
7FA
330
22
100
AcDbEntity
  8
F.Cu
  6
CONTINUOUS
100
AcDbLine
 10
112.8748449999999934
 20
-54.7368699999999961
 30
0
 11
113.0786559999999952
 21
-54.5887929999999955
 31
0
  0
LINE
  5
7FB
330
22
100
AcDbEntity
  8
F.Cu
  6
CONTINUOUS
100
AcDbLine
 10
113.0786559999999952
 20
-54.5887929999999955
 30
0
 11
113.2567930000000018
 21
-54.4106559999999959
 31
0
  0
LINE
  5
7FC
330
22
100
AcDbEntity
  8
F.Cu
  6
CONTINUOUS
100
AcDbLine
 10
113.2567930000000018
 20
-54.4106559999999959
 30
0
 11
113.4048699999999883
 21
-54.2068449999999942
 31
0
  0
LINE
  5
7FD
330
22
100
AcDbEntity
  8
F.Cu
  6
CONTINUOUS
100
AcDbLine
 10
113.4048699999999883
 20
-54.2068449999999942
 30
0
 11
113.5192409999999938
 21
-53.9823789999999946
 31
0
  0
LINE
  5
7FE
330
22
100
AcDbEntity
  8
F.Cu
  6
CONTINUOUS
100
AcDbLine
 10
113.5192409999999938
 20
-53.9823789999999946
 30
0
 11
113.5970899999999943
 21
-53.7427849999999978
 31
0
  0
LINE
  5
7FF
330
22
100
AcDbEntity
  8
F.Cu
  6
CONTINUOUS
100
AcDbLine
 10
113.5970899999999943
 20
-53.7427849999999978
 30
0
 11
113.6364999999999981
 21
-53.4939619999999962
 31
0
  0
LINE
  5
800
330
22
100
AcDbEntity
  8
F.Cu
  6
CONTINUOUS
100
AcDbLine
 10
113.6364999999999981
 20
-53.4939619999999962
 30
0
 11
113.6364999999999981
 21
-53.2420380000000009
 31
0
  0
LINE
  5
801
330
22
100
AcDbEntity
  8
F.Cu
  6
CONTINUOUS
100
AcDbLine
 10
113.6364999999999981
 20
-53.2420380000000009
 30
0
 11
113.5970899999999943
 21
-52.9932149999999993
 31
0
  0
LINE
  5
802
330
22
100
AcDbEntity
  8
F.Cu
  6
CONTINUOUS
100
AcDbLine
 10
113.5970899999999943
 20
-52.9932149999999993
 30
0
 11
113.5192409999999938
 21
-52.7536209999999954
 31
0
  0
LINE
  5
803
330
22
100
AcDbEntity
  8
F.Cu
  6
CONTINUOUS
100
AcDbLine
 10
113.5192409999999938
 20
-52.7536209999999954
 30
0
 11
113.5192389999999989
 21
-52.7536179999999959
 31
0
  0
LINE
  5
804
330
22
100
AcDbEntity
  8
F.Cu
  6
CONTINUOUS
100
AcDbLine
 10
113.5192389999999989
 20
-52.7536179999999959
 30
0
 11
113.5192389999999989
 21
-52.753616000000001
 31
0
  0
LINE
  5
805
330
22
100
AcDbEntity
  8
F.Cu
  6
CONTINUOUS
100
AcDbLine
 10
113.5192389999999989
 20
-52.753616000000001
 30
0
 11
113.4157709999999923
 21
-52.5505499999999941
 31
0
  0
LINE
  5
806
330
22
100
AcDbEntity
  8
F.Cu
  6
CONTINUOUS
100
AcDbLine
 10
113.4157709999999923
 20
-52.5505499999999941
 30
0
 11
113.4028749999999945
 21
-52.4818809999999942
 31
0
  0
LINE
  5
807
330
22
100
AcDbEntity
  8
F.Cu
  6
CONTINUOUS
100
AcDbLine
 10
113.4028749999999945
 20
-52.4818809999999942
 30
0
 11
113.4291509999999903
 21
-52.4171399999999963
 31
0
  0
LINE
  5
808
330
22
100
AcDbEntity
  8
F.Cu
  6
CONTINUOUS
100
AcDbLine
 10
113.4291509999999903
 20
-52.4171399999999963
 30
0
 11
113.4862579999999923
 21
-52.3768829999999994
 31
0
  0
LINE
  5
809
330
22
100
AcDbEntity
  8
F.Cu
  6
CONTINUOUS
100
AcDbLine
 10
113.4862579999999923
 20
-52.3768829999999994
 30
0
 11
113.5560629999999946
 21
-52.3738910000000004
 31
0
  0
LINE
  5
80A
330
22
100
AcDbEntity
  8
F.Cu
  6
CONTINUOUS
100
AcDbLine
 10
113.5560629999999946
 20
-52.3738910000000004
 30
0
 11
113.6139369999999928
 21
-52.4065739999999991
 31
0
  0
LINE
  5
80B
330
22
100
AcDbEntity
  8
F.Cu
  6
CONTINUOUS
100
AcDbLine
 10
113.6139369999999928
 20
-52.4065739999999991
 30
0
 11
123.9517369999999943
 21
-62.7443740000000005
 31
0
  0
LINE
  5
80C
330
22
100
AcDbEntity
  8
F.Cu
  6
CONTINUOUS
100
AcDbLine
 10
123.9517369999999943
 20
-62.7443740000000005
 30
0
 11
123.9517469999999975
 21
-62.7443849999999941
 31
0
  0
LINE
  5
80D
330
22
100
AcDbEntity
  8
F.Cu
  6
CONTINUOUS
100
AcDbLine
 10
123.9517469999999975
 20
-62.7443849999999941
 30
0
 11
123.9560769999999934
 21
-62.7487149999999971
 31
0
  0
LINE
  5
80E
330
22
100
AcDbEntity
  8
F.Cu
  6
CONTINUOUS
100
AcDbLine
 10
123.9560769999999934
 20
-62.7487149999999971
 30
0
 11
123.9560779999999909
 21
-62.7487159999999946
 31
0
  0
LINE
  5
80F
330
22
100
AcDbEntity
  8
F.Cu
  6
CONTINUOUS
100
AcDbLine
 10
123.9560779999999909
 20
-62.7487159999999946
 30
0
 11
124.0678819999999973
 21
-62.860519999999994
 31
0
  0
LINE
  5
810
330
22
100
AcDbEntity
  8
F.Cu
  6
CONTINUOUS
100
AcDbLine
 10
124.0678819999999973
 20
-62.860519999999994
 30
0
 11
124.1335149999999885
 21
-62.8984120000000004
 31
0
  0
LINE
  5
811
330
22
100
AcDbEntity
  8
F.Cu
  6
CONTINUOUS
100
AcDbLine
 10
124.1335149999999885
 20
-62.8984120000000004
 30
0
 11
124.1546929999999946
 21
-62.9106389999999962
 31
0
  0
LINE
  5
812
330
22
100
AcDbEntity
  8
F.Cu
  6
CONTINUOUS
100
AcDbLine
 10
124.1546929999999946
 20
-62.9106389999999962
 30
0
 11
124.1546949999999896
 21
-62.9106409999999983
 31
0
  0
LINE
  5
813
330
22
100
AcDbEntity
  8
F.Cu
  6
CONTINUOUS
100
AcDbLine
 10
124.1546949999999896
 20
-62.9106409999999983
 30
0
 11
124.1927489999999921
 21
-62.9326109999999943
 31
0
  0
LINE
  5
814
330
22
100
AcDbEntity
  8
F.Cu
  6
CONTINUOUS
100
AcDbLine
 10
124.1927489999999921
 20
-62.9326109999999943
 30
0
 11
124.2048130000000015
 21
-62.9395769999999999
 31
0
  0
LINE
  5
815
330
22
100
AcDbEntity
  8
F.Cu
  6
CONTINUOUS
100
AcDbLine
 10
124.2048130000000015
 20
-62.9395769999999999
 30
0
 11
124.3575409999999977
 21
-62.9805009999999967
 31
0
  0
LINE
  5
816
330
22
100
AcDbEntity
  8
F.Cu
  6
CONTINUOUS
100
AcDbLine
 10
124.3575409999999977
 20
-62.9805009999999967
 30
0
 11
124.3575439999999901
 21
-62.9805009999999967
 31
0
  0
LINE
  5
817
330
22
100
AcDbEntity
  8
F.Cu
  6
CONTINUOUS
100
AcDbLine
 10
124.3575439999999901
 20
-62.9805009999999967
 30
0
 11
124.5232509999999877
 21
-62.9805009999999967
 31
0
  0
LINE
  5
818
330
22
100
AcDbEntity
  8
F.Cu
  6
CONTINUOUS
100
AcDbLine
 10
124.5232509999999877
 20
-62.9805009999999967
 30
0
 11
124.5232669999999899
 21
-62.9804999999999993
 31
0
  0
LINE
  5
819
330
22
100
AcDbEntity
  8
F.Cu
  6
CONTINUOUS
100
AcDbLine
 10
124.5232669999999899
 20
-62.9804999999999993
 30
0
 11
126.5005009999999999
 21
-62.9804999999999993
 31
0
  0
LINE
  5
81A
330
22
100
AcDbEntity
  8
F.Cu
  6
CONTINUOUS
100
AcDbLine
 10
126.5005009999999999
 20
-62.9804999999999993
 30
0
 11
126.5675399999999939
 21
-63.0001849999999948
 31
0
  0
LINE
  5
81B
330
22
100
AcDbEntity
  8
F.Cu
  6
CONTINUOUS
100
AcDbLine
 10
126.5675399999999939
 20
-63.0001849999999948
 30
0
 11
126.6132949999999937
 21
-63.0529889999999966
 31
0
  0
LINE
  5
81C
330
22
100
AcDbEntity
  8
F.Cu
  6
CONTINUOUS
100
AcDbLine
 10
126.6132949999999937
 20
-63.0529889999999966
 30
0
 11
126.6245009999999951
 21
-63.1044999999999945
 31
0
  0
LINE
  5
81D
330
22
100
AcDbEntity
  8
F.Cu
  6
CONTINUOUS
100
AcDbLine
 10
126.6245009999999951
 20
-63.1044999999999945
 30
0
 11
126.6245009999999951
 21
-63.2778759999999991
 31
0
  0
LINE
  5
81E
330
22
100
AcDbEntity
  8
F.Cu
  6
CONTINUOUS
100
AcDbLine
 10
126.6245009999999951
 20
-63.2778759999999991
 30
0
 11
126.6309079999999909
 21
-63.3374829999999989
 31
0
  0
LINE
  5
81F
330
22
100
AcDbEntity
  8
F.Cu
  6
CONTINUOUS
100
AcDbLine
 10
126.6309079999999909
 20
-63.3374829999999989
 30
0
 11
126.681201999999999
 21
-63.4723279999999974
 31
0
  0
LINE
  5
820
330
22
100
AcDbEntity
  8
F.Cu
  6
CONTINUOUS
100
AcDbLine
 10
126.681201999999999
 20
-63.4723279999999974
 30
0
 11
126.6812059999999889
 21
-63.472334999999994
 31
0
  0
LINE
  5
821
330
22
100
AcDbEntity
  8
F.Cu
  6
CONTINUOUS
100
AcDbLine
 10
126.6812059999999889
 20
-63.472334999999994
 30
0
 11
126.7674519999999916
 21
-63.5875439999999941
 31
0
  0
LINE
  5
822
330
22
100
AcDbEntity
  8
F.Cu
  6
CONTINUOUS
100
AcDbLine
 10
126.7674519999999916
 20
-63.5875439999999941
 30
0
 11
126.7674549999999982
 21
-63.5875469999999936
 31
0
  0
LINE
  5
823
330
22
100
AcDbEntity
  8
F.Cu
  6
CONTINUOUS
100
AcDbLine
 10
126.7674549999999982
 20
-63.5875469999999936
 30
0
 11
126.8826639999999912
 21
-63.6737929999999963
 31
0
  0
LINE
  5
824
330
22
100
AcDbEntity
  8
F.Cu
  6
CONTINUOUS
100
AcDbLine
 10
126.8826639999999912
 20
-63.6737929999999963
 30
0
 11
126.8826729999999969
 21
-63.6737979999999979
 31
0
  0
LINE
  5
825
330
22
100
AcDbEntity
  8
F.Cu
  6
CONTINUOUS
100
AcDbLine
 10
126.8826729999999969
 20
-63.6737979999999979
 30
0
 11
126.9776639999999901
 21
-63.7092269999999985
 31
0
  0
LINE
  5
826
330
22
100
AcDbEntity
  8
F.Cu
  6
CONTINUOUS
100
AcDbLine
 10
126.9776639999999901
 20
-63.7092269999999985
 30
0
 11
127.0335979999999978
 21
-63.7510979999999989
 31
0
  0
LINE
  5
827
330
22
100
AcDbEntity
  8
F.Cu
  6
CONTINUOUS
100
AcDbLine
 10
127.0335979999999978
 20
-63.7510979999999989
 30
0
 11
127.058015999999995
 21
-63.8165619999999976
 31
0
  0
LINE
  5
828
330
22
100
AcDbEntity
  8
F.Cu
  6
CONTINUOUS
100
AcDbLine
 10
127.058015999999995
 20
-63.8165619999999976
 30
0
 11
127.0431649999999877
 21
-63.8848349999999954
 31
0
  0
LINE
  5
829
330
22
100
AcDbEntity
  8
F.Cu
  6
CONTINUOUS
100
AcDbLine
 10
127.0431649999999877
 20
-63.8848349999999954
 30
0
 11
127.0220139999999986
 21
-63.9130899999999968
 31
0
  0
LINE
  5
82A
330
22
100
AcDbEntity
  8
F.Cu
  6
CONTINUOUS
100
AcDbLine
 10
127.0220139999999986
 20
-63.9130899999999968
 30
0
 11
126.8948889999999921
 21
-64.0402150000000034
 31
0
  0
LINE
  5
82B
330
22
100
AcDbEntity
  8
F.Cu
  6
CONTINUOUS
100
AcDbLine
 10
126.8948889999999921
 20
-64.0402150000000034
 30
0
 11
126.7699509999999918
 21
-64.2121789999999919
 31
0
  0
LINE
  5
82C
330
22
100
AcDbEntity
  8
F.Cu
  6
CONTINUOUS
100
AcDbLine
 10
126.7699509999999918
 20
-64.2121789999999919
 30
0
 11
126.6734439999999893
 21
-64.4015849999999972
 31
0
  0
LINE
  5
82D
330
22
100
AcDbEntity
  8
F.Cu
  6
CONTINUOUS
100
AcDbLine
 10
126.6734439999999893
 20
-64.4015849999999972
 30
0
 11
126.6077529999999882
 21
-64.6037599999999941
 31
0
  0
LINE
  5
82E
330
22
100
AcDbEntity
  8
F.Cu
  6
CONTINUOUS
100
AcDbLine
 10
126.6077529999999882
 20
-64.6037599999999941
 30
0
 11
126.5745000000000005
 21
-64.8137129999999928
 31
0
  0
LINE
  5
82F
330
22
100
AcDbEntity
  8
F.Cu
  6
CONTINUOUS
100
AcDbLine
 10
126.5745000000000005
 20
-64.8137129999999928
 30
0
 11
126.5745000000000005
 21
-64.9754999999999967
 31
0
  0
LINE
  5
830
330
22
100
AcDbEntity
  8
F.Cu
  6
CONTINUOUS
100
AcDbLine
 10
126.5745000000000005
 20
-64.9754999999999967
 30
0
 11
126.5548149999999907
 21
-65.0425389999999908
 31
0
  0
LINE
  5
831
330
22
100
AcDbEntity
  8
F.Cu
  6
CONTINUOUS
100
AcDbLine
 10
126.5548149999999907
 20
-65.0425389999999908
 30
0
 11
126.502010999999996
 21
-65.0882939999999905
 31
0
  0
LINE
  5
832
330
22
100
AcDbEntity
  8
F.Cu
  6
CONTINUOUS
100
AcDbLine
 10
126.502010999999996
 20
-65.0882939999999905
 30
0
 11
126.450499999999991
 21
-65.0994999999999919
 31
0
  0
LINE
  5
833
330
22
100
AcDbEntity
  8
F.Cu
  6
CONTINUOUS
100
AcDbLine
 10
126.450499999999991
 20
-65.0994999999999919
 30
0
 11
120.2222439999999892
 21
-65.0994999999999919
 31
0
  0
LINE
  5
834
330
22
100
AcDbEntity
  8
F.Cu
  6
CONTINUOUS
100
AcDbLine
 10
120.2222439999999892
 20
-65.0994999999999919
 30
0
 11
120.1552049999999952
 21
-65.0798149999999964
 31
0
  0
LINE
  5
835
330
22
100
AcDbEntity
  8
F.Cu
  6
CONTINUOUS
100
AcDbLine
 10
120.1552049999999952
 20
-65.0798149999999964
 30
0
 11
120.1094499999999954
 21
-65.0270110000000017
 31
0
  0
LINE
  5
836
330
22
100
AcDbEntity
  8
F.Cu
  6
CONTINUOUS
100
AcDbLine
 10
120.1094499999999954
 20
-65.0270110000000017
 30
0
 11
120.098953999999992
 21
-64.9622469999999907
 31
0
  0
LINE
  5
837
330
22
100
AcDbEntity
  8
F.Cu
  6
CONTINUOUS
100
AcDbLine
 10
120.098953999999992
 20
-64.9622469999999907
 30
0
 11
120.1004999999999967
 21
-64.9478730000000013
 31
0
  0
LINE
  5
838
330
22
100
AcDbEntity
  8
F.Cu
  6
CONTINUOUS
100
AcDbLine
 10
120.1004999999999967
 20
-64.9478730000000013
 30
0
 11
120.1004989999999992
 21
-62.8521280000000004
 31
0
  0
LINE
  5
839
330
22
100
AcDbEntity
  8
F.Cu
  6
CONTINUOUS
100
AcDbLine
 10
120.1004989999999992
 20
-62.8521280000000004
 30
0
 11
120.0940909999999917
 21
-62.7925169999999966
 31
0
  0
LINE
  5
83A
330
22
100
AcDbEntity
  8
F.Cu
  6
CONTINUOUS
100
AcDbLine
 10
120.0940909999999917
 20
-62.7925169999999966
 30
0
 11
120.0777539999999988
 21
-62.7487159999999946
 31
0
  0
LINE
  5
83B
330
22
100
AcDbEntity
  8
F.Cu
  6
CONTINUOUS
100
AcDbLine
 10
120.0777539999999988
 20
-62.7487159999999946
 30
0
 11
120.0437969999999979
 21
-62.6576710000000006
 31
0
  0
LINE
  5
83C
330
22
100
AcDbEntity
  8
F.Cu
  6
CONTINUOUS
100
AcDbLine
 10
120.0437969999999979
 20
-62.6576710000000006
 30
0
 11
120.0437929999999938
 21
-62.6576639999999969
 31
0
  0
LINE
  5
83D
330
22
100
AcDbEntity
  8
F.Cu
  6
CONTINUOUS
100
AcDbLine
 10
120.0437929999999938
 20
-62.6576639999999969
 30
0
 11
119.957546999999991
 21
-62.5424549999999968
 31
0
  0
LINE
  5
83E
330
22
100
AcDbEntity
  8
F.Cu
  6
CONTINUOUS
100
AcDbLine
 10
119.957546999999991
 20
-62.5424549999999968
 30
0
 11
119.9575439999999986
 21
-62.5424519999999973
 31
0
  0
LINE
  5
83F
330
22
100
AcDbEntity
  8
F.Cu
  6
CONTINUOUS
100
AcDbLine
 10
119.9575439999999986
 20
-62.5424519999999973
 30
0
 11
119.8423349999999914
 21
-62.4562059999999946
 31
0
  0
LINE
  5
840
330
22
100
AcDbEntity
  8
F.Cu
  6
CONTINUOUS
100
AcDbLine
 10
119.8423349999999914
 20
-62.4562059999999946
 30
0
 11
119.8423279999999949
 21
-62.4562019999999976
 31
0
  0
LINE
  5
841
330
22
100
AcDbEntity
  8
F.Cu
  6
CONTINUOUS
100
AcDbLine
 10
119.8423279999999949
 20
-62.4562019999999976
 30
0
 11
119.7074819999999988
 21
-62.4059079999999966
 31
0
  0
LINE
  5
842
330
22
100
AcDbEntity
  8
F.Cu
  6
CONTINUOUS
100
AcDbLine
 10
119.7074819999999988
 20
-62.4059079999999966
 30
0
 11
119.7074829999999963
 21
-62.4059079999999966
 31
0
  0
LINE
  5
843
330
22
100
AcDbEntity
  8
F.Cu
  6
CONTINUOUS
100
AcDbLine
 10
119.7074829999999963
 20
-62.4059079999999966
 30
0
 11
119.6478829999999931
 21
-62.3995009999999937
 31
0
  0
LINE
  5
844
330
22
100
AcDbEntity
  8
F.Cu
  6
CONTINUOUS
100
AcDbLine
 10
119.6478829999999931
 20
-62.3995009999999937
 30
0
 11
119.6478809999999982
 21
-62.3994999999999962
 31
0
  0
LINE
  5
845
330
22
100
AcDbEntity
  8
F.Cu
  6
CONTINUOUS
100
AcDbLine
 10
119.6478809999999982
 20
-62.3994999999999962
 30
0
 11
119.6478729999999899
 21
-62.3994999999999962
 31
0
  0
LINE
  5
846
330
22
100
AcDbEntity
  8
F.Cu
  6
CONTINUOUS
100
AcDbLine
 10
119.6478729999999899
 20
-62.3994999999999962
 30
0
 11
119.6478639999999984
 21
-62.3994999999999962
 31
0
  0
LINE
  5
847
330
22
100
AcDbEntity
  8
F.Cu
  6
CONTINUOUS
100
AcDbLine
 10
119.6478639999999984
 20
-62.3994999999999962
 30
0
 11
116.3521289999999908
 21
-62.3994999999999962
 31
0
  0
LINE
  5
848
330
22
100
AcDbEntity
  8
F.Cu
  6
CONTINUOUS
100
AcDbLine
 10
116.3521289999999908
 20
-62.3994999999999962
 30
0
 11
116.3521229999999917
 21
-62.3995009999999937
 31
0
  0
LINE
  5
849
330
22
100
AcDbEntity
  8
F.Cu
  6
CONTINUOUS
100
AcDbLine
 10
116.3521229999999917
 20
-62.3995009999999937
 30
0
 11
116.292515999999992
 21
-62.4059079999999966
 31
0
  0
LINE
  5
84A
330
22
100
AcDbEntity
  8
F.Cu
  6
CONTINUOUS
100
AcDbLine
 10
116.292515999999992
 20
-62.4059079999999966
 30
0
 11
116.1576709999999935
 21
-62.4562019999999976
 31
0
  0
LINE
  5
84B
330
22
100
AcDbEntity
  8
F.Cu
  6
CONTINUOUS
100
AcDbLine
 10
116.1576709999999935
 20
-62.4562019999999976
 30
0
 11
116.1576639999999969
 21
-62.4562059999999946
 31
0
  0
LINE
  5
84C
330
22
100
AcDbEntity
  8
F.Cu
  6
CONTINUOUS
100
AcDbLine
 10
116.1576639999999969
 20
-62.4562059999999946
 30
0
 11
116.0424549999999897
 21
-62.5424519999999973
 31
0
  0
LINE
  5
84D
330
22
100
AcDbEntity
  8
F.Cu
  6
CONTINUOUS
100
AcDbLine
 10
116.0424549999999897
 20
-62.5424519999999973
 30
0
 11
116.0424519999999973
 21
-62.5424549999999968
 31
0
  0
LINE
  5
84E
330
22
100
AcDbEntity
  8
F.Cu
  6
CONTINUOUS
100
AcDbLine
 10
116.0424519999999973
 20
-62.5424549999999968
 30
0
 11
115.9562059999999946
 21
-62.6576639999999969
 31
0
  0
LINE
  5
84F
330
22
100
AcDbEntity
  8
F.Cu
  6
CONTINUOUS
100
AcDbLine
 10
115.9562059999999946
 20
-62.6576639999999969
 30
0
 11
115.9562019999999904
 21
-62.6576710000000006
 31
0
  0
LINE
  5
850
330
22
100
AcDbEntity
  8
F.Cu
  6
CONTINUOUS
100
AcDbLine
 10
115.9562019999999904
 20
-62.6576710000000006
 30
0
 11
115.9059079999999966
 21
-62.7925169999999966
 31
0
  0
LINE
  5
851
330
22
100
AcDbEntity
  8
F.Cu
  6
CONTINUOUS
100
AcDbLine
 10
115.9059079999999966
 20
-62.7925169999999966
 30
0
 11
115.8995010000000008
 21
-62.8521159999999952
 31
0
  0
LINE
  5
852
330
22
100
AcDbEntity
  8
F.Cu
  6
CONTINUOUS
100
AcDbLine
 10
115.8995010000000008
 20
-62.8521159999999952
 30
0
 11
115.8995010000000008
 21
-62.8521229999999989
 31
0
  0
LINE
  5
853
330
22
100
AcDbEntity
  8
F.Cu
  6
CONTINUOUS
100
AcDbLine
 10
115.8995010000000008
 20
-62.8521229999999989
 30
0
 11
115.8994999999999891
 21
-62.852134999999997
 31
0
  0
LINE
  5
854
330
22
100
AcDbEntity
  8
F.Cu
  6
CONTINUOUS
100
AcDbLine
 10
115.8994999999999891
 20
-62.852134999999997
 30
0
 11
115.8994999999999891
 21
-64.9478699999999947
 31
0
  0
LINE
  5
855
330
22
100
AcDbEntity
  8
F.Cu
  6
CONTINUOUS
100
AcDbLine
 10
115.8994999999999891
 20
-64.9478699999999947
 30
0
 11
115.8995010000000008
 21
-64.9478780000000029
 31
0
  0
LINE
  5
856
330
22
100
AcDbEntity
  8
F.Cu
  6
CONTINUOUS
100
AcDbLine
 10
115.8995010000000008
 20
-64.9478780000000029
 30
0
 11
115.9010459999999938
 21
-64.9622480000000024
 31
0
  0
LINE
  5
857
330
22
100
AcDbEntity
  8
F.Cu
  6
CONTINUOUS
100
AcDbLine
 10
115.9010459999999938
 20
-64.9622480000000024
 30
0
 11
115.8886389999999977
 21
-65.0310070000000024
 31
0
  0
LINE
  5
858
330
22
100
AcDbEntity
  8
F.Cu
  6
CONTINUOUS
100
AcDbLine
 10
115.8886389999999977
 20
-65.0310070000000024
 30
0
 11
115.8410269999999969
 21
-65.0821430000000021
 31
0
  0
LINE
  5
859
330
22
100
AcDbEntity
  8
F.Cu
  6
CONTINUOUS
100
AcDbLine
 10
115.8410269999999969
 20
-65.0821430000000021
 30
0
 11
115.7777559999999966
 21
-65.0994999999999919
 31
0
  0
LINE
  5
85A
330
22
100
AcDbEntity
  8
F.Cu
  6
CONTINUOUS
100
AcDbLine
 10
115.7777559999999966
 20
-65.0994999999999919
 30
0
 11
115.653499999999994
 21
-65.0994999999999919
 31
0
  0
LINE
  5
85B
330
22
100
AcDbEntity
  8
F.Cu
  6
CONTINUOUS
100
AcDbLine
 10
115.653499999999994
 20
-65.0994999999999919
 30
0
 11
115.5864609999999999
 21
-65.0798149999999964
 31
0
  0
LINE
  5
85C
330
22
100
AcDbEntity
  8
F.Cu
  6
CONTINUOUS
100
AcDbLine
 10
115.5864609999999999
 20
-65.0798149999999964
 30
0
 11
115.5658189999999905
 21
-65.0631810000000002
 31
0
  0
LINE
  5
85D
330
22
100
AcDbEntity
  8
F.Cu
  6
CONTINUOUS
100
AcDbLine
 10
115.5658189999999905
 20
-65.0631810000000002
 30
0
 11
103.8716009999999983
 21
-53.3689630000000008
 31
0
  0
LINE
  5
85E
330
22
100
AcDbEntity
  8
F.Cu
  6
CONTINUOUS
100
AcDbLine
 10
103.8716009999999983
 20
-53.3689630000000008
 30
0
 11
103.8381159999999994
 21
-53.3076399999999992
 31
0
  0
LINE
  5
85F
330
22
100
AcDbEntity
  8
F.Cu
  6
CONTINUOUS
100
AcDbLine
 10
103.8381159999999994
 20
-53.3076399999999992
 30
0
 11
103.8430999999999926
 21
-53.2379479999999958
 31
0
  0
LINE
  5
860
330
22
100
AcDbEntity
  8
F.Cu
  6
CONTINUOUS
100
AcDbLine
 10
103.8430999999999926
 20
-53.2379479999999958
 30
0
 11
103.8849719999999905
 21
-53.1820149999999998
 31
0
  0
LINE
  5
861
330
22
100
AcDbEntity
  8
F.Cu
  6
CONTINUOUS
100
AcDbLine
 10
103.8849719999999905
 20
-53.1820149999999998
 30
0
 11
103.9209599999999938
 21
-53.1633519999999962
 31
0
  0
LINE
  5
862
330
22
100
AcDbEntity
  8
F.Cu
  6
CONTINUOUS
100
AcDbLine
 10
103.9209599999999938
 20
-53.1633519999999962
 30
0
 11
103.9624449999999882
 21
-53.1498729999999995
 31
0
  0
LINE
  5
863
330
22
100
AcDbEntity
  8
F.Cu
  6
CONTINUOUS
100
AcDbLine
 10
103.9624449999999882
 20
-53.1498729999999995
 30
0
 11
104.1167879999999997
 21
-53.0712319999999949
 31
0
  0
LINE
  5
864
330
22
100
AcDbEntity
  8
F.Cu
  6
CONTINUOUS
100
AcDbLine
 10
104.1167879999999997
 20
-53.0712319999999949
 30
0
 11
104.256928000000002
 21
-52.9694140000000004
 31
0
  0
LINE
  5
865
330
22
100
AcDbEntity
  8
F.Cu
  6
CONTINUOUS
100
AcDbLine
 10
104.256928000000002
 20
-52.9694140000000004
 30
0
 11
104.379413999999997
 21
-52.8469279999999983
 31
0
  0
LINE
  5
866
330
22
100
AcDbEntity
  8
F.Cu
  6
CONTINUOUS
100
AcDbLine
 10
104.379413999999997
 20
-52.8469279999999983
 30
0
 11
104.4812319999999914
 21
-52.706787999999996
 31
0
  0
LINE
  5
867
330
22
100
AcDbEntity
  8
F.Cu
  6
CONTINUOUS
100
AcDbLine
 10
104.4812319999999914
 20
-52.706787999999996
 30
0
 11
104.5598729999999961
 21
-52.5524449999999987
 31
0
  0
LINE
  5
868
330
22
100
AcDbEntity
  8
F.Cu
  6
CONTINUOUS
100
AcDbLine
 10
104.5598729999999961
 20
-52.5524449999999987
 30
0
 11
104.6134019999999936
 21
-52.3877009999999999
 31
0
  0
LINE
  5
869
330
22
100
AcDbEntity
  8
F.Cu
  6
CONTINUOUS
100
AcDbLine
 10
104.6134019999999936
 20
-52.3877009999999999
 30
0
 11
104.6404999999999887
 21
-52.2166110000000003
 31
0
  0
LINE
  5
86A
330
22
100
AcDbEntity
  8
F.Cu
  6
CONTINUOUS
100
AcDbLine
 10
104.6404999999999887
 20
-52.2166110000000003
 30
0
 11
104.6404999999999887
 21
-52.0433889999999977
 31
0
  0
LINE
  5
86B
330
22
100
AcDbEntity
  8
F.Cu
  6
CONTINUOUS
100
AcDbLine
 10
104.6404999999999887
 20
-52.0433889999999977
 30
0
 11
104.6134019999999936
 21
-51.8722989999999982
 31
0
  0
LINE
  5
86C
330
22
100
AcDbEntity
  8
F.Cu
  6
CONTINUOUS
100
AcDbLine
 10
104.6134019999999936
 20
-51.8722989999999982
 30
0
 11
104.5598729999999961
 21
-51.7075549999999993
 31
0
  0
LINE
  5
86D
330
22
100
AcDbEntity
  8
F.Cu
  6
CONTINUOUS
100
AcDbLine
 10
104.5598729999999961
 20
-51.7075549999999993
 30
0
 11
104.4812319999999914
 21
-51.5532119999999949
 31
0
  0
LINE
  5
86E
330
22
100
AcDbEntity
  8
F.Cu
  6
CONTINUOUS
100
AcDbLine
 10
104.4812319999999914
 20
-51.5532119999999949
 30
0
 11
104.379413999999997
 21
-51.4130719999999997
 31
0
  0
LINE
  5
86F
330
22
100
AcDbEntity
  8
F.Cu
  6
CONTINUOUS
100
AcDbLine
 10
104.379413999999997
 20
-51.4130719999999997
 30
0
 11
104.256928000000002
 21
-51.2905859999999976
 31
0
  0
LINE
  5
870
330
22
100
AcDbEntity
  8
F.Cu
  6
CONTINUOUS
100
AcDbLine
 10
104.256928000000002
 20
-51.2905859999999976
 30
0
 11
104.1167879999999997
 21
-51.1887679999999961
 31
0
  0
LINE
  5
871
330
22
100
AcDbEntity
  8
F.Cu
  6
CONTINUOUS
100
AcDbLine
 10
104.1167879999999997
 20
-51.1887679999999961
 30
0
 11
103.9624449999999882
 21
-51.1101269999999985
 31
0
  0
LINE
  5
872
330
22
100
AcDbEntity
  8
F.Cu
  6
CONTINUOUS
100
AcDbLine
 10
103.9624449999999882
 20
-51.1101269999999985
 30
0
 11
103.7977009999999893
 21
-51.056598000000001
 31
0
  0
LINE
  5
873
330
22
100
AcDbEntity
  8
F.Cu
  6
CONTINUOUS
100
AcDbLine
 10
103.7977009999999893
 20
-51.056598000000001
 30
0
 11
103.7976989999999944
 21
-51.0565969999999965
 31
0
  0
LINE
  5
874
330
22
100
AcDbEntity
  8
F.Cu
  6
CONTINUOUS
100
AcDbLine
 10
103.7976989999999944
 20
-51.0565969999999965
 30
0
 11
103.7976979999999969
 21
-51.0565969999999965
 31
0
  0
LINE
  5
875
330
22
100
AcDbEntity
  8
F.Cu
  6
CONTINUOUS
100
AcDbLine
 10
103.7976979999999969
 20
-51.0565969999999965
 30
0
 11
103.6662709999999947
 21
-51.0357810000000001
 31
0
  0
LINE
  5
876
330
22
100
AcDbEntity
  8
F.Cu
  6
CONTINUOUS
100
AcDbLine
 10
103.6662709999999947
 20
-51.0357810000000001
 30
0
 11
103.6266109999999969
 21
-51.0294999999999987
 31
0
  0
LINE
  5
877
330
22
100
AcDbEntity
  8
F.Cu
  6
CONTINUOUS
100
AcDbLine
 10
103.6266109999999969
 20
-51.0294999999999987
 30
0
 11
103.4533890000000014
 21
-51.0294999999999987
 31
0
  0
LINE
  5
878
330
22
100
AcDbEntity
  8
F.Cu
  6
CONTINUOUS
100
AcDbLine
 10
103.4533890000000014
 20
-51.0294999999999987
 30
0
 11
103.4137279999999919
 21
-51.0357810000000001
 31
0
  0
LINE
  5
879
330
22
100
AcDbEntity
  8
F.Cu
  6
CONTINUOUS
100
AcDbLine
 10
103.4137279999999919
 20
-51.0357810000000001
 30
0
 11
103.2823020000000014
 21
-51.0565969999999965
 31
0
  0
LINE
  5
87A
330
22
100
AcDbEntity
  8
F.Cu
  6
CONTINUOUS
100
AcDbLine
 10
103.2823020000000014
 20
-51.0565969999999965
 30
0
 11
103.1175519999999892
 21
-51.110127999999996
 31
0
  0
LINE
  5
87B
330
22
100
AcDbEntity
  8
F.Cu
  6
CONTINUOUS
100
AcDbLine
 10
103.1175519999999892
 20
-51.110127999999996
 30
0
 11
102.9632110000000011
 21
-51.1887679999999961
 31
0
  0
LINE
  5
87C
330
22
100
AcDbEntity
  8
F.Cu
  6
CONTINUOUS
100
AcDbLine
 10
102.9632110000000011
 20
-51.1887679999999961
 30
0
 11
102.906289000000001
 21
-51.230125000000001
 31
0
  0
LINE
  5
87D
330
22
100
AcDbEntity
  8
F.Cu
  6
CONTINUOUS
100
AcDbLine
 10
102.906289000000001
 20
-51.230125000000001
 30
0
 11
102.8230719999999963
 21
-51.2905859999999976
 31
0
  0
LINE
  5
87E
330
22
100
AcDbEntity
  8
F.Cu
  6
CONTINUOUS
100
AcDbLine
 10
102.8230719999999963
 20
-51.2905859999999976
 30
0
 11
102.8230700000000013
 21
-51.2905879999999996
 31
0
  0
LINE
  5
87F
330
22
100
AcDbEntity
  8
F.Cu
  6
CONTINUOUS
100
AcDbLine
 10
102.8230700000000013
 20
-51.2905879999999996
 30
0
 11
102.8230689999999896
 21
-51.2905879999999996
 31
0
  0
LINE
  5
880
330
22
100
AcDbEntity
  8
F.Cu
  6
CONTINUOUS
100
AcDbLine
 10
102.8230689999999896
 20
-51.2905879999999996
 30
0
 11
102.7005879999999962
 21
-51.4130690000000001
 31
0
  0
LINE
  5
881
330
22
100
AcDbEntity
  8
F.Cu
  6
CONTINUOUS
100
AcDbLine
 10
102.7005879999999962
 20
-51.4130690000000001
 30
0
 11
102.7005879999999962
 21
-51.4130699999999976
 31
0
  0
LINE
  5
882
330
22
100
AcDbEntity
  8
F.Cu
  6
CONTINUOUS
100
AcDbLine
 10
102.7005879999999962
 20
-51.4130699999999976
 30
0
 11
102.7005860000000013
 21
-51.4130719999999997
 31
0
  0
LINE
  5
883
330
22
100
AcDbEntity
  8
F.Cu
  6
CONTINUOUS
100
AcDbLine
 10
102.7005860000000013
 20
-51.4130719999999997
 30
0
 11
102.6568589999999972
 21
-51.4732559999999992
 31
0
  0
LINE
  5
884
330
22
100
AcDbEntity
  8
F.Cu
  6
CONTINUOUS
100
AcDbLine
 10
102.6568589999999972
 20
-51.4732559999999992
 30
0
 11
102.5987679999999926
 21
-51.5532109999999975
 31
0
  0
LINE
  5
885
330
22
100
AcDbEntity
  8
F.Cu
  6
CONTINUOUS
100
AcDbLine
 10
102.5987679999999926
 20
-51.5532109999999975
 30
0
 11
102.5201270000000022
 21
-51.7075529999999972
 31
0
  0
LINE
  5
886
330
22
100
AcDbEntity
  8
F.Cu
  6
CONTINUOUS
100
AcDbLine
 10
102.5201270000000022
 20
-51.7075529999999972
 30
0
 11
102.506647000000001
 21
-51.7490389999999962
 31
0
  0
LINE
  5
887
330
22
100
AcDbEntity
  8
F.Cu
  6
CONTINUOUS
100
AcDbLine
 10
102.506647000000001
 20
-51.7490389999999962
 30
0
 11
102.4672079999999994
 21
-51.8067139999999995
 31
0
  0
LINE
  5
888
330
22
100
AcDbEntity
  8
F.Cu
  6
CONTINUOUS
100
AcDbLine
 10
102.4672079999999994
 20
-51.8067139999999995
 30
0
 11
102.4028489999999891
 21
-51.8339099999999959
 31
0
  0
LINE
  5
889
330
22
100
AcDbEntity
  8
F.Cu
  6
CONTINUOUS
100
AcDbLine
 10
102.4028489999999891
 20
-51.8339099999999959
 30
0
 11
102.3340029999999956
 21
-51.8219939999999966
 31
0
  0
LINE
  5
88A
330
22
100
AcDbEntity
  8
F.Cu
  6
CONTINUOUS
100
AcDbLine
 10
102.3340029999999956
 20
-51.8219939999999966
 30
0
 11
102.3010359999999963
 21
-51.7983989999999963
 31
0
  0
LINE
  5
88B
330
22
100
AcDbEntity
  8
F.Cu
  6
CONTINUOUS
100
AcDbLine
 10
102.3010359999999963
 20
-51.7983989999999963
 30
0
 11
99.6409919999999971
 21
-49.1383549999999971
 31
0
  0
LINE
  5
88C
330
22
100
AcDbEntity
  8
F.Cu
  6
CONTINUOUS
100
AcDbLine
 10
99.6409919999999971
 20
-49.1383549999999971
 30
0
 11
99.6409900000000022
 21
-49.1383519999999976
 31
0
  0
LINE
  5
88D
330
22
100
AcDbEntity
  8
F.Cu
  6
CONTINUOUS
100
AcDbLine
 10
99.6409900000000022
 20
-49.1383519999999976
 30
0
 11
99.5221189999999893
 21
-49.019480999999999
 31
0
  0
LINE
  5
88E
330
22
100
AcDbEntity
  8
F.Cu
  6
CONTINUOUS
100
AcDbLine
 10
99.5221189999999893
 20
-49.019480999999999
 30
0
 11
99.5221179999999919
 21
-49.0194799999999944
 31
0
  0
LINE
  5
88F
330
22
100
AcDbEntity
  8
F.Cu
  6
CONTINUOUS
100
AcDbLine
 10
99.5221179999999919
 20
-49.0194799999999944
 30
0
 11
99.4353059999999971
 21
-48.9693599999999947
 31
0
  0
LINE
  5
890
330
22
100
AcDbEntity
  8
F.Cu
  6
CONTINUOUS
100
AcDbLine
 10
99.4353059999999971
 20
-48.9693599999999947
 30
0
 11
99.4353059999999971
 21
-48.9693589999999972
 31
0
  0
LINE
  5
891
330
22
100
AcDbEntity
  8
F.Cu
  6
CONTINUOUS
100
AcDbLine
 10
99.4353059999999971
 20
-48.9693589999999972
 30
0
 11
99.435301999999993
 21
-48.9693579999999997
 31
0
  0
LINE
  5
892
330
22
100
AcDbEntity
  8
F.Cu
  6
CONTINUOUS
100
AcDbLine
 10
99.435301999999993
 20
-48.9693579999999997
 30
0
 11
99.3851870000000019
 21
-48.9404229999999956
 31
0
  0
LINE
  5
893
330
22
100
AcDbEntity
  8
F.Cu
  6
CONTINUOUS
100
AcDbLine
 10
99.3851870000000019
 20
-48.9404229999999956
 30
0
 11
99.2324589999999915
 21
-48.8994989999999987
 31
0
  0
LINE
  5
894
330
22
100
AcDbEntity
  8
F.Cu
  6
CONTINUOUS
100
AcDbLine
 10
99.2324589999999915
 20
-48.8994989999999987
 30
0
 11
99.0743449999999939
 21
-48.8994989999999987
 31
0
  0
LINE
  5
895
330
22
100
AcDbEntity
  8
F.Cu
  6
CONTINUOUS
100
AcDbLine
 10
99.0743449999999939
 20
-48.8994989999999987
 30
0
 11
99.0667490000000015
 21
-48.8994989999999987
 31
0
  0
LINE
  5
896
330
22
100
AcDbEntity
  8
F.Cu
  6
CONTINUOUS
100
AcDbLine
 10
99.0667490000000015
 20
-48.8994989999999987
 30
0
 11
99.0667329999999993
 21
-48.8994999999999962
 31
0
  0
LINE
  5
897
330
22
100
AcDbEntity
  8
F.Cu
  6
CONTINUOUS
100
AcDbLine
 10
99.0667329999999993
 20
-48.8994999999999962
 30
0
 11
96.1704419999999942
 21
-48.8994999999999962
 31
0
  0
LINE
  5
898
330
22
100
AcDbEntity
  8
F.Cu
  6
CONTINUOUS
100
AcDbLine
 10
96.1704419999999942
 20
-48.8994999999999962
 30
0
 11
96.1034030000000001
 21
-48.8798150000000007
 31
0
  0
LINE
  5
899
330
22
100
AcDbEntity
  8
F.Cu
  6
CONTINUOUS
100
AcDbLine
 10
96.1034030000000001
 20
-48.8798150000000007
 30
0
 11
96.0599569999999972
 21
-48.831793999999995
 31
0
  0
LINE
  5
89A
330
22
100
AcDbEntity
  8
F.Cu
  6
CONTINUOUS
100
AcDbLine
 10
96.0599569999999972
 20
-48.831793999999995
 30
0
 11
96.0188689999999951
 21
-48.7511529999999951
 31
0
  0
LINE
  5
89B
330
22
100
AcDbEntity
  8
F.Cu
  6
CONTINUOUS
100
AcDbLine
 10
96.0188689999999951
 20
-48.7511529999999951
 30
0
 11
95.8707979999999935
 21
-48.5473499999999945
 31
0
  0
LINE
  5
89C
330
22
100
AcDbEntity
  8
F.Cu
  6
CONTINUOUS
100
AcDbLine
 10
95.8707979999999935
 20
-48.5473499999999945
 30
0
 11
95.8707939999999894
 21
-48.547345
 31
0
  0
LINE
  5
89D
330
22
100
AcDbEntity
  8
F.Cu
  6
CONTINUOUS
100
AcDbLine
 10
95.8707939999999894
 20
-48.547345
 30
0
 11
95.6926539999999903
 21
-48.3692050000000009
 31
0
  0
LINE
  5
89E
330
22
100
AcDbEntity
  8
F.Cu
  6
CONTINUOUS
100
AcDbLine
 10
95.6926539999999903
 20
-48.3692050000000009
 30
0
 11
95.6926489999999887
 21
-48.3692009999999968
 31
0
  0
LINE
  5
89F
330
22
100
AcDbEntity
  8
F.Cu
  6
CONTINUOUS
100
AcDbLine
 10
95.6926489999999887
 20
-48.3692009999999968
 30
0
 11
95.4888479999999902
 21
-48.2211319999999972
 31
0
  0
LINE
  5
8A0
330
22
100
AcDbEntity
  8
F.Cu
  6
CONTINUOUS
100
AcDbLine
 10
95.4888479999999902
 20
-48.2211319999999972
 30
0
 11
95.4888469999999927
 21
-48.2211309999999997
 31
0
  0
LINE
  5
8A1
330
22
100
AcDbEntity
  8
F.Cu
  6
CONTINUOUS
100
AcDbLine
 10
95.4888469999999927
 20
-48.2211309999999997
 30
0
 11
95.4888449999999978
 21
-48.2211299999999952
 31
0
  0
LINE
  5
8A2
330
22
100
AcDbEntity
  8
F.Cu
  6
CONTINUOUS
100
AcDbLine
 10
95.4888449999999978
 20
-48.2211299999999952
 30
0
 11
95.4187469999999962
 21
-48.1854129999999969
 31
0
  0
LINE
  5
8A3
330
22
100
AcDbEntity
  8
F.Cu
  6
CONTINUOUS
100
AcDbLine
 10
95.4187469999999962
 20
-48.1854129999999969
 30
0
 11
95.2643829999999951
 21
-48.1067600000000013
 31
0
  0
LINE
  5
8A4
330
22
100
AcDbEntity
  8
F.Cu
  6
CONTINUOUS
100
AcDbLine
 10
95.2643829999999951
 20
-48.1067600000000013
 30
0
 11
95.0247849999999943
 21
-48.0289099999999962
 31
0
  0
LINE
  5
8A5
330
22
100
AcDbEntity
  8
F.Cu
  6
CONTINUOUS
100
AcDbLine
 10
95.0247849999999943
 20
-48.0289099999999962
 30
0
 11
94.7759619999999927
 21
-47.9894999999999996
 31
0
  0
LINE
  5
8A6
330
22
100
AcDbEntity
  8
F.Cu
  6
CONTINUOUS
100
AcDbLine
 10
94.7759619999999927
 20
-47.9894999999999996
 30
0
 11
94.5240379999999902
 21
-47.9894999999999996
 31
0
  0
LINE
  5
8A7
330
22
100
AcDbEntity
  8
F.Cu
  6
CONTINUOUS
100
AcDbLine
 10
94.5240379999999902
 20
-47.9894999999999996
 30
0
 11
94.3996259999999978
 21
-48.0092049999999944
 31
0
  0
LINE
  5
8A8
330
22
100
AcDbEntity
  8
F.Cu
  6
CONTINUOUS
100
AcDbLine
 10
94.3996259999999978
 20
-48.0092049999999944
 30
0
 11
94.2752139999999912
 21
-48.0289099999999962
 31
0
  0
LINE
  5
8A9
330
22
100
AcDbEntity
  8
F.Cu
  6
CONTINUOUS
100
AcDbLine
 10
94.2752139999999912
 20
-48.0289099999999962
 30
0
 11
94.0356159999999903
 21
-48.1067600000000013
 31
0
  0
LINE
  5
8AA
330
22
100
AcDbEntity
  8
F.Cu
  6
CONTINUOUS
100
AcDbLine
 10
94.0356159999999903
 20
-48.1067600000000013
 30
0
 11
93.8111509999999953
 21
-48.2211319999999972
 31
0
  0
LINE
  5
8AB
330
22
100
AcDbEntity
  8
F.Cu
  6
CONTINUOUS
100
AcDbLine
 10
93.8111509999999953
 20
-48.2211319999999972
 30
0
 11
93.6073499999999967
 21
-48.3692009999999968
 31
0
  0
LINE
  5
8AC
330
22
100
AcDbEntity
  8
F.Cu
  6
CONTINUOUS
100
AcDbLine
 10
93.6073499999999967
 20
-48.3692009999999968
 30
0
 11
93.6073449999999951
 21
-48.3692050000000009
 31
0
  0
LINE
  5
8AD
330
22
100
AcDbEntity
  8
F.Cu
  6
CONTINUOUS
100
AcDbLine
 10
93.6073449999999951
 20
-48.3692050000000009
 30
0
 11
93.4292049999999961
 21
-48.547345
 31
0
  0
LINE
  5
8AE
330
22
100
AcDbEntity
  8
F.Cu
  6
CONTINUOUS
100
AcDbLine
 10
93.4292049999999961
 20
-48.547345
 30
0
 11
93.429200999999992
 21
-48.5473499999999945
 31
0
  0
LINE
  5
8AF
330
22
100
AcDbEntity
  8
F.Cu
  6
CONTINUOUS
100
AcDbLine
 10
93.429200999999992
 20
-48.5473499999999945
 30
0
 11
93.2811319999999995
 21
-48.7511510000000001
 31
0
  0
LINE
  5
8B0
330
22
100
AcDbEntity
  8
F.Cu
  6
CONTINUOUS
100
AcDbLine
 10
93.2811319999999995
 20
-48.7511510000000001
 30
0
 11
93.1667599999999965
 21
-48.9756159999999952
 31
0
  0
LINE
  5
8B1
330
22
100
AcDbEntity
  8
F.Cu
  6
CONTINUOUS
100
AcDbLine
 10
93.1667599999999965
 20
-48.9756159999999952
 30
0
 11
93.0889099999999985
 21
-49.215213999999996
 31
0
  0
LINE
  5
8B2
330
22
100
AcDbEntity
  8
F.Cu
  6
CONTINUOUS
100
AcDbLine
 10
93.0889099999999985
 20
-49.215213999999996
 30
0
 11
93.0494999999999948
 21
-49.4640379999999951
 31
0
  0
LINE
  5
8B3
330
22
100
AcDbEntity
  8
F.Cu
  6
CONTINUOUS
100
AcDbLine
 10
93.0494999999999948
 20
-49.4640379999999951
 30
0
 11
93.0494999999999948
 21
-49.7159610000000001
 31
0
  0
LINE
  5
8B4
330
22
100
AcDbEntity
  8
F.Cu
  6
CONTINUOUS
100
AcDbLine
 10
93.0494999999999948
 20
-49.7159610000000001
 30
0
 11
93.0889099999999985
 21
-49.9647849999999991
 31
0
  0
LINE
  5
8B5
330
22
100
AcDbEntity
  8
F.Cu
  6
CONTINUOUS
100
AcDbLine
 10
93.0889099999999985
 20
-49.9647849999999991
 30
0
 11
93.1667599999999965
 21
-50.204383
 31
0
  0
LINE
  5
8B6
330
22
100
AcDbEntity
  8
F.Cu
  6
CONTINUOUS
100
AcDbLine
 10
93.1667599999999965
 20
-50.204383
 30
0
 11
93.2811319999999995
 21
-50.428847999999995
 31
0
  0
LINE
  5
8B7
330
22
100
AcDbEntity
  8
F.Cu
  6
CONTINUOUS
100
AcDbLine
 10
93.2811319999999995
 20
-50.428847999999995
 30
0
 11
93.429200999999992
 21
-50.6326490000000007
 31
0
  0
LINE
  5
8B8
330
22
100
AcDbEntity
  8
F.Cu
  6
CONTINUOUS
100
AcDbLine
 10
93.429200999999992
 20
-50.6326490000000007
 30
0
 11
93.4292049999999961
 21
-50.6326539999999952
 31
0
  0
LINE
  5
8B9
330
22
100
AcDbEntity
  8
F.Cu
  6
CONTINUOUS
100
AcDbLine
 10
93.4292049999999961
 20
-50.6326539999999952
 30
0
 11
93.429206999999991
 21
-50.6326559999999972
 31
0
  0
LINE
  5
8BA
330
22
100
AcDbEntity
  8
F.Cu
  6
CONTINUOUS
100
AcDbLine
 10
93.429206999999991
 20
-50.6326559999999972
 30
0
 11
93.6073439999999977
 21
-50.8107929999999968
 31
0
  0
LINE
  5
8BB
330
22
100
AcDbEntity
  8
F.Cu
  6
CONTINUOUS
100
AcDbLine
 10
93.6073439999999977
 20
-50.8107929999999968
 30
0
 11
93.6073449999999951
 21
-50.8107939999999942
 31
0
  0
LINE
  5
8BC
330
22
100
AcDbEntity
  8
F.Cu
  6
CONTINUOUS
100
AcDbLine
 10
93.6073449999999951
 20
-50.8107939999999942
 30
0
 11
93.6073439999999977
 21
-50.8107939999999942
 31
0
  0
LINE
  5
8BD
330
22
100
AcDbEntity
  8
F.Cu
  6
CONTINUOUS
100
AcDbLine
 10
93.6073439999999977
 20
-50.8107939999999942
 30
0
 11
93.6136609999999934
 21
-50.8153829999999971
 31
0
  0
LINE
  5
8BE
330
22
100
AcDbEntity
  8
F.Cu
  6
CONTINUOUS
100
AcDbLine
 10
93.6136609999999934
 20
-50.8153829999999971
 30
0
 11
93.6563269999999903
 21
-50.8707139999999995
 31
0
  0
LINE
  5
8BF
330
22
100
AcDbEntity
  8
F.Cu
  6
CONTINUOUS
100
AcDbLine
 10
93.6563269999999903
 20
-50.8707139999999995
 30
0
 11
93.6623049999999893
 21
-50.9403269999999964
 31
0
  0
LINE
  5
8C0
330
22
100
AcDbEntity
  8
F.Cu
  6
CONTINUOUS
100
AcDbLine
 10
93.6623049999999893
 20
-50.9403269999999964
 30
0
 11
93.6296990000000022
 21
-51.002122
 31
0
  0
LINE
  5
8C1
330
22
100
AcDbEntity
  8
F.Cu
  6
CONTINUOUS
100
AcDbLine
 10
93.6296990000000022
 20
-51.002122
 30
0
 11
93.5688600000000008
 21
-51.0364789999999999
 31
0
  0
LINE
  5
8C2
330
22
100
AcDbEntity
  8
F.Cu
  6
CONTINUOUS
100
AcDbLine
 10
93.5688600000000008
 20
-51.0364789999999999
 30
0
 11
93.5213779999999986
 21
-51.0381739999999979
 31
0
  0
LINE
  5
8C3
330
22
100
AcDbEntity
  8
F.Cu
  6
CONTINUOUS
100
AcDbLine
 10
93.5213779999999986
 20
-51.0381739999999979
 30
0
 11
93.4666110000000003
 21
-51.0294999999999987
 31
0
  0
LINE
  5
8C4
330
22
100
AcDbEntity
  8
F.Cu
  6
CONTINUOUS
100
AcDbLine
 10
93.4666110000000003
 20
-51.0294999999999987
 30
0
 11
93.2933889999999906
 21
-51.0294999999999987
 31
0
  0
LINE
  5
8C5
330
22
100
AcDbEntity
  8
F.Cu
  6
CONTINUOUS
100
AcDbLine
 10
93.2933889999999906
 20
-51.0294999999999987
 30
0
 11
93.2537279999999953
 21
-51.0357810000000001
 31
0
  0
LINE
  5
8C6
330
22
100
AcDbEntity
  8
F.Cu
  6
CONTINUOUS
100
AcDbLine
 10
93.2537279999999953
 20
-51.0357810000000001
 30
0
 11
93.1223019999999906
 21
-51.0565969999999965
 31
0
  0
LINE
  5
8C7
330
22
100
AcDbEntity
  8
F.Cu
  6
CONTINUOUS
100
AcDbLine
 10
93.1223019999999906
 20
-51.0565969999999965
 30
0
 11
92.9575519999999926
 21
-51.110127999999996
 31
0
  0
LINE
  5
8C8
330
22
100
AcDbEntity
  8
F.Cu
  6
CONTINUOUS
100
AcDbLine
 10
92.9575519999999926
 20
-51.110127999999996
 30
0
 11
92.8032109999999903
 21
-51.1887679999999961
 31
0
  0
LINE
  5
8C9
330
22
100
AcDbEntity
  8
F.Cu
  6
CONTINUOUS
100
AcDbLine
 10
92.8032109999999903
 20
-51.1887679999999961
 30
0
 11
92.7462889999999902
 21
-51.230125000000001
 31
0
  0
LINE
  5
8CA
330
22
100
AcDbEntity
  8
F.Cu
  6
CONTINUOUS
100
AcDbLine
 10
92.7462889999999902
 20
-51.230125000000001
 30
0
 11
92.6630719999999997
 21
-51.2905859999999976
 31
0
  0
LINE
  5
8CB
330
22
100
AcDbEntity
  8
F.Cu
  6
CONTINUOUS
100
AcDbLine
 10
92.6630719999999997
 20
-51.2905859999999976
 30
0
 11
92.6630699999999905
 21
-51.2905879999999996
 31
0
  0
LINE
  5
8CC
330
22
100
AcDbEntity
  8
F.Cu
  6
CONTINUOUS
100
AcDbLine
 10
92.6630699999999905
 20
-51.2905879999999996
 30
0
 11
92.663068999999993
 21
-51.2905879999999996
 31
0
  0
LINE
  5
8CD
330
22
100
AcDbEntity
  8
F.Cu
  6
CONTINUOUS
100
AcDbLine
 10
92.663068999999993
 20
-51.2905879999999996
 30
0
 11
92.5405879999999996
 21
-51.4130690000000001
 31
0
  0
LINE
  5
8CE
330
22
100
AcDbEntity
  8
F.Cu
  6
CONTINUOUS
100
AcDbLine
 10
92.5405879999999996
 20
-51.4130690000000001
 30
0
 11
92.5405879999999996
 21
-51.4130699999999976
 31
0
  0
LINE
  5
8CF
330
22
100
AcDbEntity
  8
F.Cu
  6
CONTINUOUS
100
AcDbLine
 10
92.5405879999999996
 20
-51.4130699999999976
 30
0
 11
92.5405859999999905
 21
-51.4130719999999997
 31
0
  0
LINE
  5
8D0
330
22
100
AcDbEntity
  8
F.Cu
  6
CONTINUOUS
100
AcDbLine
 10
92.5405859999999905
 20
-51.4130719999999997
 30
0
 11
92.4968590000000006
 21
-51.4732559999999992
 31
0
  0
LINE
  5
8D1
330
22
100
AcDbEntity
  8
F.Cu
  6
CONTINUOUS
100
AcDbLine
 10
92.4968590000000006
 20
-51.4732559999999992
 30
0
 11
92.4387679999999961
 21
-51.5532109999999975
 31
0
  0
LINE
  5
8D2
330
22
100
AcDbEntity
  8
F.Cu
  6
CONTINUOUS
100
AcDbLine
 10
92.4387679999999961
 20
-51.5532109999999975
 30
0
 11
92.3601279999999889
 21
-51.7075519999999997
 31
0
  0
LINE
  5
8D3
330
22
100
AcDbEntity
  8
F.Cu
  6
CONTINUOUS
100
AcDbLine
 10
92.3601279999999889
 20
-51.7075519999999997
 30
0
 11
92.3065969999999965
 21
-51.8723019999999977
 31
0
  0
LINE
  5
8D4
330
22
100
AcDbEntity
  8
F.Cu
  6
CONTINUOUS
100
AcDbLine
 10
92.3065969999999965
 20
-51.8723019999999977
 30
0
 11
92.2794999999999987
 21
-52.0433889999999977
 31
0
  0
LINE
  5
8D5
330
22
100
AcDbEntity
  8
F.Cu
  6
CONTINUOUS
100
AcDbLine
 10
92.2794999999999987
 20
-52.0433889999999977
 30
0
 11
92.2794999999999987
 21
-52.2166099999999958
 31
0
  0
LINE
  5
8D6
330
22
100
AcDbEntity
  8
F.Cu
  6
CONTINUOUS
100
AcDbLine
 10
92.2794999999999987
 20
-52.2166099999999958
 30
0
 11
92.3048840000000013
 21
-52.3768829999999994
 31
0
  0
LINE
  5
8D7
330
22
100
AcDbEntity
  8
F.Cu
  6
CONTINUOUS
100
AcDbLine
 10
92.3048840000000013
 20
-52.3768829999999994
 30
0
 11
92.3065979999999939
 21
-52.3877009999999999
 31
0
  0
LINE
  5
8D8
330
22
100
AcDbEntity
  8
F.Cu
  6
CONTINUOUS
100
AcDbLine
 10
92.3065979999999939
 20
-52.3877009999999999
 30
0
 11
92.3601269999999914
 21
-52.5524449999999987
 31
0
  0
LINE
  5
8D9
330
22
100
AcDbEntity
  8
F.Cu
  6
CONTINUOUS
100
AcDbLine
 10
92.3601269999999914
 20
-52.5524449999999987
 30
0
 11
92.4387679999999961
 21
-52.706787999999996
 31
0
  0
LINE
  5
8DA
330
22
100
AcDbEntity
  8
F.Cu
  6
CONTINUOUS
100
AcDbLine
 10
92.4387679999999961
 20
-52.706787999999996
 30
0
 11
92.5405859999999905
 21
-52.8469279999999983
 31
0
  0
LINE
  5
8DB
330
22
100
AcDbEntity
  8
F.Cu
  6
CONTINUOUS
100
AcDbLine
 10
92.5405859999999905
 20
-52.8469279999999983
 30
0
 11
92.6630719999999997
 21
-52.9694140000000004
 31
0
  0
LINE
  5
8DC
330
22
100
AcDbEntity
  8
F.Cu
  6
CONTINUOUS
100
AcDbLine
 10
92.6630719999999997
 20
-52.9694140000000004
 30
0
 11
92.803212000000002
 21
-53.0712319999999949
 31
0
  0
LINE
  5
8DD
330
22
100
AcDbEntity
  8
F.Cu
  6
CONTINUOUS
100
AcDbLine
 10
92.803212000000002
 20
-53.0712319999999949
 30
0
 11
92.9575549999999993
 21
-53.1498729999999995
 31
0
  0
LINE
  5
8DE
330
22
100
AcDbEntity
  8
F.Cu
  6
CONTINUOUS
100
AcDbLine
 10
92.9575549999999993
 20
-53.1498729999999995
 30
0
 11
93.1222989999999982
 21
-53.203401999999997
 31
0
  0
LINE
  5
8DF
330
22
100
AcDbEntity
  8
F.Cu
  6
CONTINUOUS
100
AcDbLine
 10
93.1222989999999982
 20
-53.203401999999997
 30
0
 11
93.2933889999999906
 21
-53.2304999999999993
 31
0
  0
LINE
  5
8E0
330
22
100
AcDbEntity
  8
F.Cu
  6
CONTINUOUS
100
AcDbLine
 10
93.2933889999999906
 20
-53.2304999999999993
 30
0
 11
93.2933900000000023
 21
-53.2304999999999993
 31
0
  0
LINE
  5
8E1
330
22
100
AcDbEntity
  8
F.Cu
  6
CONTINUOUS
100
AcDbLine
 10
93.2933900000000023
 20
-53.2304999999999993
 30
0
 11
93.4666100000000029
 21
-53.2304999999999993
 31
0
  0
LINE
  5
8E2
330
22
100
AcDbEntity
  8
F.Cu
  6
CONTINUOUS
100
AcDbLine
 10
93.4666100000000029
 20
-53.2304999999999993
 30
0
 11
93.4666110000000003
 21
-53.2304999999999993
 31
0
  0
LINE
  5
8E3
330
22
100
AcDbEntity
  8
F.Cu
  6
CONTINUOUS
100
AcDbLine
 10
93.4666110000000003
 20
-53.2304999999999993
 30
0
 11
93.6377009999999927
 21
-53.203401999999997
 31
0
  0
LINE
  5
8E4
330
22
100
AcDbEntity
  8
F.Cu
  6
CONTINUOUS
100
AcDbLine
 10
93.6377009999999927
 20
-53.203401999999997
 30
0
 11
93.8024449999999916
 21
-53.1498729999999995
 31
0
  0
LINE
  5
8E5
330
22
100
AcDbEntity
  8
F.Cu
  6
CONTINUOUS
100
AcDbLine
 10
93.8024449999999916
 20
-53.1498729999999995
 30
0
 11
93.9567879999999889
 21
-53.0712319999999949
 31
0
  0
LINE
  5
8E6
330
22
100
AcDbEntity
  8
F.Cu
  6
CONTINUOUS
100
AcDbLine
 10
93.9567879999999889
 20
-53.0712319999999949
 30
0
 11
94.0969279999999912
 21
-52.9694140000000004
 31
0
  0
LINE
  5
8E7
330
22
100
AcDbEntity
  8
F.Cu
  6
CONTINUOUS
100
AcDbLine
 10
94.0969279999999912
 20
-52.9694140000000004
 30
0
 11
94.2194140000000004
 21
-52.8469279999999983
 31
0
  0
LINE
  5
8E8
330
22
100
AcDbEntity
  8
F.Cu
  6
CONTINUOUS
100
AcDbLine
 10
94.2194140000000004
 20
-52.8469279999999983
 30
0
 11
94.3212319999999949
 21
-52.706787999999996
 31
0
  0
LINE
  5
8E9
330
22
100
AcDbEntity
  8
F.Cu
  6
CONTINUOUS
100
AcDbLine
 10
94.3212319999999949
 20
-52.706787999999996
 30
0
 11
94.3998729999999995
 21
-52.5524449999999987
 31
0
  0
LINE
  5
8EA
330
22
100
AcDbEntity
  8
F.Cu
  6
CONTINUOUS
100
AcDbLine
 10
94.3998729999999995
 20
-52.5524449999999987
 30
0
 11
94.453401999999997
 21
-52.3877009999999999
 31
0
  0
LINE
  5
8EB
330
22
100
AcDbEntity
  8
F.Cu
  6
CONTINUOUS
100
AcDbLine
 10
94.453401999999997
 20
-52.3877009999999999
 30
0
 11
94.4804999999999922
 21
-52.2166110000000003
 31
0
  0
LINE
  5
8EC
330
22
100
AcDbEntity
  8
F.Cu
  6
CONTINUOUS
100
AcDbLine
 10
94.4804999999999922
 20
-52.2166110000000003
 30
0
 11
94.4804999999999922
 21
-52.0433889999999977
 31
0
  0
LINE
  5
8ED
330
22
100
AcDbEntity
  8
F.Cu
  6
CONTINUOUS
100
AcDbLine
 10
94.4804999999999922
 20
-52.0433889999999977
 30
0
 11
94.453401999999997
 21
-51.8722989999999982
 31
0
  0
LINE
  5
8EE
330
22
100
AcDbEntity
  8
F.Cu
  6
CONTINUOUS
100
AcDbLine
 10
94.453401999999997
 20
-51.8722989999999982
 30
0
 11
94.3998729999999995
 21
-51.7075549999999993
 31
0
  0
LINE
  5
8EF
330
22
100
AcDbEntity
  8
F.Cu
  6
CONTINUOUS
100
AcDbLine
 10
94.3998729999999995
 20
-51.7075549999999993
 30
0
 11
94.3212319999999949
 21
-51.5532119999999949
 31
0
  0
LINE
  5
8F0
330
22
100
AcDbEntity
  8
F.Cu
  6
CONTINUOUS
100
AcDbLine
 10
94.3212319999999949
 20
-51.5532119999999949
 30
0
 11
94.2194140000000004
 21
-51.4130719999999997
 31
0
  0
LINE
  5
8F1
330
22
100
AcDbEntity
  8
F.Cu
  6
CONTINUOUS
100
AcDbLine
 10
94.2194140000000004
 20
-51.4130719999999997
 30
0
 11
94.1674819999999926
 21
-51.3611399999999989
 31
0
  0
LINE
  5
8F2
330
22
100
AcDbEntity
  8
F.Cu
  6
CONTINUOUS
100
AcDbLine
 10
94.1674819999999926
 20
-51.3611399999999989
 30
0
 11
94.1339969999999937
 21
-51.2998169999999973
 31
0
  0
LINE
  5
8F3
330
22
100
AcDbEntity
  8
F.Cu
  6
CONTINUOUS
100
AcDbLine
 10
94.1339969999999937
 20
-51.2998169999999973
 30
0
 11
94.1389810000000011
 21
-51.230125000000001
 31
0
  0
LINE
  5
8F4
330
22
100
AcDbEntity
  8
F.Cu
  6
CONTINUOUS
100
AcDbLine
 10
94.1389810000000011
 20
-51.230125000000001
 30
0
 11
94.180852999999999
 21
-51.1741919999999979
 31
0
  0
LINE
  5
8F5
330
22
100
AcDbEntity
  8
F.Cu
  6
CONTINUOUS
100
AcDbLine
 10
94.180852999999999
 20
-51.1741919999999979
 30
0
 11
94.2463169999999906
 21
-51.1497749999999982
 31
0
  0
LINE
  5
8F6
330
22
100
AcDbEntity
  8
F.Cu
  6
CONTINUOUS
100
AcDbLine
 10
94.2463169999999906
 20
-51.1497749999999982
 30
0
 11
94.2745609999999914
 21
-51.1509859999999961
 31
0
  0
LINE
  5
8F7
330
22
100
AcDbEntity
  8
F.Cu
  6
CONTINUOUS
100
AcDbLine
 10
94.2745609999999914
 20
-51.1509859999999961
 30
0
 11
94.2752119999999962
 21
-51.1510889999999989
 31
0
  0
LINE
  5
8F8
330
22
100
AcDbEntity
  8
F.Cu
  6
CONTINUOUS
100
AcDbLine
 10
94.2752119999999962
 20
-51.1510889999999989
 30
0
 11
94.2752149999999887
 21
-51.1510899999999964
 31
0
  0
LINE
  5
8F9
330
22
100
AcDbEntity
  8
F.Cu
  6
CONTINUOUS
100
AcDbLine
 10
94.2752149999999887
 20
-51.1510899999999964
 30
0
 11
94.5240379999999902
 21
-51.1905000000000001
 31
0
  0
LINE
  5
8FA
330
22
100
AcDbEntity
  8
F.Cu
  6
CONTINUOUS
100
AcDbLine
 10
94.5240379999999902
 20
-51.1905000000000001
 30
0
 11
94.5240390000000019
 21
-51.1905000000000001
 31
0
  0
LINE
  5
8FB
330
22
100
AcDbEntity
  8
F.Cu
  6
CONTINUOUS
100
AcDbLine
 10
94.5240390000000019
 20
-51.1905000000000001
 30
0
 11
94.7759609999999952
 21
-51.1905000000000001
 31
0
  0
LINE
  5
8FC
330
22
100
AcDbEntity
  8
F.Cu
  6
CONTINUOUS
100
AcDbLine
 10
94.7759609999999952
 20
-51.1905000000000001
 30
0
 11
94.7759619999999927
 21
-51.1905000000000001
 31
0
  0
LINE
  5
8FD
330
22
100
AcDbEntity
  8
F.Cu
  6
CONTINUOUS
100
AcDbLine
 10
94.7759619999999927
 20
-51.1905000000000001
 30
0
 11
95.0247849999999943
 21
-51.1510899999999964
 31
0
  0
LINE
  5
8FE
330
22
100
AcDbEntity
  8
F.Cu
  6
CONTINUOUS
100
AcDbLine
 10
95.0247849999999943
 20
-51.1510899999999964
 30
0
 11
95.264378999999991
 21
-51.0732409999999959
 31
0
  0
LINE
  5
8FF
330
22
100
AcDbEntity
  8
F.Cu
  6
CONTINUOUS
100
AcDbLine
 10
95.264378999999991
 20
-51.0732409999999959
 30
0
 11
95.4888449999999978
 21
-50.9588699999999974
 31
0
  0
LINE
  5
900
330
22
100
AcDbEntity
  8
F.Cu
  6
CONTINUOUS
100
AcDbLine
 10
95.4888449999999978
 20
-50.9588699999999974
 30
0
 11
95.6926559999999995
 21
-50.8107929999999968
 31
0
  0
LINE
  5
901
330
22
100
AcDbEntity
  8
F.Cu
  6
CONTINUOUS
100
AcDbLine
 10
95.6926559999999995
 20
-50.8107929999999968
 30
0
 11
95.8707929999999919
 21
-50.6326559999999972
 31
0
  0
LINE
  5
902
330
22
100
AcDbEntity
  8
F.Cu
  6
CONTINUOUS
100
AcDbLine
 10
95.8707929999999919
 20
-50.6326559999999972
 30
0
 11
96.0188699999999926
 21
-50.4288449999999955
 31
0
  0
LINE
  5
903
330
22
100
AcDbEntity
  8
F.Cu
  6
CONTINUOUS
100
AcDbLine
 10
96.0188699999999926
 20
-50.4288449999999955
 30
0
 11
96.1332409999999982
 21
-50.2043789999999959
 31
0
  0
LINE
  5
904
330
22
100
AcDbEntity
  8
F.Cu
  6
CONTINUOUS
100
AcDbLine
 10
96.1332409999999982
 20
-50.2043789999999959
 30
0
 11
96.1391539999999907
 21
-50.1861819999999952
 31
0
  0
LINE
  5
905
330
22
100
AcDbEntity
  8
F.Cu
  6
CONTINUOUS
100
AcDbLine
 10
96.1391539999999907
 20
-50.1861819999999952
 30
0
 11
96.1785919999999948
 21
-50.1285059999999945
 31
0
  0
LINE
  5
906
330
22
100
AcDbEntity
  8
F.Cu
  6
CONTINUOUS
100
AcDbLine
 10
96.1785919999999948
 20
-50.1285059999999945
 30
0
 11
96.2429499999999933
 21
-50.101307999999996
 31
0
  0
LINE
  5
907
330
22
100
AcDbEntity
  8
F.Cu
  6
CONTINUOUS
100
AcDbLine
 10
96.2429499999999933
 20
-50.101307999999996
 30
0
 11
96.2570849999999893
 21
-50.1004999999999967
 31
0
  0
LINE
  5
908
330
22
100
AcDbEntity
  8
F.Cu
  6
CONTINUOUS
100
AcDbLine
 10
96.2570849999999893
 20
-50.1004999999999967
 30
0
 11
97.042751999999993
 21
-50.1004999999999967
 31
0
  0
LINE
  5
909
330
22
100
AcDbEntity
  8
F.Cu
  6
CONTINUOUS
100
AcDbLine
 10
97.042751999999993
 20
-50.1004999999999967
 30
0
 11
97.1097910000000013
 21
-50.1201849999999993
 31
0
  0
LINE
  5
90A
330
22
100
AcDbEntity
  8
F.Cu
  6
CONTINUOUS
100
AcDbLine
 10
97.1097910000000013
 20
-50.1201849999999993
 30
0
 11
97.1555460000000011
 21
-50.1729890000000012
 31
0
  0
LINE
  5
90B
330
22
100
AcDbEntity
  8
F.Cu
  6
CONTINUOUS
100
AcDbLine
 10
97.1555460000000011
 20
-50.1729890000000012
 30
0
 11
97.1654899999999913
 21
-50.2421469999999957
 31
0
  0
LINE
  5
90C
330
22
100
AcDbEntity
  8
F.Cu
  6
CONTINUOUS
100
AcDbLine
 10
97.1654899999999913
 20
-50.2421469999999957
 30
0
 11
97.1364650000000012
 21
-50.3057030000000012
 31
0
  0
LINE
  5
90D
330
22
100
AcDbEntity
  8
F.Cu
  6
CONTINUOUS
100
AcDbLine
 10
97.1364650000000012
 20
-50.3057030000000012
 30
0
 11
97.118237999999991
 21
-50.3228760000000008
 31
0
  0
LINE
  5
90E
330
22
100
AcDbEntity
  8
F.Cu
  6
CONTINUOUS
100
AcDbLine
 10
97.118237999999991
 20
-50.3228760000000008
 30
0
 11
96.9729589999999888
 21
-50.434351999999997
 31
0
  0
LINE
  5
90F
330
22
100
AcDbEntity
  8
F.Cu
  6
CONTINUOUS
100
AcDbLine
 10
96.9729589999999888
 20
-50.434351999999997
 30
0
 11
96.9729519999999923
 21
-50.434357999999996
 31
0
  0
LINE
  5
910
330
22
100
AcDbEntity
  8
F.Cu
  6
CONTINUOUS
100
AcDbLine
 10
96.9729519999999923
 20
-50.434357999999996
 30
0
 11
96.7643580000000014
 21
-50.6429520000000011
 31
0
  0
LINE
  5
911
330
22
100
AcDbEntity
  8
F.Cu
  6
CONTINUOUS
100
AcDbLine
 10
96.7643580000000014
 20
-50.6429520000000011
 30
0
 11
96.7643520000000024
 21
-50.6429589999999976
 31
0
  0
LINE
  5
912
330
22
100
AcDbEntity
  8
F.Cu
  6
CONTINUOUS
100
AcDbLine
 10
96.7643520000000024
 20
-50.6429589999999976
 30
0
 11
96.5847610000000003
 21
-50.8770059999999944
 31
0
  0
LINE
  5
913
330
22
100
AcDbEntity
  8
F.Cu
  6
CONTINUOUS
100
AcDbLine
 10
96.5847610000000003
 20
-50.8770059999999944
 30
0
 11
96.4372579999999999
 21
-51.1324889999999996
 31
0
  0
LINE
  5
914
330
22
100
AcDbEntity
  8
F.Cu
  6
CONTINUOUS
100
AcDbLine
 10
96.4372579999999999
 20
-51.1324889999999996
 30
0
 11
96.4372539999999958
 21
-51.1324989999999957
 31
0
  0
LINE
  5
915
330
22
100
AcDbEntity
  8
F.Cu
  6
CONTINUOUS
100
AcDbLine
 10
96.4372539999999958
 20
-51.1324989999999957
 30
0
 11
96.3243639999999886
 21
-51.4050379999999976
 31
0
  0
LINE
  5
916
330
22
100
AcDbEntity
  8
F.Cu
  6
CONTINUOUS
100
AcDbLine
 10
96.3243639999999886
 20
-51.4050379999999976
 30
0
 11
96.3243609999999961
 21
-51.4050480000000007
 31
0
  0
LINE
  5
917
330
22
100
AcDbEntity
  8
F.Cu
  6
CONTINUOUS
100
AcDbLine
 10
96.3243609999999961
 20
-51.4050480000000007
 30
0
 11
96.2480079999999987
 21
-51.6900039999999947
 31
0
  0
LINE
  5
918
330
22
100
AcDbEntity
  8
F.Cu
  6
CONTINUOUS
100
AcDbLine
 10
96.2480079999999987
 20
-51.6900039999999947
 30
0
 11
96.2480059999999895
 21
-51.6900149999999954
 31
0
  0
LINE
  5
919
330
22
100
AcDbEntity
  8
F.Cu
  6
CONTINUOUS
100
AcDbLine
 10
96.2480059999999895
 20
-51.6900149999999954
 30
0
 11
96.2094999999999914
 21
-51.9824859999999944
 31
0
  0
LINE
  5
91A
330
22
100
AcDbEntity
  8
F.Cu
  6
CONTINUOUS
100
AcDbLine
 10
96.2094999999999914
 20
-51.9824859999999944
 30
0
 11
96.2094999999999914
 21
-52.277512999999999
 31
0
  0
LINE
  5
91B
330
22
100
AcDbEntity
  8
F.Cu
  6
CONTINUOUS
100
AcDbLine
 10
96.2094999999999914
 20
-52.277512999999999
 30
0
 11
96.2264919999999933
 21
-52.4065739999999991
 31
0
  0
LINE
  5
91C
330
22
100
AcDbEntity
  8
F.Cu
  6
CONTINUOUS
100
AcDbLine
 10
96.2264919999999933
 20
-52.4065739999999991
 30
0
 11
96.2480070000000012
 21
-52.5699929999999966
 31
0
  0
LINE
  5
91D
330
22
100
AcDbEntity
  8
F.Cu
  6
CONTINUOUS
100
AcDbLine
 10
96.2480070000000012
 20
-52.5699929999999966
 30
0
 11
96.3222119999999933
 21
-52.8469300000000004
 31
0
  0
LINE
  5
91E
330
22
100
AcDbEntity
  8
F.Cu
  6
CONTINUOUS
100
AcDbLine
 10
96.3222119999999933
 20
-52.8469300000000004
 30
0
 11
96.3243609999999961
 21
-52.8549509999999998
 31
0
  0
LINE
  5
91F
330
22
100
AcDbEntity
  8
F.Cu
  6
CONTINUOUS
100
AcDbLine
 10
96.3243609999999961
 20
-52.8549509999999998
 30
0
 11
96.3243639999999886
 21
-52.8549609999999959
 31
0
  0
LINE
  5
920
330
22
100
AcDbEntity
  8
F.Cu
  6
CONTINUOUS
100
AcDbLine
 10
96.3243639999999886
 20
-52.8549609999999959
 30
0
 11
96.4372539999999958
 21
-53.1274999999999977
 31
0
  0
LINE
  5
921
330
22
100
AcDbEntity
  8
F.Cu
  6
CONTINUOUS
100
AcDbLine
 10
96.4372539999999958
 20
-53.1274999999999977
 30
0
 11
96.4372579999999999
 21
-53.1275100000000009
 31
0
  0
LINE
  5
922
330
22
100
AcDbEntity
  8
F.Cu
  6
CONTINUOUS
100
AcDbLine
 10
96.4372579999999999
 20
-53.1275100000000009
 30
0
 11
96.5847610000000003
 21
-53.382992999999999
 31
0
  0
LINE
  5
923
330
22
100
AcDbEntity
  8
F.Cu
  6
CONTINUOUS
100
AcDbLine
 10
96.5847610000000003
 20
-53.382992999999999
 30
0
 11
96.7643520000000024
 21
-53.6170399999999958
 31
0
  0
LINE
  5
924
330
22
100
AcDbEntity
  8
F.Cu
  6
CONTINUOUS
100
AcDbLine
 10
96.7643520000000024
 20
-53.6170399999999958
 30
0
 11
96.7643580000000014
 21
-53.6170469999999995
 31
0
  0
LINE
  5
925
330
22
100
AcDbEntity
  8
F.Cu
  6
CONTINUOUS
100
AcDbLine
 10
96.7643580000000014
 20
-53.6170469999999995
 30
0
 11
96.9729519999999923
 21
-53.8256409999999974
 31
0
  0
LINE
  5
926
330
22
100
AcDbEntity
  8
F.Cu
  6
CONTINUOUS
100
AcDbLine
 10
96.9729519999999923
 20
-53.8256409999999974
 30
0
 11
96.9729589999999888
 21
-53.8256469999999965
 31
0
  0
LINE
  5
927
330
22
100
AcDbEntity
  8
F.Cu
  6
CONTINUOUS
100
AcDbLine
 10
96.9729589999999888
 20
-53.8256469999999965
 30
0
 11
97.2070059999999927
 21
-54.0052379999999985
 31
0
  0
LINE
  5
928
330
22
100
AcDbEntity
  8
F.Cu
  6
CONTINUOUS
100
AcDbLine
 10
97.2070059999999927
 20
-54.0052379999999985
 30
0
 11
97.4624889999999908
 21
-54.1527409999999989
 31
0
  0
LINE
  5
929
330
22
100
AcDbEntity
  8
F.Cu
  6
CONTINUOUS
100
AcDbLine
 10
97.4624889999999908
 20
-54.1527409999999989
 30
0
 11
97.4624900000000025
 21
-54.1527409999999989
 31
0
  0
LINE
  5
92A
330
22
100
AcDbEntity
  8
F.Cu
  6
CONTINUOUS
100
AcDbLine
 10
97.4624900000000025
 20
-54.1527409999999989
 30
0
 11
97.4624929999999949
 21
-54.152743000000001
 31
0
  0
LINE
  5
92B
330
22
100
AcDbEntity
  8
F.Cu
  6
CONTINUOUS
100
AcDbLine
 10
97.4624929999999949
 20
-54.152743000000001
 30
0
 11
97.7350479999999919
 21
-54.2656390000000002
 31
0
  0
LINE
  5
92C
330
22
100
AcDbEntity
  8
F.Cu
  6
CONTINUOUS
100
AcDbLine
 10
97.7350479999999919
 20
-54.2656390000000002
 30
0
 11
98.0200069999999926
 21
-54.3419929999999951
 31
0
  0
LINE
  5
92D
330
22
100
AcDbEntity
  8
F.Cu
  6
CONTINUOUS
100
AcDbLine
 10
98.0200069999999926
 20
-54.3419929999999951
 30
0
 11
98.3124940000000009
 21
-54.3804999999999978
 31
0
  0
LINE
  5
92E
330
22
100
AcDbEntity
  8
F.Cu
  6
CONTINUOUS
100
AcDbLine
 10
98.3124940000000009
 20
-54.3804999999999978
 30
0
 11
98.3125009999999975
 21
-54.3804999999999978
 31
0
  0
LINE
  5
92F
330
22
100
AcDbEntity
  8
F.Cu
  6
CONTINUOUS
100
AcDbLine
 10
98.3125009999999975
 20
-54.3804999999999978
 30
0
 11
98.60749899999999
 21
-54.3804999999999978
 31
0
  0
LINE
  5
930
330
22
100
AcDbEntity
  8
F.Cu
  6
CONTINUOUS
100
AcDbLine
 10
98.60749899999999
 20
-54.3804999999999978
 30
0
 11
98.6075060000000008
 21
-54.3804999999999978
 31
0
  0
LINE
  5
931
330
22
100
AcDbEntity
  8
F.Cu
  6
CONTINUOUS
100
AcDbLine
 10
98.6075060000000008
 20
-54.3804999999999978
 30
0
 11
98.8999929999999949
 21
-54.3419929999999951
 31
0
  0
LINE
  5
932
330
22
100
AcDbEntity
  8
F.Cu
  6
CONTINUOUS
100
AcDbLine
 10
98.8999929999999949
 20
-54.3419929999999951
 30
0
 11
99.1849519999999956
 21
-54.2656390000000002
 31
0
  0
LINE
  5
933
330
22
100
AcDbEntity
  8
F.Cu
  6
CONTINUOUS
100
AcDbLine
 10
99.1849519999999956
 20
-54.2656390000000002
 30
0
 11
99.4575069999999926
 21
-54.152743000000001
 31
0
  0
LINE
  5
934
330
22
100
AcDbEntity
  8
F.Cu
  6
CONTINUOUS
100
AcDbLine
 10
99.4575069999999926
 20
-54.152743000000001
 30
0
 11
99.7129939999999948
 21
-54.0052379999999985
 31
0
  0
LINE
  5
935
330
22
100
AcDbEntity
  8
F.Cu
  6
CONTINUOUS
100
AcDbLine
 10
99.7129939999999948
 20
-54.0052379999999985
 30
0
 11
99.9470419999999962
 21
-53.825645999999999
 31
0
  0
LINE
  5
936
330
22
100
AcDbEntity
  8
F.Cu
  6
CONTINUOUS
100
AcDbLine
 10
99.9470419999999962
 20
-53.825645999999999
 30
0
 11
100.1556459999999902
 21
-53.6170419999999979
 31
0
  0
LINE
  5
937
330
22
100
AcDbEntity
  8
F.Cu
  6
CONTINUOUS
100
AcDbLine
 10
100.1556459999999902
 20
-53.6170419999999979
 30
0
 11
100.3352379999999897
 21
-53.3829939999999965
 31
0
  0
LINE
  5
938
330
22
100
AcDbEntity
  8
F.Cu
  6
CONTINUOUS
100
AcDbLine
 10
100.3352379999999897
 20
-53.3829939999999965
 30
0
 11
100.4827429999999993
 21
-53.1275069999999943
 31
0
  0
LINE
  5
939
330
22
100
AcDbEntity
  8
F.Cu
  6
CONTINUOUS
100
AcDbLine
 10
100.4827429999999993
 20
-53.1275069999999943
 30
0
 11
100.5956389999999914
 21
-52.8549519999999973
 31
0
  0
LINE
  5
93A
330
22
100
AcDbEntity
  8
F.Cu
  6
CONTINUOUS
100
AcDbLine
 10
100.5956389999999914
 20
-52.8549519999999973
 30
0
 11
100.6719930000000005
 21
-52.5699929999999966
 31
0
  0
LINE
  5
93B
330
22
100
AcDbEntity
  8
F.Cu
  6
CONTINUOUS
100
AcDbLine
 10
100.6719930000000005
 20
-52.5699929999999966
 30
0
 11
100.7104999999999961
 21
-52.2775059999999954
 31
0
  0
LINE
  5
93C
330
22
100
AcDbEntity
  8
F.Cu
  6
CONTINUOUS
100
AcDbLine
 10
100.7104999999999961
 20
-52.2775059999999954
 30
0
 11
100.7104999999999961
 21
-52.2056959999999961
 31
0
  0
LINE
  5
93D
330
22
100
AcDbEntity
  8
F.Cu
  6
CONTINUOUS
100
AcDbLine
 10
100.7104999999999961
 20
-52.2056959999999961
 30
0
 11
100.7301849999999916
 21
-52.1386569999999949
 31
0
  0
LINE
  5
93E
330
22
100
AcDbEntity
  8
F.Cu
  6
CONTINUOUS
100
AcDbLine
 10
100.7301849999999916
 20
-52.1386569999999949
 30
0
 11
100.7829890000000006
 21
-52.0929019999999952
 31
0
  0
LINE
  5
93F
330
22
100
AcDbEntity
  8
F.Cu
  6
CONTINUOUS
100
AcDbLine
 10
100.7829890000000006
 20
-52.0929019999999952
 30
0
 11
100.8521470000000022
 21
-52.0829579999999979
 31
0
  0
LINE
  5
940
330
22
100
AcDbEntity
  8
F.Cu
  6
CONTINUOUS
100
AcDbLine
 10
100.8521470000000022
 20
-52.0829579999999979
 30
0
 11
100.9157029999999935
 21
-52.1119829999999951
 31
0
  0
LINE
  5
941
330
22
100
AcDbEntity
  8
F.Cu
  6
CONTINUOUS
100
AcDbLine
 10
100.9157029999999935
 20
-52.1119829999999951
 30
0
 11
100.9221809999999948
 21
-52.1180149999999998
 31
0
  0
LINE
  5
942
330
22
100
AcDbEntity
  8
F.Cu
  6
CONTINUOUS
100
AcDbLine
 10
100.9221809999999948
 20
-52.1180149999999998
 30
0
 11
114.9846859999999964
 21
-66.1805200000000013
 31
0
  0
LINE
  5
943
330
22
100
AcDbEntity
  8
F.Cu
  6
CONTINUOUS
100
AcDbLine
 10
114.9846859999999964
 20
-66.1805200000000013
 30
0
 11
114.9846879999999913
 21
-66.1805209999999988
 31
0
  0
LINE
  5
944
330
22
100
AcDbEntity
  8
F.Cu
  6
CONTINUOUS
100
AcDbLine
 10
114.9846879999999913
 20
-66.1805209999999988
 30
0
 11
114.9846919999999955
 21
-66.1805239999999912
 31
0
  0
LINE
  5
945
330
22
100
AcDbEntity
  8
F.Cu
  6
CONTINUOUS
100
AcDbLine
 10
114.9846919999999955
 20
-66.1805239999999912
 30
0
 11
115.0868430000000018
 21
-66.2394999999999925
 31
0
  0
LINE
  5
946
330
22
100
AcDbEntity
  8
F.Cu
  6
CONTINUOUS
100
AcDbLine
 10
115.0868430000000018
 20
-66.2394999999999925
 30
0
 11
115.121617999999998
 21
-66.2595769999999931
 31
0
  0
LINE
  5
947
330
22
100
AcDbEntity
  8
F.Cu
  6
CONTINUOUS
100
AcDbLine
 10
115.121617999999998
 20
-66.2595769999999931
 30
0
 11
115.2743449999999967
 21
-66.300500999999997
 31
0
  0
LINE
  5
948
330
22
100
AcDbEntity
  8
F.Cu
  6
CONTINUOUS
100
AcDbLine
 10
115.2743449999999967
 20
-66.300500999999997
 30
0
 11
115.2743469999999917
 21
-66.300500999999997
 31
0
  0
LINE
  5
949
330
22
100
AcDbEntity
  8
F.Cu
  6
CONTINUOUS
100
AcDbLine
 10
115.2743469999999917
 20
-66.300500999999997
 30
0
 11
115.4400559999999984
 21
-66.300500999999997
 31
0
  0
LINE
  5
94A
330
22
100
AcDbEntity
  8
F.Cu
  6
CONTINUOUS
100
AcDbLine
 10
115.4400559999999984
 20
-66.300500999999997
 30
0
 11
115.4400720000000007
 21
-66.3004999999999995
 31
0
  0
LINE
  5
94B
330
22
100
AcDbEntity
  8
F.Cu
  6
CONTINUOUS
100
AcDbLine
 10
115.4400720000000007
 20
-66.3004999999999995
 30
0
 11
124.2920969999999983
 21
-66.3004999999999995
 31
0
  0
LINE
  5
94C
330
22
100
AcDbEntity
  8
F.Cu
  6
CONTINUOUS
100
AcDbLine
 10
124.2920969999999983
 20
-66.3004999999999995
 30
0
 11
124.3656069999999971
 21
-66.2269900000000007
 31
0
  0
LINE
  5
94D
330
22
100
AcDbEntity
  8
F.Cu
  6
CONTINUOUS
100
AcDbLine
 10
124.3656069999999971
 20
-66.2269900000000007
 30
0
 11
124.5286029999999897
 21
-66.1180789999999945
 31
0
  0
LINE
  5
94E
330
22
100
AcDbEntity
  8
F.Cu
  6
CONTINUOUS
100
AcDbLine
 10
124.5286029999999897
 20
-66.1180789999999945
 30
0
 11
124.7097149999999885
 21
-66.043059999999997
 31
0
  0
LINE
  5
94F
330
22
100
AcDbEntity
  8
F.Cu
  6
CONTINUOUS
100
AcDbLine
 10
124.7097149999999885
 20
-66.043059999999997
 30
0
 11
124.9019830000000013
 21
-66.0048149999999936
 31
0
  0
LINE
  5
950
330
22
100
AcDbEntity
  8
F.Cu
  6
CONTINUOUS
100
AcDbLine
 10
124.9019830000000013
 20
-66.0048149999999936
 30
0
 11
125.0980169999999987
 21
-66.0048149999999936
 31
0
  0
LINE
  5
951
330
22
100
AcDbEntity
  8
F.Cu
  6
CONTINUOUS
100
AcDbLine
 10
125.0980169999999987
 20
-66.0048149999999936
 30
0
 11
125.2902849999999972
 21
-66.043059999999997
 31
0
  0
LINE
  5
952
330
22
100
AcDbEntity
  8
F.Cu
  6
CONTINUOUS
100
AcDbLine
 10
125.2902849999999972
 20
-66.043059999999997
 30
0
 11
125.4713969999999961
 21
-66.1180789999999945
 31
0
  0
LINE
  5
953
330
22
100
AcDbEntity
  8
F.Cu
  6
CONTINUOUS
100
AcDbLine
 10
125.4713969999999961
 20
-66.1180789999999945
 30
0
 11
125.6343929999999887
 21
-66.2269900000000007
 31
0
  0
LINE
  5
954
330
22
100
AcDbEntity
  8
F.Cu
  6
CONTINUOUS
100
AcDbLine
 10
125.6343929999999887
 20
-66.2269900000000007
 30
0
 11
125.7079029999999875
 21
-66.3004999999999995
 31
0
  0
LINE
  5
955
330
22
100
AcDbEntity
  8
F.Cu
  6
CONTINUOUS
100
AcDbLine
 10
125.7079029999999875
 20
-66.3004999999999995
 30
0
 11
126.3095569999999981
 21
-66.3004999999999995
 31
0
  0
LINE
  5
956
330
22
100
AcDbEntity
  8
F.Cu
  6
CONTINUOUS
100
AcDbLine
 10
126.3095569999999981
 20
-66.3004999999999995
 30
0
 11
126.3765959999999922
 21
-66.3201849999999951
 31
0
  0
LINE
  5
957
330
22
100
AcDbEntity
  8
F.Cu
  6
CONTINUOUS
100
AcDbLine
 10
126.3765959999999922
 20
-66.3201849999999951
 30
0
 11
126.4223509999999919
 21
-66.372989000000004
 31
0
  0
LINE
  5
958
330
22
100
AcDbEntity
  8
F.Cu
  6
CONTINUOUS
100
AcDbLine
 10
126.4223509999999919
 20
-66.372989000000004
 30
0
 11
126.4322949999999963
 21
-66.4421469999999914
 31
0
  0
LINE
  5
959
330
22
100
AcDbEntity
  8
F.Cu
  6
CONTINUOUS
100
AcDbLine
 10
126.4322949999999963
 20
-66.4421469999999914
 30
0
 11
126.403269999999992
 21
-66.5057029999999969
 31
0
  0
LINE
  5
95A
330
22
100
AcDbEntity
  8
F.Cu
  6
CONTINUOUS
100
AcDbLine
 10
126.403269999999992
 20
-66.5057029999999969
 30
0
 11
126.3972379999999873
 21
-66.5121809999999982
 31
0
  0
LINE
  5
95B
330
22
100
AcDbEntity
  8
F.Cu
  6
CONTINUOUS
100
AcDbLine
 10
126.3972379999999873
 20
-66.5121809999999982
 30
0
 11
126.0062859999999887
 21
-66.9031319999999994
 31
0
  0
LINE
  5
95C
330
22
100
AcDbEntity
  8
F.Cu
  6
CONTINUOUS
100
AcDbLine
 10
126.0062859999999887
 20
-66.9031319999999994
 30
0
 11
125.9951849999999922
 21
-66.9142319999999984
 31
0
  0
LINE
  5
95D
330
22
100
AcDbEntity
  8
F.Cu
  6
CONTINUOUS
100
AcDbLine
 10
125.9951849999999922
 20
-66.9142319999999984
 30
0
 11
125.9951849999999922
 21
-67.0980169999999987
 31
0
  0
LINE
  5
95E
330
22
100
AcDbEntity
  8
F.Cu
  6
CONTINUOUS
100
AcDbLine
 10
125.9951849999999922
 20
-67.0980169999999987
 30
0
 11
125.9569399999999888
 21
-67.2902849999999972
 31
0
  0
LINE
  5
95F
330
22
100
AcDbEntity
  8
F.Cu
  6
CONTINUOUS
100
AcDbLine
 10
125.9569399999999888
 20
-67.2902849999999972
 30
0
 11
125.8819209999999913
 21
-67.4713969999999961
 31
0
  0
LINE
  5
960
330
22
100
AcDbEntity
  8
F.Cu
  6
CONTINUOUS
100
AcDbLine
 10
125.8819209999999913
 20
-67.4713969999999961
 30
0
 11
125.7744999999999891
 21
-67.6321629999999914
 31
0
  0
LINE
  5
961
330
22
100
AcDbEntity
  8
F.Cu
  6
CONTINUOUS
100
AcDbLine
 10
125.7744999999999891
 20
-67.6321629999999914
 30
0
 11
125.7744999999999891
 21
-70.3249019999999945
 31
0
  0
LINE
  5
962
330
22
100
AcDbEntity
  8
F.Cu
  6
CONTINUOUS
100
AcDbLine
 10
125.7744999999999891
 20
-70.3249019999999945
 30
0
 11
125.7548149999999936
 21
-70.3919410000000028
 31
0
  0
LINE
  5
963
330
22
100
AcDbEntity
  8
F.Cu
  6
CONTINUOUS
100
AcDbLine
 10
125.7548149999999936
 20
-70.3919410000000028
 30
0
 11
125.7381849999999872
 21
-70.4125779999999963
 31
0
  0
LINE
  5
964
330
22
100
AcDbEntity
  8
F.Cu
  6
CONTINUOUS
100
AcDbLine
 10
125.7381849999999872
 20
-70.4125779999999963
 30
0
 11
125.663179999999997
 21
-70.4875839999999982
 31
0
  0
LINE
  5
965
330
22
100
AcDbEntity
  8
F.Cu
  6
CONTINUOUS
100
AcDbLine
 10
125.663179999999997
 20
-70.4875839999999982
 30
0
 11
125.6035629999999941
 21
-70.5472010000000012
 31
0
  0
LINE
  5
966
330
22
100
AcDbEntity
  8
F.Cu
  6
CONTINUOUS
100
AcDbLine
 10
125.6035629999999941
 20
-70.5472010000000012
 30
0
 11
125.5422399999999925
 21
-70.5806850000000026
 31
0
  0
LINE
  5
967
330
22
100
AcDbEntity
  8
F.Cu
  6
CONTINUOUS
100
AcDbLine
 10
125.5422399999999925
 20
-70.5806850000000026
 30
0
 11
125.477564000000001
 21
-70.5774499999999989
 31
0
  0
LINE
  5
968
330
22
100
AcDbEntity
  8
F.Cu
  6
CONTINUOUS
100
AcDbLine
 10
125.477564000000001
 20
-70.5774499999999989
 30
0
 11
125.3513699999999886
 21
-70.5364469999999955
 31
0
  0
LINE
  5
969
330
22
100
AcDbEntity
  8
F.Cu
  6
CONTINUOUS
100
AcDbLine
 10
125.3513699999999886
 20
-70.5364469999999955
 30
0
 11
125.1180969999999917
 21
-70.4994999999999976
 31
0
  0
LINE
  5
96A
330
22
100
AcDbEntity
  8
F.Cu
  6
CONTINUOUS
100
AcDbLine
 10
125.1180969999999917
 20
-70.4994999999999976
 30
0
 11
125.1180919999999901
 21
-70.4994999999999976
 31
0
  0
LINE
  5
96B
330
22
100
AcDbEntity
  8
F.Cu
  6
CONTINUOUS
100
AcDbLine
 10
125.1180919999999901
 20
-70.4994999999999976
 30
0
 11
124.8819079999999957
 21
-70.4994999999999976
 31
0
  0
LINE
  5
96C
330
22
100
AcDbEntity
  8
F.Cu
  6
CONTINUOUS
100
AcDbLine
 10
124.8819079999999957
 20
-70.4994999999999976
 30
0
 11
124.8819029999999941
 21
-70.4994999999999976
 31
0
  0
LINE
  5
96D
330
22
100
AcDbEntity
  8
F.Cu
  6
CONTINUOUS
100
AcDbLine
 10
124.8819029999999941
 20
-70.4994999999999976
 30
0
 11
124.6486309999999946
 21
-70.536445999999998
 31
0
  0
LINE
  5
96E
330
22
100
AcDbEntity
  8
F.Cu
  6
CONTINUOUS
100
AcDbLine
 10
124.6486309999999946
 20
-70.536445999999998
 30
0
 11
124.424002999999999
 21
-70.6094329999999957
 31
0
  0
LINE
  5
96F
330
22
100
AcDbEntity
  8
F.Cu
  6
CONTINUOUS
100
AcDbLine
 10
124.424002999999999
 20
-70.6094329999999957
 30
0
 11
124.2135660000000001
 21
-70.7166569999999979
 31
0
  0
LINE
  5
970
330
22
100
AcDbEntity
  8
F.Cu
  6
CONTINUOUS
100
AcDbLine
 10
124.2135660000000001
 20
-70.7166569999999979
 30
0
 11
124.1276839999999879
 21
-70.7790549999999996
 31
0
  0
LINE
  5
971
330
22
100
AcDbEntity
  8
F.Cu
  6
CONTINUOUS
100
AcDbLine
 10
124.1276839999999879
 20
-70.7790549999999996
 30
0
 11
124.0224899999999906
 21
-70.8554829999999924
 31
0
  0
LINE
  5
972
330
22
100
AcDbEntity
  8
F.Cu
  6
CONTINUOUS
100
AcDbLine
 10
124.0224899999999906
 20
-70.8554829999999924
 30
0
 11
124.0224879999999956
 21
-70.8554850000000016
 31
0
  0
LINE
  5
973
330
22
100
AcDbEntity
  8
F.Cu
  6
CONTINUOUS
100
AcDbLine
 10
124.0224879999999956
 20
-70.8554850000000016
 30
0
 11
124.0224869999999981
 21
-70.8554850000000016
 31
0
  0
LINE
  5
974
330
22
100
AcDbEntity
  8
F.Cu
  6
CONTINUOUS
100
AcDbLine
 10
124.0224869999999981
 20
-70.8554850000000016
 30
0
 11
123.8554849999999874
 21
-71.0224869999999981
 31
0
  0
LINE
  5
975
330
22
100
AcDbEntity
  8
F.Cu
  6
CONTINUOUS
100
AcDbLine
 10
123.8554849999999874
 20
-71.0224869999999981
 30
0
 11
123.8554849999999874
 21
-71.0224879999999956
 31
0
  0
LINE
  5
976
330
22
100
AcDbEntity
  8
F.Cu
  6
CONTINUOUS
100
AcDbLine
 10
123.8554849999999874
 20
-71.0224879999999956
 30
0
 11
123.8554829999999924
 21
-71.0224899999999906
 31
0
  0
LINE
  5
977
330
22
100
AcDbEntity
  8
F.Cu
  6
CONTINUOUS
100
AcDbLine
 10
123.8554829999999924
 20
-71.0224899999999906
 30
0
 11
123.8219029999999918
 21
-71.0687089999999984
 31
0
  0
LINE
  5
978
330
22
100
AcDbEntity
  8
F.Cu
  6
CONTINUOUS
100
AcDbLine
 10
123.8219029999999918
 20
-71.0687089999999984
 30
0
 11
123.7166569999999979
 21
-71.2135660000000001
 31
0
  0
LINE
  5
979
330
22
100
AcDbEntity
  8
F.Cu
  6
CONTINUOUS
100
AcDbLine
 10
123.7166569999999979
 20
-71.2135660000000001
 30
0
 11
123.6094329999999957
 21
-71.424002999999999
 31
0
  0
LINE
  5
97A
330
22
100
AcDbEntity
  8
F.Cu
  6
CONTINUOUS
100
AcDbLine
 10
123.6094329999999957
 20
-71.424002999999999
 30
0
 11
123.536445999999998
 21
-71.6486309999999946
 31
0
  0
LINE
  5
97B
330
22
100
AcDbEntity
  8
F.Cu
  6
CONTINUOUS
100
AcDbLine
 10
123.536445999999998
 20
-71.6486309999999946
 30
0
 11
123.4994999999999976
 21
-71.8819019999999966
 31
0
  0
LINE
  5
97C
330
22
100
AcDbEntity
  8
F.Cu
  6
CONTINUOUS
100
AcDbLine
 10
123.4994999999999976
 20
-71.8819019999999966
 30
0
 11
123.4994999999999976
 21
-72.1180969999999917
 31
0
  0
LINE
  5
97D
330
22
100
AcDbEntity
  8
F.Cu
  6
CONTINUOUS
100
AcDbLine
 10
123.4994999999999976
 20
-72.1180969999999917
 30
0
 11
123.536445999999998
 21
-72.3513679999999937
 31
0
  0
LINE
  5
97E
330
22
100
AcDbEntity
  8
F.Cu
  6
CONTINUOUS
100
AcDbLine
 10
123.536445999999998
 20
-72.3513679999999937
 30
0
 11
123.6094329999999957
 21
-72.5759960000000035
 31
0
  0
LINE
  5
97F
330
22
100
AcDbEntity
  8
F.Cu
  6
CONTINUOUS
100
AcDbLine
 10
123.6094329999999957
 20
-72.5759960000000035
 30
0
 11
123.7166569999999979
 21
-72.7864330000000024
 31
0
  0
LINE
  5
980
330
22
100
AcDbEntity
  8
F.Cu
  6
CONTINUOUS
100
AcDbLine
 10
123.7166569999999979
 20
-72.7864330000000024
 30
0
 11
123.7938029999999969
 21
-72.8926159999999896
 31
0
  0
LINE
  5
981
330
22
100
AcDbEntity
  8
F.Cu
  6
CONTINUOUS
100
AcDbLine
 10
123.7938029999999969
 20
-72.8926159999999896
 30
0
 11
123.8172829999999891
 21
-72.9584199999999896
 31
0
  0
LINE
  5
982
330
22
100
AcDbEntity
  8
F.Cu
  6
CONTINUOUS
100
AcDbLine
 10
123.8172829999999891
 20
-72.9584199999999896
 30
0
 11
123.8014579999999967
 21
-73.0264739999999932
 31
0
  0
LINE
  5
983
330
22
100
AcDbEntity
  8
F.Cu
  6
CONTINUOUS
100
AcDbLine
 10
123.8014579999999967
 20
-73.0264739999999932
 30
0
 11
123.7513519999999971
 21
-73.0751690000000025
 31
0
  0
LINE
  5
984
330
22
100
AcDbEntity
  8
F.Cu
  6
CONTINUOUS
100
AcDbLine
 10
123.7513519999999971
 20
-73.0751690000000025
 30
0
 11
123.6934849999999955
 21
-73.089500000000001
 31
0
  0
LINE
  5
985
330
22
100
AcDbEntity
  8
F.Cu
  6
CONTINUOUS
100
AcDbLine
 10
123.6934849999999955
 20
-73.089500000000001
 30
0
 11
111.8065149999999903
 21
-73.089500000000001
 31
0
  0
LINE
  5
986
330
22
100
AcDbEntity
  8
F.Cu
  6
CONTINUOUS
100
AcDbLine
 10
111.8065149999999903
 20
-73.089500000000001
 30
0
 11
111.7394759999999962
 21
-73.0698149999999913
 31
0
  0
LINE
  5
987
330
22
100
AcDbEntity
  8
F.Cu
  6
CONTINUOUS
100
AcDbLine
 10
111.7394759999999962
 20
-73.0698149999999913
 30
0
 11
111.6937209999999965
 21
-73.0170109999999966
 31
0
  0
LINE
  5
988
330
22
100
AcDbEntity
  8
F.Cu
  6
CONTINUOUS
100
AcDbLine
 10
111.6937209999999965
 20
-73.0170109999999966
 30
0
 11
111.6837769999999921
 21
-72.9478529999999949
 31
0
  0
LINE
  5
989
330
22
100
AcDbEntity
  8
F.Cu
  6
CONTINUOUS
100
AcDbLine
 10
111.6837769999999921
 20
-72.9478529999999949
 30
0
 11
111.7061959999999914
 21
-72.8926159999999896
 31
0
  0
LINE
  5
98A
330
22
100
AcDbEntity
  8
F.Cu
  6
CONTINUOUS
100
AcDbLine
 10
111.7061959999999914
 20
-72.8926159999999896
 30
0
 11
111.7833429999999879
 21
-72.7864330000000024
 31
0
  0
LINE
  5
98B
330
22
100
AcDbEntity
  8
F.Cu
  6
CONTINUOUS
100
AcDbLine
 10
111.7833429999999879
 20
-72.7864330000000024
 30
0
 11
111.8905680000000018
 21
-72.5759919999999994
 31
0
  0
LINE
  5
98C
330
22
100
AcDbEntity
  8
F.Cu
  6
CONTINUOUS
100
AcDbLine
 10
111.8905680000000018
 20
-72.5759919999999994
 30
0
 11
111.9635529999999903
 21
-72.3513679999999937
 31
0
  0
LINE
  5
98D
330
22
100
AcDbEntity
  8
F.Cu
  6
CONTINUOUS
100
AcDbLine
 10
111.9635529999999903
 20
-72.3513679999999937
 30
0
 11
111.9648719999999997
 21
-72.3430379999999928
 31
0
  0
LINE
  5
98E
330
22
100
AcDbEntity
  8
F.Cu
  6
CONTINUOUS
100
AcDbLine
 10
111.9648719999999997
 20
-72.3430379999999928
 30
0
 11
112.0004999999999882
 21
-72.1180969999999917
 31
0
  0
LINE
  5
98F
330
22
100
AcDbEntity
  8
F.Cu
  6
CONTINUOUS
100
AcDbLine
 10
112.0004999999999882
 20
-72.1180969999999917
 30
0
 11
112.0004999999999882
 21
-71.8819019999999966
 31
0
  0
LINE
  5
990
330
22
100
AcDbEntity
  8
F.Cu
  6
CONTINUOUS
100
AcDbLine
 10
112.0004999999999882
 20
-71.8819019999999966
 30
0
 11
111.9635529999999903
 21
-71.6486349999999987
 31
0
  0
LINE
  5
991
330
22
100
AcDbEntity
  8
F.Cu
  6
CONTINUOUS
100
AcDbLine
 10
111.9635529999999903
 20
-71.6486349999999987
 30
0
 11
111.9635529999999903
 21
-71.6486319999999921
 31
0
  0
LINE
  5
992
330
22
100
AcDbEntity
  8
F.Cu
  6
CONTINUOUS
100
AcDbLine
 10
111.9635529999999903
 20
-71.6486319999999921
 30
0
 11
111.9225469999999945
 21
-71.5224329999999924
 31
0
  0
LINE
  5
993
330
22
100
AcDbEntity
  8
F.Cu
  6
CONTINUOUS
100
AcDbLine
 10
111.9225469999999945
 20
-71.5224329999999924
 30
0
 11
111.9205529999999982
 21
-71.4525929999999931
 31
0
  0
LINE
  5
994
330
22
100
AcDbEntity
  8
F.Cu
  6
CONTINUOUS
100
AcDbLine
 10
111.9205529999999982
 20
-71.4525929999999931
 30
0
 11
111.9527939999999973
 21
-71.3964390000000009
 31
0
  0
LINE
  5
995
330
22
100
AcDbEntity
  8
F.Cu
  6
CONTINUOUS
100
AcDbLine
 10
111.9527939999999973
 20
-71.3964390000000009
 30
0
 11
112.2805199999999957
 21
-71.0687159999999949
 31
0
  0
LINE
  5
996
330
22
100
AcDbEntity
  8
F.Cu
  6
CONTINUOUS
100
AcDbLine
 10
112.2805199999999957
 20
-71.0687159999999949
 30
0
 11
112.3595770000000016
 21
-70.9317839999999933
 31
0
  0
LINE
  5
997
330
22
100
AcDbEntity
  8
F.Cu
  6
CONTINUOUS
100
AcDbLine
 10
112.3595770000000016
 20
-70.9317839999999933
 30
0
 11
112.4005009999999913
 21
-70.7790569999999946
 31
0
  0
LINE
  5
998
330
22
100
AcDbEntity
  8
F.Cu
  6
CONTINUOUS
100
AcDbLine
 10
112.4005009999999913
 20
-70.7790569999999946
 30
0
 11
112.4005009999999913
 21
-70.6209419999999994
 31
0
  0
LINE
  5
999
330
22
100
AcDbEntity
  8
F.Cu
  6
CONTINUOUS
100
AcDbLine
 10
112.4005009999999913
 20
-70.6209419999999994
 30
0
 11
112.4005009999999913
 21
-70.6133469999999903
 31
0
  0
LINE
  5
99A
330
22
100
AcDbEntity
  8
F.Cu
  6
CONTINUOUS
100
AcDbLine
 10
112.4005009999999913
 20
-70.6133469999999903
 30
0
 11
112.4004999999999939
 21
-70.6133289999999931
 31
0
  0
LINE
  5
99B
330
22
100
AcDbEntity
  8
F.Cu
  6
CONTINUOUS
100
AcDbLine
 10
112.4004999999999939
 20
-70.6133289999999931
 30
0
 11
112.4004999999999939
 21
-65.6209449999999919
 31
0
  0
LINE
  5
99C
330
22
100
AcDbEntity
  8
F.Cu
  6
CONTINUOUS
100
AcDbLine
 10
112.4004999999999939
 20
-65.6209449999999919
 30
0
 11
112.4004999999999939
 21
-65.6209429999999969
 31
0
  0
LINE
  5
99D
330
22
100
AcDbEntity
  8
F.Cu
  6
CONTINUOUS
100
AcDbLine
 10
112.4004999999999939
 20
-65.6209429999999969
 30
0
 11
112.3595770000000016
 21
-65.4682159999999982
 31
0
  0
LINE
  5
99E
330
22
100
AcDbEntity
  8
F.Cu
  6
CONTINUOUS
100
AcDbLine
 10
112.3595770000000016
 20
-65.4682159999999982
 30
0
 11
112.3423699999999883
 21
-65.4384119999999996
 31
0
  0
LINE
  5
99F
330
22
100
AcDbEntity
  8
F.Cu
  6
CONTINUOUS
100
AcDbLine
 10
112.3423699999999883
 20
-65.4384119999999996
 30
0
 11
112.2805239999999998
 21
-65.3312899999999956
 31
0
  0
LINE
  5
9A0
330
22
100
AcDbEntity
  8
F.Cu
  6
CONTINUOUS
100
AcDbLine
 10
112.2805239999999998
 20
-65.3312899999999956
 30
0
 11
112.2805180000000007
 21
-65.3312820000000016
 31
0
  0
LINE
  5
9A1
330
22
100
AcDbEntity
  8
F.Cu
  6
CONTINUOUS
100
AcDbLine
 10
112.2805180000000007
 20
-65.3312820000000016
 30
0
 11
112.1687170000000009
 21
-65.2194810000000018
 31
0
  0
LINE
  5
9A2
330
22
100
AcDbEntity
  8
F.Cu
  6
CONTINUOUS
100
AcDbLine
 10
112.1687170000000009
 20
-65.2194810000000018
 30
0
 11
112.1687089999999927
 21
-65.2194750000000028
 31
0
  0
LINE
  5
9A3
330
22
100
AcDbEntity
  8
F.Cu
  6
CONTINUOUS
100
AcDbLine
 10
112.1687089999999927
 20
-65.2194750000000028
 30
0
 11
112.0317900000000009
 21
-65.1404259999999908
 31
0
  0
LINE
  5
9A4
330
22
100
AcDbEntity
  8
F.Cu
  6
CONTINUOUS
100
AcDbLine
 10
112.0317900000000009
 20
-65.1404259999999908
 30
0
 11
112.0317859999999968
 21
-65.1404239999999959
 31
0
  0
LINE
  5
9A5
330
22
100
AcDbEntity
  8
F.Cu
  6
CONTINUOUS
100
AcDbLine
 10
112.0317859999999968
 20
-65.1404239999999959
 30
0
 11
112.0317840000000018
 21
-65.1404229999999984
 31
0
  0
LINE
  5
9A6
330
22
100
AcDbEntity
  8
F.Cu
  6
CONTINUOUS
100
AcDbLine
 10
112.0317840000000018
 20
-65.1404229999999984
 30
0
 11
111.8790569999999889
 21
-65.0994999999999919
 31
0
  0
LINE
  5
9A7
330
22
100
AcDbEntity
  8
F.Cu
  6
CONTINUOUS
100
AcDbLine
 10
111.8790569999999889
 20
-65.0994999999999919
 30
0
 11
109.2790569999999946
 21
-65.0994999999999919
 31
0
  0
LINE
  5
9A8
330
22
100
AcDbEntity
  8
F.Cu
  6
CONTINUOUS
100
AcDbLine
 10
109.2790569999999946
 20
-65.0994999999999919
 30
0
 11
109.1209419999999994
 21
-65.0994999999999919
 31
0
  0
LINE
  5
9A9
330
22
100
AcDbEntity
  8
F.Cu
  6
CONTINUOUS
100
AcDbLine
 10
109.1209419999999994
 20
-65.0994999999999919
 30
0
 11
109.1209399999999903
 21
-65.0994999999999919
 31
0
  0
LINE
  5
9AA
330
22
100
AcDbEntity
  8
F.Cu
  6
CONTINUOUS
100
AcDbLine
 10
109.1209399999999903
 20
-65.0994999999999919
 30
0
 11
109.080018999999993
 21
-65.1104639999999932
 31
0
  0
LINE
  5
9AB
330
22
100
AcDbEntity
  8
F.Cu
  6
CONTINUOUS
100
AcDbLine
 10
109.080018999999993
 20
-65.1104639999999932
 30
0
 11
109.080018999999993
 21
-65.1104649999999907
 31
0
  0
LINE
  5
9AC
330
22
100
AcDbEntity
  8
F.Cu
  6
CONTINUOUS
100
AcDbLine
 10
109.080018999999993
 20
-65.1104649999999907
 30
0
 11
109.0427509999999955
 21
-65.1204510000000028
 31
0
  0
LINE
  5
9AD
330
22
100
AcDbEntity
  8
F.Cu
  6
CONTINUOUS
100
AcDbLine
 10
109.0427509999999955
 20
-65.1204510000000028
 30
0
 11
108.968213999999989
 21
-65.1404229999999984
 31
0
  0
LINE
  5
9AE
330
22
100
AcDbEntity
  8
F.Cu
  6
CONTINUOUS
100
AcDbLine
 10
108.968213999999989
 20
-65.1404229999999984
 30
0
 11
108.9682090000000017
 21
-65.1404259999999908
 31
0
  0
LINE
  5
9AF
330
22
100
AcDbEntity
  8
F.Cu
  6
CONTINUOUS
100
AcDbLine
 10
108.9682090000000017
 20
-65.1404259999999908
 30
0
 11
108.8312899999999956
 21
-65.2194750000000028
 31
0
  0
LINE
  5
9B0
330
22
100
AcDbEntity
  8
F.Cu
  6
CONTINUOUS
100
AcDbLine
 10
108.8312899999999956
 20
-65.2194750000000028
 30
0
 11
108.8312820000000016
 21
-65.2194810000000018
 31
0
  0
LINE
  5
9B1
330
22
100
AcDbEntity
  8
F.Cu
  6
CONTINUOUS
100
AcDbLine
 10
108.8312820000000016
 20
-65.2194810000000018
 30
0
 11
108.7194819999999993
 21
-65.3312820000000016
 31
0
  0
LINE
  5
9B2
330
22
100
AcDbEntity
  8
F.Cu
  6
CONTINUOUS
100
AcDbLine
 10
108.7194819999999993
 20
-65.3312820000000016
 30
0
 11
108.7194799999999901
 21
-65.3312839999999966
 31
0
  0
LINE
  5
9B3
330
22
100
AcDbEntity
  8
F.Cu
  6
CONTINUOUS
100
AcDbLine
 10
108.7194799999999901
 20
-65.3312839999999966
 30
0
 11
108.7194779999999952
 21
-65.3312859999999915
 31
0
  0
LINE
  5
9B4
330
22
100
AcDbEntity
  8
F.Cu
  6
CONTINUOUS
100
AcDbLine
 10
108.7194779999999952
 20
-65.3312859999999915
 30
0
 11
107.8702409999999929
 21
-66.1805239999999912
 31
0
  0
LINE
  5
9B5
330
22
100
AcDbEntity
  8
F.Cu
  6
CONTINUOUS
100
AcDbLine
 10
107.8702409999999929
 20
-66.1805239999999912
 30
0
 11
107.0274829999999895
 21
-67.0232819999999947
 31
0
  0
LINE
  5
9B6
330
22
100
AcDbEntity
  8
F.Cu
  6
CONTINUOUS
100
AcDbLine
 10
107.0274829999999895
 20
-67.0232819999999947
 30
0
 11
106.9661600000000021
 21
-67.0567669999999936
 31
0
  0
LINE
  5
9B7
330
22
100
AcDbEntity
  8
F.Cu
  6
CONTINUOUS
100
AcDbLine
 10
106.9661600000000021
 20
-67.0567669999999936
 30
0
 11
106.9398020000000002
 21
-67.0596010000000007
 31
0
  0
LINE
  5
9B8
330
22
100
AcDbEntity
  8
F.Cu
  6
CONTINUOUS
100
AcDbLine
 10
106.9398020000000002
 20
-67.0596010000000007
 30
0
 11
101.532164999999992
 21
-67.0596010000000007
 31
0
  0
LINE
  5
9B9
330
22
100
AcDbEntity
  8
F.Cu
  6
CONTINUOUS
100
AcDbLine
 10
101.532164999999992
 20
-67.0596010000000007
 30
0
 11
101.4209519999999998
 21
-67.1162669999999935
 31
0
  0
LINE
  5
9BA
330
22
100
AcDbEntity
  8
F.Cu
  6
CONTINUOUS
100
AcDbLine
 10
101.4209519999999998
 20
-67.1162669999999935
 30
0
 11
101.2567899999999952
 21
-67.1696069999999992
 31
0
  0
LINE
  5
9BB
330
22
100
AcDbEntity
  8
F.Cu
  6
CONTINUOUS
100
AcDbLine
 10
101.2567899999999952
 20
-67.1696069999999992
 30
0
 11
101.0863049999999959
 21
-67.1966089999999951
 31
0
  0
LINE
  5
9BC
330
22
100
AcDbEntity
  8
F.Cu
  6
CONTINUOUS
100
AcDbLine
 10
101.0863049999999959
 20
-67.1966089999999951
 30
0
 11
100.9136949999999899
 21
-67.1966089999999951
 31
0
  0
LINE
  5
9BD
330
22
100
AcDbEntity
  8
F.Cu
  6
CONTINUOUS
100
AcDbLine
 10
100.9136949999999899
 20
-67.1966089999999951
 30
0
 11
100.7432099999999906
 21
-67.1696069999999992
 31
0
  0
LINE
  5
9BE
330
22
100
AcDbEntity
  8
F.Cu
  6
CONTINUOUS
100
AcDbLine
 10
100.7432099999999906
 20
-67.1696069999999992
 30
0
 11
100.5790480000000002
 21
-67.1162669999999935
 31
0
  0
LINE
  5
9BF
330
22
100
AcDbEntity
  8
F.Cu
  6
CONTINUOUS
100
AcDbLine
 10
100.5790480000000002
 20
-67.1162669999999935
 30
0
 11
100.4678349999999938
 21
-67.0596010000000007
 31
0
  0
LINE
  5
9C0
330
22
100
AcDbEntity
  8
F.Cu
  6
CONTINUOUS
100
AcDbLine
 10
100.4678349999999938
 20
-67.0596010000000007
 30
0
 11
96.515782999999999
 21
-67.0596010000000007
 31
0
  0
LINE
  5
9C1
330
22
100
AcDbEntity
  8
F.Cu
  6
CONTINUOUS
100
AcDbLine
 10
96.515782999999999
 20
-67.0596010000000007
 30
0
 11
96.4487439999999907
 21
-67.039915999999991
 31
0
  0
LINE
  5
9C2
330
22
100
AcDbEntity
  8
F.Cu
  6
CONTINUOUS
100
AcDbLine
 10
96.4487439999999907
 20
-67.039915999999991
 30
0
 11
96.4281019999999955
 21
-67.0232819999999947
 31
0
  0
LINE
  5
9C3
330
22
100
AcDbEntity
  8
F.Cu
  6
CONTINUOUS
100
AcDbLine
 10
96.4281019999999955
 20
-67.0232819999999947
 30
0
 11
95.764300999999989
 21
-66.3594810000000024
 31
0
  0
LINE
  5
9C4
330
22
100
AcDbEntity
  8
F.Cu
  6
CONTINUOUS
100
AcDbLine
 10
95.764300999999989
 20
-66.3594810000000024
 30
0
 11
95.764292999999995
 21
-66.3594750000000033
 31
0
  0
LINE
  5
9C5
330
22
100
AcDbEntity
  8
F.Cu
  6
CONTINUOUS
100
AcDbLine
 10
95.764292999999995
 20
-66.3594750000000033
 30
0
 11
95.627373999999989
 21
-66.2804259999999914
 31
0
  0
LINE
  5
9C6
330
22
100
AcDbEntity
  8
F.Cu
  6
CONTINUOUS
100
AcDbLine
 10
95.627373999999989
 20
-66.2804259999999914
 30
0
 11
95.6273690000000016
 21
-66.280422999999999
 31
0
  0
LINE
  5
9C7
330
22
100
AcDbEntity
  8
F.Cu
  6
CONTINUOUS
100
AcDbLine
 10
95.6273690000000016
 20
-66.280422999999999
 30
0
 11
95.589185999999998
 21
-66.2701919999999944
 31
0
  0
LINE
  5
9C8
330
22
100
AcDbEntity
  8
F.Cu
  6
CONTINUOUS
100
AcDbLine
 10
95.589185999999998
 20
-66.2701919999999944
 30
0
 11
95.4746409999999912
 21
-66.239498999999995
 31
0
  0
LINE
  5
9C9
330
22
100
AcDbEntity
  8
F.Cu
  6
CONTINUOUS
100
AcDbLine
 10
95.4746409999999912
 20
-66.239498999999995
 30
0
 11
95.4746379999999988
 21
-66.239498999999995
 31
0
  0
LINE
  5
9CA
330
22
100
AcDbEntity
  8
F.Cu
  6
CONTINUOUS
100
AcDbLine
 10
95.4746379999999988
 20
-66.239498999999995
 30
0
 11
95.3165259999999961
 21
-66.2394999999999925
 31
0
  0
LINE
  5
9CB
330
22
100
AcDbEntity
  8
F.Cu
  6
CONTINUOUS
100
AcDbLine
 10
95.3165259999999961
 20
-66.2394999999999925
 30
0
 11
93.9834719999999919
 21
-66.2394999999999925
 31
0
  0
LINE
  5
9CC
330
22
100
AcDbEntity
  8
F.Cu
  6
CONTINUOUS
100
AcDbLine
 10
93.9834719999999919
 20
-66.2394999999999925
 30
0
 11
93.8253579999999943
 21
-66.2394999999999925
 31
0
  0
LINE
  5
9CD
330
22
100
AcDbEntity
  8
F.Cu
  6
CONTINUOUS
100
AcDbLine
 10
93.8253579999999943
 20
-66.2394999999999925
 30
0
 11
93.6726299999999981
 21
-66.280422999999999
 31
0
  0
LINE
  5
9CE
330
22
100
AcDbEntity
  8
F.Cu
  6
CONTINUOUS
100
AcDbLine
 10
93.6726299999999981
 20
-66.280422999999999
 30
0
 11
93.6726290000000006
 21
-66.280422999999999
 31
0
  0
LINE
  5
9CF
330
22
100
AcDbEntity
  8
F.Cu
  6
CONTINUOUS
100
AcDbLine
 10
93.6726290000000006
 20
-66.280422999999999
 30
0
 11
93.6726269999999914
 21
-66.2804239999999965
 31
0
  0
LINE
  5
9D0
330
22
100
AcDbEntity
  8
F.Cu
  6
CONTINUOUS
100
AcDbLine
 10
93.6726269999999914
 20
-66.2804239999999965
 30
0
 11
93.672623999999999
 21
-66.2804249999999939
 31
0
  0
LINE
  5
9D1
330
22
100
AcDbEntity
  8
F.Cu
  6
CONTINUOUS
100
AcDbLine
 10
93.672623999999999
 20
-66.2804249999999939
 30
0
 11
93.6301509999999979
 21
-66.304947999999996
 31
0
  0
LINE
  5
9D2
330
22
100
AcDbEntity
  8
F.Cu
  6
CONTINUOUS
100
AcDbLine
 10
93.6301509999999979
 20
-66.304947999999996
 30
0
 11
93.6301489999999887
 21
-66.3049489999999935
 31
0
  0
LINE
  5
9D3
330
22
100
AcDbEntity
  8
F.Cu
  6
CONTINUOUS
100
AcDbLine
 10
93.6301489999999887
 20
-66.3049489999999935
 30
0
 11
93.535704999999993
 21
-66.3594750000000033
 31
0
  0
LINE
  5
9D4
330
22
100
AcDbEntity
  8
F.Cu
  6
CONTINUOUS
100
AcDbLine
 10
93.535704999999993
 20
-66.3594750000000033
 30
0
 11
93.535696999999999
 21
-66.3594810000000024
 31
0
  0
LINE
  5
9D5
330
22
100
AcDbEntity
  8
F.Cu
  6
CONTINUOUS
100
AcDbLine
 10
93.535696999999999
 20
-66.3594810000000024
 30
0
 11
91.6994809999999916
 21
-68.1956969999999956
 31
0
  0
LINE
  5
9D6
330
22
100
AcDbEntity
  8
F.Cu
  6
CONTINUOUS
100
AcDbLine
 10
91.6994809999999916
 20
-68.1956969999999956
 30
0
 11
91.6994789999999966
 21
-68.1957000000000022
 31
0
  0
LINE
  5
9D7
330
22
100
AcDbEntity
  8
F.Cu
  6
CONTINUOUS
100
AcDbLine
 10
91.6994789999999966
 20
-68.1957000000000022
 30
0
 11
91.649360999999999
 21
-68.2825089999999904
 31
0
  0
LINE
  5
9D8
330
22
100
AcDbEntity
  8
F.Cu
  6
CONTINUOUS
100
AcDbLine
 10
91.649360999999999
 20
-68.2825089999999904
 30
0
 11
91.6493589999999898
 21
-68.2825109999999995
 31
0
  0
LINE
  5
9D9
330
22
100
AcDbEntity
  8
F.Cu
  6
CONTINUOUS
100
AcDbLine
 10
91.6493589999999898
 20
-68.2825109999999995
 30
0
 11
91.6204249999999973
 21
-68.3326239999999956
 31
0
  0
LINE
  5
9DA
330
22
100
AcDbEntity
  8
F.Cu
  6
CONTINUOUS
100
AcDbLine
 10
91.6204249999999973
 20
-68.3326239999999956
 30
0
 11
91.6204239999999999
 21
-68.3326249999999931
 31
0
  0
LINE
  5
9DB
330
22
100
AcDbEntity
  8
F.Cu
  6
CONTINUOUS
100
AcDbLine
 10
91.6204239999999999
 20
-68.3326249999999931
 30
0
 11
91.6185040000000015
 21
-68.3397920000000028
 31
0
  0
LINE
  5
9DC
330
22
100
AcDbEntity
  8
F.Cu
  6
CONTINUOUS
100
AcDbLine
 10
91.6185040000000015
 20
-68.3397920000000028
 30
0
 11
91.5794989999999984
 21
-68.4853579999999909
 31
0
  0
LINE
  5
9DD
330
22
100
AcDbEntity
  8
F.Cu
  6
CONTINUOUS
100
AcDbLine
 10
91.5794989999999984
 20
-68.4853579999999909
 30
0
 11
91.5794989999999984
 21
-68.48536
 31
0
  0
LINE
  5
9DE
330
22
100
AcDbEntity
  8
F.Cu
  6
CONTINUOUS
100
AcDbLine
 10
91.5794989999999984
 20
-68.48536
 30
0
 11
91.5794989999999984
 21
-68.653460999999993
 31
0
  0
LINE
  5
9DF
330
22
100
AcDbEntity
  8
F.Cu
  6
CONTINUOUS
100
AcDbLine
 10
91.5794989999999984
 20
-68.653460999999993
 30
0
 11
91.5794999999999959
 21
-68.6534740000000028
 31
0
  0
LINE
  5
9E0
330
22
100
AcDbEntity
  8
F.Cu
  6
CONTINUOUS
100
AcDbLine
 10
91.5794999999999959
 20
-68.6534740000000028
 30
0
 11
91.5794999999999959
 21
-71.5903859999999952
 31
0
  0
LINE
  5
9E1
330
22
100
AcDbEntity
  8
F.Cu
  6
CONTINUOUS
100
AcDbLine
 10
91.5794999999999959
 20
-71.5903859999999952
 30
0
 11
91.5794989999999984
 21
-71.5904039999999924
 31
0
  0
LINE
  5
9E2
330
22
100
AcDbEntity
  8
F.Cu
  6
CONTINUOUS
100
AcDbLine
 10
91.5794989999999984
 20
-71.5904039999999924
 30
0
 11
91.5794989999999984
 21
-71.7561099999999925
 31
0
  0
LINE
  5
9E3
330
22
100
AcDbEntity
  8
F.Cu
  6
CONTINUOUS
100
AcDbLine
 10
91.5794989999999984
 20
-71.7561099999999925
 30
0
 11
91.579498000000001
 21
-71.7561099999999925
 31
0
  0
LINE
  5
9E4
330
22
100
AcDbEntity
  8
F.Cu
  6
CONTINUOUS
100
AcDbLine
 10
91.579498000000001
 20
-71.7561099999999925
 30
0
 11
91.6204230000000024
 21
-71.9088409999999953
 31
0
  0
LINE
  5
9E5
330
22
100
AcDbEntity
  8
F.Cu
  6
CONTINUOUS
100
AcDbLine
 10
143.7744999999999891
 20
-62.4862859999999998
 30
0
 11
143.8016439999999818
 21
-62.6576710000000006
 31
0
  0
LINE
  5
9E6
330
22
100
AcDbEntity
  8
F.Cu
  6
CONTINUOUS
100
AcDbLine
 10
143.8016439999999818
 20
-62.6576710000000006
 30
0
 11
143.8077539999999885
 21
-62.6962429999999955
 31
0
  0
LINE
  5
9E7
330
22
100
AcDbEntity
  8
F.Cu
  6
CONTINUOUS
100
AcDbLine
 10
143.8077539999999885
 20
-62.6962429999999955
 30
0
 11
143.8584040000000073
 21
-62.8521280000000004
 31
0
  0
LINE
  5
9E8
330
22
100
AcDbEntity
  8
F.Cu
  6
CONTINUOUS
100
AcDbLine
 10
143.8584040000000073
 20
-62.8521280000000004
 30
0
 11
143.8734440000000063
 21
-62.8984139999999954
 31
0
  0
LINE
  5
9E9
330
22
100
AcDbEntity
  8
F.Cu
  6
CONTINUOUS
100
AcDbLine
 10
143.8734440000000063
 20
-62.8984139999999954
 30
0
 11
143.9699509999999805
 21
-63.0878200000000007
 31
0
  0
LINE
  5
9EA
330
22
100
AcDbEntity
  8
F.Cu
  6
CONTINUOUS
100
AcDbLine
 10
143.9699509999999805
 20
-63.0878200000000007
 30
0
 11
144.0948899999999924
 21
-63.2597859999999983
 31
0
  0
LINE
  5
9EB
330
22
100
AcDbEntity
  8
F.Cu
  6
CONTINUOUS
100
AcDbLine
 10
144.0948899999999924
 20
-63.2597859999999983
 30
0
 11
144.2452130000000068
 21
-63.4101089999999985
 31
0
  0
LINE
  5
9EC
330
22
100
AcDbEntity
  8
F.Cu
  6
CONTINUOUS
100
AcDbLine
 10
144.2452130000000068
 20
-63.4101089999999985
 30
0
 11
144.4171790000000044
 21
-63.5350479999999962
 31
0
  0
LINE
  5
9ED
330
22
100
AcDbEntity
  8
F.Cu
  6
CONTINUOUS
100
AcDbLine
 10
144.4171790000000044
 20
-63.5350479999999962
 30
0
 11
144.4171809999999994
 21
-63.5350489999999937
 31
0
  0
LINE
  5
9EE
330
22
100
AcDbEntity
  8
F.Cu
  6
CONTINUOUS
100
AcDbLine
 10
144.4171809999999994
 20
-63.5350489999999937
 30
0
 11
144.4171839999999918
 21
-63.5350509999999957
 31
0
  0
LINE
  5
9EF
330
22
100
AcDbEntity
  8
F.Cu
  6
CONTINUOUS
100
AcDbLine
 10
144.4171839999999918
 20
-63.5350509999999957
 30
0
 11
144.6065879999999879
 21
-63.6315569999999937
 31
0
  0
LINE
  5
9F0
330
22
100
AcDbEntity
  8
F.Cu
  6
CONTINUOUS
100
AcDbLine
 10
144.6065879999999879
 20
-63.6315569999999937
 30
0
 11
144.8087569999999857
 21
-63.6972459999999998
 31
0
  0
LINE
  5
9F1
330
22
100
AcDbEntity
  8
F.Cu
  6
CONTINUOUS
100
AcDbLine
 10
144.8087569999999857
 20
-63.6972459999999998
 30
0
 11
145.0187129999999911
 21
-63.7304999999999993
 31
0
  0
LINE
  5
9F2
330
22
100
AcDbEntity
  8
F.Cu
  6
CONTINUOUS
100
AcDbLine
 10
145.0187129999999911
 20
-63.7304999999999993
 30
0
 11
145.0187139999999886
 21
-63.7304999999999993
 31
0
  0
LINE
  5
9F3
330
22
100
AcDbEntity
  8
F.Cu
  6
CONTINUOUS
100
AcDbLine
 10
145.0187139999999886
 20
-63.7304999999999993
 30
0
 11
147.231285999999983
 21
-63.7304999999999993
 31
0
  0
LINE
  5
9F4
330
22
100
AcDbEntity
  8
F.Cu
  6
CONTINUOUS
100
AcDbLine
 10
147.231285999999983
 20
-63.7304999999999993
 30
0
 11
147.2312869999999805
 21
-63.7304999999999993
 31
0
  0
LINE
  5
9F5
330
22
100
AcDbEntity
  8
F.Cu
  6
CONTINUOUS
100
AcDbLine
 10
147.2312869999999805
 20
-63.7304999999999993
 30
0
 11
147.4412429999999858
 21
-63.6972459999999998
 31
0
  0
LINE
  5
9F6
330
22
100
AcDbEntity
  8
F.Cu
  6
CONTINUOUS
100
AcDbLine
 10
147.4412429999999858
 20
-63.6972459999999998
 30
0
 11
147.6434119999999837
 21
-63.6315569999999937
 31
0
  0
LINE
  5
9F7
330
22
100
AcDbEntity
  8
F.Cu
  6
CONTINUOUS
100
AcDbLine
 10
147.6434119999999837
 20
-63.6315569999999937
 30
0
 11
147.8328159999999798
 21
-63.5350509999999957
 31
0
  0
LINE
  5
9F8
330
22
100
AcDbEntity
  8
F.Cu
  6
CONTINUOUS
100
AcDbLine
 10
147.8328159999999798
 20
-63.5350509999999957
 30
0
 11
147.9191380000000038
 21
-63.472334999999994
 31
0
  0
LINE
  5
9F9
330
22
100
AcDbEntity
  8
F.Cu
  6
CONTINUOUS
100
AcDbLine
 10
147.9191380000000038
 20
-63.472334999999994
 30
0
 11
148.0047859999999957
 21
-63.4101089999999985
 31
0
  0
LINE
  5
9FA
330
22
100
AcDbEntity
  8
F.Cu
  6
CONTINUOUS
100
AcDbLine
 10
148.0047859999999957
 20
-63.4101089999999985
 30
0
 11
148.0047879999999907
 21
-63.410105999999999
 31
0
  0
LINE
  5
9FB
330
22
100
AcDbEntity
  8
F.Cu
  6
CONTINUOUS
100
AcDbLine
 10
148.0047879999999907
 20
-63.410105999999999
 30
0
 11
148.0047919999999806
 21
-63.4101039999999969
 31
0
  0
LINE
  5
9FC
330
22
100
AcDbEntity
  8
F.Cu
  6
CONTINUOUS
100
AcDbLine
 10
148.0047919999999806
 20
-63.4101039999999969
 30
0
 11
148.1551039999999944
 21
-63.2597919999999974
 31
0
  0
LINE
  5
9FD
330
22
100
AcDbEntity
  8
F.Cu
  6
CONTINUOUS
100
AcDbLine
 10
148.1551039999999944
 20
-63.2597919999999974
 30
0
 11
148.1551059999999893
 21
-63.2597880000000004
 31
0
  0
LINE
  5
9FE
330
22
100
AcDbEntity
  8
F.Cu
  6
CONTINUOUS
100
AcDbLine
 10
148.1551059999999893
 20
-63.2597880000000004
 30
0
 11
148.1551089999999817
 21
-63.2597859999999983
 31
0
  0
LINE
  5
9FF
330
22
100
AcDbEntity
  8
F.Cu
  6
CONTINUOUS
100
AcDbLine
 10
148.1551089999999817
 20
-63.2597859999999983
 30
0
 11
148.2800479999999936
 21
-63.0878200000000007
 31
0
  0
LINE
  5
A00
330
22
100
AcDbEntity
  8
F.Cu
  6
CONTINUOUS
100
AcDbLine
 10
148.2800479999999936
 20
-63.0878200000000007
 30
0
 11
148.2800469999999962
 21
-63.0878200000000007
 31
0
  0
LINE
  5
A01
330
22
100
AcDbEntity
  8
F.Cu
  6
CONTINUOUS
100
AcDbLine
 10
148.2800469999999962
 20
-63.0878200000000007
 30
0
 11
148.2800509999999861
 21
-63.0878159999999966
 31
0
  0
LINE
  5
A02
330
22
100
AcDbEntity
  8
F.Cu
  6
CONTINUOUS
100
AcDbLine
 10
148.2800509999999861
 20
-63.0878159999999966
 30
0
 11
148.3765569999999911
 21
-62.8984120000000004
 31
0
  0
LINE
  5
A03
330
22
100
AcDbEntity
  8
F.Cu
  6
CONTINUOUS
100
AcDbLine
 10
148.3765569999999911
 20
-62.8984120000000004
 30
0
 11
148.442245999999983
 21
-62.6962429999999955
 31
0
  0
LINE
  5
A04
330
22
100
AcDbEntity
  8
F.Cu
  6
CONTINUOUS
100
AcDbLine
 10
148.442245999999983
 20
-62.6962429999999955
 30
0
 11
148.4754999999999825
 21
-62.4862869999999972
 31
0
  0
LINE
  5
A05
330
22
100
AcDbEntity
  8
F.Cu
  6
CONTINUOUS
100
AcDbLine
 10
148.4754999999999825
 20
-62.4862869999999972
 30
0
 11
148.4754999999999825
 21
-62.2737129999999937
 31
0
  0
LINE
  5
A06
330
22
100
AcDbEntity
  8
F.Cu
  6
CONTINUOUS
100
AcDbLine
 10
148.4754999999999825
 20
-62.2737129999999937
 30
0
 11
148.442245999999983
 21
-62.0637569999999954
 31
0
  0
LINE
  5
A07
330
22
100
AcDbEntity
  8
F.Cu
  6
CONTINUOUS
100
AcDbLine
 10
148.442245999999983
 20
-62.0637569999999954
 30
0
 11
148.3765569999999911
 21
-61.8615879999999976
 31
0
  0
LINE
  5
A08
330
22
100
AcDbEntity
  8
F.Cu
  6
CONTINUOUS
100
AcDbLine
 10
148.3765569999999911
 20
-61.8615879999999976
 30
0
 11
148.2800509999999861
 21
-61.6721839999999943
 31
0
  0
LINE
  5
A09
330
22
100
AcDbEntity
  8
F.Cu
  6
CONTINUOUS
100
AcDbLine
 10
148.2800509999999861
 20
-61.6721839999999943
 30
0
 11
148.2800489999999911
 21
-61.6721809999999948
 31
0
  0
LINE
  5
A0A
330
22
100
AcDbEntity
  8
F.Cu
  6
CONTINUOUS
100
AcDbLine
 10
148.2800489999999911
 20
-61.6721809999999948
 30
0
 11
148.2800479999999936
 21
-61.6721789999999999
 31
0
  0
LINE
  5
A0B
330
22
100
AcDbEntity
  8
F.Cu
  6
CONTINUOUS
100
AcDbLine
 10
148.2800479999999936
 20
-61.6721789999999999
 30
0
 11
148.1551089999999817
 21
-61.5002129999999951
 31
0
  0
LINE
  5
A0C
330
22
100
AcDbEntity
  8
F.Cu
  6
CONTINUOUS
100
AcDbLine
 10
148.1551089999999817
 20
-61.5002129999999951
 30
0
 11
148.0047859999999957
 21
-61.3498899999999949
 31
0
  0
LINE
  5
A0D
330
22
100
AcDbEntity
  8
F.Cu
  6
CONTINUOUS
100
AcDbLine
 10
148.0047859999999957
 20
-61.3498899999999949
 30
0
 11
147.8328199999999981
 21
-61.2249509999999972
 31
0
  0
LINE
  5
A0E
330
22
100
AcDbEntity
  8
F.Cu
  6
CONTINUOUS
100
AcDbLine
 10
147.8328199999999981
 20
-61.2249509999999972
 30
0
 11
147.643414000000007
 21
-61.1284439999999947
 31
0
  0
LINE
  5
A0F
330
22
100
AcDbEntity
  8
F.Cu
  6
CONTINUOUS
100
AcDbLine
 10
147.643414000000007
 20
-61.1284439999999947
 30
0
 11
147.6434129999999811
 21
-61.1284429999999972
 31
0
  0
LINE
  5
A10
330
22
100
AcDbEntity
  8
F.Cu
  6
CONTINUOUS
100
AcDbLine
 10
147.6434129999999811
 20
-61.1284429999999972
 30
0
 11
147.6434119999999837
 21
-61.1284429999999972
 31
0
  0
LINE
  5
A11
330
22
100
AcDbEntity
  8
F.Cu
  6
CONTINUOUS
100
AcDbLine
 10
147.6434119999999837
 20
-61.1284429999999972
 30
0
 11
147.4412429999999858
 21
-61.0627539999999982
 31
0
  0
LINE
  5
A12
330
22
100
AcDbEntity
  8
F.Cu
  6
CONTINUOUS
100
AcDbLine
 10
147.4412429999999858
 20
-61.0627539999999982
 30
0
 11
147.4412409999999909
 21
-61.0627530000000007
 31
0
  0
LINE
  5
A13
330
22
100
AcDbEntity
  8
F.Cu
  6
CONTINUOUS
100
AcDbLine
 10
147.4412409999999909
 20
-61.0627530000000007
 30
0
 11
147.4412399999999934
 21
-61.0627530000000007
 31
0
  0
LINE
  5
A14
330
22
100
AcDbEntity
  8
F.Cu
  6
CONTINUOUS
100
AcDbLine
 10
147.4412399999999934
 20
-61.0627530000000007
 30
0
 11
147.279956999999996
 21
-61.0372079999999997
 31
0
  0
LINE
  5
A15
330
22
100
AcDbEntity
  8
F.Cu
  6
CONTINUOUS
100
AcDbLine
 10
147.279956999999996
 20
-61.0372079999999997
 30
0
 11
147.2312869999999805
 21
-61.0294999999999987
 31
0
  0
LINE
  5
A16
330
22
100
AcDbEntity
  8
F.Cu
  6
CONTINUOUS
100
AcDbLine
 10
147.2312869999999805
 20
-61.0294999999999987
 30
0
 11
145.0187129999999911
 21
-61.0294999999999987
 31
0
  0
LINE
  5
A17
330
22
100
AcDbEntity
  8
F.Cu
  6
CONTINUOUS
100
AcDbLine
 10
145.0187129999999911
 20
-61.0294999999999987
 30
0
 11
144.9700420000000065
 21
-61.0372079999999997
 31
0
  0
LINE
  5
A18
330
22
100
AcDbEntity
  8
F.Cu
  6
CONTINUOUS
100
AcDbLine
 10
144.9700420000000065
 20
-61.0372079999999997
 30
0
 11
144.8087600000000066
 21
-61.0627530000000007
 31
0
  0
LINE
  5
A19
330
22
100
AcDbEntity
  8
F.Cu
  6
CONTINUOUS
100
AcDbLine
 10
144.8087600000000066
 20
-61.0627530000000007
 30
0
 11
144.6065849999999955
 21
-61.1284439999999947
 31
0
  0
LINE
  5
A1A
330
22
100
AcDbEntity
  8
F.Cu
  6
CONTINUOUS
100
AcDbLine
 10
144.6065849999999955
 20
-61.1284439999999947
 30
0
 11
144.4171790000000044
 21
-61.2249509999999972
 31
0
  0
LINE
  5
A1B
330
22
100
AcDbEntity
  8
F.Cu
  6
CONTINUOUS
100
AcDbLine
 10
144.4171790000000044
 20
-61.2249509999999972
 30
0
 11
144.2452130000000068
 21
-61.3498899999999949
 31
0
  0
LINE
  5
A1C
330
22
100
AcDbEntity
  8
F.Cu
  6
CONTINUOUS
100
AcDbLine
 10
144.2452130000000068
 20
-61.3498899999999949
 30
0
 11
144.0948899999999924
 21
-61.5002129999999951
 31
0
  0
LINE
  5
A1D
330
22
100
AcDbEntity
  8
F.Cu
  6
CONTINUOUS
100
AcDbLine
 10
144.0948899999999924
 20
-61.5002129999999951
 30
0
 11
143.9699509999999805
 21
-61.6721789999999999
 31
0
  0
LINE
  5
A1E
330
22
100
AcDbEntity
  8
F.Cu
  6
CONTINUOUS
100
AcDbLine
 10
143.9699509999999805
 20
-61.6721789999999999
 30
0
 11
143.8734440000000063
 21
-61.861584999999998
 31
0
  0
LINE
  5
A1F
330
22
100
AcDbEntity
  8
F.Cu
  6
CONTINUOUS
100
AcDbLine
 10
143.8734440000000063
 20
-61.861584999999998
 30
0
 11
143.8077529999999911
 21
-62.0637599999999949
 31
0
  0
LINE
  5
A20
330
22
100
AcDbEntity
  8
F.Cu
  6
CONTINUOUS
100
AcDbLine
 10
143.8077529999999911
 20
-62.0637599999999949
 30
0
 11
143.7744999999999891
 21
-62.2737129999999937
 31
0
  0
LINE
  5
A21
330
22
100
AcDbEntity
  8
F.Cu
  6
CONTINUOUS
100
AcDbLine
 10
143.7744999999999891
 20
-62.2737129999999937
 30
0
 11
143.7744999999999891
 21
-62.4862859999999998
 31
0
  0
LINE
  5
A22
330
22
100
AcDbEntity
  8
F.Cu
  6
CONTINUOUS
100
AcDbLine
 10
147.6494999999999891
 20
-84.1212879999999927
 30
0
 11
147.681161000000003
 21
-84.3617849999999976
 31
0
  0
LINE
  5
A23
330
22
100
AcDbEntity
  8
F.Cu
  6
CONTINUOUS
100
AcDbLine
 10
147.681161000000003
 20
-84.3617849999999976
 30
0
 11
147.7439469999999915
 21
-84.5961039999999969
 31
0
  0
LINE
  5
A24
330
22
100
AcDbEntity
  8
F.Cu
  6
CONTINUOUS
100
AcDbLine
 10
147.7439469999999915
 20
-84.5961039999999969
 30
0
 11
147.7964000000000055
 21
-84.7227359999999976
 31
0
  0
LINE
  5
A25
330
22
100
AcDbEntity
  8
F.Cu
  6
CONTINUOUS
100
AcDbLine
 10
147.7964000000000055
 20
-84.7227359999999976
 30
0
 11
147.8367759999999862
 21
-84.8202119999999979
 31
0
  0
LINE
  5
A26
330
22
100
AcDbEntity
  8
F.Cu
  6
CONTINUOUS
100
AcDbLine
 10
147.8367759999999862
 20
-84.8202119999999979
 30
0
 11
147.9580640000000074
 21
-85.0302889999999962
 31
0
  0
LINE
  5
A27
330
22
100
AcDbEntity
  8
F.Cu
  6
CONTINUOUS
100
AcDbLine
 10
147.9580640000000074
 20
-85.0302889999999962
 30
0
 11
147.9580660000000023
 21
-85.0302920000000029
 31
0
  0
LINE
  5
A28
330
22
100
AcDbEntity
  8
F.Cu
  6
CONTINUOUS
100
AcDbLine
 10
147.9580660000000023
 20
-85.0302920000000029
 30
0
 11
147.9580669999999998
 21
-85.0302930000000003
 31
0
  0
LINE
  5
A29
330
22
100
AcDbEntity
  8
F.Cu
  6
CONTINUOUS
100
AcDbLine
 10
147.9580669999999998
 20
-85.0302930000000003
 30
0
 11
148.1057329999999865
 21
-85.2227359999999976
 31
0
  0
LINE
  5
A2A
330
22
100
AcDbEntity
  8
F.Cu
  6
CONTINUOUS
100
AcDbLine
 10
148.1057329999999865
 20
-85.2227359999999976
 30
0
 11
148.1057389999999998
 21
-85.2227429999999941
 31
0
  0
LINE
  5
A2B
330
22
100
AcDbEntity
  8
F.Cu
  6
CONTINUOUS
100
AcDbLine
 10
148.1057389999999998
 20
-85.2227429999999941
 30
0
 11
148.2772559999999942
 21
-85.3942600000000027
 31
0
  0
LINE
  5
A2C
330
22
100
AcDbEntity
  8
F.Cu
  6
CONTINUOUS
100
AcDbLine
 10
148.2772559999999942
 20
-85.3942600000000027
 30
0
 11
148.2772620000000074
 21
-85.3942649999999901
 31
0
  0
LINE
  5
A2D
330
22
100
AcDbEntity
  8
F.Cu
  6
CONTINUOUS
100
AcDbLine
 10
148.2772620000000074
 20
-85.3942649999999901
 30
0
 11
148.4697109999999896
 21
-85.5419359999999926
 31
0
  0
LINE
  5
A2E
330
22
100
AcDbEntity
  8
F.Cu
  6
CONTINUOUS
100
AcDbLine
 10
148.4697109999999896
 20
-85.5419359999999926
 30
0
 11
148.6797880000000021
 21
-85.6632239999999996
 31
0
  0
LINE
  5
A2F
330
22
100
AcDbEntity
  8
F.Cu
  6
CONTINUOUS
100
AcDbLine
 10
148.6797880000000021
 20
-85.6632239999999996
 30
0
 11
148.903899999999993
 21
-85.7560539999999918
 31
0
  0
LINE
  5
A30
330
22
100
AcDbEntity
  8
F.Cu
  6
CONTINUOUS
100
AcDbLine
 10
148.903899999999993
 20
-85.7560539999999918
 30
0
 11
149.1382109999999841
 21
-85.8188379999999995
 31
0
  0
LINE
  5
A31
330
22
100
AcDbEntity
  8
F.Cu
  6
CONTINUOUS
100
AcDbLine
 10
149.1382109999999841
 20
-85.8188379999999995
 30
0
 11
149.3185859999999821
 21
-85.8425840000000022
 31
0
  0
LINE
  5
A32
330
22
100
AcDbEntity
  8
F.Cu
  6
CONTINUOUS
100
AcDbLine
 10
149.3185859999999821
 20
-85.8425840000000022
 30
0
 11
149.3787109999999814
 21
-85.8504999999999967
 31
0
  0
LINE
  5
A33
330
22
100
AcDbEntity
  8
F.Cu
  6
CONTINUOUS
100
AcDbLine
 10
149.3787109999999814
 20
-85.8504999999999967
 30
0
 11
149.3787120000000073
 21
-85.8504999999999967
 31
0
  0
LINE
  5
A34
330
22
100
AcDbEntity
  8
F.Cu
  6
CONTINUOUS
100
AcDbLine
 10
149.3787120000000073
 20
-85.8504999999999967
 30
0
 11
149.6212889999999902
 21
-85.8504999999999967
 31
0
  0
LINE
  5
A35
330
22
100
AcDbEntity
  8
F.Cu
  6
CONTINUOUS
100
AcDbLine
 10
149.6212889999999902
 20
-85.8504999999999967
 30
0
 11
149.6693879999999979
 21
-85.8441669999999988
 31
0
  0
LINE
  5
A36
330
22
100
AcDbEntity
  8
F.Cu
  6
CONTINUOUS
100
AcDbLine
 10
149.6693879999999979
 20
-85.8441669999999988
 30
0
 11
149.8617889999999875
 21
-85.8188379999999995
 31
0
  0
LINE
  5
A37
330
22
100
AcDbEntity
  8
F.Cu
  6
CONTINUOUS
100
AcDbLine
 10
149.8617889999999875
 20
-85.8188379999999995
 30
0
 11
150.096100000000007
 21
-85.7560539999999918
 31
0
  0
LINE
  5
A38
330
22
100
AcDbEntity
  8
F.Cu
  6
CONTINUOUS
100
AcDbLine
 10
150.096100000000007
 20
-85.7560539999999918
 30
0
 11
150.3202119999999979
 21
-85.6632239999999996
 31
0
  0
LINE
  5
A39
330
22
100
AcDbEntity
  8
F.Cu
  6
CONTINUOUS
100
AcDbLine
 10
150.3202119999999979
 20
-85.6632239999999996
 30
0
 11
150.530288999999982
 21
-85.5419359999999926
 31
0
  0
LINE
  5
A3A
330
22
100
AcDbEntity
  8
F.Cu
  6
CONTINUOUS
100
AcDbLine
 10
150.530288999999982
 20
-85.5419359999999926
 30
0
 11
150.7227379999999926
 21
-85.3942649999999901
 31
0
  0
LINE
  5
A3B
330
22
100
AcDbEntity
  8
F.Cu
  6
CONTINUOUS
100
AcDbLine
 10
150.7227379999999926
 20
-85.3942649999999901
 30
0
 11
150.8942649999999901
 21
-85.2227379999999926
 31
0
  0
LINE
  5
A3C
330
22
100
AcDbEntity
  8
F.Cu
  6
CONTINUOUS
100
AcDbLine
 10
150.8942649999999901
 20
-85.2227379999999926
 30
0
 11
151.0419359999999926
 21
-85.0302889999999962
 31
0
  0
LINE
  5
A3D
330
22
100
AcDbEntity
  8
F.Cu
  6
CONTINUOUS
100
AcDbLine
 10
151.0419359999999926
 20
-85.0302889999999962
 30
0
 11
151.1632239999999854
 21
-84.8202119999999979
 31
0
  0
LINE
  5
A3E
330
22
100
AcDbEntity
  8
F.Cu
  6
CONTINUOUS
100
AcDbLine
 10
151.1632239999999854
 20
-84.8202119999999979
 30
0
 11
151.256054000000006
 21
-84.5960999999999927
 31
0
  0
LINE
  5
A3F
330
22
100
AcDbEntity
  8
F.Cu
  6
CONTINUOUS
100
AcDbLine
 10
151.256054000000006
 20
-84.5960999999999927
 30
0
 11
151.3188379999999995
 21
-84.3617890000000017
 31
0
  0
LINE
  5
A40
330
22
100
AcDbEntity
  8
F.Cu
  6
CONTINUOUS
100
AcDbLine
 10
151.3188379999999995
 20
-84.3617890000000017
 30
0
 11
151.3504999999999825
 21
-84.1212879999999927
 31
0
  0
LINE
  5
A41
330
22
100
AcDbEntity
  8
F.Cu
  6
CONTINUOUS
100
AcDbLine
 10
151.3504999999999825
 20
-84.1212879999999927
 30
0
 11
151.3504999999999825
 21
-83.8787119999999931
 31
0
  0
LINE
  5
A42
330
22
100
AcDbEntity
  8
F.Cu
  6
CONTINUOUS
100
AcDbLine
 10
151.3504999999999825
 20
-83.8787119999999931
 30
0
 11
151.3188379999999995
 21
-83.6382109999999983
 31
0
  0
LINE
  5
A43
330
22
100
AcDbEntity
  8
F.Cu
  6
CONTINUOUS
100
AcDbLine
 10
151.3188379999999995
 20
-83.6382109999999983
 30
0
 11
151.256054000000006
 21
-83.403899999999993
 31
0
  0
LINE
  5
A44
330
22
100
AcDbEntity
  8
F.Cu
  6
CONTINUOUS
100
AcDbLine
 10
151.256054000000006
 20
-83.403899999999993
 30
0
 11
151.1632239999999854
 21
-83.1797880000000021
 31
0
  0
LINE
  5
A45
330
22
100
AcDbEntity
  8
F.Cu
  6
CONTINUOUS
100
AcDbLine
 10
151.1632239999999854
 20
-83.1797880000000021
 30
0
 11
151.0419359999999926
 21
-82.9697109999999896
 31
0
  0
LINE
  5
A46
330
22
100
AcDbEntity
  8
F.Cu
  6
CONTINUOUS
100
AcDbLine
 10
151.0419359999999926
 20
-82.9697109999999896
 30
0
 11
150.8942649999999901
 21
-82.7772619999999932
 31
0
  0
LINE
  5
A47
330
22
100
AcDbEntity
  8
F.Cu
  6
CONTINUOUS
100
AcDbLine
 10
150.8942649999999901
 20
-82.7772619999999932
 30
0
 11
150.8942600000000027
 21
-82.7772559999999942
 31
0
  0
LINE
  5
A48
330
22
100
AcDbEntity
  8
F.Cu
  6
CONTINUOUS
100
AcDbLine
 10
150.8942600000000027
 20
-82.7772559999999942
 30
0
 11
150.7227429999999799
 21
-82.6057389999999998
 31
0
  0
LINE
  5
A49
330
22
100
AcDbEntity
  8
F.Cu
  6
CONTINUOUS
100
AcDbLine
 10
150.7227429999999799
 20
-82.6057389999999998
 30
0
 11
150.7227359999999976
 21
-82.6057330000000007
 31
0
  0
LINE
  5
A4A
330
22
100
AcDbEntity
  8
F.Cu
  6
CONTINUOUS
100
AcDbLine
 10
150.7227359999999976
 20
-82.6057330000000007
 30
0
 11
150.5302930000000003
 21
-82.4580669999999998
 31
0
  0
LINE
  5
A4B
330
22
100
AcDbEntity
  8
F.Cu
  6
CONTINUOUS
100
AcDbLine
 10
150.5302930000000003
 20
-82.4580669999999998
 30
0
 11
150.5302920000000029
 21
-82.4580660000000023
 31
0
  0
LINE
  5
A4C
330
22
100
AcDbEntity
  8
F.Cu
  6
CONTINUOUS
100
AcDbLine
 10
150.5302920000000029
 20
-82.4580660000000023
 30
0
 11
150.530288999999982
 21
-82.4580639999999931
 31
0
  0
LINE
  5
A4D
330
22
100
AcDbEntity
  8
F.Cu
  6
CONTINUOUS
100
AcDbLine
 10
150.530288999999982
 20
-82.4580639999999931
 30
0
 11
150.3202119999999979
 21
-82.3367760000000004
 31
0
  0
LINE
  5
A4E
330
22
100
AcDbEntity
  8
F.Cu
  6
CONTINUOUS
100
AcDbLine
 10
150.3202119999999979
 20
-82.3367760000000004
 30
0
 11
150.3202049999999872
 21
-82.3367729999999938
 31
0
  0
LINE
  5
A4F
330
22
100
AcDbEntity
  8
F.Cu
  6
CONTINUOUS
100
AcDbLine
 10
150.3202049999999872
 20
-82.3367729999999938
 30
0
 11
150.0961039999999969
 21
-82.2439469999999915
 31
0
  0
LINE
  5
A50
330
22
100
AcDbEntity
  8
F.Cu
  6
CONTINUOUS
100
AcDbLine
 10
150.0961039999999969
 20
-82.2439469999999915
 30
0
 11
149.8617849999999976
 21
-82.181161000000003
 31
0
  0
LINE
  5
A51
330
22
100
AcDbEntity
  8
F.Cu
  6
CONTINUOUS
100
AcDbLine
 10
149.8617849999999976
 20
-82.181161000000003
 30
0
 11
149.6212889999999902
 21
-82.1495000000000033
 31
0
  0
LINE
  5
A52
330
22
100
AcDbEntity
  8
F.Cu
  6
CONTINUOUS
100
AcDbLine
 10
149.6212889999999902
 20
-82.1495000000000033
 30
0
 11
149.6212879999999927
 21
-82.1495000000000033
 31
0
  0
LINE
  5
A53
330
22
100
AcDbEntity
  8
F.Cu
  6
CONTINUOUS
100
AcDbLine
 10
149.6212879999999927
 20
-82.1495000000000033
 30
0
 11
149.3787120000000073
 21
-82.1495000000000033
 31
0
  0
LINE
  5
A54
330
22
100
AcDbEntity
  8
F.Cu
  6
CONTINUOUS
100
AcDbLine
 10
149.3787120000000073
 20
-82.1495000000000033
 30
0
 11
149.3787109999999814
 21
-82.1495000000000033
 31
0
  0
LINE
  5
A55
330
22
100
AcDbEntity
  8
F.Cu
  6
CONTINUOUS
100
AcDbLine
 10
149.3787109999999814
 20
-82.1495000000000033
 30
0
 11
149.1382140000000049
 21
-82.181161000000003
 31
0
  0
LINE
  5
A56
330
22
100
AcDbEntity
  8
F.Cu
  6
CONTINUOUS
100
AcDbLine
 10
149.1382140000000049
 20
-82.181161000000003
 30
0
 11
148.9038950000000057
 21
-82.2439469999999915
 31
0
  0
LINE
  5
A57
330
22
100
AcDbEntity
  8
F.Cu
  6
CONTINUOUS
100
AcDbLine
 10
148.9038950000000057
 20
-82.2439469999999915
 30
0
 11
148.6797939999999869
 21
-82.3367729999999938
 31
0
  0
LINE
  5
A58
330
22
100
AcDbEntity
  8
F.Cu
  6
CONTINUOUS
100
AcDbLine
 10
148.6797939999999869
 20
-82.3367729999999938
 30
0
 11
148.6797849999999812
 21
-82.3367769999999979
 31
0
  0
LINE
  5
A59
330
22
100
AcDbEntity
  8
F.Cu
  6
CONTINUOUS
100
AcDbLine
 10
148.6797849999999812
 20
-82.3367769999999979
 30
0
 11
148.4697060000000022
 21
-82.4580669999999998
 31
0
  0
LINE
  5
A5A
330
22
100
AcDbEntity
  8
F.Cu
  6
CONTINUOUS
100
AcDbLine
 10
148.4697060000000022
 20
-82.4580669999999998
 30
0
 11
148.2772630000000049
 21
-82.6057330000000007
 31
0
  0
LINE
  5
A5B
330
22
100
AcDbEntity
  8
F.Cu
  6
CONTINUOUS
100
AcDbLine
 10
148.2772630000000049
 20
-82.6057330000000007
 30
0
 11
148.2772559999999942
 21
-82.6057389999999998
 31
0
  0
LINE
  5
A5C
330
22
100
AcDbEntity
  8
F.Cu
  6
CONTINUOUS
100
AcDbLine
 10
148.2772559999999942
 20
-82.6057389999999998
 30
0
 11
148.1057389999999998
 21
-82.7772559999999942
 31
0
  0
LINE
  5
A5D
330
22
100
AcDbEntity
  8
F.Cu
  6
CONTINUOUS
100
AcDbLine
 10
148.1057389999999998
 20
-82.7772559999999942
 30
0
 11
148.1057329999999865
 21
-82.7772629999999907
 31
0
  0
LINE
  5
A5E
330
22
100
AcDbEntity
  8
F.Cu
  6
CONTINUOUS
100
AcDbLine
 10
148.1057329999999865
 20
-82.7772629999999907
 30
0
 11
147.9580669999999998
 21
-82.9697060000000022
 31
0
  0
LINE
  5
A5F
330
22
100
AcDbEntity
  8
F.Cu
  6
CONTINUOUS
100
AcDbLine
 10
147.9580669999999998
 20
-82.9697060000000022
 30
0
 11
147.8367769999999837
 21
-83.1797849999999954
 31
0
  0
LINE
  5
A60
330
22
100
AcDbEntity
  8
F.Cu
  6
CONTINUOUS
100
AcDbLine
 10
147.8367769999999837
 20
-83.1797849999999954
 30
0
 11
147.8367729999999938
 21
-83.1797940000000011
 31
0
  0
LINE
  5
A61
330
22
100
AcDbEntity
  8
F.Cu
  6
CONTINUOUS
100
AcDbLine
 10
147.8367729999999938
 20
-83.1797940000000011
 30
0
 11
147.7439469999999915
 21
-83.4038949999999915
 31
0
  0
LINE
  5
A62
330
22
100
AcDbEntity
  8
F.Cu
  6
CONTINUOUS
100
AcDbLine
 10
147.7439469999999915
 20
-83.4038949999999915
 30
0
 11
147.681161000000003
 21
-83.6382139999999907
 31
0
  0
LINE
  5
A63
330
22
100
AcDbEntity
  8
F.Cu
  6
CONTINUOUS
100
AcDbLine
 10
147.681161000000003
 20
-83.6382139999999907
 30
0
 11
147.6494999999999891
 21
-83.8787109999999956
 31
0
  0
LINE
  5
A64
330
22
100
AcDbEntity
  8
F.Cu
  6
CONTINUOUS
100
AcDbLine
 10
147.6494999999999891
 20
-83.8787109999999956
 30
0
 11
147.6494999999999891
 21
-84.1212879999999927
 31
0
  0
LINE
  5
A65
330
22
100
AcDbEntity
  8
F.Cu
  6
CONTINUOUS
100
AcDbLine
 10
84.6494999999999891
 20
-83.6212879999999927
 30
0
 11
84.681161000000003
 21
-83.8617849999999976
 31
0
  0
LINE
  5
A66
330
22
100
AcDbEntity
  8
F.Cu
  6
CONTINUOUS
100
AcDbLine
 10
84.681161000000003
 20
-83.8617849999999976
 30
0
 11
84.7439469999999915
 21
-84.0961039999999969
 31
0
  0
LINE
  5
A67
330
22
100
AcDbEntity
  8
F.Cu
  6
CONTINUOUS
100
AcDbLine
 10
84.7439469999999915
 20
-84.0961039999999969
 30
0
 11
84.7543790000000001
 21
-84.1212879999999927
 31
0
  0
LINE
  5
A68
330
22
100
AcDbEntity
  8
F.Cu
  6
CONTINUOUS
100
AcDbLine
 10
84.7543790000000001
 20
-84.1212879999999927
 30
0
 11
84.8367760000000004
 21
-84.3202119999999979
 31
0
  0
LINE
  5
A69
330
22
100
AcDbEntity
  8
F.Cu
  6
CONTINUOUS
100
AcDbLine
 10
84.8367760000000004
 20
-84.3202119999999979
 30
0
 11
84.9580639999999931
 21
-84.5302889999999962
 31
0
  0
LINE
  5
A6A
330
22
100
AcDbEntity
  8
F.Cu
  6
CONTINUOUS
100
AcDbLine
 10
84.9580639999999931
 20
-84.5302889999999962
 30
0
 11
84.9580660000000023
 21
-84.5302920000000029
 31
0
  0
LINE
  5
A6B
330
22
100
AcDbEntity
  8
F.Cu
  6
CONTINUOUS
100
AcDbLine
 10
84.9580660000000023
 20
-84.5302920000000029
 30
0
 11
84.9580669999999998
 21
-84.5302930000000003
 31
0
  0
LINE
  5
A6C
330
22
100
AcDbEntity
  8
F.Cu
  6
CONTINUOUS
100
AcDbLine
 10
84.9580669999999998
 20
-84.5302930000000003
 30
0
 11
85.1057330000000007
 21
-84.7227359999999976
 31
0
  0
LINE
  5
A6D
330
22
100
AcDbEntity
  8
F.Cu
  6
CONTINUOUS
100
AcDbLine
 10
85.1057330000000007
 20
-84.7227359999999976
 30
0
 11
85.1057389999999998
 21
-84.7227429999999941
 31
0
  0
LINE
  5
A6E
330
22
100
AcDbEntity
  8
F.Cu
  6
CONTINUOUS
100
AcDbLine
 10
85.1057389999999998
 20
-84.7227429999999941
 30
0
 11
85.2772559999999942
 21
-84.8942600000000027
 31
0
  0
LINE
  5
A6F
330
22
100
AcDbEntity
  8
F.Cu
  6
CONTINUOUS
100
AcDbLine
 10
85.2772559999999942
 20
-84.8942600000000027
 30
0
 11
85.2772619999999932
 21
-84.8942649999999901
 31
0
  0
LINE
  5
A70
330
22
100
AcDbEntity
  8
F.Cu
  6
CONTINUOUS
100
AcDbLine
 10
85.2772619999999932
 20
-84.8942649999999901
 30
0
 11
85.4697109999999896
 21
-85.0419359999999926
 31
0
  0
LINE
  5
A71
330
22
100
AcDbEntity
  8
F.Cu
  6
CONTINUOUS
100
AcDbLine
 10
85.4697109999999896
 20
-85.0419359999999926
 30
0
 11
85.6797880000000021
 21
-85.1632239999999996
 31
0
  0
LINE
  5
A72
330
22
100
AcDbEntity
  8
F.Cu
  6
CONTINUOUS
100
AcDbLine
 10
85.6797880000000021
 20
-85.1632239999999996
 30
0
 11
85.903899999999993
 21
-85.2560539999999918
 31
0
  0
LINE
  5
A73
330
22
100
AcDbEntity
  8
F.Cu
  6
CONTINUOUS
100
AcDbLine
 10
85.903899999999993
 20
-85.2560539999999918
 30
0
 11
86.1382109999999983
 21
-85.3188379999999995
 31
0
  0
LINE
  5
A74
330
22
100
AcDbEntity
  8
F.Cu
  6
CONTINUOUS
100
AcDbLine
 10
86.1382109999999983
 20
-85.3188379999999995
 30
0
 11
86.3185859999999963
 21
-85.3425840000000022
 31
0
  0
LINE
  5
A75
330
22
100
AcDbEntity
  8
F.Cu
  6
CONTINUOUS
100
AcDbLine
 10
86.3185859999999963
 20
-85.3425840000000022
 30
0
 11
86.3787109999999956
 21
-85.3504999999999967
 31
0
  0
LINE
  5
A76
330
22
100
AcDbEntity
  8
F.Cu
  6
CONTINUOUS
100
AcDbLine
 10
86.3787109999999956
 20
-85.3504999999999967
 30
0
 11
86.3787119999999931
 21
-85.3504999999999967
 31
0
  0
LINE
  5
A77
330
22
100
AcDbEntity
  8
F.Cu
  6
CONTINUOUS
100
AcDbLine
 10
86.3787119999999931
 20
-85.3504999999999967
 30
0
 11
86.6212889999999902
 21
-85.3504999999999967
 31
0
  0
LINE
  5
A78
330
22
100
AcDbEntity
  8
F.Cu
  6
CONTINUOUS
100
AcDbLine
 10
86.6212889999999902
 20
-85.3504999999999967
 30
0
 11
86.6693879999999979
 21
-85.3441669999999988
 31
0
  0
LINE
  5
A79
330
22
100
AcDbEntity
  8
F.Cu
  6
CONTINUOUS
100
AcDbLine
 10
86.6693879999999979
 20
-85.3441669999999988
 30
0
 11
86.8617890000000017
 21
-85.3188379999999995
 31
0
  0
LINE
  5
A7A
330
22
100
AcDbEntity
  8
F.Cu
  6
CONTINUOUS
100
AcDbLine
 10
86.8617890000000017
 20
-85.3188379999999995
 30
0
 11
87.0960999999999927
 21
-85.2560539999999918
 31
0
  0
LINE
  5
A7B
330
22
100
AcDbEntity
  8
F.Cu
  6
CONTINUOUS
100
AcDbLine
 10
87.0960999999999927
 20
-85.2560539999999918
 30
0
 11
87.3202119999999979
 21
-85.1632239999999996
 31
0
  0
LINE
  5
A7C
330
22
100
AcDbEntity
  8
F.Cu
  6
CONTINUOUS
100
AcDbLine
 10
87.3202119999999979
 20
-85.1632239999999996
 30
0
 11
87.5302889999999962
 21
-85.0419359999999926
 31
0
  0
LINE
  5
A7D
330
22
100
AcDbEntity
  8
F.Cu
  6
CONTINUOUS
100
AcDbLine
 10
87.5302889999999962
 20
-85.0419359999999926
 30
0
 11
87.7227379999999926
 21
-84.8942649999999901
 31
0
  0
LINE
  5
A7E
330
22
100
AcDbEntity
  8
F.Cu
  6
CONTINUOUS
100
AcDbLine
 10
87.7227379999999926
 20
-84.8942649999999901
 30
0
 11
87.8942649999999901
 21
-84.7227379999999926
 31
0
  0
LINE
  5
A7F
330
22
100
AcDbEntity
  8
F.Cu
  6
CONTINUOUS
100
AcDbLine
 10
87.8942649999999901
 20
-84.7227379999999926
 30
0
 11
88.0419359999999926
 21
-84.5302889999999962
 31
0
  0
LINE
  5
A80
330
22
100
AcDbEntity
  8
F.Cu
  6
CONTINUOUS
100
AcDbLine
 10
88.0419359999999926
 20
-84.5302889999999962
 30
0
 11
88.1632239999999996
 21
-84.3202119999999979
 31
0
  0
LINE
  5
A81
330
22
100
AcDbEntity
  8
F.Cu
  6
CONTINUOUS
100
AcDbLine
 10
88.1632239999999996
 20
-84.3202119999999979
 30
0
 11
88.2560539999999918
 21
-84.0960999999999927
 31
0
  0
LINE
  5
A82
330
22
100
AcDbEntity
  8
F.Cu
  6
CONTINUOUS
100
AcDbLine
 10
88.2560539999999918
 20
-84.0960999999999927
 30
0
 11
88.3143039999999928
 21
-83.8787109999999956
 31
0
  0
LINE
  5
A83
330
22
100
AcDbEntity
  8
F.Cu
  6
CONTINUOUS
100
AcDbLine
 10
88.3143039999999928
 20
-83.8787109999999956
 30
0
 11
88.3188379999999995
 21
-83.8617890000000017
 31
0
  0
LINE
  5
A84
330
22
100
AcDbEntity
  8
F.Cu
  6
CONTINUOUS
100
AcDbLine
 10
88.3188379999999995
 20
-83.8617890000000017
 30
0
 11
88.3504999999999967
 21
-83.6212879999999927
 31
0
  0
LINE
  5
A85
330
22
100
AcDbEntity
  8
F.Cu
  6
CONTINUOUS
100
AcDbLine
 10
88.3504999999999967
 20
-83.6212879999999927
 30
0
 11
88.3504999999999967
 21
-83.3787119999999931
 31
0
  0
LINE
  5
A86
330
22
100
AcDbEntity
  8
F.Cu
  6
CONTINUOUS
100
AcDbLine
 10
88.3504999999999967
 20
-83.3787119999999931
 30
0
 11
88.3188379999999995
 21
-83.1382109999999983
 31
0
  0
LINE
  5
A87
330
22
100
AcDbEntity
  8
F.Cu
  6
CONTINUOUS
100
AcDbLine
 10
88.3188379999999995
 20
-83.1382109999999983
 30
0
 11
88.2560539999999918
 21
-82.903899999999993
 31
0
  0
LINE
  5
A88
330
22
100
AcDbEntity
  8
F.Cu
  6
CONTINUOUS
100
AcDbLine
 10
88.2560539999999918
 20
-82.903899999999993
 30
0
 11
88.1632239999999996
 21
-82.6797880000000021
 31
0
  0
LINE
  5
A89
330
22
100
AcDbEntity
  8
F.Cu
  6
CONTINUOUS
100
AcDbLine
 10
88.1632239999999996
 20
-82.6797880000000021
 30
0
 11
88.0419359999999926
 21
-82.4697109999999896
 31
0
  0
LINE
  5
A8A
330
22
100
AcDbEntity
  8
F.Cu
  6
CONTINUOUS
100
AcDbLine
 10
88.0419359999999926
 20
-82.4697109999999896
 30
0
 11
87.8942649999999901
 21
-82.2772619999999932
 31
0
  0
LINE
  5
A8B
330
22
100
AcDbEntity
  8
F.Cu
  6
CONTINUOUS
100
AcDbLine
 10
87.8942649999999901
 20
-82.2772619999999932
 30
0
 11
87.8942600000000027
 21
-82.2772559999999942
 31
0
  0
LINE
  5
A8C
330
22
100
AcDbEntity
  8
F.Cu
  6
CONTINUOUS
100
AcDbLine
 10
87.8942600000000027
 20
-82.2772559999999942
 30
0
 11
87.7227429999999941
 21
-82.1057389999999998
 31
0
  0
LINE
  5
A8D
330
22
100
AcDbEntity
  8
F.Cu
  6
CONTINUOUS
100
AcDbLine
 10
87.7227429999999941
 20
-82.1057389999999998
 30
0
 11
87.7227359999999976
 21
-82.1057330000000007
 31
0
  0
LINE
  5
A8E
330
22
100
AcDbEntity
  8
F.Cu
  6
CONTINUOUS
100
AcDbLine
 10
87.7227359999999976
 20
-82.1057330000000007
 30
0
 11
87.5302930000000003
 21
-81.9580669999999998
 31
0
  0
LINE
  5
A8F
330
22
100
AcDbEntity
  8
F.Cu
  6
CONTINUOUS
100
AcDbLine
 10
87.5302930000000003
 20
-81.9580669999999998
 30
0
 11
87.5302920000000029
 21
-81.9580660000000023
 31
0
  0
LINE
  5
A90
330
22
100
AcDbEntity
  8
F.Cu
  6
CONTINUOUS
100
AcDbLine
 10
87.5302920000000029
 20
-81.9580660000000023
 30
0
 11
87.5302889999999962
 21
-81.9580639999999931
 31
0
  0
LINE
  5
A91
330
22
100
AcDbEntity
  8
F.Cu
  6
CONTINUOUS
100
AcDbLine
 10
87.5302889999999962
 20
-81.9580639999999931
 30
0
 11
87.3202119999999979
 21
-81.8367760000000004
 31
0
  0
LINE
  5
A92
330
22
100
AcDbEntity
  8
F.Cu
  6
CONTINUOUS
100
AcDbLine
 10
87.3202119999999979
 20
-81.8367760000000004
 30
0
 11
87.3202050000000014
 21
-81.8367729999999938
 31
0
  0
LINE
  5
A93
330
22
100
AcDbEntity
  8
F.Cu
  6
CONTINUOUS
100
AcDbLine
 10
87.3202050000000014
 20
-81.8367729999999938
 30
0
 11
87.0961039999999969
 21
-81.7439469999999915
 31
0
  0
LINE
  5
A94
330
22
100
AcDbEntity
  8
F.Cu
  6
CONTINUOUS
100
AcDbLine
 10
87.0961039999999969
 20
-81.7439469999999915
 30
0
 11
86.8617849999999976
 21
-81.681161000000003
 31
0
  0
LINE
  5
A95
330
22
100
AcDbEntity
  8
F.Cu
  6
CONTINUOUS
100
AcDbLine
 10
86.8617849999999976
 20
-81.681161000000003
 30
0
 11
86.6212889999999902
 21
-81.6495000000000033
 31
0
  0
LINE
  5
A96
330
22
100
AcDbEntity
  8
F.Cu
  6
CONTINUOUS
100
AcDbLine
 10
86.6212889999999902
 20
-81.6495000000000033
 30
0
 11
86.6212879999999927
 21
-81.6495000000000033
 31
0
  0
LINE
  5
A97
330
22
100
AcDbEntity
  8
F.Cu
  6
CONTINUOUS
100
AcDbLine
 10
86.6212879999999927
 20
-81.6495000000000033
 30
0
 11
86.3787119999999931
 21
-81.6495000000000033
 31
0
  0
LINE
  5
A98
330
22
100
AcDbEntity
  8
F.Cu
  6
CONTINUOUS
100
AcDbLine
 10
86.3787119999999931
 20
-81.6495000000000033
 30
0
 11
86.3787109999999956
 21
-81.6495000000000033
 31
0
  0
LINE
  5
A99
330
22
100
AcDbEntity
  8
F.Cu
  6
CONTINUOUS
100
AcDbLine
 10
86.3787109999999956
 20
-81.6495000000000033
 30
0
 11
86.1382139999999907
 21
-81.681161000000003
 31
0
  0
LINE
  5
A9A
330
22
100
AcDbEntity
  8
F.Cu
  6
CONTINUOUS
100
AcDbLine
 10
86.1382139999999907
 20
-81.681161000000003
 30
0
 11
85.9038949999999915
 21
-81.7439469999999915
 31
0
  0
LINE
  5
A9B
330
22
100
AcDbEntity
  8
F.Cu
  6
CONTINUOUS
100
AcDbLine
 10
85.9038949999999915
 20
-81.7439469999999915
 30
0
 11
85.6797940000000011
 21
-81.8367729999999938
 31
0
  0
LINE
  5
A9C
330
22
100
AcDbEntity
  8
F.Cu
  6
CONTINUOUS
100
AcDbLine
 10
85.6797940000000011
 20
-81.8367729999999938
 30
0
 11
85.6797849999999954
 21
-81.8367769999999979
 31
0
  0
LINE
  5
A9D
330
22
100
AcDbEntity
  8
F.Cu
  6
CONTINUOUS
100
AcDbLine
 10
85.6797849999999954
 20
-81.8367769999999979
 30
0
 11
85.4697060000000022
 21
-81.9580669999999998
 31
0
  0
LINE
  5
A9E
330
22
100
AcDbEntity
  8
F.Cu
  6
CONTINUOUS
100
AcDbLine
 10
85.4697060000000022
 20
-81.9580669999999998
 30
0
 11
85.2772629999999907
 21
-82.1057330000000007
 31
0
  0
LINE
  5
A9F
330
22
100
AcDbEntity
  8
F.Cu
  6
CONTINUOUS
100
AcDbLine
 10
85.2772629999999907
 20
-82.1057330000000007
 30
0
 11
85.2772559999999942
 21
-82.1057389999999998
 31
0
  0
LINE
  5
AA0
330
22
100
AcDbEntity
  8
F.Cu
  6
CONTINUOUS
100
AcDbLine
 10
85.2772559999999942
 20
-82.1057389999999998
 30
0
 11
85.1057389999999998
 21
-82.2772559999999942
 31
0
  0
LINE
  5
AA1
330
22
100
AcDbEntity
  8
F.Cu
  6
CONTINUOUS
100
AcDbLine
 10
85.1057389999999998
 20
-82.2772559999999942
 30
0
 11
85.1057330000000007
 21
-82.2772629999999907
 31
0
  0
LINE
  5
AA2
330
22
100
AcDbEntity
  8
F.Cu
  6
CONTINUOUS
100
AcDbLine
 10
85.1057330000000007
 20
-82.2772629999999907
 30
0
 11
84.9580669999999998
 21
-82.4697060000000022
 31
0
  0
LINE
  5
AA3
330
22
100
AcDbEntity
  8
F.Cu
  6
CONTINUOUS
100
AcDbLine
 10
84.9580669999999998
 20
-82.4697060000000022
 30
0
 11
84.8367769999999979
 21
-82.6797849999999954
 31
0
  0
LINE
  5
AA4
330
22
100
AcDbEntity
  8
F.Cu
  6
CONTINUOUS
100
AcDbLine
 10
84.8367769999999979
 20
-82.6797849999999954
 30
0
 11
84.8367729999999938
 21
-82.6797940000000011
 31
0
  0
LINE
  5
AA5
330
22
100
AcDbEntity
  8
F.Cu
  6
CONTINUOUS
100
AcDbLine
 10
84.8367729999999938
 20
-82.6797940000000011
 30
0
 11
84.7439469999999915
 21
-82.9038949999999915
 31
0
  0
LINE
  5
AA6
330
22
100
AcDbEntity
  8
F.Cu
  6
CONTINUOUS
100
AcDbLine
 10
84.7439469999999915
 20
-82.9038949999999915
 30
0
 11
84.681161000000003
 21
-83.1382139999999907
 31
0
  0
LINE
  5
AA7
330
22
100
AcDbEntity
  8
F.Cu
  6
CONTINUOUS
100
AcDbLine
 10
84.681161000000003
 20
-83.1382139999999907
 30
0
 11
84.6494999999999891
 21
-83.3787109999999956
 31
0
  0
LINE
  5
AA8
330
22
100
AcDbEntity
  8
F.Cu
  6
CONTINUOUS
100
AcDbLine
 10
84.6494999999999891
 20
-83.3787109999999956
 30
0
 11
84.6494999999999891
 21
-83.6212879999999927
 31
0
  0
LINE
  5
AA9
330
22
100
AcDbEntity
  8
F.Cu
  6
CONTINUOUS
100
AcDbLine
 10
139.8994999999999891
 20
-53.4939609999999988
 30
0
 11
139.9389099999999928
 21
-53.7427849999999978
 31
0
  0
LINE
  5
AAA
330
22
100
AcDbEntity
  8
F.Cu
  6
CONTINUOUS
100
AcDbLine
 10
139.9389099999999928
 20
-53.7427849999999978
 30
0
 11
140.016760000000005
 21
-53.9823829999999987
 31
0
  0
LINE
  5
AAB
330
22
100
AcDbEntity
  8
F.Cu
  6
CONTINUOUS
100
AcDbLine
 10
140.016760000000005
 20
-53.9823829999999987
 30
0
 11
140.1311319999999796
 21
-54.2068480000000008
 31
0
  0
LINE
  5
AAC
330
22
100
AcDbEntity
  8
F.Cu
  6
CONTINUOUS
100
AcDbLine
 10
140.1311319999999796
 20
-54.2068480000000008
 30
0
 11
140.2792010000000005
 21
-54.4106489999999994
 31
0
  0
LINE
  5
AAD
330
22
100
AcDbEntity
  8
F.Cu
  6
CONTINUOUS
100
AcDbLine
 10
140.2792010000000005
 20
-54.4106489999999994
 30
0
 11
140.2792049999999904
 21
-54.410654000000001
 31
0
  0
LINE
  5
AAE
330
22
100
AcDbEntity
  8
F.Cu
  6
CONTINUOUS
100
AcDbLine
 10
140.2792049999999904
 20
-54.410654000000001
 30
0
 11
140.4573450000000037
 21
-54.588794
 31
0
  0
LINE
  5
AAF
330
22
100
AcDbEntity
  8
F.Cu
  6
CONTINUOUS
100
AcDbLine
 10
140.4573450000000037
 20
-54.588794
 30
0
 11
140.457349999999991
 21
-54.588797999999997
 31
0
  0
LINE
  5
AB0
330
22
100
AcDbEntity
  8
F.Cu
  6
CONTINUOUS
100
AcDbLine
 10
140.457349999999991
 20
-54.588797999999997
 30
0
 11
140.6351169999999797
 21
-54.7179519999999968
 31
0
  0
LINE
  5
AB1
330
22
100
AcDbEntity
  8
F.Cu
  6
CONTINUOUS
100
AcDbLine
 10
140.6351169999999797
 20
-54.7179519999999968
 30
0
 11
140.6611549999999795
 21
-54.7368699999999961
 31
0
  0
LINE
  5
AB2
330
22
100
AcDbEntity
  8
F.Cu
  6
CONTINUOUS
100
AcDbLine
 10
140.6611549999999795
 20
-54.7368699999999961
 30
0
 11
140.8041839999999922
 21
-54.8097469999999944
 31
0
  0
LINE
  5
AB3
330
22
100
AcDbEntity
  8
F.Cu
  6
CONTINUOUS
100
AcDbLine
 10
140.8041839999999922
 20
-54.8097469999999944
 30
0
 11
140.8856159999999988
 21
-54.8512389999999996
 31
0
  0
LINE
  5
AB4
330
22
100
AcDbEntity
  8
F.Cu
  6
CONTINUOUS
100
AcDbLine
 10
140.8856159999999988
 20
-54.8512389999999996
 30
0
 11
140.8856179999999938
 21
-54.8512389999999996
 31
0
  0
LINE
  5
AB5
330
22
100
AcDbEntity
  8
F.Cu
  6
CONTINUOUS
100
AcDbLine
 10
140.8856179999999938
 20
-54.8512389999999996
 30
0
 11
140.8856209999999862
 21
-54.8512409999999946
 31
0
  0
LINE
  5
AB6
330
22
100
AcDbEntity
  8
F.Cu
  6
CONTINUOUS
100
AcDbLine
 10
140.8856209999999862
 20
-54.8512409999999946
 30
0
 11
141.1252149999999972
 21
-54.9290899999999951
 31
0
  0
LINE
  5
AB7
330
22
100
AcDbEntity
  8
F.Cu
  6
CONTINUOUS
100
AcDbLine
 10
141.1252149999999972
 20
-54.9290899999999951
 30
0
 11
141.3740379999999845
 21
-54.9684999999999988
 31
0
  0
LINE
  5
AB8
330
22
100
AcDbEntity
  8
F.Cu
  6
CONTINUOUS
100
AcDbLine
 10
141.3740379999999845
 20
-54.9684999999999988
 30
0
 11
141.374038999999982
 21
-54.9684999999999988
 31
0
  0
LINE
  5
AB9
330
22
100
AcDbEntity
  8
F.Cu
  6
CONTINUOUS
100
AcDbLine
 10
141.374038999999982
 20
-54.9684999999999988
 30
0
 11
141.6259609999999896
 21
-54.9684999999999988
 31
0
  0
LINE
  5
ABA
330
22
100
AcDbEntity
  8
F.Cu
  6
CONTINUOUS
100
AcDbLine
 10
141.6259609999999896
 20
-54.9684999999999988
 30
0
 11
141.625961999999987
 21
-54.9684999999999988
 31
0
  0
LINE
  5
ABB
330
22
100
AcDbEntity
  8
F.Cu
  6
CONTINUOUS
100
AcDbLine
 10
141.625961999999987
 20
-54.9684999999999988
 30
0
 11
141.8747850000000028
 21
-54.9290899999999951
 31
0
  0
LINE
  5
ABC
330
22
100
AcDbEntity
  8
F.Cu
  6
CONTINUOUS
100
AcDbLine
 10
141.8747850000000028
 20
-54.9290899999999951
 30
0
 11
142.1143789999999854
 21
-54.8512409999999946
 31
0
  0
LINE
  5
ABD
330
22
100
AcDbEntity
  8
F.Cu
  6
CONTINUOUS
100
AcDbLine
 10
142.1143789999999854
 20
-54.8512409999999946
 30
0
 11
142.3388449999999921
 21
-54.7368699999999961
 31
0
  0
LINE
  5
ABE
330
22
100
AcDbEntity
  8
F.Cu
  6
CONTINUOUS
100
AcDbLine
 10
142.3388449999999921
 20
-54.7368699999999961
 30
0
 11
142.5426559999999938
 21
-54.5887929999999955
 31
0
  0
LINE
  5
ABF
330
22
100
AcDbEntity
  8
F.Cu
  6
CONTINUOUS
100
AcDbLine
 10
142.5426559999999938
 20
-54.5887929999999955
 30
0
 11
142.7207929999999863
 21
-54.4106559999999959
 31
0
  0
LINE
  5
AC0
330
22
100
AcDbEntity
  8
F.Cu
  6
CONTINUOUS
100
AcDbLine
 10
142.7207929999999863
 20
-54.4106559999999959
 30
0
 11
142.8688699999999869
 21
-54.2068449999999942
 31
0
  0
LINE
  5
AC1
330
22
100
AcDbEntity
  8
F.Cu
  6
CONTINUOUS
100
AcDbLine
 10
142.8688699999999869
 20
-54.2068449999999942
 30
0
 11
142.9832409999999925
 21
-53.9823789999999946
 31
0
  0
LINE
  5
AC2
330
22
100
AcDbEntity
  8
F.Cu
  6
CONTINUOUS
100
AcDbLine
 10
142.9832409999999925
 20
-53.9823789999999946
 30
0
 11
143.0610900000000072
 21
-53.7427849999999978
 31
0
  0
LINE
  5
AC3
330
22
100
AcDbEntity
  8
F.Cu
  6
CONTINUOUS
100
AcDbLine
 10
143.0610900000000072
 20
-53.7427849999999978
 30
0
 11
143.1004999999999825
 21
-53.4939619999999962
 31
0
  0
LINE
  5
AC4
330
22
100
AcDbEntity
  8
F.Cu
  6
CONTINUOUS
100
AcDbLine
 10
143.1004999999999825
 20
-53.4939619999999962
 30
0
 11
143.1004999999999825
 21
-53.2420380000000009
 31
0
  0
LINE
  5
AC5
330
22
100
AcDbEntity
  8
F.Cu
  6
CONTINUOUS
100
AcDbLine
 10
143.1004999999999825
 20
-53.2420380000000009
 30
0
 11
143.0610900000000072
 21
-52.9932149999999993
 31
0
  0
LINE
  5
AC6
330
22
100
AcDbEntity
  8
F.Cu
  6
CONTINUOUS
100
AcDbLine
 10
143.0610900000000072
 20
-52.9932149999999993
 30
0
 11
142.9832409999999925
 21
-52.7536209999999954
 31
0
  0
LINE
  5
AC7
330
22
100
AcDbEntity
  8
F.Cu
  6
CONTINUOUS
100
AcDbLine
 10
142.9832409999999925
 20
-52.7536209999999954
 30
0
 11
142.9832389999999975
 21
-52.7536179999999959
 31
0
  0
LINE
  5
AC8
330
22
100
AcDbEntity
  8
F.Cu
  6
CONTINUOUS
100
AcDbLine
 10
142.9832389999999975
 20
-52.7536179999999959
 30
0
 11
142.9832389999999975
 21
-52.753616000000001
 31
0
  0
LINE
  5
AC9
330
22
100
AcDbEntity
  8
F.Cu
  6
CONTINUOUS
100
AcDbLine
 10
142.9832389999999975
 20
-52.753616000000001
 30
0
 11
142.9417469999999923
 21
-52.6721839999999943
 31
0
  0
LINE
  5
ACA
330
22
100
AcDbEntity
  8
F.Cu
  6
CONTINUOUS
100
AcDbLine
 10
142.9417469999999923
 20
-52.6721839999999943
 30
0
 11
142.8688699999999869
 21
-52.5291549999999958
 31
0
  0
LINE
  5
ACB
330
22
100
AcDbEntity
  8
F.Cu
  6
CONTINUOUS
100
AcDbLine
 10
142.8688699999999869
 20
-52.5291549999999958
 30
0
 11
142.7660950000000071
 21
-52.3876969999999957
 31
0
  0
LINE
  5
ACC
330
22
100
AcDbEntity
  8
F.Cu
  6
CONTINUOUS
100
AcDbLine
 10
142.7660950000000071
 20
-52.3876969999999957
 30
0
 11
142.720798000000002
 21
-52.3253500000000003
 31
0
  0
LINE
  5
ACD
330
22
100
AcDbEntity
  8
F.Cu
  6
CONTINUOUS
100
AcDbLine
 10
142.720798000000002
 20
-52.3253500000000003
 30
0
 11
142.7207939999999837
 21
-52.3253449999999987
 31
0
  0
LINE
  5
ACE
330
22
100
AcDbEntity
  8
F.Cu
  6
CONTINUOUS
100
AcDbLine
 10
142.7207939999999837
 20
-52.3253449999999987
 30
0
 11
142.5426539999999989
 21
-52.1472049999999996
 31
0
  0
LINE
  5
ACF
330
22
100
AcDbEntity
  8
F.Cu
  6
CONTINUOUS
100
AcDbLine
 10
142.5426539999999989
 20
-52.1472049999999996
 30
0
 11
142.5426489999999831
 21
-52.1472009999999955
 31
0
  0
LINE
  5
AD0
330
22
100
AcDbEntity
  8
F.Cu
  6
CONTINUOUS
100
AcDbLine
 10
142.5426489999999831
 20
-52.1472009999999955
 30
0
 11
142.3388479999999845
 21
-51.9991319999999959
 31
0
  0
LINE
  5
AD1
330
22
100
AcDbEntity
  8
F.Cu
  6
CONTINUOUS
100
AcDbLine
 10
142.3388479999999845
 20
-51.9991319999999959
 30
0
 11
142.338846999999987
 21
-51.9991309999999984
 31
0
  0
LINE
  5
AD2
330
22
100
AcDbEntity
  8
F.Cu
  6
CONTINUOUS
100
AcDbLine
 10
142.338846999999987
 20
-51.9991309999999984
 30
0
 11
142.3388449999999921
 21
-51.999130000000001
 31
0
  0
LINE
  5
AD3
330
22
100
AcDbEntity
  8
F.Cu
  6
CONTINUOUS
100
AcDbLine
 10
142.3388449999999921
 20
-51.999130000000001
 30
0
 11
142.2687469999999905
 21
-51.9634129999999956
 31
0
  0
LINE
  5
AD4
330
22
100
AcDbEntity
  8
F.Cu
  6
CONTINUOUS
100
AcDbLine
 10
142.2687469999999905
 20
-51.9634129999999956
 30
0
 11
142.1143830000000037
 21
-51.88476
 31
0
  0
LINE
  5
AD5
330
22
100
AcDbEntity
  8
F.Cu
  6
CONTINUOUS
100
AcDbLine
 10
142.1143830000000037
 20
-51.88476
 30
0
 11
141.8747850000000028
 21
-51.8069099999999949
 31
0
  0
LINE
  5
AD6
330
22
100
AcDbEntity
  8
F.Cu
  6
CONTINUOUS
100
AcDbLine
 10
141.8747850000000028
 20
-51.8069099999999949
 30
0
 11
141.8210489999999879
 21
-51.7983989999999963
 31
0
  0
LINE
  5
AD7
330
22
100
AcDbEntity
  8
F.Cu
  6
CONTINUOUS
100
AcDbLine
 10
141.8210489999999879
 20
-51.7983989999999963
 30
0
 11
141.625961999999987
 21
-51.7674999999999983
 31
0
  0
LINE
  5
AD8
330
22
100
AcDbEntity
  8
F.Cu
  6
CONTINUOUS
100
AcDbLine
 10
141.625961999999987
 20
-51.7674999999999983
 30
0
 11
141.3740379999999845
 21
-51.7674999999999983
 31
0
  0
LINE
  5
AD9
330
22
100
AcDbEntity
  8
F.Cu
  6
CONTINUOUS
100
AcDbLine
 10
141.3740379999999845
 20
-51.7674999999999983
 30
0
 11
141.2496260000000063
 21
-51.7872050000000002
 31
0
  0
LINE
  5
ADA
330
22
100
AcDbEntity
  8
F.Cu
  6
CONTINUOUS
100
AcDbLine
 10
141.2496260000000063
 20
-51.7872050000000002
 30
0
 11
141.1252139999999997
 21
-51.8069099999999949
 31
0
  0
LINE
  5
ADB
330
22
100
AcDbEntity
  8
F.Cu
  6
CONTINUOUS
100
AcDbLine
 10
141.1252139999999997
 20
-51.8069099999999949
 30
0
 11
140.8856159999999988
 21
-51.88476
 31
0
  0
LINE
  5
ADC
330
22
100
AcDbEntity
  8
F.Cu
  6
CONTINUOUS
100
AcDbLine
 10
140.8856159999999988
 20
-51.88476
 30
0
 11
140.6611509999999896
 21
-51.9991319999999959
 31
0
  0
LINE
  5
ADD
330
22
100
AcDbEntity
  8
F.Cu
  6
CONTINUOUS
100
AcDbLine
 10
140.6611509999999896
 20
-51.9991319999999959
 30
0
 11
140.457349999999991
 21
-52.1472009999999955
 31
0
  0
LINE
  5
ADE
330
22
100
AcDbEntity
  8
F.Cu
  6
CONTINUOUS
100
AcDbLine
 10
140.457349999999991
 20
-52.1472009999999955
 30
0
 11
140.4573450000000037
 21
-52.1472049999999996
 31
0
  0
LINE
  5
ADF
330
22
100
AcDbEntity
  8
F.Cu
  6
CONTINUOUS
100
AcDbLine
 10
140.4573450000000037
 20
-52.1472049999999996
 30
0
 11
140.2792049999999904
 21
-52.3253449999999987
 31
0
  0
LINE
  5
AE0
330
22
100
AcDbEntity
  8
F.Cu
  6
CONTINUOUS
100
AcDbLine
 10
140.2792049999999904
 20
-52.3253449999999987
 30
0
 11
140.2792010000000005
 21
-52.3253500000000003
 31
0
  0
LINE
  5
AE1
330
22
100
AcDbEntity
  8
F.Cu
  6
CONTINUOUS
100
AcDbLine
 10
140.2792010000000005
 20
-52.3253500000000003
 30
0
 11
140.1311319999999796
 21
-52.5291509999999988
 31
0
  0
LINE
  5
AE2
330
22
100
AcDbEntity
  8
F.Cu
  6
CONTINUOUS
100
AcDbLine
 10
140.1311319999999796
 20
-52.5291509999999988
 30
0
 11
140.016760000000005
 21
-52.753616000000001
 31
0
  0
LINE
  5
AE3
330
22
100
AcDbEntity
  8
F.Cu
  6
CONTINUOUS
100
AcDbLine
 10
140.016760000000005
 20
-52.753616000000001
 30
0
 11
139.9389099999999928
 21
-52.9932139999999947
 31
0
  0
LINE
  5
AE4
330
22
100
AcDbEntity
  8
F.Cu
  6
CONTINUOUS
100
AcDbLine
 10
139.9389099999999928
 20
-52.9932139999999947
 30
0
 11
139.8994999999999891
 21
-53.2420380000000009
 31
0
  0
LINE
  5
AE5
330
22
100
AcDbEntity
  8
F.Cu
  6
CONTINUOUS
100
AcDbLine
 10
139.8994999999999891
 20
-53.2420380000000009
 30
0
 11
139.8994999999999891
 21
-53.4939609999999988
 31
0
  0
LINE
  5
AE6
330
22
100
AcDbEntity
  8
F.Cu
  6
CONTINUOUS
100
AcDbLine
 10
102.4394999999999953
 20
-33.1666109999999961
 30
0
 11
102.4665979999999905
 21
-33.3377009999999956
 31
0
  0
LINE
  5
AE7
330
22
100
AcDbEntity
  8
F.Cu
  6
CONTINUOUS
100
AcDbLine
 10
102.4665979999999905
 20
-33.3377009999999956
 30
0
 11
102.5201270000000022
 21
-33.5024450000000016
 31
0
  0
LINE
  5
AE8
330
22
100
AcDbEntity
  8
F.Cu
  6
CONTINUOUS
100
AcDbLine
 10
102.5201270000000022
 20
-33.5024450000000016
 30
0
 11
102.5987679999999926
 21
-33.6567879999999988
 31
0
  0
LINE
  5
AE9
330
22
100
AcDbEntity
  8
F.Cu
  6
CONTINUOUS
100
AcDbLine
 10
102.5987679999999926
 20
-33.6567879999999988
 30
0
 11
102.7005860000000013
 21
-33.7969280000000012
 31
0
  0
LINE
  5
AEA
330
22
100
AcDbEntity
  8
F.Cu
  6
CONTINUOUS
100
AcDbLine
 10
102.7005860000000013
 20
-33.7969280000000012
 30
0
 11
102.8230719999999963
 21
-33.9194139999999962
 31
0
  0
LINE
  5
AEB
330
22
100
AcDbEntity
  8
F.Cu
  6
CONTINUOUS
100
AcDbLine
 10
102.8230719999999963
 20
-33.9194139999999962
 30
0
 11
102.9632119999999986
 21
-34.0212319999999977
 31
0
  0
LINE
  5
AEC
330
22
100
AcDbEntity
  8
F.Cu
  6
CONTINUOUS
100
AcDbLine
 10
102.9632119999999986
 20
-34.0212319999999977
 30
0
 11
103.1175549999999959
 21
-34.0998729999999952
 31
0
  0
LINE
  5
AED
330
22
100
AcDbEntity
  8
F.Cu
  6
CONTINUOUS
100
AcDbLine
 10
103.1175549999999959
 20
-34.0998729999999952
 30
0
 11
103.2822989999999947
 21
-34.1534019999999998
 31
0
  0
LINE
  5
AEE
330
22
100
AcDbEntity
  8
F.Cu
  6
CONTINUOUS
100
AcDbLine
 10
103.2822989999999947
 20
-34.1534019999999998
 30
0
 11
103.4533890000000014
 21
-34.180499999999995
 31
0
  0
LINE
  5
AEF
330
22
100
AcDbEntity
  8
F.Cu
  6
CONTINUOUS
100
AcDbLine
 10
103.4533890000000014
 20
-34.180499999999995
 30
0
 11
103.4533899999999988
 21
-34.180499999999995
 31
0
  0
LINE
  5
AF0
330
22
100
AcDbEntity
  8
F.Cu
  6
CONTINUOUS
100
AcDbLine
 10
103.4533899999999988
 20
-34.180499999999995
 30
0
 11
103.6266099999999994
 21
-34.180499999999995
 31
0
  0
LINE
  5
AF1
330
22
100
AcDbEntity
  8
F.Cu
  6
CONTINUOUS
100
AcDbLine
 10
103.6266099999999994
 20
-34.180499999999995
 30
0
 11
103.6266109999999969
 21
-34.180499999999995
 31
0
  0
LINE
  5
AF2
330
22
100
AcDbEntity
  8
F.Cu
  6
CONTINUOUS
100
AcDbLine
 10
103.6266109999999969
 20
-34.180499999999995
 30
0
 11
103.7977009999999893
 21
-34.1534019999999998
 31
0
  0
LINE
  5
AF3
330
22
100
AcDbEntity
  8
F.Cu
  6
CONTINUOUS
100
AcDbLine
 10
103.7977009999999893
 20
-34.1534019999999998
 30
0
 11
103.9624449999999882
 21
-34.0998729999999952
 31
0
  0
LINE
  5
AF4
330
22
100
AcDbEntity
  8
F.Cu
  6
CONTINUOUS
100
AcDbLine
 10
103.9624449999999882
 20
-34.0998729999999952
 30
0
 11
104.1167879999999997
 21
-34.0212319999999977
 31
0
  0
LINE
  5
AF5
330
22
100
AcDbEntity
  8
F.Cu
  6
CONTINUOUS
100
AcDbLine
 10
104.1167879999999997
 20
-34.0212319999999977
 30
0
 11
104.256928000000002
 21
-33.9194139999999962
 31
0
  0
LINE
  5
AF6
330
22
100
AcDbEntity
  8
F.Cu
  6
CONTINUOUS
100
AcDbLine
 10
104.256928000000002
 20
-33.9194139999999962
 30
0
 11
104.379413999999997
 21
-33.7969280000000012
 31
0
  0
LINE
  5
AF7
330
22
100
AcDbEntity
  8
F.Cu
  6
CONTINUOUS
100
AcDbLine
 10
104.379413999999997
 20
-33.7969280000000012
 30
0
 11
104.4812319999999914
 21
-33.6567879999999988
 31
0
  0
LINE
  5
AF8
330
22
100
AcDbEntity
  8
F.Cu
  6
CONTINUOUS
100
AcDbLine
 10
104.4812319999999914
 20
-33.6567879999999988
 30
0
 11
104.5598729999999961
 21
-33.5024450000000016
 31
0
  0
LINE
  5
AF9
330
22
100
AcDbEntity
  8
F.Cu
  6
CONTINUOUS
100
AcDbLine
 10
104.5598729999999961
 20
-33.5024450000000016
 30
0
 11
104.6134019999999936
 21
-33.3377009999999956
 31
0
  0
LINE
  5
AFA
330
22
100
AcDbEntity
  8
F.Cu
  6
CONTINUOUS
100
AcDbLine
 10
104.6134019999999936
 20
-33.3377009999999956
 30
0
 11
104.6404999999999887
 21
-33.1666109999999961
 31
0
  0
LINE
  5
AFB
330
22
100
AcDbEntity
  8
F.Cu
  6
CONTINUOUS
100
AcDbLine
 10
104.6404999999999887
 20
-33.1666109999999961
 30
0
 11
104.6404999999999887
 21
-32.9933890000000005
 31
0
  0
LINE
  5
AFC
330
22
100
AcDbEntity
  8
F.Cu
  6
CONTINUOUS
100
AcDbLine
 10
104.6404999999999887
 20
-32.9933890000000005
 30
0
 11
104.6134019999999936
 21
-32.822299000000001
 31
0
  0
LINE
  5
AFD
330
22
100
AcDbEntity
  8
F.Cu
  6
CONTINUOUS
100
AcDbLine
 10
104.6134019999999936
 20
-32.822299000000001
 30
0
 11
104.5598729999999961
 21
-32.657554999999995
 31
0
  0
LINE
  5
AFE
330
22
100
AcDbEntity
  8
F.Cu
  6
CONTINUOUS
100
AcDbLine
 10
104.5598729999999961
 20
-32.657554999999995
 30
0
 11
104.4812319999999914
 21
-32.5032119999999978
 31
0
  0
LINE
  5
AFF
330
22
100
AcDbEntity
  8
F.Cu
  6
CONTINUOUS
100
AcDbLine
 10
104.4812319999999914
 20
-32.5032119999999978
 30
0
 11
104.379413999999997
 21
-32.3630719999999954
 31
0
  0
LINE
  5
B00
330
22
100
AcDbEntity
  8
F.Cu
  6
CONTINUOUS
100
AcDbLine
 10
104.379413999999997
 20
-32.3630719999999954
 30
0
 11
104.256928000000002
 21
-32.2405860000000004
 31
0
  0
LINE
  5
B01
330
22
100
AcDbEntity
  8
F.Cu
  6
CONTINUOUS
100
AcDbLine
 10
104.256928000000002
 20
-32.2405860000000004
 30
0
 11
104.1167879999999997
 21
-32.1387679999999989
 31
0
  0
LINE
  5
B02
330
22
100
AcDbEntity
  8
F.Cu
  6
CONTINUOUS
100
AcDbLine
 10
104.1167879999999997
 20
-32.1387679999999989
 30
0
 11
103.9624449999999882
 21
-32.0601270000000014
 31
0
  0
LINE
  5
B03
330
22
100
AcDbEntity
  8
F.Cu
  6
CONTINUOUS
100
AcDbLine
 10
103.9624449999999882
 20
-32.0601270000000014
 30
0
 11
103.7977009999999893
 21
-32.0065979999999968
 31
0
  0
LINE
  5
B04
330
22
100
AcDbEntity
  8
F.Cu
  6
CONTINUOUS
100
AcDbLine
 10
103.7977009999999893
 20
-32.0065979999999968
 30
0
 11
103.7976989999999944
 21
-32.0065969999999993
 31
0
  0
LINE
  5
B05
330
22
100
AcDbEntity
  8
F.Cu
  6
CONTINUOUS
100
AcDbLine
 10
103.7976989999999944
 20
-32.0065969999999993
 30
0
 11
103.7976979999999969
 21
-32.0065969999999993
 31
0
  0
LINE
  5
B06
330
22
100
AcDbEntity
  8
F.Cu
  6
CONTINUOUS
100
AcDbLine
 10
103.7976979999999969
 20
-32.0065969999999993
 30
0
 11
103.6587919999999912
 21
-31.9845969999999973
 31
0
  0
LINE
  5
B07
330
22
100
AcDbEntity
  8
F.Cu
  6
CONTINUOUS
100
AcDbLine
 10
103.6587919999999912
 20
-31.9845969999999973
 30
0
 11
103.6266109999999969
 21
-31.979499999999998
 31
0
  0
LINE
  5
B08
330
22
100
AcDbEntity
  8
F.Cu
  6
CONTINUOUS
100
AcDbLine
 10
103.6266109999999969
 20
-31.979499999999998
 30
0
 11
103.4533890000000014
 21
-31.979499999999998
 31
0
  0
LINE
  5
B09
330
22
100
AcDbEntity
  8
F.Cu
  6
CONTINUOUS
100
AcDbLine
 10
103.4533890000000014
 20
-31.979499999999998
 30
0
 11
103.4212079999999929
 21
-31.9845969999999973
 31
0
  0
LINE
  5
B0A
330
22
100
AcDbEntity
  8
F.Cu
  6
CONTINUOUS
100
AcDbLine
 10
103.4212079999999929
 20
-31.9845969999999973
 30
0
 11
103.2823020000000014
 21
-32.0065969999999993
 31
0
  0
LINE
  5
B0B
330
22
100
AcDbEntity
  8
F.Cu
  6
CONTINUOUS
100
AcDbLine
 10
103.2823020000000014
 20
-32.0065969999999993
 30
0
 11
103.1175519999999892
 21
-32.0601279999999988
 31
0
  0
LINE
  5
B0C
330
22
100
AcDbEntity
  8
F.Cu
  6
CONTINUOUS
100
AcDbLine
 10
103.1175519999999892
 20
-32.0601279999999988
 30
0
 11
102.9632110000000011
 21
-32.1387679999999989
 31
0
  0
LINE
  5
B0D
330
22
100
AcDbEntity
  8
F.Cu
  6
CONTINUOUS
100
AcDbLine
 10
102.9632110000000011
 20
-32.1387679999999989
 30
0
 11
102.8965109999999896
 21
-32.1872290000000021
 31
0
  0
LINE
  5
B0E
330
22
100
AcDbEntity
  8
F.Cu
  6
CONTINUOUS
100
AcDbLine
 10
102.8965109999999896
 20
-32.1872290000000021
 30
0
 11
102.8230719999999963
 21
-32.2405860000000004
 31
0
  0
LINE
  5
B0F
330
22
100
AcDbEntity
  8
F.Cu
  6
CONTINUOUS
100
AcDbLine
 10
102.8230719999999963
 20
-32.2405860000000004
 30
0
 11
102.8230700000000013
 21
-32.2405879999999954
 31
0
  0
LINE
  5
B10
330
22
100
AcDbEntity
  8
F.Cu
  6
CONTINUOUS
100
AcDbLine
 10
102.8230700000000013
 20
-32.2405879999999954
 30
0
 11
102.8230689999999896
 21
-32.2405879999999954
 31
0
  0
LINE
  5
B11
330
22
100
AcDbEntity
  8
F.Cu
  6
CONTINUOUS
100
AcDbLine
 10
102.8230689999999896
 20
-32.2405879999999954
 30
0
 11
102.7005879999999962
 21
-32.3630689999999959
 31
0
  0
LINE
  5
B12
330
22
100
AcDbEntity
  8
F.Cu
  6
CONTINUOUS
100
AcDbLine
 10
102.7005879999999962
 20
-32.3630689999999959
 30
0
 11
102.7005879999999962
 21
-32.3630700000000004
 31
0
  0
LINE
  5
B13
330
22
100
AcDbEntity
  8
F.Cu
  6
CONTINUOUS
100
AcDbLine
 10
102.7005879999999962
 20
-32.3630700000000004
 30
0
 11
102.7005860000000013
 21
-32.3630719999999954
 31
0
  0
LINE
  5
B14
330
22
100
AcDbEntity
  8
F.Cu
  6
CONTINUOUS
100
AcDbLine
 10
102.7005860000000013
 20
-32.3630719999999954
 30
0
 11
102.6568589999999972
 21
-32.4232560000000021
 31
0
  0
LINE
  5
B15
330
22
100
AcDbEntity
  8
F.Cu
  6
CONTINUOUS
100
AcDbLine
 10
102.6568589999999972
 20
-32.4232560000000021
 30
0
 11
102.5987679999999926
 21
-32.5032110000000003
 31
0
  0
LINE
  5
B16
330
22
100
AcDbEntity
  8
F.Cu
  6
CONTINUOUS
100
AcDbLine
 10
102.5987679999999926
 20
-32.5032110000000003
 30
0
 11
102.5201279999999997
 21
-32.6575519999999955
 31
0
  0
LINE
  5
B17
330
22
100
AcDbEntity
  8
F.Cu
  6
CONTINUOUS
100
AcDbLine
 10
102.5201279999999997
 20
-32.6575519999999955
 30
0
 11
102.466596999999993
 21
-32.8223020000000005
 31
0
  0
LINE
  5
B18
330
22
100
AcDbEntity
  8
F.Cu
  6
CONTINUOUS
100
AcDbLine
 10
102.466596999999993
 20
-32.8223020000000005
 30
0
 11
102.4491459999999989
 21
-32.9324859999999973
 31
0
  0
LINE
  5
B19
330
22
100
AcDbEntity
  8
F.Cu
  6
CONTINUOUS
100
AcDbLine
 10
102.4491459999999989
 20
-32.9324859999999973
 30
0
 11
102.4394999999999953
 21
-32.9933890000000005
 31
0
  0
LINE
  5
B1A
330
22
100
AcDbEntity
  8
F.Cu
  6
CONTINUOUS
100
AcDbLine
 10
102.4394999999999953
 20
-32.9933890000000005
 30
0
 11
102.4394999999999953
 21
-33.1666109999999961
 31
0
  0
LINE
  5
B1B
330
22
100
AcDbEntity
  8
F.Cu
  6
CONTINUOUS
100
AcDbLine
 10
110.4354999999999905
 20
-24.5379609999999992
 30
0
 11
110.4749099999999942
 21
-24.7867849999999983
 31
0
  0
LINE
  5
B1C
330
22
100
AcDbEntity
  8
F.Cu
  6
CONTINUOUS
100
AcDbLine
 10
110.4749099999999942
 20
-24.7867849999999983
 30
0
 11
110.5527599999999921
 21
-25.0263829999999992
 31
0
  0
LINE
  5
B1D
330
22
100
AcDbEntity
  8
F.Cu
  6
CONTINUOUS
100
AcDbLine
 10
110.5527599999999921
 20
-25.0263829999999992
 30
0
 11
110.6671319999999952
 21
-25.2508479999999977
 31
0
  0
LINE
  5
B1E
330
22
100
AcDbEntity
  8
F.Cu
  6
CONTINUOUS
100
AcDbLine
 10
110.6671319999999952
 20
-25.2508479999999977
 30
0
 11
110.8152010000000018
 21
-25.4546489999999999
 31
0
  0
LINE
  5
B1F
330
22
100
AcDbEntity
  8
F.Cu
  6
CONTINUOUS
100
AcDbLine
 10
110.8152010000000018
 20
-25.4546489999999999
 30
0
 11
110.8152049999999917
 21
-25.4546539999999979
 31
0
  0
LINE
  5
B20
330
22
100
AcDbEntity
  8
F.Cu
  6
CONTINUOUS
100
AcDbLine
 10
110.8152049999999917
 20
-25.4546539999999979
 30
0
 11
110.9933449999999908
 21
-25.6327940000000005
 31
0
  0
LINE
  5
B21
330
22
100
AcDbEntity
  8
F.Cu
  6
CONTINUOUS
100
AcDbLine
 10
110.9933449999999908
 20
-25.6327940000000005
 30
0
 11
110.9933499999999924
 21
-25.6327979999999975
 31
0
  0
LINE
  5
B22
330
22
100
AcDbEntity
  8
F.Cu
  6
CONTINUOUS
100
AcDbLine
 10
110.9933499999999924
 20
-25.6327979999999975
 30
0
 11
111.1711169999999953
 21
-25.7619519999999973
 31
0
  0
LINE
  5
B23
330
22
100
AcDbEntity
  8
F.Cu
  6
CONTINUOUS
100
AcDbLine
 10
111.1711169999999953
 20
-25.7619519999999973
 30
0
 11
111.1971549999999951
 21
-25.7808700000000002
 31
0
  0
LINE
  5
B24
330
22
100
AcDbEntity
  8
F.Cu
  6
CONTINUOUS
100
AcDbLine
 10
111.1971549999999951
 20
-25.7808700000000002
 30
0
 11
111.3401839999999936
 21
-25.8537469999999985
 31
0
  0
LINE
  5
B25
330
22
100
AcDbEntity
  8
F.Cu
  6
CONTINUOUS
100
AcDbLine
 10
111.3401839999999936
 20
-25.8537469999999985
 30
0
 11
111.4216160000000002
 21
-25.8952390000000001
 31
0
  0
LINE
  5
B26
330
22
100
AcDbEntity
  8
F.Cu
  6
CONTINUOUS
100
AcDbLine
 10
111.4216160000000002
 20
-25.8952390000000001
 30
0
 11
111.4216179999999952
 21
-25.8952390000000001
 31
0
  0
LINE
  5
B27
330
22
100
AcDbEntity
  8
F.Cu
  6
CONTINUOUS
100
AcDbLine
 10
111.4216179999999952
 20
-25.8952390000000001
 30
0
 11
111.4216210000000018
 21
-25.8952409999999986
 31
0
  0
LINE
  5
B28
330
22
100
AcDbEntity
  8
F.Cu
  6
CONTINUOUS
100
AcDbLine
 10
111.4216210000000018
 20
-25.8952409999999986
 30
0
 11
111.6612149999999986
 21
-25.9730899999999991
 31
0
  0
LINE
  5
B29
330
22
100
AcDbEntity
  8
F.Cu
  6
CONTINUOUS
100
AcDbLine
 10
111.6612149999999986
 20
-25.9730899999999991
 30
0
 11
111.9100380000000001
 21
-26.0124999999999993
 31
0
  0
LINE
  5
B2A
330
22
100
AcDbEntity
  8
F.Cu
  6
CONTINUOUS
100
AcDbLine
 10
111.9100380000000001
 20
-26.0124999999999993
 30
0
 11
111.9100389999999976
 21
-26.0124999999999993
 31
0
  0
LINE
  5
B2B
330
22
100
AcDbEntity
  8
F.Cu
  6
CONTINUOUS
100
AcDbLine
 10
111.9100389999999976
 20
-26.0124999999999993
 30
0
 11
112.1619609999999909
 21
-26.0124999999999993
 31
0
  0
LINE
  5
B2C
330
22
100
AcDbEntity
  8
F.Cu
  6
CONTINUOUS
100
AcDbLine
 10
112.1619609999999909
 20
-26.0124999999999993
 30
0
 11
112.1619619999999884
 21
-26.0124999999999993
 31
0
  0
LINE
  5
B2D
330
22
100
AcDbEntity
  8
F.Cu
  6
CONTINUOUS
100
AcDbLine
 10
112.1619619999999884
 20
-26.0124999999999993
 30
0
 11
112.41078499999999
 21
-25.9730899999999991
 31
0
  0
LINE
  5
B2E
330
22
100
AcDbEntity
  8
F.Cu
  6
CONTINUOUS
100
AcDbLine
 10
112.41078499999999
 20
-25.9730899999999991
 30
0
 11
112.6503790000000009
 21
-25.8952409999999986
 31
0
  0
LINE
  5
B2F
330
22
100
AcDbEntity
  8
F.Cu
  6
CONTINUOUS
100
AcDbLine
 10
112.6503790000000009
 20
-25.8952409999999986
 30
0
 11
112.8748449999999934
 21
-25.7808700000000002
 31
0
  0
LINE
  5
B30
330
22
100
AcDbEntity
  8
F.Cu
  6
CONTINUOUS
100
AcDbLine
 10
112.8748449999999934
 20
-25.7808700000000002
 30
0
 11
113.0786559999999952
 21
-25.6327929999999995
 31
0
  0
LINE
  5
B31
330
22
100
AcDbEntity
  8
F.Cu
  6
CONTINUOUS
100
AcDbLine
 10
113.0786559999999952
 20
-25.6327929999999995
 30
0
 11
113.2567930000000018
 21
-25.4546559999999999
 31
0
  0
LINE
  5
B32
330
22
100
AcDbEntity
  8
F.Cu
  6
CONTINUOUS
100
AcDbLine
 10
113.2567930000000018
 20
-25.4546559999999999
 30
0
 11
113.4048699999999883
 21
-25.2508449999999982
 31
0
  0
LINE
  5
B33
330
22
100
AcDbEntity
  8
F.Cu
  6
CONTINUOUS
100
AcDbLine
 10
113.4048699999999883
 20
-25.2508449999999982
 30
0
 11
113.5192409999999938
 21
-25.0263789999999986
 31
0
  0
LINE
  5
B34
330
22
100
AcDbEntity
  8
F.Cu
  6
CONTINUOUS
100
AcDbLine
 10
113.5192409999999938
 20
-25.0263789999999986
 30
0
 11
113.5970899999999943
 21
-24.7867849999999983
 31
0
  0
LINE
  5
B35
330
22
100
AcDbEntity
  8
F.Cu
  6
CONTINUOUS
100
AcDbLine
 10
113.5970899999999943
 20
-24.7867849999999983
 30
0
 11
113.6364999999999981
 21
-24.5379620000000003
 31
0
  0
LINE
  5
B36
330
22
100
AcDbEntity
  8
F.Cu
  6
CONTINUOUS
100
AcDbLine
 10
113.6364999999999981
 20
-24.5379620000000003
 30
0
 11
113.6364999999999981
 21
-24.2860379999999978
 31
0
  0
LINE
  5
B37
330
22
100
AcDbEntity
  8
F.Cu
  6
CONTINUOUS
100
AcDbLine
 10
113.6364999999999981
 20
-24.2860379999999978
 30
0
 11
113.5970899999999943
 21
-24.0372149999999998
 31
0
  0
LINE
  5
B38
330
22
100
AcDbEntity
  8
F.Cu
  6
CONTINUOUS
100
AcDbLine
 10
113.5970899999999943
 20
-24.0372149999999998
 30
0
 11
113.5192409999999938
 21
-23.7976209999999995
 31
0
  0
LINE
  5
B39
330
22
100
AcDbEntity
  8
F.Cu
  6
CONTINUOUS
100
AcDbLine
 10
113.5192409999999938
 20
-23.7976209999999995
 30
0
 11
113.5192389999999989
 21
-23.7976179999999999
 31
0
  0
LINE
  5
B3A
330
22
100
AcDbEntity
  8
F.Cu
  6
CONTINUOUS
100
AcDbLine
 10
113.5192389999999989
 20
-23.7976179999999999
 30
0
 11
113.5192389999999989
 21
-23.7976159999999979
 31
0
  0
LINE
  5
B3B
330
22
100
AcDbEntity
  8
F.Cu
  6
CONTINUOUS
100
AcDbLine
 10
113.5192389999999989
 20
-23.7976159999999979
 30
0
 11
113.4777469999999937
 21
-23.7161839999999984
 31
0
  0
LINE
  5
B3C
330
22
100
AcDbEntity
  8
F.Cu
  6
CONTINUOUS
100
AcDbLine
 10
113.4777469999999937
 20
-23.7161839999999984
 30
0
 11
113.4048699999999883
 21
-23.5731549999999999
 31
0
  0
LINE
  5
B3D
330
22
100
AcDbEntity
  8
F.Cu
  6
CONTINUOUS
100
AcDbLine
 10
113.4048699999999883
 20
-23.5731549999999999
 30
0
 11
113.385951999999989
 21
-23.5471170000000001
 31
0
  0
LINE
  5
B3E
330
22
100
AcDbEntity
  8
F.Cu
  6
CONTINUOUS
100
AcDbLine
 10
113.385951999999989
 20
-23.5471170000000001
 30
0
 11
113.2567979999999892
 21
-23.3693499999999972
 31
0
  0
LINE
  5
B3F
330
22
100
AcDbEntity
  8
F.Cu
  6
CONTINUOUS
100
AcDbLine
 10
113.2567979999999892
 20
-23.3693499999999972
 30
0
 11
113.2567939999999993
 21
-23.3693449999999991
 31
0
  0
LINE
  5
B40
330
22
100
AcDbEntity
  8
F.Cu
  6
CONTINUOUS
100
AcDbLine
 10
113.2567939999999993
 20
-23.3693449999999991
 30
0
 11
113.0786540000000002
 21
-23.1912050000000001
 31
0
  0
LINE
  5
B41
330
22
100
AcDbEntity
  8
F.Cu
  6
CONTINUOUS
100
AcDbLine
 10
113.0786540000000002
 20
-23.1912050000000001
 30
0
 11
113.0786489999999986
 21
-23.1912009999999995
 31
0
  0
LINE
  5
B42
330
22
100
AcDbEntity
  8
F.Cu
  6
CONTINUOUS
100
AcDbLine
 10
113.0786489999999986
 20
-23.1912009999999995
 30
0
 11
112.8748480000000001
 21
-23.0431319999999999
 31
0
  0
LINE
  5
B43
330
22
100
AcDbEntity
  8
F.Cu
  6
CONTINUOUS
100
AcDbLine
 10
112.8748480000000001
 20
-23.0431319999999999
 30
0
 11
112.8748469999999884
 21
-23.0431309999999989
 31
0
  0
LINE
  5
B44
330
22
100
AcDbEntity
  8
F.Cu
  6
CONTINUOUS
100
AcDbLine
 10
112.8748469999999884
 20
-23.0431309999999989
 30
0
 11
112.8748449999999934
 21
-23.0431299999999979
 31
0
  0
LINE
  5
B45
330
22
100
AcDbEntity
  8
F.Cu
  6
CONTINUOUS
100
AcDbLine
 10
112.8748449999999934
 20
-23.0431299999999979
 30
0
 11
112.8047469999999919
 21
-23.0074129999999997
 31
0
  0
LINE
  5
B46
330
22
100
AcDbEntity
  8
F.Cu
  6
CONTINUOUS
100
AcDbLine
 10
112.8047469999999919
 20
-23.0074129999999997
 30
0
 11
112.6503829999999908
 21
-22.9287600000000005
 31
0
  0
LINE
  5
B47
330
22
100
AcDbEntity
  8
F.Cu
  6
CONTINUOUS
100
AcDbLine
 10
112.6503829999999908
 20
-22.9287600000000005
 30
0
 11
112.41078499999999
 21
-22.8509099999999989
 31
0
  0
LINE
  5
B48
330
22
100
AcDbEntity
  8
F.Cu
  6
CONTINUOUS
100
AcDbLine
 10
112.41078499999999
 20
-22.8509099999999989
 30
0
 11
112.1619619999999884
 21
-22.8114999999999988
 31
0
  0
LINE
  5
B49
330
22
100
AcDbEntity
  8
F.Cu
  6
CONTINUOUS
100
AcDbLine
 10
112.1619619999999884
 20
-22.8114999999999988
 30
0
 11
111.9100380000000001
 21
-22.8114999999999988
 31
0
  0
LINE
  5
B4A
330
22
100
AcDbEntity
  8
F.Cu
  6
CONTINUOUS
100
AcDbLine
 10
111.9100380000000001
 20
-22.8114999999999988
 30
0
 11
111.7856259999999935
 21
-22.8312050000000006
 31
0
  0
LINE
  5
B4B
330
22
100
AcDbEntity
  8
F.Cu
  6
CONTINUOUS
100
AcDbLine
 10
111.7856259999999935
 20
-22.8312050000000006
 30
0
 11
111.6612140000000011
 21
-22.8509099999999989
 31
0
  0
LINE
  5
B4C
330
22
100
AcDbEntity
  8
F.Cu
  6
CONTINUOUS
100
AcDbLine
 10
111.6612140000000011
 20
-22.8509099999999989
 30
0
 11
111.4216160000000002
 21
-22.9287600000000005
 31
0
  0
LINE
  5
B4D
330
22
100
AcDbEntity
  8
F.Cu
  6
CONTINUOUS
100
AcDbLine
 10
111.4216160000000002
 20
-22.9287600000000005
 30
0
 11
111.197150999999991
 21
-23.0431319999999999
 31
0
  0
LINE
  5
B4E
330
22
100
AcDbEntity
  8
F.Cu
  6
CONTINUOUS
100
AcDbLine
 10
111.197150999999991
 20
-23.0431319999999999
 30
0
 11
110.9933499999999924
 21
-23.1912009999999995
 31
0
  0
LINE
  5
B4F
330
22
100
AcDbEntity
  8
F.Cu
  6
CONTINUOUS
100
AcDbLine
 10
110.9933499999999924
 20
-23.1912009999999995
 30
0
 11
110.9933449999999908
 21
-23.1912050000000001
 31
0
  0
LINE
  5
B50
330
22
100
AcDbEntity
  8
F.Cu
  6
CONTINUOUS
100
AcDbLine
 10
110.9933449999999908
 20
-23.1912050000000001
 30
0
 11
110.8152049999999917
 21
-23.3693449999999991
 31
0
  0
LINE
  5
B51
330
22
100
AcDbEntity
  8
F.Cu
  6
CONTINUOUS
100
AcDbLine
 10
110.8152049999999917
 20
-23.3693449999999991
 30
0
 11
110.8152010000000018
 21
-23.3693499999999972
 31
0
  0
LINE
  5
B52
330
22
100
AcDbEntity
  8
F.Cu
  6
CONTINUOUS
100
AcDbLine
 10
110.8152010000000018
 20
-23.3693499999999972
 30
0
 11
110.6671319999999952
 21
-23.5731509999999993
 31
0
  0
LINE
  5
B53
330
22
100
AcDbEntity
  8
F.Cu
  6
CONTINUOUS
100
AcDbLine
 10
110.6671319999999952
 20
-23.5731509999999993
 30
0
 11
110.5527599999999921
 21
-23.7976159999999979
 31
0
  0
LINE
  5
B54
330
22
100
AcDbEntity
  8
F.Cu
  6
CONTINUOUS
100
AcDbLine
 10
110.5527599999999921
 20
-23.7976159999999979
 30
0
 11
110.4749099999999942
 21
-24.0372139999999987
 31
0
  0
LINE
  5
B55
330
22
100
AcDbEntity
  8
F.Cu
  6
CONTINUOUS
100
AcDbLine
 10
110.4749099999999942
 20
-24.0372139999999987
 30
0
 11
110.4354999999999905
 21
-24.2860379999999978
 31
0
  0
LINE
  5
B56
330
22
100
AcDbEntity
  8
F.Cu
  6
CONTINUOUS
100
AcDbLine
 10
110.4354999999999905
 20
-24.2860379999999978
 30
0
 11
110.4354999999999905
 21
-24.5379609999999992
 31
0
  0
LINE
  5
B57
330
22
100
AcDbEntity
  8
F.Cu
  6
CONTINUOUS
100
AcDbLine
 10
139.8994999999999891
 20
-24.5379609999999992
 30
0
 11
139.9389099999999928
 21
-24.7867849999999983
 31
0
  0
LINE
  5
B58
330
22
100
AcDbEntity
  8
F.Cu
  6
CONTINUOUS
100
AcDbLine
 10
139.9389099999999928
 20
-24.7867849999999983
 30
0
 11
140.016760000000005
 21
-25.0263829999999992
 31
0
  0
LINE
  5
B59
330
22
100
AcDbEntity
  8
F.Cu
  6
CONTINUOUS
100
AcDbLine
 10
140.016760000000005
 20
-25.0263829999999992
 30
0
 11
140.1311319999999796
 21
-25.2508479999999977
 31
0
  0
LINE
  5
B5A
330
22
100
AcDbEntity
  8
F.Cu
  6
CONTINUOUS
100
AcDbLine
 10
140.1311319999999796
 20
-25.2508479999999977
 30
0
 11
140.2792010000000005
 21
-25.4546489999999999
 31
0
  0
LINE
  5
B5B
330
22
100
AcDbEntity
  8
F.Cu
  6
CONTINUOUS
100
AcDbLine
 10
140.2792010000000005
 20
-25.4546489999999999
 30
0
 11
140.2792049999999904
 21
-25.4546539999999979
 31
0
  0
LINE
  5
B5C
330
22
100
AcDbEntity
  8
F.Cu
  6
CONTINUOUS
100
AcDbLine
 10
140.2792049999999904
 20
-25.4546539999999979
 30
0
 11
140.4573450000000037
 21
-25.6327940000000005
 31
0
  0
LINE
  5
B5D
330
22
100
AcDbEntity
  8
F.Cu
  6
CONTINUOUS
100
AcDbLine
 10
140.4573450000000037
 20
-25.6327940000000005
 30
0
 11
140.457349999999991
 21
-25.6327979999999975
 31
0
  0
LINE
  5
B5E
330
22
100
AcDbEntity
  8
F.Cu
  6
CONTINUOUS
100
AcDbLine
 10
140.457349999999991
 20
-25.6327979999999975
 30
0
 11
140.6351169999999797
 21
-25.7619519999999973
 31
0
  0
LINE
  5
B5F
330
22
100
AcDbEntity
  8
F.Cu
  6
CONTINUOUS
100
AcDbLine
 10
140.6351169999999797
 20
-25.7619519999999973
 30
0
 11
140.6611549999999795
 21
-25.7808700000000002
 31
0
  0
LINE
  5
B60
330
22
100
AcDbEntity
  8
F.Cu
  6
CONTINUOUS
100
AcDbLine
 10
140.6611549999999795
 20
-25.7808700000000002
 30
0
 11
140.8041839999999922
 21
-25.8537469999999985
 31
0
  0
LINE
  5
B61
330
22
100
AcDbEntity
  8
F.Cu
  6
CONTINUOUS
100
AcDbLine
 10
140.8041839999999922
 20
-25.8537469999999985
 30
0
 11
140.8856159999999988
 21
-25.8952390000000001
 31
0
  0
LINE
  5
B62
330
22
100
AcDbEntity
  8
F.Cu
  6
CONTINUOUS
100
AcDbLine
 10
140.8856159999999988
 20
-25.8952390000000001
 30
0
 11
140.8856179999999938
 21
-25.8952390000000001
 31
0
  0
LINE
  5
B63
330
22
100
AcDbEntity
  8
F.Cu
  6
CONTINUOUS
100
AcDbLine
 10
140.8856179999999938
 20
-25.8952390000000001
 30
0
 11
140.8856209999999862
 21
-25.8952409999999986
 31
0
  0
LINE
  5
B64
330
22
100
AcDbEntity
  8
F.Cu
  6
CONTINUOUS
100
AcDbLine
 10
140.8856209999999862
 20
-25.8952409999999986
 30
0
 11
141.1252149999999972
 21
-25.9730899999999991
 31
0
  0
LINE
  5
B65
330
22
100
AcDbEntity
  8
F.Cu
  6
CONTINUOUS
100
AcDbLine
 10
141.1252149999999972
 20
-25.9730899999999991
 30
0
 11
141.3740379999999845
 21
-26.0124999999999993
 31
0
  0
LINE
  5
B66
330
22
100
AcDbEntity
  8
F.Cu
  6
CONTINUOUS
100
AcDbLine
 10
141.3740379999999845
 20
-26.0124999999999993
 30
0
 11
141.374038999999982
 21
-26.0124999999999993
 31
0
  0
LINE
  5
B67
330
22
100
AcDbEntity
  8
F.Cu
  6
CONTINUOUS
100
AcDbLine
 10
141.374038999999982
 20
-26.0124999999999993
 30
0
 11
141.6259609999999896
 21
-26.0124999999999993
 31
0
  0
LINE
  5
B68
330
22
100
AcDbEntity
  8
F.Cu
  6
CONTINUOUS
100
AcDbLine
 10
141.6259609999999896
 20
-26.0124999999999993
 30
0
 11
141.625961999999987
 21
-26.0124999999999993
 31
0
  0
LINE
  5
B69
330
22
100
AcDbEntity
  8
F.Cu
  6
CONTINUOUS
100
AcDbLine
 10
141.625961999999987
 20
-26.0124999999999993
 30
0
 11
141.8747850000000028
 21
-25.9730899999999991
 31
0
  0
LINE
  5
B6A
330
22
100
AcDbEntity
  8
F.Cu
  6
CONTINUOUS
100
AcDbLine
 10
141.8747850000000028
 20
-25.9730899999999991
 30
0
 11
142.1143789999999854
 21
-25.8952409999999986
 31
0
  0
LINE
  5
B6B
330
22
100
AcDbEntity
  8
F.Cu
  6
CONTINUOUS
100
AcDbLine
 10
142.1143789999999854
 20
-25.8952409999999986
 30
0
 11
142.3388449999999921
 21
-25.7808700000000002
 31
0
  0
LINE
  5
B6C
330
22
100
AcDbEntity
  8
F.Cu
  6
CONTINUOUS
100
AcDbLine
 10
142.3388449999999921
 20
-25.7808700000000002
 30
0
 11
142.5426559999999938
 21
-25.6327929999999995
 31
0
  0
LINE
  5
B6D
330
22
100
AcDbEntity
  8
F.Cu
  6
CONTINUOUS
100
AcDbLine
 10
142.5426559999999938
 20
-25.6327929999999995
 30
0
 11
142.7207929999999863
 21
-25.4546559999999999
 31
0
  0
LINE
  5
B6E
330
22
100
AcDbEntity
  8
F.Cu
  6
CONTINUOUS
100
AcDbLine
 10
142.7207929999999863
 20
-25.4546559999999999
 30
0
 11
142.8688699999999869
 21
-25.2508449999999982
 31
0
  0
LINE
  5
B6F
330
22
100
AcDbEntity
  8
F.Cu
  6
CONTINUOUS
100
AcDbLine
 10
142.8688699999999869
 20
-25.2508449999999982
 30
0
 11
142.9832409999999925
 21
-25.0263789999999986
 31
0
  0
LINE
  5
B70
330
22
100
AcDbEntity
  8
F.Cu
  6
CONTINUOUS
100
AcDbLine
 10
142.9832409999999925
 20
-25.0263789999999986
 30
0
 11
143.0610900000000072
 21
-24.7867849999999983
 31
0
  0
LINE
  5
B71
330
22
100
AcDbEntity
  8
F.Cu
  6
CONTINUOUS
100
AcDbLine
 10
143.0610900000000072
 20
-24.7867849999999983
 30
0
 11
143.1004999999999825
 21
-24.5379620000000003
 31
0
  0
LINE
  5
B72
330
22
100
AcDbEntity
  8
F.Cu
  6
CONTINUOUS
100
AcDbLine
 10
143.1004999999999825
 20
-24.5379620000000003
 30
0
 11
143.1004999999999825
 21
-24.2860379999999978
 31
0
  0
LINE
  5
B73
330
22
100
AcDbEntity
  8
F.Cu
  6
CONTINUOUS
100
AcDbLine
 10
143.1004999999999825
 20
-24.2860379999999978
 30
0
 11
143.0610900000000072
 21
-24.0372149999999998
 31
0
  0
LINE
  5
B74
330
22
100
AcDbEntity
  8
F.Cu
  6
CONTINUOUS
100
AcDbLine
 10
143.0610900000000072
 20
-24.0372149999999998
 30
0
 11
142.9832409999999925
 21
-23.7976209999999995
 31
0
  0
LINE
  5
B75
330
22
100
AcDbEntity
  8
F.Cu
  6
CONTINUOUS
100
AcDbLine
 10
142.9832409999999925
 20
-23.7976209999999995
 30
0
 11
142.9832389999999975
 21
-23.7976179999999999
 31
0
  0
LINE
  5
B76
330
22
100
AcDbEntity
  8
F.Cu
  6
CONTINUOUS
100
AcDbLine
 10
142.9832389999999975
 20
-23.7976179999999999
 30
0
 11
142.9832389999999975
 21
-23.7976159999999979
 31
0
  0
LINE
  5
B77
330
22
100
AcDbEntity
  8
F.Cu
  6
CONTINUOUS
100
AcDbLine
 10
142.9832389999999975
 20
-23.7976159999999979
 30
0
 11
142.9417469999999923
 21
-23.7161839999999984
 31
0
  0
LINE
  5
B78
330
22
100
AcDbEntity
  8
F.Cu
  6
CONTINUOUS
100
AcDbLine
 10
142.9417469999999923
 20
-23.7161839999999984
 30
0
 11
142.8688699999999869
 21
-23.5731549999999999
 31
0
  0
LINE
  5
B79
330
22
100
AcDbEntity
  8
F.Cu
  6
CONTINUOUS
100
AcDbLine
 10
142.8688699999999869
 20
-23.5731549999999999
 30
0
 11
142.8499520000000018
 21
-23.5471170000000001
 31
0
  0
LINE
  5
B7A
330
22
100
AcDbEntity
  8
F.Cu
  6
CONTINUOUS
100
AcDbLine
 10
142.8499520000000018
 20
-23.5471170000000001
 30
0
 11
142.720798000000002
 21
-23.3693499999999972
 31
0
  0
LINE
  5
B7B
330
22
100
AcDbEntity
  8
F.Cu
  6
CONTINUOUS
100
AcDbLine
 10
142.720798000000002
 20
-23.3693499999999972
 30
0
 11
142.7207939999999837
 21
-23.3693449999999991
 31
0
  0
LINE
  5
B7C
330
22
100
AcDbEntity
  8
F.Cu
  6
CONTINUOUS
100
AcDbLine
 10
142.7207939999999837
 20
-23.3693449999999991
 30
0
 11
142.5426539999999989
 21
-23.1912050000000001
 31
0
  0
LINE
  5
B7D
330
22
100
AcDbEntity
  8
F.Cu
  6
CONTINUOUS
100
AcDbLine
 10
142.5426539999999989
 20
-23.1912050000000001
 30
0
 11
142.5426489999999831
 21
-23.1912009999999995
 31
0
  0
LINE
  5
B7E
330
22
100
AcDbEntity
  8
F.Cu
  6
CONTINUOUS
100
AcDbLine
 10
142.5426489999999831
 20
-23.1912009999999995
 30
0
 11
142.3388479999999845
 21
-23.0431319999999999
 31
0
  0
LINE
  5
B7F
330
22
100
AcDbEntity
  8
F.Cu
  6
CONTINUOUS
100
AcDbLine
 10
142.3388479999999845
 20
-23.0431319999999999
 30
0
 11
142.338846999999987
 21
-23.0431309999999989
 31
0
  0
LINE
  5
B80
330
22
100
AcDbEntity
  8
F.Cu
  6
CONTINUOUS
100
AcDbLine
 10
142.338846999999987
 20
-23.0431309999999989
 30
0
 11
142.3388449999999921
 21
-23.0431299999999979
 31
0
  0
LINE
  5
B81
330
22
100
AcDbEntity
  8
F.Cu
  6
CONTINUOUS
100
AcDbLine
 10
142.3388449999999921
 20
-23.0431299999999979
 30
0
 11
142.2687469999999905
 21
-23.0074129999999997
 31
0
  0
LINE
  5
B82
330
22
100
AcDbEntity
  8
F.Cu
  6
CONTINUOUS
100
AcDbLine
 10
142.2687469999999905
 20
-23.0074129999999997
 30
0
 11
142.1143830000000037
 21
-22.9287600000000005
 31
0
  0
LINE
  5
B83
330
22
100
AcDbEntity
  8
F.Cu
  6
CONTINUOUS
100
AcDbLine
 10
142.1143830000000037
 20
-22.9287600000000005
 30
0
 11
141.8747850000000028
 21
-22.8509099999999989
 31
0
  0
LINE
  5
B84
330
22
100
AcDbEntity
  8
F.Cu
  6
CONTINUOUS
100
AcDbLine
 10
141.8747850000000028
 20
-22.8509099999999989
 30
0
 11
141.625961999999987
 21
-22.8114999999999988
 31
0
  0
LINE
  5
B85
330
22
100
AcDbEntity
  8
F.Cu
  6
CONTINUOUS
100
AcDbLine
 10
141.625961999999987
 20
-22.8114999999999988
 30
0
 11
141.3740379999999845
 21
-22.8114999999999988
 31
0
  0
LINE
  5
B86
330
22
100
AcDbEntity
  8
F.Cu
  6
CONTINUOUS
100
AcDbLine
 10
141.3740379999999845
 20
-22.8114999999999988
 30
0
 11
141.2496260000000063
 21
-22.8312050000000006
 31
0
  0
LINE
  5
B87
330
22
100
AcDbEntity
  8
F.Cu
  6
CONTINUOUS
100
AcDbLine
 10
141.2496260000000063
 20
-22.8312050000000006
 30
0
 11
141.1252139999999997
 21
-22.8509099999999989
 31
0
  0
LINE
  5
B88
330
22
100
AcDbEntity
  8
F.Cu
  6
CONTINUOUS
100
AcDbLine
 10
141.1252139999999997
 20
-22.8509099999999989
 30
0
 11
140.8856159999999988
 21
-22.9287600000000005
 31
0
  0
LINE
  5
B89
330
22
100
AcDbEntity
  8
F.Cu
  6
CONTINUOUS
100
AcDbLine
 10
140.8856159999999988
 20
-22.9287600000000005
 30
0
 11
140.6611509999999896
 21
-23.0431319999999999
 31
0
  0
LINE
  5
B8A
330
22
100
AcDbEntity
  8
F.Cu
  6
CONTINUOUS
100
AcDbLine
 10
140.6611509999999896
 20
-23.0431319999999999
 30
0
 11
140.457349999999991
 21
-23.1912009999999995
 31
0
  0
LINE
  5
B8B
330
22
100
AcDbEntity
  8
F.Cu
  6
CONTINUOUS
100
AcDbLine
 10
140.457349999999991
 20
-23.1912009999999995
 30
0
 11
140.4573450000000037
 21
-23.1912050000000001
 31
0
  0
LINE
  5
B8C
330
22
100
AcDbEntity
  8
F.Cu
  6
CONTINUOUS
100
AcDbLine
 10
140.4573450000000037
 20
-23.1912050000000001
 30
0
 11
140.2792049999999904
 21
-23.3693449999999991
 31
0
  0
LINE
  5
B8D
330
22
100
AcDbEntity
  8
F.Cu
  6
CONTINUOUS
100
AcDbLine
 10
140.2792049999999904
 20
-23.3693449999999991
 30
0
 11
140.2792010000000005
 21
-23.3693499999999972
 31
0
  0
LINE
  5
B8E
330
22
100
AcDbEntity
  8
F.Cu
  6
CONTINUOUS
100
AcDbLine
 10
140.2792010000000005
 20
-23.3693499999999972
 30
0
 11
140.1311319999999796
 21
-23.5731509999999993
 31
0
  0
LINE
  5
B8F
330
22
100
AcDbEntity
  8
F.Cu
  6
CONTINUOUS
100
AcDbLine
 10
140.1311319999999796
 20
-23.5731509999999993
 30
0
 11
140.016760000000005
 21
-23.7976159999999979
 31
0
  0
LINE
  5
B90
330
22
100
AcDbEntity
  8
F.Cu
  6
CONTINUOUS
100
AcDbLine
 10
140.016760000000005
 20
-23.7976159999999979
 30
0
 11
139.9389099999999928
 21
-24.0372139999999987
 31
0
  0
LINE
  5
B91
330
22
100
AcDbEntity
  8
F.Cu
  6
CONTINUOUS
100
AcDbLine
 10
139.9389099999999928
 20
-24.0372139999999987
 30
0
 11
139.8994999999999891
 21
-24.2860379999999978
 31
0
  0
LINE
  5
B92
330
22
100
AcDbEntity
  8
F.Cu
  6
CONTINUOUS
100
AcDbLine
 10
139.8994999999999891
 20
-24.2860379999999978
 30
0
 11
139.8994999999999891
 21
-24.5379609999999992
 31
0
  0
LINE
  5
B93
330
22
100
AcDbEntity
  8
F.Cu
  6
CONTINUOUS
100
AcDbLine
 10
147.6494999999999891
 20
-20.1212879999999998
 30
0
 11
147.681161000000003
 21
-20.3617849999999976
 31
0
  0
LINE
  5
B94
330
22
100
AcDbEntity
  8
F.Cu
  6
CONTINUOUS
100
AcDbLine
 10
147.681161000000003
 20
-20.3617849999999976
 30
0
 11
147.7439469999999915
 21
-20.5961040000000004
 31
0
  0
LINE
  5
B95
330
22
100
AcDbEntity
  8
F.Cu
  6
CONTINUOUS
100
AcDbLine
 10
147.7439469999999915
 20
-20.5961040000000004
 30
0
 11
147.7964000000000055
 21
-20.7227359999999976
 31
0
  0
LINE
  5
B96
330
22
100
AcDbEntity
  8
F.Cu
  6
CONTINUOUS
100
AcDbLine
 10
147.7964000000000055
 20
-20.7227359999999976
 30
0
 11
147.8367759999999862
 21
-20.8202119999999979
 31
0
  0
LINE
  5
B97
330
22
100
AcDbEntity
  8
F.Cu
  6
CONTINUOUS
100
AcDbLine
 10
147.8367759999999862
 20
-20.8202119999999979
 30
0
 11
147.9580640000000074
 21
-21.0302889999999998
 31
0
  0
LINE
  5
B98
330
22
100
AcDbEntity
  8
F.Cu
  6
CONTINUOUS
100
AcDbLine
 10
147.9580640000000074
 20
-21.0302889999999998
 30
0
 11
147.9580660000000023
 21
-21.0302919999999993
 31
0
  0
LINE
  5
B99
330
22
100
AcDbEntity
  8
F.Cu
  6
CONTINUOUS
100
AcDbLine
 10
147.9580660000000023
 20
-21.0302919999999993
 30
0
 11
147.9580669999999998
 21
-21.0302930000000003
 31
0
  0
LINE
  5
B9A
330
22
100
AcDbEntity
  8
F.Cu
  6
CONTINUOUS
100
AcDbLine
 10
147.9580669999999998
 20
-21.0302930000000003
 30
0
 11
148.1057329999999865
 21
-21.2227359999999976
 31
0
  0
LINE
  5
B9B
330
22
100
AcDbEntity
  8
F.Cu
  6
CONTINUOUS
100
AcDbLine
 10
148.1057329999999865
 20
-21.2227359999999976
 30
0
 11
148.1057389999999998
 21
-21.2227429999999977
 31
0
  0
LINE
  5
B9C
330
22
100
AcDbEntity
  8
F.Cu
  6
CONTINUOUS
100
AcDbLine
 10
148.1057389999999998
 20
-21.2227429999999977
 30
0
 11
148.2772559999999942
 21
-21.3942599999999992
 31
0
  0
LINE
  5
B9D
330
22
100
AcDbEntity
  8
F.Cu
  6
CONTINUOUS
100
AcDbLine
 10
148.2772559999999942
 20
-21.3942599999999992
 30
0
 11
148.2772620000000074
 21
-21.3942650000000008
 31
0
  0
LINE
  5
B9E
330
22
100
AcDbEntity
  8
F.Cu
  6
CONTINUOUS
100
AcDbLine
 10
148.2772620000000074
 20
-21.3942650000000008
 30
0
 11
148.4697109999999896
 21
-21.5419359999999998
 31
0
  0
LINE
  5
B9F
330
22
100
AcDbEntity
  8
F.Cu
  6
CONTINUOUS
100
AcDbLine
 10
148.4697109999999896
 20
-21.5419359999999998
 30
0
 11
148.6797880000000021
 21
-21.6632239999999996
 31
0
  0
LINE
  5
BA0
330
22
100
AcDbEntity
  8
F.Cu
  6
CONTINUOUS
100
AcDbLine
 10
148.6797880000000021
 20
-21.6632239999999996
 30
0
 11
148.903899999999993
 21
-21.7560539999999989
 31
0
  0
LINE
  5
BA1
330
22
100
AcDbEntity
  8
F.Cu
  6
CONTINUOUS
100
AcDbLine
 10
148.903899999999993
 20
-21.7560539999999989
 30
0
 11
149.1382109999999841
 21
-21.8188379999999995
 31
0
  0
LINE
  5
BA2
330
22
100
AcDbEntity
  8
F.Cu
  6
CONTINUOUS
100
AcDbLine
 10
149.1382109999999841
 20
-21.8188379999999995
 30
0
 11
149.3185859999999821
 21
-21.8425839999999987
 31
0
  0
LINE
  5
BA3
330
22
100
AcDbEntity
  8
F.Cu
  6
CONTINUOUS
100
AcDbLine
 10
149.3185859999999821
 20
-21.8425839999999987
 30
0
 11
149.3787109999999814
 21
-21.8505000000000003
 31
0
  0
LINE
  5
BA4
330
22
100
AcDbEntity
  8
F.Cu
  6
CONTINUOUS
100
AcDbLine
 10
149.3787109999999814
 20
-21.8505000000000003
 30
0
 11
149.3787120000000073
 21
-21.8505000000000003
 31
0
  0
LINE
  5
BA5
330
22
100
AcDbEntity
  8
F.Cu
  6
CONTINUOUS
100
AcDbLine
 10
149.3787120000000073
 20
-21.8505000000000003
 30
0
 11
149.6212889999999902
 21
-21.8505000000000003
 31
0
  0
LINE
  5
BA6
330
22
100
AcDbEntity
  8
F.Cu
  6
CONTINUOUS
100
AcDbLine
 10
149.6212889999999902
 20
-21.8505000000000003
 30
0
 11
149.6693879999999979
 21
-21.8441669999999988
 31
0
  0
LINE
  5
BA7
330
22
100
AcDbEntity
  8
F.Cu
  6
CONTINUOUS
100
AcDbLine
 10
149.6693879999999979
 20
-21.8441669999999988
 30
0
 11
149.8617889999999875
 21
-21.8188379999999995
 31
0
  0
LINE
  5
BA8
330
22
100
AcDbEntity
  8
F.Cu
  6
CONTINUOUS
100
AcDbLine
 10
149.8617889999999875
 20
-21.8188379999999995
 30
0
 11
150.096100000000007
 21
-21.7560539999999989
 31
0
  0
LINE
  5
BA9
330
22
100
AcDbEntity
  8
F.Cu
  6
CONTINUOUS
100
AcDbLine
 10
150.096100000000007
 20
-21.7560539999999989
 30
0
 11
150.3202119999999979
 21
-21.6632239999999996
 31
0
  0
LINE
  5
BAA
330
22
100
AcDbEntity
  8
F.Cu
  6
CONTINUOUS
100
AcDbLine
 10
150.3202119999999979
 20
-21.6632239999999996
 30
0
 11
150.530288999999982
 21
-21.5419359999999998
 31
0
  0
LINE
  5
BAB
330
22
100
AcDbEntity
  8
F.Cu
  6
CONTINUOUS
100
AcDbLine
 10
150.530288999999982
 20
-21.5419359999999998
 30
0
 11
150.7227379999999926
 21
-21.3942650000000008
 31
0
  0
LINE
  5
BAC
330
22
100
AcDbEntity
  8
F.Cu
  6
CONTINUOUS
100
AcDbLine
 10
150.7227379999999926
 20
-21.3942650000000008
 30
0
 11
150.8942649999999901
 21
-21.2227379999999997
 31
0
  0
LINE
  5
BAD
330
22
100
AcDbEntity
  8
F.Cu
  6
CONTINUOUS
100
AcDbLine
 10
150.8942649999999901
 20
-21.2227379999999997
 30
0
 11
151.0419359999999926
 21
-21.0302889999999998
 31
0
  0
LINE
  5
BAE
330
22
100
AcDbEntity
  8
F.Cu
  6
CONTINUOUS
100
AcDbLine
 10
151.0419359999999926
 20
-21.0302889999999998
 30
0
 11
151.1632239999999854
 21
-20.8202119999999979
 31
0
  0
LINE
  5
BAF
330
22
100
AcDbEntity
  8
F.Cu
  6
CONTINUOUS
100
AcDbLine
 10
151.1632239999999854
 20
-20.8202119999999979
 30
0
 11
151.256054000000006
 21
-20.5960999999999999
 31
0
  0
LINE
  5
BB0
330
22
100
AcDbEntity
  8
F.Cu
  6
CONTINUOUS
100
AcDbLine
 10
151.256054000000006
 20
-20.5960999999999999
 30
0
 11
151.3188379999999995
 21
-20.3617889999999981
 31
0
  0
LINE
  5
BB1
330
22
100
AcDbEntity
  8
F.Cu
  6
CONTINUOUS
100
AcDbLine
 10
151.3188379999999995
 20
-20.3617889999999981
 30
0
 11
151.3504999999999825
 21
-20.1212879999999998
 31
0
  0
LINE
  5
BB2
330
22
100
AcDbEntity
  8
F.Cu
  6
CONTINUOUS
100
AcDbLine
 10
151.3504999999999825
 20
-20.1212879999999998
 30
0
 11
151.3504999999999825
 21
-19.8787120000000002
 31
0
  0
LINE
  5
BB3
330
22
100
AcDbEntity
  8
F.Cu
  6
CONTINUOUS
100
AcDbLine
 10
151.3504999999999825
 20
-19.8787120000000002
 30
0
 11
151.3188379999999995
 21
-19.6382109999999983
 31
0
  0
LINE
  5
BB4
330
22
100
AcDbEntity
  8
F.Cu
  6
CONTINUOUS
100
AcDbLine
 10
151.3188379999999995
 20
-19.6382109999999983
 30
0
 11
151.256054000000006
 21
-19.4039000000000001
 31
0
  0
LINE
  5
BB5
330
22
100
AcDbEntity
  8
F.Cu
  6
CONTINUOUS
100
AcDbLine
 10
151.256054000000006
 20
-19.4039000000000001
 30
0
 11
151.1632239999999854
 21
-19.1797879999999985
 31
0
  0
LINE
  5
BB6
330
22
100
AcDbEntity
  8
F.Cu
  6
CONTINUOUS
100
AcDbLine
 10
151.1632239999999854
 20
-19.1797879999999985
 30
0
 11
151.0419359999999926
 21
-18.9697110000000002
 31
0
  0
LINE
  5
BB7
330
22
100
AcDbEntity
  8
F.Cu
  6
CONTINUOUS
100
AcDbLine
 10
151.0419359999999926
 20
-18.9697110000000002
 30
0
 11
150.8942649999999901
 21
-18.7772620000000003
 31
0
  0
LINE
  5
BB8
330
22
100
AcDbEntity
  8
F.Cu
  6
CONTINUOUS
100
AcDbLine
 10
150.8942649999999901
 20
-18.7772620000000003
 30
0
 11
150.8942600000000027
 21
-18.7772559999999977
 31
0
  0
LINE
  5
BB9
330
22
100
AcDbEntity
  8
F.Cu
  6
CONTINUOUS
100
AcDbLine
 10
150.8942600000000027
 20
-18.7772559999999977
 30
0
 11
150.7227429999999799
 21
-18.6057389999999998
 31
0
  0
LINE
  5
BBA
330
22
100
AcDbEntity
  8
F.Cu
  6
CONTINUOUS
100
AcDbLine
 10
150.7227429999999799
 20
-18.6057389999999998
 30
0
 11
150.7227359999999976
 21
-18.6057330000000007
 31
0
  0
LINE
  5
BBB
330
22
100
AcDbEntity
  8
F.Cu
  6
CONTINUOUS
100
AcDbLine
 10
150.7227359999999976
 20
-18.6057330000000007
 30
0
 11
150.5302930000000003
 21
-18.4580669999999998
 31
0
  0
LINE
  5
BBC
330
22
100
AcDbEntity
  8
F.Cu
  6
CONTINUOUS
100
AcDbLine
 10
150.5302930000000003
 20
-18.4580669999999998
 30
0
 11
150.5302920000000029
 21
-18.4580659999999988
 31
0
  0
LINE
  5
BBD
330
22
100
AcDbEntity
  8
F.Cu
  6
CONTINUOUS
100
AcDbLine
 10
150.5302920000000029
 20
-18.4580659999999988
 30
0
 11
150.530288999999982
 21
-18.4580640000000002
 31
0
  0
LINE
  5
BBE
330
22
100
AcDbEntity
  8
F.Cu
  6
CONTINUOUS
100
AcDbLine
 10
150.530288999999982
 20
-18.4580640000000002
 30
0
 11
150.3202119999999979
 21
-18.3367760000000004
 31
0
  0
LINE
  5
BBF
330
22
100
AcDbEntity
  8
F.Cu
  6
CONTINUOUS
100
AcDbLine
 10
150.3202119999999979
 20
-18.3367760000000004
 30
0
 11
150.3202049999999872
 21
-18.3367730000000009
 31
0
  0
LINE
  5
BC0
330
22
100
AcDbEntity
  8
F.Cu
  6
CONTINUOUS
100
AcDbLine
 10
150.3202049999999872
 20
-18.3367730000000009
 30
0
 11
150.0961039999999969
 21
-18.2439469999999986
 31
0
  0
LINE
  5
BC1
330
22
100
AcDbEntity
  8
F.Cu
  6
CONTINUOUS
100
AcDbLine
 10
150.0961039999999969
 20
-18.2439469999999986
 30
0
 11
149.8617849999999976
 21
-18.1811609999999995
 31
0
  0
LINE
  5
BC2
330
22
100
AcDbEntity
  8
F.Cu
  6
CONTINUOUS
100
AcDbLine
 10
149.8617849999999976
 20
-18.1811609999999995
 30
0
 11
149.6212889999999902
 21
-18.1494999999999997
 31
0
  0
LINE
  5
BC3
330
22
100
AcDbEntity
  8
F.Cu
  6
CONTINUOUS
100
AcDbLine
 10
149.6212889999999902
 20
-18.1494999999999997
 30
0
 11
149.6212879999999927
 21
-18.1494999999999997
 31
0
  0
LINE
  5
BC4
330
22
100
AcDbEntity
  8
F.Cu
  6
CONTINUOUS
100
AcDbLine
 10
149.6212879999999927
 20
-18.1494999999999997
 30
0
 11
149.3787120000000073
 21
-18.1494999999999997
 31
0
  0
LINE
  5
BC5
330
22
100
AcDbEntity
  8
F.Cu
  6
CONTINUOUS
100
AcDbLine
 10
149.3787120000000073
 20
-18.1494999999999997
 30
0
 11
149.3787109999999814
 21
-18.1494999999999997
 31
0
  0
LINE
  5
BC6
330
22
100
AcDbEntity
  8
F.Cu
  6
CONTINUOUS
100
AcDbLine
 10
149.3787109999999814
 20
-18.1494999999999997
 30
0
 11
149.1382140000000049
 21
-18.1811609999999995
 31
0
  0
LINE
  5
BC7
330
22
100
AcDbEntity
  8
F.Cu
  6
CONTINUOUS
100
AcDbLine
 10
149.1382140000000049
 20
-18.1811609999999995
 30
0
 11
148.9038950000000057
 21
-18.2439469999999986
 31
0
  0
LINE
  5
BC8
330
22
100
AcDbEntity
  8
F.Cu
  6
CONTINUOUS
100
AcDbLine
 10
148.9038950000000057
 20
-18.2439469999999986
 30
0
 11
148.6797939999999869
 21
-18.3367730000000009
 31
0
  0
LINE
  5
BC9
330
22
100
AcDbEntity
  8
F.Cu
  6
CONTINUOUS
100
AcDbLine
 10
148.6797939999999869
 20
-18.3367730000000009
 30
0
 11
148.6797849999999812
 21
-18.3367769999999979
 31
0
  0
LINE
  5
BCA
330
22
100
AcDbEntity
  8
F.Cu
  6
CONTINUOUS
100
AcDbLine
 10
148.6797849999999812
 20
-18.3367769999999979
 30
0
 11
148.4697060000000022
 21
-18.4580669999999998
 31
0
  0
LINE
  5
BCB
330
22
100
AcDbEntity
  8
F.Cu
  6
CONTINUOUS
100
AcDbLine
 10
148.4697060000000022
 20
-18.4580669999999998
 30
0
 11
148.2772630000000049
 21
-18.6057330000000007
 31
0
  0
LINE
  5
BCC
330
22
100
AcDbEntity
  8
F.Cu
  6
CONTINUOUS
100
AcDbLine
 10
148.2772630000000049
 20
-18.6057330000000007
 30
0
 11
148.2772559999999942
 21
-18.6057389999999998
 31
0
  0
LINE
  5
BCD
330
22
100
AcDbEntity
  8
F.Cu
  6
CONTINUOUS
100
AcDbLine
 10
148.2772559999999942
 20
-18.6057389999999998
 30
0
 11
148.1057389999999998
 21
-18.7772559999999977
 31
0
  0
LINE
  5
BCE
330
22
100
AcDbEntity
  8
F.Cu
  6
CONTINUOUS
100
AcDbLine
 10
148.1057389999999998
 20
-18.7772559999999977
 30
0
 11
148.1057329999999865
 21
-18.7772629999999978
 31
0
  0
LINE
  5
BCF
330
22
100
AcDbEntity
  8
F.Cu
  6
CONTINUOUS
100
AcDbLine
 10
148.1057329999999865
 20
-18.7772629999999978
 30
0
 11
147.9580669999999998
 21
-18.9697059999999986
 31
0
  0
LINE
  5
BD0
330
22
100
AcDbEntity
  8
F.Cu
  6
CONTINUOUS
100
AcDbLine
 10
147.9580669999999998
 20
-18.9697059999999986
 30
0
 11
147.8367769999999837
 21
-19.179784999999999
 31
0
  0
LINE
  5
BD1
330
22
100
AcDbEntity
  8
F.Cu
  6
CONTINUOUS
100
AcDbLine
 10
147.8367769999999837
 20
-19.179784999999999
 30
0
 11
147.8367729999999938
 21
-19.1797939999999976
 31
0
  0
LINE
  5
BD2
330
22
100
AcDbEntity
  8
F.Cu
  6
CONTINUOUS
100
AcDbLine
 10
147.8367729999999938
 20
-19.1797939999999976
 30
0
 11
147.7439469999999915
 21
-19.4038949999999986
 31
0
  0
LINE
  5
BD3
330
22
100
AcDbEntity
  8
F.Cu
  6
CONTINUOUS
100
AcDbLine
 10
147.7439469999999915
 20
-19.4038949999999986
 30
0
 11
147.681161000000003
 21
-19.6382139999999978
 31
0
  0
LINE
  5
BD4
330
22
100
AcDbEntity
  8
F.Cu
  6
CONTINUOUS
100
AcDbLine
 10
147.681161000000003
 20
-19.6382139999999978
 30
0
 11
147.6494999999999891
 21
-19.8787109999999991
 31
0
  0
LINE
  5
BD5
330
22
100
AcDbEntity
  8
F.Cu
  6
CONTINUOUS
100
AcDbLine
 10
147.6494999999999891
 20
-19.8787109999999991
 30
0
 11
147.6494999999999891
 21
-20.1212879999999998
 31
0
  0
LINE
  5
BD6
330
22
100
AcDbEntity
  8
F.Cu
  6
CONTINUOUS
100
AcDbLine
 10
84.6494999999999891
 20
-19.6212879999999998
 30
0
 11
84.681161000000003
 21
-19.8617849999999976
 31
0
  0
LINE
  5
BD7
330
22
100
AcDbEntity
  8
F.Cu
  6
CONTINUOUS
100
AcDbLine
 10
84.681161000000003
 20
-19.8617849999999976
 30
0
 11
84.7439469999999915
 21
-20.0961040000000004
 31
0
  0
LINE
  5
BD8
330
22
100
AcDbEntity
  8
F.Cu
  6
CONTINUOUS
100
AcDbLine
 10
84.7439469999999915
 20
-20.0961040000000004
 30
0
 11
84.7543790000000001
 21
-20.1212879999999998
 31
0
  0
LINE
  5
BD9
330
22
100
AcDbEntity
  8
F.Cu
  6
CONTINUOUS
100
AcDbLine
 10
84.7543790000000001
 20
-20.1212879999999998
 30
0
 11
84.8367760000000004
 21
-20.3202119999999979
 31
0
  0
LINE
  5
BDA
330
22
100
AcDbEntity
  8
F.Cu
  6
CONTINUOUS
100
AcDbLine
 10
84.8367760000000004
 20
-20.3202119999999979
 30
0
 11
84.9580639999999931
 21
-20.5302889999999998
 31
0
  0
LINE
  5
BDB
330
22
100
AcDbEntity
  8
F.Cu
  6
CONTINUOUS
100
AcDbLine
 10
84.9580639999999931
 20
-20.5302889999999998
 30
0
 11
84.9580660000000023
 21
-20.5302919999999993
 31
0
  0
LINE
  5
BDC
330
22
100
AcDbEntity
  8
F.Cu
  6
CONTINUOUS
100
AcDbLine
 10
84.9580660000000023
 20
-20.5302919999999993
 30
0
 11
84.9580669999999998
 21
-20.5302930000000003
 31
0
  0
LINE
  5
BDD
330
22
100
AcDbEntity
  8
F.Cu
  6
CONTINUOUS
100
AcDbLine
 10
84.9580669999999998
 20
-20.5302930000000003
 30
0
 11
85.1057330000000007
 21
-20.7227359999999976
 31
0
  0
LINE
  5
BDE
330
22
100
AcDbEntity
  8
F.Cu
  6
CONTINUOUS
100
AcDbLine
 10
85.1057330000000007
 20
-20.7227359999999976
 30
0
 11
85.1057389999999998
 21
-20.7227429999999977
 31
0
  0
LINE
  5
BDF
330
22
100
AcDbEntity
  8
F.Cu
  6
CONTINUOUS
100
AcDbLine
 10
85.1057389999999998
 20
-20.7227429999999977
 30
0
 11
85.2772559999999942
 21
-20.8942599999999992
 31
0
  0
LINE
  5
BE0
330
22
100
AcDbEntity
  8
F.Cu
  6
CONTINUOUS
100
AcDbLine
 10
85.2772559999999942
 20
-20.8942599999999992
 30
0
 11
85.2772619999999932
 21
-20.8942650000000008
 31
0
  0
LINE
  5
BE1
330
22
100
AcDbEntity
  8
F.Cu
  6
CONTINUOUS
100
AcDbLine
 10
85.2772619999999932
 20
-20.8942650000000008
 30
0
 11
85.4697109999999896
 21
-21.0419359999999998
 31
0
  0
LINE
  5
BE2
330
22
100
AcDbEntity
  8
F.Cu
  6
CONTINUOUS
100
AcDbLine
 10
85.4697109999999896
 20
-21.0419359999999998
 30
0
 11
85.6797880000000021
 21
-21.1632239999999996
 31
0
  0
LINE
  5
BE3
330
22
100
AcDbEntity
  8
F.Cu
  6
CONTINUOUS
100
AcDbLine
 10
85.6797880000000021
 20
-21.1632239999999996
 30
0
 11
85.903899999999993
 21
-21.2560539999999989
 31
0
  0
LINE
  5
BE4
330
22
100
AcDbEntity
  8
F.Cu
  6
CONTINUOUS
100
AcDbLine
 10
85.903899999999993
 20
-21.2560539999999989
 30
0
 11
86.1382109999999983
 21
-21.3188379999999995
 31
0
  0
LINE
  5
BE5
330
22
100
AcDbEntity
  8
F.Cu
  6
CONTINUOUS
100
AcDbLine
 10
86.1382109999999983
 20
-21.3188379999999995
 30
0
 11
86.3185859999999963
 21
-21.3425839999999987
 31
0
  0
LINE
  5
BE6
330
22
100
AcDbEntity
  8
F.Cu
  6
CONTINUOUS
100
AcDbLine
 10
86.3185859999999963
 20
-21.3425839999999987
 30
0
 11
86.3787109999999956
 21
-21.3505000000000003
 31
0
  0
LINE
  5
BE7
330
22
100
AcDbEntity
  8
F.Cu
  6
CONTINUOUS
100
AcDbLine
 10
86.3787109999999956
 20
-21.3505000000000003
 30
0
 11
86.3787119999999931
 21
-21.3505000000000003
 31
0
  0
LINE
  5
BE8
330
22
100
AcDbEntity
  8
F.Cu
  6
CONTINUOUS
100
AcDbLine
 10
86.3787119999999931
 20
-21.3505000000000003
 30
0
 11
86.6212889999999902
 21
-21.3505000000000003
 31
0
  0
LINE
  5
BE9
330
22
100
AcDbEntity
  8
F.Cu
  6
CONTINUOUS
100
AcDbLine
 10
86.6212889999999902
 20
-21.3505000000000003
 30
0
 11
86.6693879999999979
 21
-21.3441669999999988
 31
0
  0
LINE
  5
BEA
330
22
100
AcDbEntity
  8
F.Cu
  6
CONTINUOUS
100
AcDbLine
 10
86.6693879999999979
 20
-21.3441669999999988
 30
0
 11
86.8617890000000017
 21
-21.3188379999999995
 31
0
  0
LINE
  5
BEB
330
22
100
AcDbEntity
  8
F.Cu
  6
CONTINUOUS
100
AcDbLine
 10
86.8617890000000017
 20
-21.3188379999999995
 30
0
 11
87.0960999999999927
 21
-21.2560539999999989
 31
0
  0
LINE
  5
BEC
330
22
100
AcDbEntity
  8
F.Cu
  6
CONTINUOUS
100
AcDbLine
 10
87.0960999999999927
 20
-21.2560539999999989
 30
0
 11
87.3202119999999979
 21
-21.1632239999999996
 31
0
  0
LINE
  5
BED
330
22
100
AcDbEntity
  8
F.Cu
  6
CONTINUOUS
100
AcDbLine
 10
87.3202119999999979
 20
-21.1632239999999996
 30
0
 11
87.5302889999999962
 21
-21.0419359999999998
 31
0
  0
LINE
  5
BEE
330
22
100
AcDbEntity
  8
F.Cu
  6
CONTINUOUS
100
AcDbLine
 10
87.5302889999999962
 20
-21.0419359999999998
 30
0
 11
87.7227379999999926
 21
-20.8942650000000008
 31
0
  0
LINE
  5
BEF
330
22
100
AcDbEntity
  8
F.Cu
  6
CONTINUOUS
100
AcDbLine
 10
87.7227379999999926
 20
-20.8942650000000008
 30
0
 11
87.8942649999999901
 21
-20.7227379999999997
 31
0
  0
LINE
  5
BF0
330
22
100
AcDbEntity
  8
F.Cu
  6
CONTINUOUS
100
AcDbLine
 10
87.8942649999999901
 20
-20.7227379999999997
 30
0
 11
88.0419359999999926
 21
-20.5302889999999998
 31
0
  0
LINE
  5
BF1
330
22
100
AcDbEntity
  8
F.Cu
  6
CONTINUOUS
100
AcDbLine
 10
88.0419359999999926
 20
-20.5302889999999998
 30
0
 11
88.1632239999999996
 21
-20.3202119999999979
 31
0
  0
LINE
  5
BF2
330
22
100
AcDbEntity
  8
F.Cu
  6
CONTINUOUS
100
AcDbLine
 10
88.1632239999999996
 20
-20.3202119999999979
 30
0
 11
88.2560539999999918
 21
-20.0960999999999999
 31
0
  0
LINE
  5
BF3
330
22
100
AcDbEntity
  8
F.Cu
  6
CONTINUOUS
100
AcDbLine
 10
88.2560539999999918
 20
-20.0960999999999999
 30
0
 11
88.3143039999999928
 21
-19.8787109999999991
 31
0
  0
LINE
  5
BF4
330
22
100
AcDbEntity
  8
F.Cu
  6
CONTINUOUS
100
AcDbLine
 10
88.3143039999999928
 20
-19.8787109999999991
 30
0
 11
88.3188379999999995
 21
-19.8617889999999981
 31
0
  0
LINE
  5
BF5
330
22
100
AcDbEntity
  8
F.Cu
  6
CONTINUOUS
100
AcDbLine
 10
88.3188379999999995
 20
-19.8617889999999981
 30
0
 11
88.3504999999999967
 21
-19.6212879999999998
 31
0
  0
LINE
  5
BF6
330
22
100
AcDbEntity
  8
F.Cu
  6
CONTINUOUS
100
AcDbLine
 10
88.3504999999999967
 20
-19.6212879999999998
 30
0
 11
88.3504999999999967
 21
-19.3787120000000002
 31
0
  0
LINE
  5
BF7
330
22
100
AcDbEntity
  8
F.Cu
  6
CONTINUOUS
100
AcDbLine
 10
88.3504999999999967
 20
-19.3787120000000002
 30
0
 11
88.3188379999999995
 21
-19.1382109999999983
 31
0
  0
LINE
  5
BF8
330
22
100
AcDbEntity
  8
F.Cu
  6
CONTINUOUS
100
AcDbLine
 10
88.3188379999999995
 20
-19.1382109999999983
 30
0
 11
88.2560539999999918
 21
-18.9039000000000001
 31
0
  0
LINE
  5
BF9
330
22
100
AcDbEntity
  8
F.Cu
  6
CONTINUOUS
100
AcDbLine
 10
88.2560539999999918
 20
-18.9039000000000001
 30
0
 11
88.1632239999999996
 21
-18.6797879999999985
 31
0
  0
LINE
  5
BFA
330
22
100
AcDbEntity
  8
F.Cu
  6
CONTINUOUS
100
AcDbLine
 10
88.1632239999999996
 20
-18.6797879999999985
 30
0
 11
88.0419359999999926
 21
-18.4697110000000002
 31
0
  0
LINE
  5
BFB
330
22
100
AcDbEntity
  8
F.Cu
  6
CONTINUOUS
100
AcDbLine
 10
88.0419359999999926
 20
-18.4697110000000002
 30
0
 11
87.8942649999999901
 21
-18.2772620000000003
 31
0
  0
LINE
  5
BFC
330
22
100
AcDbEntity
  8
F.Cu
  6
CONTINUOUS
100
AcDbLine
 10
87.8942649999999901
 20
-18.2772620000000003
 30
0
 11
87.8942600000000027
 21
-18.2772559999999977
 31
0
  0
LINE
  5
BFD
330
22
100
AcDbEntity
  8
F.Cu
  6
CONTINUOUS
100
AcDbLine
 10
87.8942600000000027
 20
-18.2772559999999977
 30
0
 11
87.7227429999999941
 21
-18.1057389999999998
 31
0
  0
LINE
  5
BFE
330
22
100
AcDbEntity
  8
F.Cu
  6
CONTINUOUS
100
AcDbLine
 10
87.7227429999999941
 20
-18.1057389999999998
 30
0
 11
87.7227359999999976
 21
-18.1057330000000007
 31
0
  0
LINE
  5
BFF
330
22
100
AcDbEntity
  8
F.Cu
  6
CONTINUOUS
100
AcDbLine
 10
87.7227359999999976
 20
-18.1057330000000007
 30
0
 11
87.5302930000000003
 21
-17.9580669999999998
 31
0
  0
LINE
  5
C00
330
22
100
AcDbEntity
  8
F.Cu
  6
CONTINUOUS
100
AcDbLine
 10
87.5302930000000003
 20
-17.9580669999999998
 30
0
 11
87.5302920000000029
 21
-17.9580659999999988
 31
0
  0
LINE
  5
C01
330
22
100
AcDbEntity
  8
F.Cu
  6
CONTINUOUS
100
AcDbLine
 10
87.5302920000000029
 20
-17.9580659999999988
 30
0
 11
87.5302889999999962
 21
-17.9580640000000002
 31
0
  0
LINE
  5
C02
330
22
100
AcDbEntity
  8
F.Cu
  6
CONTINUOUS
100
AcDbLine
 10
87.5302889999999962
 20
-17.9580640000000002
 30
0
 11
87.3202119999999979
 21
-17.8367760000000004
 31
0
  0
LINE
  5
C03
330
22
100
AcDbEntity
  8
F.Cu
  6
CONTINUOUS
100
AcDbLine
 10
87.3202119999999979
 20
-17.8367760000000004
 30
0
 11
87.3202050000000014
 21
-17.8367730000000009
 31
0
  0
LINE
  5
C04
330
22
100
AcDbEntity
  8
F.Cu
  6
CONTINUOUS
100
AcDbLine
 10
87.3202050000000014
 20
-17.8367730000000009
 30
0
 11
87.0961039999999969
 21
-17.7439469999999986
 31
0
  0
LINE
  5
C05
330
22
100
AcDbEntity
  8
F.Cu
  6
CONTINUOUS
100
AcDbLine
 10
87.0961039999999969
 20
-17.7439469999999986
 30
0
 11
86.8617849999999976
 21
-17.6811609999999995
 31
0
  0
LINE
  5
C06
330
22
100
AcDbEntity
  8
F.Cu
  6
CONTINUOUS
100
AcDbLine
 10
86.8617849999999976
 20
-17.6811609999999995
 30
0
 11
86.6212889999999902
 21
-17.6494999999999997
 31
0
  0
LINE
  5
C07
330
22
100
AcDbEntity
  8
F.Cu
  6
CONTINUOUS
100
AcDbLine
 10
86.6212889999999902
 20
-17.6494999999999997
 30
0
 11
86.6212879999999927
 21
-17.6494999999999997
 31
0
  0
LINE
  5
C08
330
22
100
AcDbEntity
  8
F.Cu
  6
CONTINUOUS
100
AcDbLine
 10
86.6212879999999927
 20
-17.6494999999999997
 30
0
 11
86.3787119999999931
 21
-17.6494999999999997
 31
0
  0
LINE
  5
C09
330
22
100
AcDbEntity
  8
F.Cu
  6
CONTINUOUS
100
AcDbLine
 10
86.3787119999999931
 20
-17.6494999999999997
 30
0
 11
86.3787109999999956
 21
-17.6494999999999997
 31
0
  0
LINE
  5
C0A
330
22
100
AcDbEntity
  8
F.Cu
  6
CONTINUOUS
100
AcDbLine
 10
86.3787109999999956
 20
-17.6494999999999997
 30
0
 11
86.1382139999999907
 21
-17.6811609999999995
 31
0
  0
LINE
  5
C0B
330
22
100
AcDbEntity
  8
F.Cu
  6
CONTINUOUS
100
AcDbLine
 10
86.1382139999999907
 20
-17.6811609999999995
 30
0
 11
85.9038949999999915
 21
-17.7439469999999986
 31
0
  0
LINE
  5
C0C
330
22
100
AcDbEntity
  8
F.Cu
  6
CONTINUOUS
100
AcDbLine
 10
85.9038949999999915
 20
-17.7439469999999986
 30
0
 11
85.6797940000000011
 21
-17.8367730000000009
 31
0
  0
LINE
  5
C0D
330
22
100
AcDbEntity
  8
F.Cu
  6
CONTINUOUS
100
AcDbLine
 10
85.6797940000000011
 20
-17.8367730000000009
 30
0
 11
85.6797849999999954
 21
-17.8367769999999979
 31
0
  0
LINE
  5
C0E
330
22
100
AcDbEntity
  8
F.Cu
  6
CONTINUOUS
100
AcDbLine
 10
85.6797849999999954
 20
-17.8367769999999979
 30
0
 11
85.4697060000000022
 21
-17.9580669999999998
 31
0
  0
LINE
  5
C0F
330
22
100
AcDbEntity
  8
F.Cu
  6
CONTINUOUS
100
AcDbLine
 10
85.4697060000000022
 20
-17.9580669999999998
 30
0
 11
85.2772629999999907
 21
-18.1057330000000007
 31
0
  0
LINE
  5
C10
330
22
100
AcDbEntity
  8
F.Cu
  6
CONTINUOUS
100
AcDbLine
 10
85.2772629999999907
 20
-18.1057330000000007
 30
0
 11
85.2772559999999942
 21
-18.1057389999999998
 31
0
  0
LINE
  5
C11
330
22
100
AcDbEntity
  8
F.Cu
  6
CONTINUOUS
100
AcDbLine
 10
85.2772559999999942
 20
-18.1057389999999998
 30
0
 11
85.1057389999999998
 21
-18.2772559999999977
 31
0
  0
LINE
  5
C12
330
22
100
AcDbEntity
  8
F.Cu
  6
CONTINUOUS
100
AcDbLine
 10
85.1057389999999998
 20
-18.2772559999999977
 30
0
 11
85.1057330000000007
 21
-18.2772629999999978
 31
0
  0
LINE
  5
C13
330
22
100
AcDbEntity
  8
F.Cu
  6
CONTINUOUS
100
AcDbLine
 10
85.1057330000000007
 20
-18.2772629999999978
 30
0
 11
84.9580669999999998
 21
-18.4697059999999986
 31
0
  0
LINE
  5
C14
330
22
100
AcDbEntity
  8
F.Cu
  6
CONTINUOUS
100
AcDbLine
 10
84.9580669999999998
 20
-18.4697059999999986
 30
0
 11
84.8367769999999979
 21
-18.679784999999999
 31
0
  0
LINE
  5
C15
330
22
100
AcDbEntity
  8
F.Cu
  6
CONTINUOUS
100
AcDbLine
 10
84.8367769999999979
 20
-18.679784999999999
 30
0
 11
84.8367729999999938
 21
-18.6797939999999976
 31
0
  0
LINE
  5
C16
330
22
100
AcDbEntity
  8
F.Cu
  6
CONTINUOUS
100
AcDbLine
 10
84.8367729999999938
 20
-18.6797939999999976
 30
0
 11
84.7439469999999915
 21
-18.9038949999999986
 31
0
  0
LINE
  5
C17
330
22
100
AcDbEntity
  8
F.Cu
  6
CONTINUOUS
100
AcDbLine
 10
84.7439469999999915
 20
-18.9038949999999986
 30
0
 11
84.681161000000003
 21
-19.1382139999999978
 31
0
  0
LINE
  5
C18
330
22
100
AcDbEntity
  8
F.Cu
  6
CONTINUOUS
100
AcDbLine
 10
84.681161000000003
 20
-19.1382139999999978
 30
0
 11
84.6494999999999891
 21
-19.3787109999999991
 31
0
  0
LINE
  5
C19
330
22
100
AcDbEntity
  8
F.Cu
  6
CONTINUOUS
100
AcDbLine
 10
84.6494999999999891
 20
-19.3787109999999991
 30
0
 11
84.6494999999999891
 21
-19.6212879999999998
 31
0
  0
ENDSEC
  0
SECTION
  2
OBJECTS
  0
DICTIONARY
  5
28
330
0
100
AcDbDictionary
281
1
  3
ACAD_GROUP
350
C1A
  3
ACAD_LAYOUT
350
29
  3
ACAD_PLOTSTYLENAME
350
11
  0
DICTIONARY
  5
C1A
330
28
100
AcDbDictionary
281
1
  0
ACDBDICTIONARYWDFLT
  5
11
330
28
100
AcDbDictionary
281
1
  3
Normal
350
10
100
AcDbDictionaryWithDefault
340
10
  0
ACDBPLACEHOLDER
  5
10
330
11
  0
DICTIONARY
  5
29
330
28
100
AcDbDictionary
281
1
  3
Model
350
25
  3
Layout1
350
26
  3
Layout2
350
27
  0
LAYOUT
  5
25
330
29
100
AcDbPlotSettings
  1

  2
none_device
  4
A3
  6

 40
0.0
 41
0.0
 42
0.0
 43
0.0
 44
420.0
 45
297.0
 46
0.0
 47
0.0
 48
0.0
 49
0.0
140
0.0
141
0.0
142
1.0
143
1.0
 70
1024
 72
1
 73
0
 74
5
  7

 75
16
 76
0
 77
2
 78
300
147
1.0
148
0.0
149
0.0
100
AcDbLayout
  1
Model
 70
1
 71
0
 10
0.0
 20
0.0
 11
420.0
 21
297.0
 12
0.0
 22
0.0
 32
0.0
 14
1e+20
 24
1e+20
 34
1e+20
 15
-1e+20
 25
-1e+20
 35
-1e+20
146
0.0
 13
0.0
 23
0.0
 33
0.0
 16
1.0
 26
0.0
 36
0.0
 17
0.0
 27
1.0
 37
0.0
 76
0
330
22
  0
LAYOUT
  5
26
330
29
100
AcDbPlotSettings
  1

  2
none_device
  4
A3
  6

 40
0.0
 41
0.0
 42
0.0
 43
0.0
 44
420.0
 45
297.0
 46
0.0
 47
0.0
 48
0.0
 49
0.0
140
0.0
141
0.0
142
1.0
143
1.0
 70
0
 72
1
 73
0
 74
5
  7

 75
16
 76
0
 77
2
 78
300
147
1.0
148
0.0
149
0.0
100
AcDbLayout
  1
Layout1
 70
1
 71
1
 10
0.0
 20
0.0
 11
420.0
 21
297.0
 12
0.0
 22
0.0
 32
0.0
 14
1e+20
 24
1e+20
 34
1e+20
 15
-1e+20
 25
-1e+20
 35
-1e+20
146
0.0
 13
0.0
 23
0.0
 33
0.0
 16
1.0
 26
0.0
 36
0.0
 17
0.0
 27
1.0
 37
0.0
 76
0
330
23
  0
LAYOUT
  5
27
330
29
100
AcDbPlotSettings
  1

  2
none_device
  4
A3
  6

 40
0.0
 41
0.0
 42
0.0
 43
0.0
 44
420.0
 45
297.0
 46
0.0
 47
0.0
 48
0.0
 49
0.0
140
0.0
141
0.0
142
1.0
143
1.0
 70
0
 72
1
 73
0
 74
5
  7

 75
16
 76
0
 77
2
 78
300
147
1.0
148
0.0
149
0.0
100
AcDbLayout
  1
Layout2
 70
1
 71
2
 10
0.0
 20
0.0
 11
420.0
 21
297.0
 12
0.0
 22
0.0
 32
0.0
 14
1e+20
 24
1e+20
 34
1e+20
 15
-1e+20
 25
-1e+20
 35
-1e+20
146
0.0
 13
0.0
 23
0.0
 33
0.0
 16
1.0
 26
0.0
 36
0.0
 17
0.0
 27
1.0
 37
0.0
 76
0
330
24
  0
ENDSEC
  0
EOF
