  0
SECTION
  2
HEADER
  9
$ACADVER
  1
AC1018
  9
$HANDSEED
  5
FFFFFFFF
  9
$ANGBASE
  50
0.0
  9
$ANGDIR
  70
1
  9
$MEASUREMENT
  70
1
  9
$INSUNITS
  70
4
  0
ENDSEC
  0
SECTION
  2
TABLES
  0
TABLE
  2
APPID
  5
1
330
0
100
AcDbSymbolTable
 70
1
  0
APPID
  5
2
330
1
100
AcDbSymbolTableRecord
100
AcDbRegAppTableRecord
  2
ACAD
 70
0
  0
ENDTAB
  0
TABLE
  2
LTYPE
  5
3
330
0
100
AcDbSymbolTable
 70
6
  0
LTYPE
  5
4
330
3
100
AcDbSymbolTableRecord
100
AcDbLinetypeTableRecord
  2
ByBlock
 70
0
  3

 72
65
 73
0
 40
0
  0
LTYPE
  5
5
330
3
100
AcDbSymbolTableRecord
100
AcDbLinetypeTableRecord
  2
ByLayer
 70
0
  3

 72
65
 73
0
 40
0
  0
LTYPE
  5
6
330
3
100
AcDbSymbolTableRecord
100
AcDbLinetypeTableRecord
  2
CONTINUOUS
 70
0
  3
Solid line
 72
65
 73
0
 40
0
  0
LTYPE
  5
7
330
3
100
AcDbSymbolTableRecord
100
AcDbLinetypeTableRecord
  2
DASHDOT
 70
0
  3
Dash Dot ____ _ ____ _
 72
65
 73
4
 40
2
 49
1.25
 74
0
 49
-0.25
 74
0
 49
0.25
 74
0
 49
-0.25
 74
0
  0
LTYPE
  5
8
330
3
100
AcDbSymbolTableRecord
100
AcDbLinetypeTableRecord
  2
DASHED
 70
0
  3
Dashed __ __ __ __ __
 72
65
 73
2
 40
0.75
 49
0.5
 74
0
 49
-0.25
 74
0
  0
LTYPE
  5
9
330
3
100
AcDbSymbolTableRecord
100
AcDbLinetypeTableRecord
  2
DOTTED
 70
0
  3
Dotted .  .  .  .
 72
65
 73
2
 40
0.2
 49
0.0
 74
0
 49
-0.2
 74
0
  0
ENDTAB
  0
TABLE
  2
STYLE
  5
A
330
0
100
AcDbSymbolTable
 70
4
  0
STYLE
  5
B
330
A
100
AcDbSymbolTableRecord
100
AcDbTextStyleTableRecord
  2
KICAD
 70
0
 40
0
 41
1
 42
1
 50
0
 71
0
  3
isocp.shx
  0
STYLE
  5
C
330
A
100
AcDbSymbolTableRecord
100
AcDbTextStyleTableRecord
  2
KICADB
 70
0
 40
0
 41
1
 42
1
 50
0
 71
0
  3
isocp.shx
  0
STYLE
  5
D
330
A
100
AcDbSymbolTableRecord
100
AcDbTextStyleTableRecord
  2
KICADI
 70
0
 40
0
 41
1
 42
1
 50
15
 71
0
  3
isocp.shx
  0
STYLE
  5
E
330
A
100
AcDbSymbolTableRecord
100
AcDbTextStyleTableRecord
  2
KICADBI
 70
0
 40
0
 41
1
 42
1
 50
15
 71
0
  3
isocp.shx
  0
ENDTAB
  0
TABLE
  2
LAYER
  5
F
330
0
100
AcDbSymbolTable
 70
10
  0
LAYER
  5
12
330
F
100
AcDbSymbolTableRecord
100
AcDbLayerTableRecord
  2
0
 70
0
 62
7
  6
CONTINUOUS
390
10
  0
LAYER
  5
13
330
F
100
AcDbSymbolTableRecord
100
AcDbLayerTableRecord
  2
F.Cu
 70
0
 62
13
420
13120564
  6
CONTINUOUS
390
10
  0
LAYER
  5
14
330
F
100
AcDbSymbolTableRecord
100
AcDbLayerTableRecord
  2
B.Cu
 70
0
 62
153
420
5078980
  6
CONTINUOUS
390
10
  0
LAYER
  5
15
330
F
100
AcDbSymbolTableRecord
100
AcDbLayerTableRecord
  2
F.Paste
 70
0
 62
253
420
11837594
  6
CONTINUOUS
390
10
  0
LAYER
  5
16
330
F
100
AcDbSymbolTableRecord
100
AcDbLayerTableRecord
  2
B.Paste
 70
0
 62
132
420
49858
  6
CONTINUOUS
390
10
  0
LAYER
  5
17
330
F
100
AcDbSymbolTableRecord
100
AcDbLayerTableRecord
  2
F.Silkscreen
 70
0
 62
41
420
15920545
  6
CONTINUOUS
390
10
  0
LAYER
  5
18
330
F
100
AcDbSymbolTableRecord
100
AcDbLayerTableRecord
  2
B.Silkscreen
 70
0
 62
31
420
15250087
  6
CONTINUOUS
390
10
  0
LAYER
  5
19
330
F
100
AcDbSymbolTableRecord
100
AcDbLayerTableRecord
  2
F.Mask
 70
0
 62
201
420
14181631
  6
CONTINUOUS
390
10
  0
LAYER
  5
1A
330
F
100
AcDbSymbolTableRecord
100
AcDbLayerTableRecord
  2
B.Mask
 70
0
 62
4
420
196590
  6
CONTINUOUS
390
10
  0
LAYER
  5
1B
330
F
100
AcDbSymbolTableRecord
100
AcDbLayerTableRecord
  2
Edge.Cuts
 70
0
 62
254
420
13685453
  6
CONTINUOUS
390
10
  0
ENDTAB
  0
TABLE
  2
VPORT
  5
1C
330
0
100
AcDbSymbolTable
 70
0
  0
ENDTAB
  0
TABLE
  2
VIEW
  5
1D
330
0
100
AcDbSymbolTable
 70
0
  0
ENDTAB
  0
TABLE
  2
UCS
  5
1E
330
0
100
AcDbSymbolTable
 70
0
  0
ENDTAB
  0
TABLE
  2
DIMSTYLE
  5
1F
330
0
100
AcDbSymbolTable
 70
1
100
AcDbDimStyleTable
 71
0
  0
DIMSTYLE
105
20
330
1F
100
AcDbSymbolTableRecord
100
AcDbDimStyleTableRecord
  2
Standard
 70
0
  0
ENDTAB
  0
TABLE
  2
BLOCK_RECORD
  5
21
330
0
100
AcDbSymbolTable
 70
3
  0
BLOCK_RECORD
  5
22
330
21
100
AcDbSymbolTableRecord
100
AcDbBlockTableRecord
  2
*Model_Space
340
25
 70
0
280
1
281
0
  0
BLOCK_RECORD
  5
23
330
21
100
AcDbSymbolTableRecord
100
AcDbBlockTableRecord
  2
*Paper_Space
340
26
 70
0
280
1
281
0
  0
BLOCK_RECORD
  5
24
330
21
100
AcDbSymbolTableRecord
100
AcDbBlockTableRecord
  2
*Paper_Space0
340
27
 70
0
280
1
281
0
  0
ENDTAB
  0
ENDSEC
  0
SECTION
  2
BLOCKS
  0
BLOCK
  5
2B
330
22
100
AcDbEntity
  8
0
100
AcDbBlockBegin
  2
*Model_Space
 70
0
 10
0.0
 20
0.0
 30
0.0
  3
*Model_Space
  1

  0
ENDBLK
  5
2A
330
22
100
AcDbEntity
  8
0
100
AcDbBlockEnd
  0
BLOCK
  5
2D
330
23
100
AcDbEntity
 67
1
  8
0
100
AcDbBlockBegin
  2
*Paper_Space
 70
0
 10
0.0
 20
0.0
 30
0.0
  3
*Paper_Space
  1

  0
ENDBLK
  5
2C
330
23
100
AcDbEntity
 67
1
  8
0
100
AcDbBlockEnd
  0
BLOCK
  5
2F
330
24
100
AcDbEntity
 67
1
  8
0
100
AcDbBlockBegin
  2
*Paper_Space0
 70
0
 10
0.0
 20
0.0
 30
0.0
  3
*Paper_Space0
  1

  0
ENDBLK
  5
2E
330
24
100
AcDbEntity
 67
1
  8
0
100
AcDbBlockEnd
  0
ENDSEC
  0
SECTION
  2
ENTITIES
  0
LINE
  5
30
330
22
100
AcDbEntity
  8
F.Mask
  6
CONTINUOUS
100
AcDbLine
 10
149.8735130000000026
 20
-82.4442080000000033
 30
0
 11
150.112292999999994
 21
-82.5217930000000024
 31
0
  0
LINE
  5
31
330
22
100
AcDbEntity
  8
F.Mask
  6
CONTINUOUS
100
AcDbLine
 10
150.112292999999994
 20
-82.5217930000000024
 30
0
 11
150.3359979999999894
 21
-82.6357759999999928
 31
0
  0
LINE
  5
32
330
22
100
AcDbEntity
  8
F.Mask
  6
CONTINUOUS
100
AcDbLine
 10
150.3359979999999894
 20
-82.6357759999999928
 30
0
 11
150.5391170000000045
 21
-82.7833499999999987
 31
0
  0
LINE
  5
33
330
22
100
AcDbEntity
  8
F.Mask
  6
CONTINUOUS
100
AcDbLine
 10
150.5391170000000045
 20
-82.7833499999999987
 30
0
 11
150.7166499999999871
 21
-82.9608829999999955
 31
0
  0
LINE
  5
34
330
22
100
AcDbEntity
  8
F.Mask
  6
CONTINUOUS
100
AcDbLine
 10
150.7166499999999871
 20
-82.9608829999999955
 30
0
 11
150.8642240000000072
 21
-83.1640019999999964
 31
0
  0
LINE
  5
35
330
22
100
AcDbEntity
  8
F.Mask
  6
CONTINUOUS
100
AcDbLine
 10
150.8642240000000072
 20
-83.1640019999999964
 30
0
 11
150.9782069999999976
 21
-83.3877069999999918
 31
0
  0
LINE
  5
36
330
22
100
AcDbEntity
  8
F.Mask
  6
CONTINUOUS
100
AcDbLine
 10
150.9782069999999976
 20
-83.3877069999999918
 30
0
 11
151.0557919999999967
 21
-83.6264869999999974
 31
0
  0
LINE
  5
37
330
22
100
AcDbEntity
  8
F.Mask
  6
CONTINUOUS
100
AcDbLine
 10
151.0557919999999967
 20
-83.6264869999999974
 30
0
 11
151.0950679999999977
 21
-83.8744650000000007
 31
0
  0
LINE
  5
38
330
22
100
AcDbEntity
  8
F.Mask
  6
CONTINUOUS
100
AcDbLine
 10
151.0950679999999977
 20
-83.8744650000000007
 30
0
 11
151.0950679999999977
 21
-84.1255349999999993
 31
0
  0
LINE
  5
39
330
22
100
AcDbEntity
  8
F.Mask
  6
CONTINUOUS
100
AcDbLine
 10
151.0950679999999977
 20
-84.1255349999999993
 30
0
 11
151.0557919999999967
 21
-84.3735130000000026
 31
0
  0
LINE
  5
3A
330
22
100
AcDbEntity
  8
F.Mask
  6
CONTINUOUS
100
AcDbLine
 10
151.0557919999999967
 20
-84.3735130000000026
 30
0
 11
150.9782069999999976
 21
-84.612292999999994
 31
0
  0
LINE
  5
3B
330
22
100
AcDbEntity
  8
F.Mask
  6
CONTINUOUS
100
AcDbLine
 10
150.9782069999999976
 20
-84.612292999999994
 30
0
 11
150.8642240000000072
 21
-84.8359979999999894
 31
0
  0
LINE
  5
3C
330
22
100
AcDbEntity
  8
F.Mask
  6
CONTINUOUS
100
AcDbLine
 10
150.8642240000000072
 20
-84.8359979999999894
 30
0
 11
150.7166499999999871
 21
-85.0391169999999903
 31
0
  0
LINE
  5
3D
330
22
100
AcDbEntity
  8
F.Mask
  6
CONTINUOUS
100
AcDbLine
 10
150.7166499999999871
 20
-85.0391169999999903
 30
0
 11
150.5391170000000045
 21
-85.2166500000000013
 31
0
  0
LINE
  5
3E
330
22
100
AcDbEntity
  8
F.Mask
  6
CONTINUOUS
100
AcDbLine
 10
150.5391170000000045
 20
-85.2166500000000013
 30
0
 11
150.3359979999999894
 21
-85.364223999999993
 31
0
  0
LINE
  5
3F
330
22
100
AcDbEntity
  8
F.Mask
  6
CONTINUOUS
100
AcDbLine
 10
150.3359979999999894
 20
-85.364223999999993
 30
0
 11
150.112292999999994
 21
-85.4782069999999976
 31
0
  0
LINE
  5
40
330
22
100
AcDbEntity
  8
F.Mask
  6
CONTINUOUS
100
AcDbLine
 10
150.112292999999994
 20
-85.4782069999999976
 30
0
 11
149.8735130000000026
 21
-85.5557919999999967
 31
0
  0
LINE
  5
41
330
22
100
AcDbEntity
  8
F.Mask
  6
CONTINUOUS
100
AcDbLine
 10
149.8735130000000026
 20
-85.5557919999999967
 30
0
 11
149.6255349999999851
 21
-85.5950679999999977
 31
0
  0
LINE
  5
42
330
22
100
AcDbEntity
  8
F.Mask
  6
CONTINUOUS
100
AcDbLine
 10
149.6255349999999851
 20
-85.5950679999999977
 30
0
 11
149.3744649999999865
 21
-85.5950679999999977
 31
0
  0
LINE
  5
43
330
22
100
AcDbEntity
  8
F.Mask
  6
CONTINUOUS
100
AcDbLine
 10
149.3744649999999865
 20
-85.5950679999999977
 30
0
 11
149.1264869999999974
 21
-85.5557919999999967
 31
0
  0
LINE
  5
44
330
22
100
AcDbEntity
  8
F.Mask
  6
CONTINUOUS
100
AcDbLine
 10
149.1264869999999974
 20
-85.5557919999999967
 30
0
 11
148.887707000000006
 21
-85.4782069999999976
 31
0
  0
LINE
  5
45
330
22
100
AcDbEntity
  8
F.Mask
  6
CONTINUOUS
100
AcDbLine
 10
148.887707000000006
 20
-85.4782069999999976
 30
0
 11
148.6640019999999822
 21
-85.364223999999993
 31
0
  0
LINE
  5
46
330
22
100
AcDbEntity
  8
F.Mask
  6
CONTINUOUS
100
AcDbLine
 10
148.6640019999999822
 20
-85.364223999999993
 30
0
 11
148.4608829999999955
 21
-85.2166500000000013
 31
0
  0
LINE
  5
47
330
22
100
AcDbEntity
  8
F.Mask
  6
CONTINUOUS
100
AcDbLine
 10
148.4608829999999955
 20
-85.2166500000000013
 30
0
 11
148.2833499999999844
 21
-85.0391169999999903
 31
0
  0
LINE
  5
48
330
22
100
AcDbEntity
  8
F.Mask
  6
CONTINUOUS
100
AcDbLine
 10
148.2833499999999844
 20
-85.0391169999999903
 30
0
 11
148.1357759999999928
 21
-84.8359979999999894
 31
0
  0
LINE
  5
49
330
22
100
AcDbEntity
  8
F.Mask
  6
CONTINUOUS
100
AcDbLine
 10
148.1357759999999928
 20
-84.8359979999999894
 30
0
 11
148.0217930000000024
 21
-84.612292999999994
 31
0
  0
LINE
  5
4A
330
22
100
AcDbEntity
  8
F.Mask
  6
CONTINUOUS
100
AcDbLine
 10
148.0217930000000024
 20
-84.612292999999994
 30
0
 11
147.9442080000000033
 21
-84.3735130000000026
 31
0
  0
LINE
  5
4B
330
22
100
AcDbEntity
  8
F.Mask
  6
CONTINUOUS
100
AcDbLine
 10
147.9442080000000033
 20
-84.3735130000000026
 30
0
 11
147.9049320000000023
 21
-84.1255349999999993
 31
0
  0
LINE
  5
4C
330
22
100
AcDbEntity
  8
F.Mask
  6
CONTINUOUS
100
AcDbLine
 10
147.9049320000000023
 20
-84.1255349999999993
 30
0
 11
147.9049320000000023
 21
-83.8744650000000007
 31
0
  0
LINE
  5
4D
330
22
100
AcDbEntity
  8
F.Mask
  6
CONTINUOUS
100
AcDbLine
 10
147.9049320000000023
 20
-83.8744650000000007
 30
0
 11
147.9442080000000033
 21
-83.6264869999999974
 31
0
  0
LINE
  5
4E
330
22
100
AcDbEntity
  8
F.Mask
  6
CONTINUOUS
100
AcDbLine
 10
147.9442080000000033
 20
-83.6264869999999974
 30
0
 11
148.0217930000000024
 21
-83.3877069999999918
 31
0
  0
LINE
  5
4F
330
22
100
AcDbEntity
  8
F.Mask
  6
CONTINUOUS
100
AcDbLine
 10
148.0217930000000024
 20
-83.3877069999999918
 30
0
 11
148.1357759999999928
 21
-83.1640019999999964
 31
0
  0
LINE
  5
50
330
22
100
AcDbEntity
  8
F.Mask
  6
CONTINUOUS
100
AcDbLine
 10
148.1357759999999928
 20
-83.1640019999999964
 30
0
 11
148.2833499999999844
 21
-82.9608829999999955
 31
0
  0
LINE
  5
51
330
22
100
AcDbEntity
  8
F.Mask
  6
CONTINUOUS
100
AcDbLine
 10
148.2833499999999844
 20
-82.9608829999999955
 30
0
 11
148.4608829999999955
 21
-82.7833499999999987
 31
0
  0
LINE
  5
52
330
22
100
AcDbEntity
  8
F.Mask
  6
CONTINUOUS
100
AcDbLine
 10
148.4608829999999955
 20
-82.7833499999999987
 30
0
 11
148.6640019999999822
 21
-82.6357759999999928
 31
0
  0
LINE
  5
53
330
22
100
AcDbEntity
  8
F.Mask
  6
CONTINUOUS
100
AcDbLine
 10
148.6640019999999822
 20
-82.6357759999999928
 30
0
 11
148.887707000000006
 21
-82.5217930000000024
 31
0
  0
LINE
  5
54
330
22
100
AcDbEntity
  8
F.Mask
  6
CONTINUOUS
100
AcDbLine
 10
148.887707000000006
 20
-82.5217930000000024
 30
0
 11
149.1264869999999974
 21
-82.4442080000000033
 31
0
  0
LINE
  5
55
330
22
100
AcDbEntity
  8
F.Mask
  6
CONTINUOUS
100
AcDbLine
 10
149.1264869999999974
 20
-82.4442080000000033
 30
0
 11
149.3744649999999865
 21
-82.4049320000000023
 31
0
  0
LINE
  5
56
330
22
100
AcDbEntity
  8
F.Mask
  6
CONTINUOUS
100
AcDbLine
 10
149.3744649999999865
 20
-82.4049320000000023
 30
0
 11
149.6255349999999851
 21
-82.4049320000000023
 31
0
  0
LINE
  5
57
330
22
100
AcDbEntity
  8
F.Mask
  6
CONTINUOUS
100
AcDbLine
 10
149.6255349999999851
 20
-82.4049320000000023
 30
0
 11
149.8735130000000026
 21
-82.4442080000000033
 31
0
  0
LINE
  5
58
330
22
100
AcDbEntity
  8
F.Mask
  6
CONTINUOUS
100
AcDbLine
 10
86.8735130000000026
 20
-81.9442080000000033
 30
0
 11
87.112292999999994
 21
-82.0217930000000024
 31
0
  0
LINE
  5
59
330
22
100
AcDbEntity
  8
F.Mask
  6
CONTINUOUS
100
AcDbLine
 10
87.112292999999994
 20
-82.0217930000000024
 30
0
 11
87.3359979999999894
 21
-82.1357759999999928
 31
0
  0
LINE
  5
5A
330
22
100
AcDbEntity
  8
F.Mask
  6
CONTINUOUS
100
AcDbLine
 10
87.3359979999999894
 20
-82.1357759999999928
 30
0
 11
87.5391169999999903
 21
-82.2833499999999987
 31
0
  0
LINE
  5
5B
330
22
100
AcDbEntity
  8
F.Mask
  6
CONTINUOUS
100
AcDbLine
 10
87.5391169999999903
 20
-82.2833499999999987
 30
0
 11
87.7166500000000013
 21
-82.4608829999999955
 31
0
  0
LINE
  5
5C
330
22
100
AcDbEntity
  8
F.Mask
  6
CONTINUOUS
100
AcDbLine
 10
87.7166500000000013
 20
-82.4608829999999955
 30
0
 11
87.864223999999993
 21
-82.6640019999999964
 31
0
  0
LINE
  5
5D
330
22
100
AcDbEntity
  8
F.Mask
  6
CONTINUOUS
100
AcDbLine
 10
87.864223999999993
 20
-82.6640019999999964
 30
0
 11
87.9782069999999976
 21
-82.8877069999999918
 31
0
  0
LINE
  5
5E
330
22
100
AcDbEntity
  8
F.Mask
  6
CONTINUOUS
100
AcDbLine
 10
87.9782069999999976
 20
-82.8877069999999918
 30
0
 11
88.0557919999999967
 21
-83.1264869999999974
 31
0
  0
LINE
  5
5F
330
22
100
AcDbEntity
  8
F.Mask
  6
CONTINUOUS
100
AcDbLine
 10
88.0557919999999967
 20
-83.1264869999999974
 30
0
 11
88.0950679999999977
 21
-83.3744650000000007
 31
0
  0
LINE
  5
60
330
22
100
AcDbEntity
  8
F.Mask
  6
CONTINUOUS
100
AcDbLine
 10
88.0950679999999977
 20
-83.3744650000000007
 30
0
 11
88.0950679999999977
 21
-83.6255349999999993
 31
0
  0
LINE
  5
61
330
22
100
AcDbEntity
  8
F.Mask
  6
CONTINUOUS
100
AcDbLine
 10
88.0950679999999977
 20
-83.6255349999999993
 30
0
 11
88.0557919999999967
 21
-83.8735130000000026
 31
0
  0
LINE
  5
62
330
22
100
AcDbEntity
  8
F.Mask
  6
CONTINUOUS
100
AcDbLine
 10
88.0557919999999967
 20
-83.8735130000000026
 30
0
 11
87.9782069999999976
 21
-84.112292999999994
 31
0
  0
LINE
  5
63
330
22
100
AcDbEntity
  8
F.Mask
  6
CONTINUOUS
100
AcDbLine
 10
87.9782069999999976
 20
-84.112292999999994
 30
0
 11
87.864223999999993
 21
-84.3359979999999894
 31
0
  0
LINE
  5
64
330
22
100
AcDbEntity
  8
F.Mask
  6
CONTINUOUS
100
AcDbLine
 10
87.864223999999993
 20
-84.3359979999999894
 30
0
 11
87.7166500000000013
 21
-84.5391169999999903
 31
0
  0
LINE
  5
65
330
22
100
AcDbEntity
  8
F.Mask
  6
CONTINUOUS
100
AcDbLine
 10
87.7166500000000013
 20
-84.5391169999999903
 30
0
 11
87.5391169999999903
 21
-84.7166500000000013
 31
0
  0
LINE
  5
66
330
22
100
AcDbEntity
  8
F.Mask
  6
CONTINUOUS
100
AcDbLine
 10
87.5391169999999903
 20
-84.7166500000000013
 30
0
 11
87.3359979999999894
 21
-84.864223999999993
 31
0
  0
LINE
  5
67
330
22
100
AcDbEntity
  8
F.Mask
  6
CONTINUOUS
100
AcDbLine
 10
87.3359979999999894
 20
-84.864223999999993
 30
0
 11
87.112292999999994
 21
-84.9782069999999976
 31
0
  0
LINE
  5
68
330
22
100
AcDbEntity
  8
F.Mask
  6
CONTINUOUS
100
AcDbLine
 10
87.112292999999994
 20
-84.9782069999999976
 30
0
 11
86.8735130000000026
 21
-85.0557919999999967
 31
0
  0
LINE
  5
69
330
22
100
AcDbEntity
  8
F.Mask
  6
CONTINUOUS
100
AcDbLine
 10
86.8735130000000026
 20
-85.0557919999999967
 30
0
 11
86.6255349999999993
 21
-85.0950679999999977
 31
0
  0
LINE
  5
6A
330
22
100
AcDbEntity
  8
F.Mask
  6
CONTINUOUS
100
AcDbLine
 10
86.6255349999999993
 20
-85.0950679999999977
 30
0
 11
86.3744650000000007
 21
-85.0950679999999977
 31
0
  0
LINE
  5
6B
330
22
100
AcDbEntity
  8
F.Mask
  6
CONTINUOUS
100
AcDbLine
 10
86.3744650000000007
 20
-85.0950679999999977
 30
0
 11
86.1264869999999974
 21
-85.0557919999999967
 31
0
  0
LINE
  5
6C
330
22
100
AcDbEntity
  8
F.Mask
  6
CONTINUOUS
100
AcDbLine
 10
86.1264869999999974
 20
-85.0557919999999967
 30
0
 11
85.8877069999999918
 21
-84.9782069999999976
 31
0
  0
LINE
  5
6D
330
22
100
AcDbEntity
  8
F.Mask
  6
CONTINUOUS
100
AcDbLine
 10
85.8877069999999918
 20
-84.9782069999999976
 30
0
 11
85.6640019999999964
 21
-84.864223999999993
 31
0
  0
LINE
  5
6E
330
22
100
AcDbEntity
  8
F.Mask
  6
CONTINUOUS
100
AcDbLine
 10
85.6640019999999964
 20
-84.864223999999993
 30
0
 11
85.4608829999999955
 21
-84.7166500000000013
 31
0
  0
LINE
  5
6F
330
22
100
AcDbEntity
  8
F.Mask
  6
CONTINUOUS
100
AcDbLine
 10
85.4608829999999955
 20
-84.7166500000000013
 30
0
 11
85.2833499999999987
 21
-84.5391169999999903
 31
0
  0
LINE
  5
70
330
22
100
AcDbEntity
  8
F.Mask
  6
CONTINUOUS
100
AcDbLine
 10
85.2833499999999987
 20
-84.5391169999999903
 30
0
 11
85.1357759999999928
 21
-84.3359979999999894
 31
0
  0
LINE
  5
71
330
22
100
AcDbEntity
  8
F.Mask
  6
CONTINUOUS
100
AcDbLine
 10
85.1357759999999928
 20
-84.3359979999999894
 30
0
 11
85.0217930000000024
 21
-84.112292999999994
 31
0
  0
LINE
  5
72
330
22
100
AcDbEntity
  8
F.Mask
  6
CONTINUOUS
100
AcDbLine
 10
85.0217930000000024
 20
-84.112292999999994
 30
0
 11
84.9442079999999891
 21
-83.8735130000000026
 31
0
  0
LINE
  5
73
330
22
100
AcDbEntity
  8
F.Mask
  6
CONTINUOUS
100
AcDbLine
 10
84.9442079999999891
 20
-83.8735130000000026
 30
0
 11
84.9049320000000023
 21
-83.6255349999999993
 31
0
  0
LINE
  5
74
330
22
100
AcDbEntity
  8
F.Mask
  6
CONTINUOUS
100
AcDbLine
 10
84.9049320000000023
 20
-83.6255349999999993
 30
0
 11
84.9049320000000023
 21
-83.3744650000000007
 31
0
  0
LINE
  5
75
330
22
100
AcDbEntity
  8
F.Mask
  6
CONTINUOUS
100
AcDbLine
 10
84.9049320000000023
 20
-83.3744650000000007
 30
0
 11
84.9442079999999891
 21
-83.1264869999999974
 31
0
  0
LINE
  5
76
330
22
100
AcDbEntity
  8
F.Mask
  6
CONTINUOUS
100
AcDbLine
 10
84.9442079999999891
 20
-83.1264869999999974
 30
0
 11
85.0217930000000024
 21
-82.8877069999999918
 31
0
  0
LINE
  5
77
330
22
100
AcDbEntity
  8
F.Mask
  6
CONTINUOUS
100
AcDbLine
 10
85.0217930000000024
 20
-82.8877069999999918
 30
0
 11
85.1357759999999928
 21
-82.6640019999999964
 31
0
  0
LINE
  5
78
330
22
100
AcDbEntity
  8
F.Mask
  6
CONTINUOUS
100
AcDbLine
 10
85.1357759999999928
 20
-82.6640019999999964
 30
0
 11
85.2833499999999987
 21
-82.4608829999999955
 31
0
  0
LINE
  5
79
330
22
100
AcDbEntity
  8
F.Mask
  6
CONTINUOUS
100
AcDbLine
 10
85.2833499999999987
 20
-82.4608829999999955
 30
0
 11
85.4608829999999955
 21
-82.2833499999999987
 31
0
  0
LINE
  5
7A
330
22
100
AcDbEntity
  8
F.Mask
  6
CONTINUOUS
100
AcDbLine
 10
85.4608829999999955
 20
-82.2833499999999987
 30
0
 11
85.6640019999999964
 21
-82.1357759999999928
 31
0
  0
LINE
  5
7B
330
22
100
AcDbEntity
  8
F.Mask
  6
CONTINUOUS
100
AcDbLine
 10
85.6640019999999964
 20
-82.1357759999999928
 30
0
 11
85.8877069999999918
 21
-82.0217930000000024
 31
0
  0
LINE
  5
7C
330
22
100
AcDbEntity
  8
F.Mask
  6
CONTINUOUS
100
AcDbLine
 10
85.8877069999999918
 20
-82.0217930000000024
 30
0
 11
86.1264869999999974
 21
-81.9442080000000033
 31
0
  0
LINE
  5
7D
330
22
100
AcDbEntity
  8
F.Mask
  6
CONTINUOUS
100
AcDbLine
 10
86.1264869999999974
 20
-81.9442080000000033
 30
0
 11
86.3744650000000007
 21
-81.9049320000000023
 31
0
  0
LINE
  5
7E
330
22
100
AcDbEntity
  8
F.Mask
  6
CONTINUOUS
100
AcDbLine
 10
86.3744650000000007
 20
-81.9049320000000023
 30
0
 11
86.6255349999999993
 21
-81.9049320000000023
 31
0
  0
LINE
  5
7F
330
22
100
AcDbEntity
  8
F.Mask
  6
CONTINUOUS
100
AcDbLine
 10
86.6255349999999993
 20
-81.9049320000000023
 30
0
 11
86.8735130000000026
 21
-81.9442080000000033
 31
0
  0
LINE
  5
80
330
22
100
AcDbEntity
  8
F.Mask
  6
CONTINUOUS
100
AcDbLine
 10
129.9083149999999875
 20
-76.7740929999999935
 30
0
 11
130.0717420000000004
 21
-76.8066010000000006
 31
0
  0
LINE
  5
81
330
22
100
AcDbEntity
  8
F.Mask
  6
CONTINUOUS
100
AcDbLine
 10
130.0717420000000004
 20
-76.8066010000000006
 30
0
 11
130.2256869999999935
 21
-76.8703670000000017
 31
0
  0
LINE
  5
82
330
22
100
AcDbEntity
  8
F.Mask
  6
CONTINUOUS
100
AcDbLine
 10
130.2256869999999935
 20
-76.8703670000000017
 30
0
 11
130.364233999999982
 21
-76.9629410000000007
 31
0
  0
LINE
  5
83
330
22
100
AcDbEntity
  8
F.Mask
  6
CONTINUOUS
100
AcDbLine
 10
130.364233999999982
 20
-76.9629410000000007
 30
0
 11
130.4820589999999925
 21
-77.080765999999997
 31
0
  0
LINE
  5
84
330
22
100
AcDbEntity
  8
F.Mask
  6
CONTINUOUS
100
AcDbLine
 10
130.4820589999999925
 20
-77.080765999999997
 30
0
 11
130.5746330000000057
 21
-77.2193129999999996
 31
0
  0
LINE
  5
85
330
22
100
AcDbEntity
  8
F.Mask
  6
CONTINUOUS
100
AcDbLine
 10
130.5746330000000057
 20
-77.2193129999999996
 30
0
 11
130.6383989999999926
 21
-77.3732579999999928
 31
0
  0
LINE
  5
86
330
22
100
AcDbEntity
  8
F.Mask
  6
CONTINUOUS
100
AcDbLine
 10
130.6383989999999926
 20
-77.3732579999999928
 30
0
 11
130.6709069999999997
 21
-77.5366849999999914
 31
0
  0
LINE
  5
87
330
22
100
AcDbEntity
  8
F.Mask
  6
CONTINUOUS
100
AcDbLine
 10
130.6709069999999997
 20
-77.5366849999999914
 30
0
 11
130.6709069999999997
 21
-77.7033150000000035
 31
0
  0
LINE
  5
88
330
22
100
AcDbEntity
  8
F.Mask
  6
CONTINUOUS
100
AcDbLine
 10
130.6709069999999997
 20
-77.7033150000000035
 30
0
 11
130.6383989999999926
 21
-77.8667420000000021
 31
0
  0
LINE
  5
89
330
22
100
AcDbEntity
  8
F.Mask
  6
CONTINUOUS
100
AcDbLine
 10
130.6383989999999926
 20
-77.8667420000000021
 30
0
 11
130.5746330000000057
 21
-78.0206869999999952
 31
0
  0
LINE
  5
8A
330
22
100
AcDbEntity
  8
F.Mask
  6
CONTINUOUS
100
AcDbLine
 10
130.5746330000000057
 20
-78.0206869999999952
 30
0
 11
130.4820589999999925
 21
-78.1592339999999979
 31
0
  0
LINE
  5
8B
330
22
100
AcDbEntity
  8
F.Mask
  6
CONTINUOUS
100
AcDbLine
 10
130.4820589999999925
 20
-78.1592339999999979
 30
0
 11
130.364233999999982
 21
-78.2770589999999942
 31
0
  0
LINE
  5
8C
330
22
100
AcDbEntity
  8
F.Mask
  6
CONTINUOUS
100
AcDbLine
 10
130.364233999999982
 20
-78.2770589999999942
 30
0
 11
130.2256869999999935
 21
-78.3696329999999932
 31
0
  0
LINE
  5
8D
330
22
100
AcDbEntity
  8
F.Mask
  6
CONTINUOUS
100
AcDbLine
 10
130.2256869999999935
 20
-78.3696329999999932
 30
0
 11
130.0717420000000004
 21
-78.4333989999999943
 31
0
  0
LINE
  5
8E
330
22
100
AcDbEntity
  8
F.Mask
  6
CONTINUOUS
100
AcDbLine
 10
130.0717420000000004
 20
-78.4333989999999943
 30
0
 11
129.9083149999999875
 21
-78.4659070000000014
 31
0
  0
LINE
  5
8F
330
22
100
AcDbEntity
  8
F.Mask
  6
CONTINUOUS
100
AcDbLine
 10
129.9083149999999875
 20
-78.4659070000000014
 30
0
 11
129.8249999999999886
 21
-78.4699999999999989
 31
0
  0
LINE
  5
90
330
22
100
AcDbEntity
  8
F.Mask
  6
CONTINUOUS
100
AcDbLine
 10
129.8249999999999886
 20
-78.4699999999999989
 30
0
 11
127.9249999999999972
 21
-78.4699999999999989
 31
0
  0
LINE
  5
91
330
22
100
AcDbEntity
  8
F.Mask
  6
CONTINUOUS
100
AcDbLine
 10
127.9249999999999972
 20
-78.4699999999999989
 30
0
 11
127.8416849999999982
 21
-78.4659070000000014
 31
0
  0
LINE
  5
92
330
22
100
AcDbEntity
  8
F.Mask
  6
CONTINUOUS
100
AcDbLine
 10
127.8416849999999982
 20
-78.4659070000000014
 30
0
 11
127.6782579999999996
 21
-78.4333989999999943
 31
0
  0
LINE
  5
93
330
22
100
AcDbEntity
  8
F.Mask
  6
CONTINUOUS
100
AcDbLine
 10
127.6782579999999996
 20
-78.4333989999999943
 30
0
 11
127.5243129999999923
 21
-78.3696329999999932
 31
0
  0
LINE
  5
94
330
22
100
AcDbEntity
  8
F.Mask
  6
CONTINUOUS
100
AcDbLine
 10
127.5243129999999923
 20
-78.3696329999999932
 30
0
 11
127.3857659999999896
 21
-78.2770589999999942
 31
0
  0
LINE
  5
95
330
22
100
AcDbEntity
  8
F.Mask
  6
CONTINUOUS
100
AcDbLine
 10
127.3857659999999896
 20
-78.2770589999999942
 30
0
 11
127.2679409999999933
 21
-78.1592339999999979
 31
0
  0
LINE
  5
96
330
22
100
AcDbEntity
  8
F.Mask
  6
CONTINUOUS
100
AcDbLine
 10
127.2679409999999933
 20
-78.1592339999999979
 30
0
 11
127.1753669999999943
 21
-78.0206869999999952
 31
0
  0
LINE
  5
97
330
22
100
AcDbEntity
  8
F.Mask
  6
CONTINUOUS
100
AcDbLine
 10
127.1753669999999943
 20
-78.0206869999999952
 30
0
 11
127.1116009999999932
 21
-77.8667420000000021
 31
0
  0
LINE
  5
98
330
22
100
AcDbEntity
  8
F.Mask
  6
CONTINUOUS
100
AcDbLine
 10
127.1116009999999932
 20
-77.8667420000000021
 30
0
 11
127.0790930000000003
 21
-77.7033150000000035
 31
0
  0
LINE
  5
99
330
22
100
AcDbEntity
  8
F.Mask
  6
CONTINUOUS
100
AcDbLine
 10
127.0790930000000003
 20
-77.7033150000000035
 30
0
 11
127.0790930000000003
 21
-77.5366849999999914
 31
0
  0
LINE
  5
9A
330
22
100
AcDbEntity
  8
F.Mask
  6
CONTINUOUS
100
AcDbLine
 10
127.0790930000000003
 20
-77.5366849999999914
 30
0
 11
127.1116009999999932
 21
-77.3732579999999928
 31
0
  0
LINE
  5
9B
330
22
100
AcDbEntity
  8
F.Mask
  6
CONTINUOUS
100
AcDbLine
 10
127.1116009999999932
 20
-77.3732579999999928
 30
0
 11
127.1753669999999943
 21
-77.2193129999999996
 31
0
  0
LINE
  5
9C
330
22
100
AcDbEntity
  8
F.Mask
  6
CONTINUOUS
100
AcDbLine
 10
127.1753669999999943
 20
-77.2193129999999996
 30
0
 11
127.2679409999999933
 21
-77.080765999999997
 31
0
  0
LINE
  5
9D
330
22
100
AcDbEntity
  8
F.Mask
  6
CONTINUOUS
100
AcDbLine
 10
127.2679409999999933
 20
-77.080765999999997
 30
0
 11
127.3857659999999896
 21
-76.9629410000000007
 31
0
  0
LINE
  5
9E
330
22
100
AcDbEntity
  8
F.Mask
  6
CONTINUOUS
100
AcDbLine
 10
127.3857659999999896
 20
-76.9629410000000007
 30
0
 11
127.5243129999999923
 21
-76.8703670000000017
 31
0
  0
LINE
  5
9F
330
22
100
AcDbEntity
  8
F.Mask
  6
CONTINUOUS
100
AcDbLine
 10
127.5243129999999923
 20
-76.8703670000000017
 30
0
 11
127.6782579999999996
 21
-76.8066010000000006
 31
0
  0
LINE
  5
A0
330
22
100
AcDbEntity
  8
F.Mask
  6
CONTINUOUS
100
AcDbLine
 10
127.6782579999999996
 20
-76.8066010000000006
 30
0
 11
127.8416849999999982
 21
-76.7740929999999935
 31
0
  0
LINE
  5
A1
330
22
100
AcDbEntity
  8
F.Mask
  6
CONTINUOUS
100
AcDbLine
 10
127.8416849999999982
 20
-76.7740929999999935
 30
0
 11
127.9249999999999972
 21
-76.769999999999996
 31
0
  0
LINE
  5
A2
330
22
100
AcDbEntity
  8
F.Mask
  6
CONTINUOUS
100
AcDbLine
 10
127.9249999999999972
 20
-76.769999999999996
 30
0
 11
129.8249999999999886
 21
-76.769999999999996
 31
0
  0
LINE
  5
A3
330
22
100
AcDbEntity
  8
F.Mask
  6
CONTINUOUS
100
AcDbLine
 10
129.8249999999999886
 20
-76.769999999999996
 30
0
 11
129.9083149999999875
 21
-76.7740929999999935
 31
0
  0
LINE
  5
A4
330
22
100
AcDbEntity
  8
F.Mask
  6
CONTINUOUS
100
AcDbLine
 10
147.1583149999999875
 20
-76.7740929999999935
 30
0
 11
147.3217420000000004
 21
-76.8066010000000006
 31
0
  0
LINE
  5
A5
330
22
100
AcDbEntity
  8
F.Mask
  6
CONTINUOUS
100
AcDbLine
 10
147.3217420000000004
 20
-76.8066010000000006
 30
0
 11
147.4756869999999935
 21
-76.8703670000000017
 31
0
  0
LINE
  5
A6
330
22
100
AcDbEntity
  8
F.Mask
  6
CONTINUOUS
100
AcDbLine
 10
147.4756869999999935
 20
-76.8703670000000017
 30
0
 11
147.614233999999982
 21
-76.9629410000000007
 31
0
  0
LINE
  5
A7
330
22
100
AcDbEntity
  8
F.Mask
  6
CONTINUOUS
100
AcDbLine
 10
147.614233999999982
 20
-76.9629410000000007
 30
0
 11
147.7320589999999925
 21
-77.080765999999997
 31
0
  0
LINE
  5
A8
330
22
100
AcDbEntity
  8
F.Mask
  6
CONTINUOUS
100
AcDbLine
 10
147.7320589999999925
 20
-77.080765999999997
 30
0
 11
147.8246330000000057
 21
-77.2193129999999996
 31
0
  0
LINE
  5
A9
330
22
100
AcDbEntity
  8
F.Mask
  6
CONTINUOUS
100
AcDbLine
 10
147.8246330000000057
 20
-77.2193129999999996
 30
0
 11
147.8883989999999926
 21
-77.3732579999999928
 31
0
  0
LINE
  5
AA
330
22
100
AcDbEntity
  8
F.Mask
  6
CONTINUOUS
100
AcDbLine
 10
147.8883989999999926
 20
-77.3732579999999928
 30
0
 11
147.9209069999999997
 21
-77.5366849999999914
 31
0
  0
LINE
  5
AB
330
22
100
AcDbEntity
  8
F.Mask
  6
CONTINUOUS
100
AcDbLine
 10
147.9209069999999997
 20
-77.5366849999999914
 30
0
 11
147.9209069999999997
 21
-77.7033150000000035
 31
0
  0
LINE
  5
AC
330
22
100
AcDbEntity
  8
F.Mask
  6
CONTINUOUS
100
AcDbLine
 10
147.9209069999999997
 20
-77.7033150000000035
 30
0
 11
147.8883989999999926
 21
-77.8667420000000021
 31
0
  0
LINE
  5
AD
330
22
100
AcDbEntity
  8
F.Mask
  6
CONTINUOUS
100
AcDbLine
 10
147.8883989999999926
 20
-77.8667420000000021
 30
0
 11
147.8246330000000057
 21
-78.0206869999999952
 31
0
  0
LINE
  5
AE
330
22
100
AcDbEntity
  8
F.Mask
  6
CONTINUOUS
100
AcDbLine
 10
147.8246330000000057
 20
-78.0206869999999952
 30
0
 11
147.7320589999999925
 21
-78.1592339999999979
 31
0
  0
LINE
  5
AF
330
22
100
AcDbEntity
  8
F.Mask
  6
CONTINUOUS
100
AcDbLine
 10
147.7320589999999925
 20
-78.1592339999999979
 30
0
 11
147.614233999999982
 21
-78.2770589999999942
 31
0
  0
LINE
  5
B0
330
22
100
AcDbEntity
  8
F.Mask
  6
CONTINUOUS
100
AcDbLine
 10
147.614233999999982
 20
-78.2770589999999942
 30
0
 11
147.4756869999999935
 21
-78.3696329999999932
 31
0
  0
LINE
  5
B1
330
22
100
AcDbEntity
  8
F.Mask
  6
CONTINUOUS
100
AcDbLine
 10
147.4756869999999935
 20
-78.3696329999999932
 30
0
 11
147.3217420000000004
 21
-78.4333989999999943
 31
0
  0
LINE
  5
B2
330
22
100
AcDbEntity
  8
F.Mask
  6
CONTINUOUS
100
AcDbLine
 10
147.3217420000000004
 20
-78.4333989999999943
 30
0
 11
147.1583149999999875
 21
-78.4659070000000014
 31
0
  0
LINE
  5
B3
330
22
100
AcDbEntity
  8
F.Mask
  6
CONTINUOUS
100
AcDbLine
 10
147.1583149999999875
 20
-78.4659070000000014
 30
0
 11
147.0749999999999886
 21
-78.4699999999999989
 31
0
  0
LINE
  5
B4
330
22
100
AcDbEntity
  8
F.Mask
  6
CONTINUOUS
100
AcDbLine
 10
147.0749999999999886
 20
-78.4699999999999989
 30
0
 11
145.1749999999999829
 21
-78.4699999999999989
 31
0
  0
LINE
  5
B5
330
22
100
AcDbEntity
  8
F.Mask
  6
CONTINUOUS
100
AcDbLine
 10
145.1749999999999829
 20
-78.4699999999999989
 30
0
 11
145.091684999999984
 21
-78.4659070000000014
 31
0
  0
LINE
  5
B6
330
22
100
AcDbEntity
  8
F.Mask
  6
CONTINUOUS
100
AcDbLine
 10
145.091684999999984
 20
-78.4659070000000014
 30
0
 11
144.9282579999999996
 21
-78.4333989999999943
 31
0
  0
LINE
  5
B7
330
22
100
AcDbEntity
  8
F.Mask
  6
CONTINUOUS
100
AcDbLine
 10
144.9282579999999996
 20
-78.4333989999999943
 30
0
 11
144.7743130000000065
 21
-78.3696329999999932
 31
0
  0
LINE
  5
B8
330
22
100
AcDbEntity
  8
F.Mask
  6
CONTINUOUS
100
AcDbLine
 10
144.7743130000000065
 20
-78.3696329999999932
 30
0
 11
144.6357659999999896
 21
-78.2770589999999942
 31
0
  0
LINE
  5
B9
330
22
100
AcDbEntity
  8
F.Mask
  6
CONTINUOUS
100
AcDbLine
 10
144.6357659999999896
 20
-78.2770589999999942
 30
0
 11
144.5179410000000075
 21
-78.1592339999999979
 31
0
  0
LINE
  5
BA
330
22
100
AcDbEntity
  8
F.Mask
  6
CONTINUOUS
100
AcDbLine
 10
144.5179410000000075
 20
-78.1592339999999979
 30
0
 11
144.4253669999999943
 21
-78.0206869999999952
 31
0
  0
LINE
  5
BB
330
22
100
AcDbEntity
  8
F.Mask
  6
CONTINUOUS
100
AcDbLine
 10
144.4253669999999943
 20
-78.0206869999999952
 30
0
 11
144.3616010000000074
 21
-77.8667420000000021
 31
0
  0
LINE
  5
BC
330
22
100
AcDbEntity
  8
F.Mask
  6
CONTINUOUS
100
AcDbLine
 10
144.3616010000000074
 20
-77.8667420000000021
 30
0
 11
144.3290930000000003
 21
-77.7033150000000035
 31
0
  0
LINE
  5
BD
330
22
100
AcDbEntity
  8
F.Mask
  6
CONTINUOUS
100
AcDbLine
 10
144.3290930000000003
 20
-77.7033150000000035
 30
0
 11
144.3290930000000003
 21
-77.5366849999999914
 31
0
  0
LINE
  5
BE
330
22
100
AcDbEntity
  8
F.Mask
  6
CONTINUOUS
100
AcDbLine
 10
144.3290930000000003
 20
-77.5366849999999914
 30
0
 11
144.3616010000000074
 21
-77.3732579999999928
 31
0
  0
LINE
  5
BF
330
22
100
AcDbEntity
  8
F.Mask
  6
CONTINUOUS
100
AcDbLine
 10
144.3616010000000074
 20
-77.3732579999999928
 30
0
 11
144.4253669999999943
 21
-77.2193129999999996
 31
0
  0
LINE
  5
C0
330
22
100
AcDbEntity
  8
F.Mask
  6
CONTINUOUS
100
AcDbLine
 10
144.4253669999999943
 20
-77.2193129999999996
 30
0
 11
144.5179410000000075
 21
-77.080765999999997
 31
0
  0
LINE
  5
C1
330
22
100
AcDbEntity
  8
F.Mask
  6
CONTINUOUS
100
AcDbLine
 10
144.5179410000000075
 20
-77.080765999999997
 30
0
 11
144.6357659999999896
 21
-76.9629410000000007
 31
0
  0
LINE
  5
C2
330
22
100
AcDbEntity
  8
F.Mask
  6
CONTINUOUS
100
AcDbLine
 10
144.6357659999999896
 20
-76.9629410000000007
 30
0
 11
144.7743130000000065
 21
-76.8703670000000017
 31
0
  0
LINE
  5
C3
330
22
100
AcDbEntity
  8
F.Mask
  6
CONTINUOUS
100
AcDbLine
 10
144.7743130000000065
 20
-76.8703670000000017
 30
0
 11
144.9282579999999996
 21
-76.8066010000000006
 31
0
  0
LINE
  5
C4
330
22
100
AcDbEntity
  8
F.Mask
  6
CONTINUOUS
100
AcDbLine
 10
144.9282579999999996
 20
-76.8066010000000006
 30
0
 11
145.091684999999984
 21
-76.7740929999999935
 31
0
  0
LINE
  5
C5
330
22
100
AcDbEntity
  8
F.Mask
  6
CONTINUOUS
100
AcDbLine
 10
145.091684999999984
 20
-76.7740929999999935
 30
0
 11
145.1749999999999829
 21
-76.769999999999996
 31
0
  0
LINE
  5
C6
330
22
100
AcDbEntity
  8
F.Mask
  6
CONTINUOUS
100
AcDbLine
 10
145.1749999999999829
 20
-76.769999999999996
 30
0
 11
147.0749999999999886
 21
-76.769999999999996
 31
0
  0
LINE
  5
C7
330
22
100
AcDbEntity
  8
F.Mask
  6
CONTINUOUS
100
AcDbLine
 10
147.0749999999999886
 20
-76.769999999999996
 30
0
 11
147.1583149999999875
 21
-76.7740929999999935
 31
0
  0
LINE
  5
C8
330
22
100
AcDbEntity
  8
F.Mask
  6
CONTINUOUS
100
AcDbLine
 10
119.5999999999999943
 20
-76.0999999999999943
 30
0
 11
116.3999999999999915
 21
-76.0999999999999943
 31
0
  0
LINE
  5
C9
330
22
100
AcDbEntity
  8
F.Mask
  6
CONTINUOUS
100
AcDbLine
 10
116.3999999999999915
 20
-76.0999999999999943
 30
0
 11
116.3999999999999915
 21
-74.0999999999999943
 31
0
  0
LINE
  5
CA
330
22
100
AcDbEntity
  8
F.Mask
  6
CONTINUOUS
100
AcDbLine
 10
116.3999999999999915
 20
-74.0999999999999943
 30
0
 11
119.5999999999999943
 21
-74.0999999999999943
 31
0
  0
LINE
  5
CB
330
22
100
AcDbEntity
  8
F.Mask
  6
CONTINUOUS
100
AcDbLine
 10
119.5999999999999943
 20
-74.0999999999999943
 30
0
 11
119.5999999999999943
 21
-76.0999999999999943
 31
0
  0
LINE
  5
CC
330
22
100
AcDbEntity
  8
F.Mask
  6
CONTINUOUS
100
AcDbLine
 10
129.9083149999999875
 20
-74.2340930000000014
 30
0
 11
130.0717420000000004
 21
-74.2666009999999943
 31
0
  0
LINE
  5
CD
330
22
100
AcDbEntity
  8
F.Mask
  6
CONTINUOUS
100
AcDbLine
 10
130.0717420000000004
 20
-74.2666009999999943
 30
0
 11
130.2256869999999935
 21
-74.3303669999999954
 31
0
  0
LINE
  5
CE
330
22
100
AcDbEntity
  8
F.Mask
  6
CONTINUOUS
100
AcDbLine
 10
130.2256869999999935
 20
-74.3303669999999954
 30
0
 11
130.364233999999982
 21
-74.4229409999999945
 31
0
  0
LINE
  5
CF
330
22
100
AcDbEntity
  8
F.Mask
  6
CONTINUOUS
100
AcDbLine
 10
130.364233999999982
 20
-74.4229409999999945
 30
0
 11
130.4820589999999925
 21
-74.5407659999999908
 31
0
  0
LINE
  5
D0
330
22
100
AcDbEntity
  8
F.Mask
  6
CONTINUOUS
100
AcDbLine
 10
130.4820589999999925
 20
-74.5407659999999908
 30
0
 11
130.5746330000000057
 21
-74.6793129999999934
 31
0
  0
LINE
  5
D1
330
22
100
AcDbEntity
  8
F.Mask
  6
CONTINUOUS
100
AcDbLine
 10
130.5746330000000057
 20
-74.6793129999999934
 30
0
 11
130.6383989999999926
 21
-74.8332580000000007
 31
0
  0
LINE
  5
D2
330
22
100
AcDbEntity
  8
F.Mask
  6
CONTINUOUS
100
AcDbLine
 10
130.6383989999999926
 20
-74.8332580000000007
 30
0
 11
130.6709069999999997
 21
-74.9966849999999994
 31
0
  0
LINE
  5
D3
330
22
100
AcDbEntity
  8
F.Mask
  6
CONTINUOUS
100
AcDbLine
 10
130.6709069999999997
 20
-74.9966849999999994
 30
0
 11
130.6709069999999997
 21
-75.1633149999999972
 31
0
  0
LINE
  5
D4
330
22
100
AcDbEntity
  8
F.Mask
  6
CONTINUOUS
100
AcDbLine
 10
130.6709069999999997
 20
-75.1633149999999972
 30
0
 11
130.6383989999999926
 21
-75.3267419999999959
 31
0
  0
LINE
  5
D5
330
22
100
AcDbEntity
  8
F.Mask
  6
CONTINUOUS
100
AcDbLine
 10
130.6383989999999926
 20
-75.3267419999999959
 30
0
 11
130.5746330000000057
 21
-75.4806870000000032
 31
0
  0
LINE
  5
D6
330
22
100
AcDbEntity
  8
F.Mask
  6
CONTINUOUS
100
AcDbLine
 10
130.5746330000000057
 20
-75.4806870000000032
 30
0
 11
130.4820589999999925
 21
-75.6192339999999916
 31
0
  0
LINE
  5
D7
330
22
100
AcDbEntity
  8
F.Mask
  6
CONTINUOUS
100
AcDbLine
 10
130.4820589999999925
 20
-75.6192339999999916
 30
0
 11
130.364233999999982
 21
-75.7370590000000021
 31
0
  0
LINE
  5
D8
330
22
100
AcDbEntity
  8
F.Mask
  6
CONTINUOUS
100
AcDbLine
 10
130.364233999999982
 20
-75.7370590000000021
 30
0
 11
130.2256869999999935
 21
-75.8296330000000012
 31
0
  0
LINE
  5
D9
330
22
100
AcDbEntity
  8
F.Mask
  6
CONTINUOUS
100
AcDbLine
 10
130.2256869999999935
 20
-75.8296330000000012
 30
0
 11
130.0717420000000004
 21
-75.8933990000000023
 31
0
  0
LINE
  5
DA
330
22
100
AcDbEntity
  8
F.Mask
  6
CONTINUOUS
100
AcDbLine
 10
130.0717420000000004
 20
-75.8933990000000023
 30
0
 11
129.9083149999999875
 21
-75.9259069999999952
 31
0
  0
LINE
  5
DB
330
22
100
AcDbEntity
  8
F.Mask
  6
CONTINUOUS
100
AcDbLine
 10
129.9083149999999875
 20
-75.9259069999999952
 30
0
 11
129.8249999999999886
 21
-75.9299999999999926
 31
0
  0
LINE
  5
DC
330
22
100
AcDbEntity
  8
F.Mask
  6
CONTINUOUS
100
AcDbLine
 10
129.8249999999999886
 20
-75.9299999999999926
 30
0
 11
127.9249999999999972
 21
-75.9299999999999926
 31
0
  0
LINE
  5
DD
330
22
100
AcDbEntity
  8
F.Mask
  6
CONTINUOUS
100
AcDbLine
 10
127.9249999999999972
 20
-75.9299999999999926
 30
0
 11
127.8416849999999982
 21
-75.9259069999999952
 31
0
  0
LINE
  5
DE
330
22
100
AcDbEntity
  8
F.Mask
  6
CONTINUOUS
100
AcDbLine
 10
127.8416849999999982
 20
-75.9259069999999952
 30
0
 11
127.6782579999999996
 21
-75.8933990000000023
 31
0
  0
LINE
  5
DF
330
22
100
AcDbEntity
  8
F.Mask
  6
CONTINUOUS
100
AcDbLine
 10
127.6782579999999996
 20
-75.8933990000000023
 30
0
 11
127.5243129999999923
 21
-75.8296330000000012
 31
0
  0
LINE
  5
E0
330
22
100
AcDbEntity
  8
F.Mask
  6
CONTINUOUS
100
AcDbLine
 10
127.5243129999999923
 20
-75.8296330000000012
 30
0
 11
127.3857659999999896
 21
-75.7370590000000021
 31
0
  0
LINE
  5
E1
330
22
100
AcDbEntity
  8
F.Mask
  6
CONTINUOUS
100
AcDbLine
 10
127.3857659999999896
 20
-75.7370590000000021
 30
0
 11
127.2679409999999933
 21
-75.6192339999999916
 31
0
  0
LINE
  5
E2
330
22
100
AcDbEntity
  8
F.Mask
  6
CONTINUOUS
100
AcDbLine
 10
127.2679409999999933
 20
-75.6192339999999916
 30
0
 11
127.1753669999999943
 21
-75.4806870000000032
 31
0
  0
LINE
  5
E3
330
22
100
AcDbEntity
  8
F.Mask
  6
CONTINUOUS
100
AcDbLine
 10
127.1753669999999943
 20
-75.4806870000000032
 30
0
 11
127.1116009999999932
 21
-75.3267419999999959
 31
0
  0
LINE
  5
E4
330
22
100
AcDbEntity
  8
F.Mask
  6
CONTINUOUS
100
AcDbLine
 10
127.1116009999999932
 20
-75.3267419999999959
 30
0
 11
127.0790930000000003
 21
-75.1633149999999972
 31
0
  0
LINE
  5
E5
330
22
100
AcDbEntity
  8
F.Mask
  6
CONTINUOUS
100
AcDbLine
 10
127.0790930000000003
 20
-75.1633149999999972
 30
0
 11
127.0790930000000003
 21
-74.9966849999999994
 31
0
  0
LINE
  5
E6
330
22
100
AcDbEntity
  8
F.Mask
  6
CONTINUOUS
100
AcDbLine
 10
127.0790930000000003
 20
-74.9966849999999994
 30
0
 11
127.1116009999999932
 21
-74.8332580000000007
 31
0
  0
LINE
  5
E7
330
22
100
AcDbEntity
  8
F.Mask
  6
CONTINUOUS
100
AcDbLine
 10
127.1116009999999932
 20
-74.8332580000000007
 30
0
 11
127.1753669999999943
 21
-74.6793129999999934
 31
0
  0
LINE
  5
E8
330
22
100
AcDbEntity
  8
F.Mask
  6
CONTINUOUS
100
AcDbLine
 10
127.1753669999999943
 20
-74.6793129999999934
 30
0
 11
127.2679409999999933
 21
-74.5407659999999908
 31
0
  0
LINE
  5
E9
330
22
100
AcDbEntity
  8
F.Mask
  6
CONTINUOUS
100
AcDbLine
 10
127.2679409999999933
 20
-74.5407659999999908
 30
0
 11
127.3857659999999896
 21
-74.4229409999999945
 31
0
  0
LINE
  5
EA
330
22
100
AcDbEntity
  8
F.Mask
  6
CONTINUOUS
100
AcDbLine
 10
127.3857659999999896
 20
-74.4229409999999945
 30
0
 11
127.5243129999999923
 21
-74.3303669999999954
 31
0
  0
LINE
  5
EB
330
22
100
AcDbEntity
  8
F.Mask
  6
CONTINUOUS
100
AcDbLine
 10
127.5243129999999923
 20
-74.3303669999999954
 30
0
 11
127.6782579999999996
 21
-74.2666009999999943
 31
0
  0
LINE
  5
EC
330
22
100
AcDbEntity
  8
F.Mask
  6
CONTINUOUS
100
AcDbLine
 10
127.6782579999999996
 20
-74.2666009999999943
 30
0
 11
127.8416849999999982
 21
-74.2340930000000014
 31
0
  0
LINE
  5
ED
330
22
100
AcDbEntity
  8
F.Mask
  6
CONTINUOUS
100
AcDbLine
 10
127.8416849999999982
 20
-74.2340930000000014
 30
0
 11
127.9249999999999972
 21
-74.2299999999999898
 31
0
  0
LINE
  5
EE
330
22
100
AcDbEntity
  8
F.Mask
  6
CONTINUOUS
100
AcDbLine
 10
127.9249999999999972
 20
-74.2299999999999898
 30
0
 11
129.8249999999999886
 21
-74.2299999999999898
 31
0
  0
LINE
  5
EF
330
22
100
AcDbEntity
  8
F.Mask
  6
CONTINUOUS
100
AcDbLine
 10
129.8249999999999886
 20
-74.2299999999999898
 30
0
 11
129.9083149999999875
 21
-74.2340930000000014
 31
0
  0
LINE
  5
F0
330
22
100
AcDbEntity
  8
F.Mask
  6
CONTINUOUS
100
AcDbLine
 10
147.1583149999999875
 20
-74.2340930000000014
 30
0
 11
147.3217420000000004
 21
-74.2666009999999943
 31
0
  0
LINE
  5
F1
330
22
100
AcDbEntity
  8
F.Mask
  6
CONTINUOUS
100
AcDbLine
 10
147.3217420000000004
 20
-74.2666009999999943
 30
0
 11
147.4756869999999935
 21
-74.3303669999999954
 31
0
  0
LINE
  5
F2
330
22
100
AcDbEntity
  8
F.Mask
  6
CONTINUOUS
100
AcDbLine
 10
147.4756869999999935
 20
-74.3303669999999954
 30
0
 11
147.614233999999982
 21
-74.4229409999999945
 31
0
  0
LINE
  5
F3
330
22
100
AcDbEntity
  8
F.Mask
  6
CONTINUOUS
100
AcDbLine
 10
147.614233999999982
 20
-74.4229409999999945
 30
0
 11
147.7320589999999925
 21
-74.5407659999999908
 31
0
  0
LINE
  5
F4
330
22
100
AcDbEntity
  8
F.Mask
  6
CONTINUOUS
100
AcDbLine
 10
147.7320589999999925
 20
-74.5407659999999908
 30
0
 11
147.8246330000000057
 21
-74.6793129999999934
 31
0
  0
LINE
  5
F5
330
22
100
AcDbEntity
  8
F.Mask
  6
CONTINUOUS
100
AcDbLine
 10
147.8246330000000057
 20
-74.6793129999999934
 30
0
 11
147.8883989999999926
 21
-74.8332580000000007
 31
0
  0
LINE
  5
F6
330
22
100
AcDbEntity
  8
F.Mask
  6
CONTINUOUS
100
AcDbLine
 10
147.8883989999999926
 20
-74.8332580000000007
 30
0
 11
147.9209069999999997
 21
-74.9966849999999994
 31
0
  0
LINE
  5
F7
330
22
100
AcDbEntity
  8
F.Mask
  6
CONTINUOUS
100
AcDbLine
 10
147.9209069999999997
 20
-74.9966849999999994
 30
0
 11
147.9209069999999997
 21
-75.1633149999999972
 31
0
  0
LINE
  5
F8
330
22
100
AcDbEntity
  8
F.Mask
  6
CONTINUOUS
100
AcDbLine
 10
147.9209069999999997
 20
-75.1633149999999972
 30
0
 11
147.8883989999999926
 21
-75.3267419999999959
 31
0
  0
LINE
  5
F9
330
22
100
AcDbEntity
  8
F.Mask
  6
CONTINUOUS
100
AcDbLine
 10
147.8883989999999926
 20
-75.3267419999999959
 30
0
 11
147.8246330000000057
 21
-75.4806870000000032
 31
0
  0
LINE
  5
FA
330
22
100
AcDbEntity
  8
F.Mask
  6
CONTINUOUS
100
AcDbLine
 10
147.8246330000000057
 20
-75.4806870000000032
 30
0
 11
147.7320589999999925
 21
-75.6192339999999916
 31
0
  0
LINE
  5
FB
330
22
100
AcDbEntity
  8
F.Mask
  6
CONTINUOUS
100
AcDbLine
 10
147.7320589999999925
 20
-75.6192339999999916
 30
0
 11
147.614233999999982
 21
-75.7370590000000021
 31
0
  0
LINE
  5
FC
330
22
100
AcDbEntity
  8
F.Mask
  6
CONTINUOUS
100
AcDbLine
 10
147.614233999999982
 20
-75.7370590000000021
 30
0
 11
147.4756869999999935
 21
-75.8296330000000012
 31
0
  0
LINE
  5
FD
330
22
100
AcDbEntity
  8
F.Mask
  6
CONTINUOUS
100
AcDbLine
 10
147.4756869999999935
 20
-75.8296330000000012
 30
0
 11
147.3217420000000004
 21
-75.8933990000000023
 31
0
  0
LINE
  5
FE
330
22
100
AcDbEntity
  8
F.Mask
  6
CONTINUOUS
100
AcDbLine
 10
147.3217420000000004
 20
-75.8933990000000023
 30
0
 11
147.1583149999999875
 21
-75.9259069999999952
 31
0
  0
LINE
  5
FF
330
22
100
AcDbEntity
  8
F.Mask
  6
CONTINUOUS
100
AcDbLine
 10
147.1583149999999875
 20
-75.9259069999999952
 30
0
 11
147.0749999999999886
 21
-75.9299999999999926
 31
0
  0
LINE
  5
100
330
22
100
AcDbEntity
  8
F.Mask
  6
CONTINUOUS
100
AcDbLine
 10
147.0749999999999886
 20
-75.9299999999999926
 30
0
 11
145.1749999999999829
 21
-75.9299999999999926
 31
0
  0
LINE
  5
101
330
22
100
AcDbEntity
  8
F.Mask
  6
CONTINUOUS
100
AcDbLine
 10
145.1749999999999829
 20
-75.9299999999999926
 30
0
 11
145.091684999999984
 21
-75.9259069999999952
 31
0
  0
LINE
  5
102
330
22
100
AcDbEntity
  8
F.Mask
  6
CONTINUOUS
100
AcDbLine
 10
145.091684999999984
 20
-75.9259069999999952
 30
0
 11
144.9282579999999996
 21
-75.8933990000000023
 31
0
  0
LINE
  5
103
330
22
100
AcDbEntity
  8
F.Mask
  6
CONTINUOUS
100
AcDbLine
 10
144.9282579999999996
 20
-75.8933990000000023
 30
0
 11
144.7743130000000065
 21
-75.8296330000000012
 31
0
  0
LINE
  5
104
330
22
100
AcDbEntity
  8
F.Mask
  6
CONTINUOUS
100
AcDbLine
 10
144.7743130000000065
 20
-75.8296330000000012
 30
0
 11
144.6357659999999896
 21
-75.7370590000000021
 31
0
  0
LINE
  5
105
330
22
100
AcDbEntity
  8
F.Mask
  6
CONTINUOUS
100
AcDbLine
 10
144.6357659999999896
 20
-75.7370590000000021
 30
0
 11
144.5179410000000075
 21
-75.6192339999999916
 31
0
  0
LINE
  5
106
330
22
100
AcDbEntity
  8
F.Mask
  6
CONTINUOUS
100
AcDbLine
 10
144.5179410000000075
 20
-75.6192339999999916
 30
0
 11
144.4253669999999943
 21
-75.4806870000000032
 31
0
  0
LINE
  5
107
330
22
100
AcDbEntity
  8
F.Mask
  6
CONTINUOUS
100
AcDbLine
 10
144.4253669999999943
 20
-75.4806870000000032
 30
0
 11
144.3616010000000074
 21
-75.3267419999999959
 31
0
  0
LINE
  5
108
330
22
100
AcDbEntity
  8
F.Mask
  6
CONTINUOUS
100
AcDbLine
 10
144.3616010000000074
 20
-75.3267419999999959
 30
0
 11
144.3290930000000003
 21
-75.1633149999999972
 31
0
  0
LINE
  5
109
330
22
100
AcDbEntity
  8
F.Mask
  6
CONTINUOUS
100
AcDbLine
 10
144.3290930000000003
 20
-75.1633149999999972
 30
0
 11
144.3290930000000003
 21
-74.9966849999999994
 31
0
  0
LINE
  5
10A
330
22
100
AcDbEntity
  8
F.Mask
  6
CONTINUOUS
100
AcDbLine
 10
144.3290930000000003
 20
-74.9966849999999994
 30
0
 11
144.3616010000000074
 21
-74.8332580000000007
 31
0
  0
LINE
  5
10B
330
22
100
AcDbEntity
  8
F.Mask
  6
CONTINUOUS
100
AcDbLine
 10
144.3616010000000074
 20
-74.8332580000000007
 30
0
 11
144.4253669999999943
 21
-74.6793129999999934
 31
0
  0
LINE
  5
10C
330
22
100
AcDbEntity
  8
F.Mask
  6
CONTINUOUS
100
AcDbLine
 10
144.4253669999999943
 20
-74.6793129999999934
 30
0
 11
144.5179410000000075
 21
-74.5407659999999908
 31
0
  0
LINE
  5
10D
330
22
100
AcDbEntity
  8
F.Mask
  6
CONTINUOUS
100
AcDbLine
 10
144.5179410000000075
 20
-74.5407659999999908
 30
0
 11
144.6357659999999896
 21
-74.4229409999999945
 31
0
  0
LINE
  5
10E
330
22
100
AcDbEntity
  8
F.Mask
  6
CONTINUOUS
100
AcDbLine
 10
144.6357659999999896
 20
-74.4229409999999945
 30
0
 11
144.7743130000000065
 21
-74.3303669999999954
 31
0
  0
LINE
  5
10F
330
22
100
AcDbEntity
  8
F.Mask
  6
CONTINUOUS
100
AcDbLine
 10
144.7743130000000065
 20
-74.3303669999999954
 30
0
 11
144.9282579999999996
 21
-74.2666009999999943
 31
0
  0
LINE
  5
110
330
22
100
AcDbEntity
  8
F.Mask
  6
CONTINUOUS
100
AcDbLine
 10
144.9282579999999996
 20
-74.2666009999999943
 30
0
 11
145.091684999999984
 21
-74.2340930000000014
 31
0
  0
LINE
  5
111
330
22
100
AcDbEntity
  8
F.Mask
  6
CONTINUOUS
100
AcDbLine
 10
145.091684999999984
 20
-74.2340930000000014
 30
0
 11
145.1749999999999829
 21
-74.2299999999999898
 31
0
  0
LINE
  5
112
330
22
100
AcDbEntity
  8
F.Mask
  6
CONTINUOUS
100
AcDbLine
 10
145.1749999999999829
 20
-74.2299999999999898
 30
0
 11
147.0749999999999886
 21
-74.2299999999999898
 31
0
  0
LINE
  5
113
330
22
100
AcDbEntity
  8
F.Mask
  6
CONTINUOUS
100
AcDbLine
 10
147.0749999999999886
 20
-74.2299999999999898
 30
0
 11
147.1583149999999875
 21
-74.2340930000000014
 31
0
  0
LINE
  5
114
330
22
100
AcDbEntity
  8
F.Mask
  6
CONTINUOUS
100
AcDbLine
 10
129.9083149999999875
 20
-71.6940929999999952
 30
0
 11
130.0717420000000004
 21
-71.7266010000000023
 31
0
  0
LINE
  5
115
330
22
100
AcDbEntity
  8
F.Mask
  6
CONTINUOUS
100
AcDbLine
 10
130.0717420000000004
 20
-71.7266010000000023
 30
0
 11
130.2256869999999935
 21
-71.7903670000000034
 31
0
  0
LINE
  5
116
330
22
100
AcDbEntity
  8
F.Mask
  6
CONTINUOUS
100
AcDbLine
 10
130.2256869999999935
 20
-71.7903670000000034
 30
0
 11
130.364233999999982
 21
-71.8829410000000024
 31
0
  0
LINE
  5
117
330
22
100
AcDbEntity
  8
F.Mask
  6
CONTINUOUS
100
AcDbLine
 10
130.364233999999982
 20
-71.8829410000000024
 30
0
 11
130.4820589999999925
 21
-72.0007659999999987
 31
0
  0
LINE
  5
118
330
22
100
AcDbEntity
  8
F.Mask
  6
CONTINUOUS
100
AcDbLine
 10
130.4820589999999925
 20
-72.0007659999999987
 30
0
 11
130.5746330000000057
 21
-72.1393130000000014
 31
0
  0
LINE
  5
119
330
22
100
AcDbEntity
  8
F.Mask
  6
CONTINUOUS
100
AcDbLine
 10
130.5746330000000057
 20
-72.1393130000000014
 30
0
 11
130.6383989999999926
 21
-72.2932579999999945
 31
0
  0
LINE
  5
11A
330
22
100
AcDbEntity
  8
F.Mask
  6
CONTINUOUS
100
AcDbLine
 10
130.6383989999999926
 20
-72.2932579999999945
 30
0
 11
130.6709069999999997
 21
-72.4566849999999931
 31
0
  0
LINE
  5
11B
330
22
100
AcDbEntity
  8
F.Mask
  6
CONTINUOUS
100
AcDbLine
 10
130.6709069999999997
 20
-72.4566849999999931
 30
0
 11
130.6709069999999997
 21
-72.623314999999991
 31
0
  0
LINE
  5
11C
330
22
100
AcDbEntity
  8
F.Mask
  6
CONTINUOUS
100
AcDbLine
 10
130.6709069999999997
 20
-72.623314999999991
 30
0
 11
130.6383989999999926
 21
-72.7867419999999896
 31
0
  0
LINE
  5
11D
330
22
100
AcDbEntity
  8
F.Mask
  6
CONTINUOUS
100
AcDbLine
 10
130.6383989999999926
 20
-72.7867419999999896
 30
0
 11
130.5746330000000057
 21
-72.9406869999999969
 31
0
  0
LINE
  5
11E
330
22
100
AcDbEntity
  8
F.Mask
  6
CONTINUOUS
100
AcDbLine
 10
130.5746330000000057
 20
-72.9406869999999969
 30
0
 11
130.4820589999999925
 21
-73.0792339999999996
 31
0
  0
LINE
  5
11F
330
22
100
AcDbEntity
  8
F.Mask
  6
CONTINUOUS
100
AcDbLine
 10
130.4820589999999925
 20
-73.0792339999999996
 30
0
 11
130.364233999999982
 21
-73.1970589999999959
 31
0
  0
LINE
  5
120
330
22
100
AcDbEntity
  8
F.Mask
  6
CONTINUOUS
100
AcDbLine
 10
130.364233999999982
 20
-73.1970589999999959
 30
0
 11
130.2256869999999935
 21
-73.2896329999999949
 31
0
  0
LINE
  5
121
330
22
100
AcDbEntity
  8
F.Mask
  6
CONTINUOUS
100
AcDbLine
 10
130.2256869999999935
 20
-73.2896329999999949
 30
0
 11
130.0717420000000004
 21
-73.353398999999996
 31
0
  0
LINE
  5
122
330
22
100
AcDbEntity
  8
F.Mask
  6
CONTINUOUS
100
AcDbLine
 10
130.0717420000000004
 20
-73.353398999999996
 30
0
 11
129.9083149999999875
 21
-73.3859070000000031
 31
0
  0
LINE
  5
123
330
22
100
AcDbEntity
  8
F.Mask
  6
CONTINUOUS
100
AcDbLine
 10
129.9083149999999875
 20
-73.3859070000000031
 30
0
 11
129.8249999999999886
 21
-73.3900000000000006
 31
0
  0
LINE
  5
124
330
22
100
AcDbEntity
  8
F.Mask
  6
CONTINUOUS
100
AcDbLine
 10
129.8249999999999886
 20
-73.3900000000000006
 30
0
 11
127.9249999999999972
 21
-73.3900000000000006
 31
0
  0
LINE
  5
125
330
22
100
AcDbEntity
  8
F.Mask
  6
CONTINUOUS
100
AcDbLine
 10
127.9249999999999972
 20
-73.3900000000000006
 30
0
 11
127.8416849999999982
 21
-73.3859070000000031
 31
0
  0
LINE
  5
126
330
22
100
AcDbEntity
  8
F.Mask
  6
CONTINUOUS
100
AcDbLine
 10
127.8416849999999982
 20
-73.3859070000000031
 30
0
 11
127.6782579999999996
 21
-73.353398999999996
 31
0
  0
LINE
  5
127
330
22
100
AcDbEntity
  8
F.Mask
  6
CONTINUOUS
100
AcDbLine
 10
127.6782579999999996
 20
-73.353398999999996
 30
0
 11
127.5243129999999923
 21
-73.2896329999999949
 31
0
  0
LINE
  5
128
330
22
100
AcDbEntity
  8
F.Mask
  6
CONTINUOUS
100
AcDbLine
 10
127.5243129999999923
 20
-73.2896329999999949
 30
0
 11
127.3857659999999896
 21
-73.1970589999999959
 31
0
  0
LINE
  5
129
330
22
100
AcDbEntity
  8
F.Mask
  6
CONTINUOUS
100
AcDbLine
 10
127.3857659999999896
 20
-73.1970589999999959
 30
0
 11
127.2679409999999933
 21
-73.0792339999999996
 31
0
  0
LINE
  5
12A
330
22
100
AcDbEntity
  8
F.Mask
  6
CONTINUOUS
100
AcDbLine
 10
127.2679409999999933
 20
-73.0792339999999996
 30
0
 11
127.1753669999999943
 21
-72.9406869999999969
 31
0
  0
LINE
  5
12B
330
22
100
AcDbEntity
  8
F.Mask
  6
CONTINUOUS
100
AcDbLine
 10
127.1753669999999943
 20
-72.9406869999999969
 30
0
 11
127.1116009999999932
 21
-72.7867419999999896
 31
0
  0
LINE
  5
12C
330
22
100
AcDbEntity
  8
F.Mask
  6
CONTINUOUS
100
AcDbLine
 10
127.1116009999999932
 20
-72.7867419999999896
 30
0
 11
127.0790930000000003
 21
-72.623314999999991
 31
0
  0
LINE
  5
12D
330
22
100
AcDbEntity
  8
F.Mask
  6
CONTINUOUS
100
AcDbLine
 10
127.0790930000000003
 20
-72.623314999999991
 30
0
 11
127.0790930000000003
 21
-72.4566849999999931
 31
0
  0
LINE
  5
12E
330
22
100
AcDbEntity
  8
F.Mask
  6
CONTINUOUS
100
AcDbLine
 10
127.0790930000000003
 20
-72.4566849999999931
 30
0
 11
127.1116009999999932
 21
-72.2932579999999945
 31
0
  0
LINE
  5
12F
330
22
100
AcDbEntity
  8
F.Mask
  6
CONTINUOUS
100
AcDbLine
 10
127.1116009999999932
 20
-72.2932579999999945
 30
0
 11
127.1753669999999943
 21
-72.1393130000000014
 31
0
  0
LINE
  5
130
330
22
100
AcDbEntity
  8
F.Mask
  6
CONTINUOUS
100
AcDbLine
 10
127.1753669999999943
 20
-72.1393130000000014
 30
0
 11
127.2679409999999933
 21
-72.0007659999999987
 31
0
  0
LINE
  5
131
330
22
100
AcDbEntity
  8
F.Mask
  6
CONTINUOUS
100
AcDbLine
 10
127.2679409999999933
 20
-72.0007659999999987
 30
0
 11
127.3857659999999896
 21
-71.8829410000000024
 31
0
  0
LINE
  5
132
330
22
100
AcDbEntity
  8
F.Mask
  6
CONTINUOUS
100
AcDbLine
 10
127.3857659999999896
 20
-71.8829410000000024
 30
0
 11
127.5243129999999923
 21
-71.7903670000000034
 31
0
  0
LINE
  5
133
330
22
100
AcDbEntity
  8
F.Mask
  6
CONTINUOUS
100
AcDbLine
 10
127.5243129999999923
 20
-71.7903670000000034
 30
0
 11
127.6782579999999996
 21
-71.7266010000000023
 31
0
  0
LINE
  5
134
330
22
100
AcDbEntity
  8
F.Mask
  6
CONTINUOUS
100
AcDbLine
 10
127.6782579999999996
 20
-71.7266010000000023
 30
0
 11
127.8416849999999982
 21
-71.6940929999999952
 31
0
  0
LINE
  5
135
330
22
100
AcDbEntity
  8
F.Mask
  6
CONTINUOUS
100
AcDbLine
 10
127.8416849999999982
 20
-71.6940929999999952
 30
0
 11
127.9249999999999972
 21
-71.6899999999999977
 31
0
  0
LINE
  5
136
330
22
100
AcDbEntity
  8
F.Mask
  6
CONTINUOUS
100
AcDbLine
 10
127.9249999999999972
 20
-71.6899999999999977
 30
0
 11
129.8249999999999886
 21
-71.6899999999999977
 31
0
  0
LINE
  5
137
330
22
100
AcDbEntity
  8
F.Mask
  6
CONTINUOUS
100
AcDbLine
 10
129.8249999999999886
 20
-71.6899999999999977
 30
0
 11
129.9083149999999875
 21
-71.6940929999999952
 31
0
  0
LINE
  5
138
330
22
100
AcDbEntity
  8
F.Mask
  6
CONTINUOUS
100
AcDbLine
 10
147.1583149999999875
 20
-71.6940929999999952
 30
0
 11
147.3217420000000004
 21
-71.7266010000000023
 31
0
  0
LINE
  5
139
330
22
100
AcDbEntity
  8
F.Mask
  6
CONTINUOUS
100
AcDbLine
 10
147.3217420000000004
 20
-71.7266010000000023
 30
0
 11
147.4756869999999935
 21
-71.7903670000000034
 31
0
  0
LINE
  5
13A
330
22
100
AcDbEntity
  8
F.Mask
  6
CONTINUOUS
100
AcDbLine
 10
147.4756869999999935
 20
-71.7903670000000034
 30
0
 11
147.614233999999982
 21
-71.8829410000000024
 31
0
  0
LINE
  5
13B
330
22
100
AcDbEntity
  8
F.Mask
  6
CONTINUOUS
100
AcDbLine
 10
147.614233999999982
 20
-71.8829410000000024
 30
0
 11
147.7320589999999925
 21
-72.0007659999999987
 31
0
  0
LINE
  5
13C
330
22
100
AcDbEntity
  8
F.Mask
  6
CONTINUOUS
100
AcDbLine
 10
147.7320589999999925
 20
-72.0007659999999987
 30
0
 11
147.8246330000000057
 21
-72.1393130000000014
 31
0
  0
LINE
  5
13D
330
22
100
AcDbEntity
  8
F.Mask
  6
CONTINUOUS
100
AcDbLine
 10
147.8246330000000057
 20
-72.1393130000000014
 30
0
 11
147.8883989999999926
 21
-72.2932579999999945
 31
0
  0
LINE
  5
13E
330
22
100
AcDbEntity
  8
F.Mask
  6
CONTINUOUS
100
AcDbLine
 10
147.8883989999999926
 20
-72.2932579999999945
 30
0
 11
147.9209069999999997
 21
-72.4566849999999931
 31
0
  0
LINE
  5
13F
330
22
100
AcDbEntity
  8
F.Mask
  6
CONTINUOUS
100
AcDbLine
 10
147.9209069999999997
 20
-72.4566849999999931
 30
0
 11
147.9209069999999997
 21
-72.623314999999991
 31
0
  0
LINE
  5
140
330
22
100
AcDbEntity
  8
F.Mask
  6
CONTINUOUS
100
AcDbLine
 10
147.9209069999999997
 20
-72.623314999999991
 30
0
 11
147.8883989999999926
 21
-72.7867419999999896
 31
0
  0
LINE
  5
141
330
22
100
AcDbEntity
  8
F.Mask
  6
CONTINUOUS
100
AcDbLine
 10
147.8883989999999926
 20
-72.7867419999999896
 30
0
 11
147.8246330000000057
 21
-72.9406869999999969
 31
0
  0
LINE
  5
142
330
22
100
AcDbEntity
  8
F.Mask
  6
CONTINUOUS
100
AcDbLine
 10
147.8246330000000057
 20
-72.9406869999999969
 30
0
 11
147.7320589999999925
 21
-73.0792339999999996
 31
0
  0
LINE
  5
143
330
22
100
AcDbEntity
  8
F.Mask
  6
CONTINUOUS
100
AcDbLine
 10
147.7320589999999925
 20
-73.0792339999999996
 30
0
 11
147.614233999999982
 21
-73.1970589999999959
 31
0
  0
LINE
  5
144
330
22
100
AcDbEntity
  8
F.Mask
  6
CONTINUOUS
100
AcDbLine
 10
147.614233999999982
 20
-73.1970589999999959
 30
0
 11
147.4756869999999935
 21
-73.2896329999999949
 31
0
  0
LINE
  5
145
330
22
100
AcDbEntity
  8
F.Mask
  6
CONTINUOUS
100
AcDbLine
 10
147.4756869999999935
 20
-73.2896329999999949
 30
0
 11
147.3217420000000004
 21
-73.353398999999996
 31
0
  0
LINE
  5
146
330
22
100
AcDbEntity
  8
F.Mask
  6
CONTINUOUS
100
AcDbLine
 10
147.3217420000000004
 20
-73.353398999999996
 30
0
 11
147.1583149999999875
 21
-73.3859070000000031
 31
0
  0
LINE
  5
147
330
22
100
AcDbEntity
  8
F.Mask
  6
CONTINUOUS
100
AcDbLine
 10
147.1583149999999875
 20
-73.3859070000000031
 30
0
 11
147.0749999999999886
 21
-73.3900000000000006
 31
0
  0
LINE
  5
148
330
22
100
AcDbEntity
  8
F.Mask
  6
CONTINUOUS
100
AcDbLine
 10
147.0749999999999886
 20
-73.3900000000000006
 30
0
 11
145.1749999999999829
 21
-73.3900000000000006
 31
0
  0
LINE
  5
149
330
22
100
AcDbEntity
  8
F.Mask
  6
CONTINUOUS
100
AcDbLine
 10
145.1749999999999829
 20
-73.3900000000000006
 30
0
 11
145.091684999999984
 21
-73.3859070000000031
 31
0
  0
LINE
  5
14A
330
22
100
AcDbEntity
  8
F.Mask
  6
CONTINUOUS
100
AcDbLine
 10
145.091684999999984
 20
-73.3859070000000031
 30
0
 11
144.9282579999999996
 21
-73.353398999999996
 31
0
  0
LINE
  5
14B
330
22
100
AcDbEntity
  8
F.Mask
  6
CONTINUOUS
100
AcDbLine
 10
144.9282579999999996
 20
-73.353398999999996
 30
0
 11
144.7743130000000065
 21
-73.2896329999999949
 31
0
  0
LINE
  5
14C
330
22
100
AcDbEntity
  8
F.Mask
  6
CONTINUOUS
100
AcDbLine
 10
144.7743130000000065
 20
-73.2896329999999949
 30
0
 11
144.6357659999999896
 21
-73.1970589999999959
 31
0
  0
LINE
  5
14D
330
22
100
AcDbEntity
  8
F.Mask
  6
CONTINUOUS
100
AcDbLine
 10
144.6357659999999896
 20
-73.1970589999999959
 30
0
 11
144.5179410000000075
 21
-73.0792339999999996
 31
0
  0
LINE
  5
14E
330
22
100
AcDbEntity
  8
F.Mask
  6
CONTINUOUS
100
AcDbLine
 10
144.5179410000000075
 20
-73.0792339999999996
 30
0
 11
144.4253669999999943
 21
-72.9406869999999969
 31
0
  0
LINE
  5
14F
330
22
100
AcDbEntity
  8
F.Mask
  6
CONTINUOUS
100
AcDbLine
 10
144.4253669999999943
 20
-72.9406869999999969
 30
0
 11
144.3616010000000074
 21
-72.7867419999999896
 31
0
  0
LINE
  5
150
330
22
100
AcDbEntity
  8
F.Mask
  6
CONTINUOUS
100
AcDbLine
 10
144.3616010000000074
 20
-72.7867419999999896
 30
0
 11
144.3290930000000003
 21
-72.623314999999991
 31
0
  0
LINE
  5
151
330
22
100
AcDbEntity
  8
F.Mask
  6
CONTINUOUS
100
AcDbLine
 10
144.3290930000000003
 20
-72.623314999999991
 30
0
 11
144.3290930000000003
 21
-72.4566849999999931
 31
0
  0
LINE
  5
152
330
22
100
AcDbEntity
  8
F.Mask
  6
CONTINUOUS
100
AcDbLine
 10
144.3290930000000003
 20
-72.4566849999999931
 30
0
 11
144.3616010000000074
 21
-72.2932579999999945
 31
0
  0
LINE
  5
153
330
22
100
AcDbEntity
  8
F.Mask
  6
CONTINUOUS
100
AcDbLine
 10
144.3616010000000074
 20
-72.2932579999999945
 30
0
 11
144.4253669999999943
 21
-72.1393130000000014
 31
0
  0
LINE
  5
154
330
22
100
AcDbEntity
  8
F.Mask
  6
CONTINUOUS
100
AcDbLine
 10
144.4253669999999943
 20
-72.1393130000000014
 30
0
 11
144.5179410000000075
 21
-72.0007659999999987
 31
0
  0
LINE
  5
155
330
22
100
AcDbEntity
  8
F.Mask
  6
CONTINUOUS
100
AcDbLine
 10
144.5179410000000075
 20
-72.0007659999999987
 30
0
 11
144.6357659999999896
 21
-71.8829410000000024
 31
0
  0
LINE
  5
156
330
22
100
AcDbEntity
  8
F.Mask
  6
CONTINUOUS
100
AcDbLine
 10
144.6357659999999896
 20
-71.8829410000000024
 30
0
 11
144.7743130000000065
 21
-71.7903670000000034
 31
0
  0
LINE
  5
157
330
22
100
AcDbEntity
  8
F.Mask
  6
CONTINUOUS
100
AcDbLine
 10
144.7743130000000065
 20
-71.7903670000000034
 30
0
 11
144.9282579999999996
 21
-71.7266010000000023
 31
0
  0
LINE
  5
158
330
22
100
AcDbEntity
  8
F.Mask
  6
CONTINUOUS
100
AcDbLine
 10
144.9282579999999996
 20
-71.7266010000000023
 30
0
 11
145.091684999999984
 21
-71.6940929999999952
 31
0
  0
LINE
  5
159
330
22
100
AcDbEntity
  8
F.Mask
  6
CONTINUOUS
100
AcDbLine
 10
145.091684999999984
 20
-71.6940929999999952
 30
0
 11
145.1749999999999829
 21
-71.6899999999999977
 31
0
  0
LINE
  5
15A
330
22
100
AcDbEntity
  8
F.Mask
  6
CONTINUOUS
100
AcDbLine
 10
145.1749999999999829
 20
-71.6899999999999977
 30
0
 11
147.0749999999999886
 21
-71.6899999999999977
 31
0
  0
LINE
  5
15B
330
22
100
AcDbEntity
  8
F.Mask
  6
CONTINUOUS
100
AcDbLine
 10
147.0749999999999886
 20
-71.6899999999999977
 30
0
 11
147.1583149999999875
 21
-71.6940929999999952
 31
0
  0
LINE
  5
15C
330
22
100
AcDbEntity
  8
F.Mask
  6
CONTINUOUS
100
AcDbLine
 10
98.8501809999999921
 20
-69.2184290000000004
 30
0
 11
99.1028790000000015
 21
-69.2861400000000032
 31
0
  0
LINE
  5
15D
330
22
100
AcDbEntity
  8
F.Mask
  6
CONTINUOUS
100
AcDbLine
 10
99.1028790000000015
 20
-69.2861400000000032
 30
0
 11
99.344577000000001
 21
-69.3862549999999914
 31
0
  0
LINE
  5
15E
330
22
100
AcDbEntity
  8
F.Mask
  6
CONTINUOUS
100
AcDbLine
 10
99.344577000000001
 20
-69.3862549999999914
 30
0
 11
99.5711399999999998
 21
-69.5170609999999982
 31
0
  0
LINE
  5
15F
330
22
100
AcDbEntity
  8
F.Mask
  6
CONTINUOUS
100
AcDbLine
 10
99.5711399999999998
 20
-69.5170609999999982
 30
0
 11
99.7786919999999924
 21
-69.6763199999999898
 31
0
  0
LINE
  5
160
330
22
100
AcDbEntity
  8
F.Mask
  6
CONTINUOUS
100
AcDbLine
 10
99.7786919999999924
 20
-69.6763199999999898
 30
0
 11
99.9636799999999965
 21
-69.861307999999994
 31
0
  0
LINE
  5
161
330
22
100
AcDbEntity
  8
F.Mask
  6
CONTINUOUS
100
AcDbLine
 10
99.9636799999999965
 20
-69.861307999999994
 30
0
 11
100.1229390000000024
 21
-70.0688600000000008
 31
0
  0
LINE
  5
162
330
22
100
AcDbEntity
  8
F.Mask
  6
CONTINUOUS
100
AcDbLine
 10
100.1229390000000024
 20
-70.0688600000000008
 30
0
 11
100.253744999999995
 21
-70.2954229999999995
 31
0
  0
LINE
  5
163
330
22
100
AcDbEntity
  8
F.Mask
  6
CONTINUOUS
100
AcDbLine
 10
100.253744999999995
 20
-70.2954229999999995
 30
0
 11
100.3538599999999974
 21
-70.5371209999999991
 31
0
  0
LINE
  5
164
330
22
100
AcDbEntity
  8
F.Mask
  6
CONTINUOUS
100
AcDbLine
 10
100.3538599999999974
 20
-70.5371209999999991
 30
0
 11
100.4215710000000001
 21
-70.7898189999999943
 31
0
  0
LINE
  5
165
330
22
100
AcDbEntity
  8
F.Mask
  6
CONTINUOUS
100
AcDbLine
 10
100.4215710000000001
 20
-70.7898189999999943
 30
0
 11
100.4557179999999903
 21
-71.049194
 31
0
  0
LINE
  5
166
330
22
100
AcDbEntity
  8
F.Mask
  6
CONTINUOUS
100
AcDbLine
 10
100.4557179999999903
 20
-71.049194
 30
0
 11
100.4557179999999903
 21
-71.3108059999999995
 31
0
  0
LINE
  5
167
330
22
100
AcDbEntity
  8
F.Mask
  6
CONTINUOUS
100
AcDbLine
 10
100.4557179999999903
 20
-71.3108059999999995
 30
0
 11
100.4215710000000001
 21
-71.5701809999999909
 31
0
  0
LINE
  5
168
330
22
100
AcDbEntity
  8
F.Mask
  6
CONTINUOUS
100
AcDbLine
 10
100.4215710000000001
 20
-71.5701809999999909
 30
0
 11
100.3538599999999974
 21
-71.8228790000000004
 31
0
  0
LINE
  5
169
330
22
100
AcDbEntity
  8
F.Mask
  6
CONTINUOUS
100
AcDbLine
 10
100.3538599999999974
 20
-71.8228790000000004
 30
0
 11
100.253744999999995
 21
-72.0645769999999999
 31
0
  0
LINE
  5
16A
330
22
100
AcDbEntity
  8
F.Mask
  6
CONTINUOUS
100
AcDbLine
 10
100.253744999999995
 20
-72.0645769999999999
 30
0
 11
100.1229390000000024
 21
-72.2911399999999986
 31
0
  0
LINE
  5
16B
330
22
100
AcDbEntity
  8
F.Mask
  6
CONTINUOUS
100
AcDbLine
 10
100.1229390000000024
 20
-72.2911399999999986
 30
0
 11
99.9636799999999965
 21
-72.4986919999999913
 31
0
  0
LINE
  5
16C
330
22
100
AcDbEntity
  8
F.Mask
  6
CONTINUOUS
100
AcDbLine
 10
99.9636799999999965
 20
-72.4986919999999913
 30
0
 11
99.7786919999999924
 21
-72.6836799999999954
 31
0
  0
LINE
  5
16D
330
22
100
AcDbEntity
  8
F.Mask
  6
CONTINUOUS
100
AcDbLine
 10
99.7786919999999924
 20
-72.6836799999999954
 30
0
 11
99.5711399999999998
 21
-72.8429390000000012
 31
0
  0
LINE
  5
16E
330
22
100
AcDbEntity
  8
F.Mask
  6
CONTINUOUS
100
AcDbLine
 10
99.5711399999999998
 20
-72.8429390000000012
 30
0
 11
99.344577000000001
 21
-72.9737449999999939
 31
0
  0
LINE
  5
16F
330
22
100
AcDbEntity
  8
F.Mask
  6
CONTINUOUS
100
AcDbLine
 10
99.344577000000001
 20
-72.9737449999999939
 30
0
 11
99.1028790000000015
 21
-73.0738599999999963
 31
0
  0
LINE
  5
170
330
22
100
AcDbEntity
  8
F.Mask
  6
CONTINUOUS
100
AcDbLine
 10
99.1028790000000015
 20
-73.0738599999999963
 30
0
 11
98.8501809999999921
 21
-73.141570999999999
 31
0
  0
LINE
  5
171
330
22
100
AcDbEntity
  8
F.Mask
  6
CONTINUOUS
100
AcDbLine
 10
98.8501809999999921
 20
-73.141570999999999
 30
0
 11
98.5908060000000006
 21
-73.1757180000000034
 31
0
  0
LINE
  5
172
330
22
100
AcDbEntity
  8
F.Mask
  6
CONTINUOUS
100
AcDbLine
 10
98.5908060000000006
 20
-73.1757180000000034
 30
0
 11
98.3291940000000011
 21
-73.1757180000000034
 31
0
  0
LINE
  5
173
330
22
100
AcDbEntity
  8
F.Mask
  6
CONTINUOUS
100
AcDbLine
 10
98.3291940000000011
 20
-73.1757180000000034
 30
0
 11
98.0698189999999954
 21
-73.141570999999999
 31
0
  0
LINE
  5
174
330
22
100
AcDbEntity
  8
F.Mask
  6
CONTINUOUS
100
AcDbLine
 10
98.0698189999999954
 20
-73.141570999999999
 30
0
 11
97.8171210000000002
 21
-73.0738599999999963
 31
0
  0
LINE
  5
175
330
22
100
AcDbEntity
  8
F.Mask
  6
CONTINUOUS
100
AcDbLine
 10
97.8171210000000002
 20
-73.0738599999999963
 30
0
 11
97.5754230000000007
 21
-72.9737449999999939
 31
0
  0
LINE
  5
176
330
22
100
AcDbEntity
  8
F.Mask
  6
CONTINUOUS
100
AcDbLine
 10
97.5754230000000007
 20
-72.9737449999999939
 30
0
 11
97.3488600000000019
 21
-72.8429390000000012
 31
0
  0
LINE
  5
177
330
22
100
AcDbEntity
  8
F.Mask
  6
CONTINUOUS
100
AcDbLine
 10
97.3488600000000019
 20
-72.8429390000000012
 30
0
 11
97.1413079999999951
 21
-72.6836799999999954
 31
0
  0
LINE
  5
178
330
22
100
AcDbEntity
  8
F.Mask
  6
CONTINUOUS
100
AcDbLine
 10
97.1413079999999951
 20
-72.6836799999999954
 30
0
 11
96.956319999999991
 21
-72.4986919999999913
 31
0
  0
LINE
  5
179
330
22
100
AcDbEntity
  8
F.Mask
  6
CONTINUOUS
100
AcDbLine
 10
96.956319999999991
 20
-72.4986919999999913
 30
0
 11
96.7970609999999994
 21
-72.2911399999999986
 31
0
  0
LINE
  5
17A
330
22
100
AcDbEntity
  8
F.Mask
  6
CONTINUOUS
100
AcDbLine
 10
96.7970609999999994
 20
-72.2911399999999986
 30
0
 11
96.6662549999999925
 21
-72.0645769999999999
 31
0
  0
LINE
  5
17B
330
22
100
AcDbEntity
  8
F.Mask
  6
CONTINUOUS
100
AcDbLine
 10
96.6662549999999925
 20
-72.0645769999999999
 30
0
 11
96.5661399999999901
 21
-71.8228790000000004
 31
0
  0
LINE
  5
17C
330
22
100
AcDbEntity
  8
F.Mask
  6
CONTINUOUS
100
AcDbLine
 10
96.5661399999999901
 20
-71.8228790000000004
 30
0
 11
96.4984290000000016
 21
-71.5701809999999909
 31
0
  0
LINE
  5
17D
330
22
100
AcDbEntity
  8
F.Mask
  6
CONTINUOUS
100
AcDbLine
 10
96.4984290000000016
 20
-71.5701809999999909
 30
0
 11
96.4642819999999972
 21
-71.3108059999999995
 31
0
  0
LINE
  5
17E
330
22
100
AcDbEntity
  8
F.Mask
  6
CONTINUOUS
100
AcDbLine
 10
96.4642819999999972
 20
-71.3108059999999995
 30
0
 11
96.4642819999999972
 21
-71.049194
 31
0
  0
LINE
  5
17F
330
22
100
AcDbEntity
  8
F.Mask
  6
CONTINUOUS
100
AcDbLine
 10
96.4642819999999972
 20
-71.049194
 30
0
 11
96.4984290000000016
 21
-70.7898189999999943
 31
0
  0
LINE
  5
180
330
22
100
AcDbEntity
  8
F.Mask
  6
CONTINUOUS
100
AcDbLine
 10
96.4984290000000016
 20
-70.7898189999999943
 30
0
 11
96.5661399999999901
 21
-70.5371209999999991
 31
0
  0
LINE
  5
181
330
22
100
AcDbEntity
  8
F.Mask
  6
CONTINUOUS
100
AcDbLine
 10
96.5661399999999901
 20
-70.5371209999999991
 30
0
 11
96.6662549999999925
 21
-70.2954229999999995
 31
0
  0
LINE
  5
182
330
22
100
AcDbEntity
  8
F.Mask
  6
CONTINUOUS
100
AcDbLine
 10
96.6662549999999925
 20
-70.2954229999999995
 30
0
 11
96.7970609999999994
 21
-70.0688600000000008
 31
0
  0
LINE
  5
183
330
22
100
AcDbEntity
  8
F.Mask
  6
CONTINUOUS
100
AcDbLine
 10
96.7970609999999994
 20
-70.0688600000000008
 30
0
 11
96.956319999999991
 21
-69.861307999999994
 31
0
  0
LINE
  5
184
330
22
100
AcDbEntity
  8
F.Mask
  6
CONTINUOUS
100
AcDbLine
 10
96.956319999999991
 20
-69.861307999999994
 30
0
 11
97.1413079999999951
 21
-69.6763199999999898
 31
0
  0
LINE
  5
185
330
22
100
AcDbEntity
  8
F.Mask
  6
CONTINUOUS
100
AcDbLine
 10
97.1413079999999951
 20
-69.6763199999999898
 30
0
 11
97.3488600000000019
 21
-69.5170609999999982
 31
0
  0
LINE
  5
186
330
22
100
AcDbEntity
  8
F.Mask
  6
CONTINUOUS
100
AcDbLine
 10
97.3488600000000019
 20
-69.5170609999999982
 30
0
 11
97.5754230000000007
 21
-69.3862549999999914
 31
0
  0
LINE
  5
187
330
22
100
AcDbEntity
  8
F.Mask
  6
CONTINUOUS
100
AcDbLine
 10
97.5754230000000007
 20
-69.3862549999999914
 30
0
 11
97.8171210000000002
 21
-69.2861400000000032
 31
0
  0
LINE
  5
188
330
22
100
AcDbEntity
  8
F.Mask
  6
CONTINUOUS
100
AcDbLine
 10
97.8171210000000002
 20
-69.2861400000000032
 30
0
 11
98.0698189999999954
 21
-69.2184290000000004
 31
0
  0
LINE
  5
189
330
22
100
AcDbEntity
  8
F.Mask
  6
CONTINUOUS
100
AcDbLine
 10
98.0698189999999954
 20
-69.2184290000000004
 30
0
 11
98.3291940000000011
 21
-69.1842819999999961
 31
0
  0
LINE
  5
18A
330
22
100
AcDbEntity
  8
F.Mask
  6
CONTINUOUS
100
AcDbLine
 10
98.3291940000000011
 20
-69.1842819999999961
 30
0
 11
98.5908060000000006
 21
-69.1842819999999961
 31
0
  0
LINE
  5
18B
330
22
100
AcDbEntity
  8
F.Mask
  6
CONTINUOUS
100
AcDbLine
 10
98.5908060000000006
 20
-69.1842819999999961
 30
0
 11
98.8501809999999921
 21
-69.2184290000000004
 31
0
  0
LINE
  5
18C
330
22
100
AcDbEntity
  8
F.Mask
  6
CONTINUOUS
100
AcDbLine
 10
110.7902849999999972
 20
-71.043059999999997
 30
0
 11
110.9713969999999961
 21
-71.1180789999999945
 31
0
  0
LINE
  5
18D
330
22
100
AcDbEntity
  8
F.Mask
  6
CONTINUOUS
100
AcDbLine
 10
110.9713969999999961
 20
-71.1180789999999945
 30
0
 11
111.1343929999999887
 21
-71.2269900000000007
 31
0
  0
LINE
  5
18E
330
22
100
AcDbEntity
  8
F.Mask
  6
CONTINUOUS
100
AcDbLine
 10
111.1343929999999887
 20
-71.2269900000000007
 30
0
 11
111.2730099999999993
 21
-71.3656069999999971
 31
0
  0
LINE
  5
18F
330
22
100
AcDbEntity
  8
F.Mask
  6
CONTINUOUS
100
AcDbLine
 10
111.2730099999999993
 20
-71.3656069999999971
 30
0
 11
111.3819209999999913
 21
-71.5286029999999897
 31
0
  0
LINE
  5
190
330
22
100
AcDbEntity
  8
F.Mask
  6
CONTINUOUS
100
AcDbLine
 10
111.3819209999999913
 20
-71.5286029999999897
 30
0
 11
111.4569399999999888
 21
-71.7097150000000028
 31
0
  0
LINE
  5
191
330
22
100
AcDbEntity
  8
F.Mask
  6
CONTINUOUS
100
AcDbLine
 10
111.4569399999999888
 20
-71.7097150000000028
 30
0
 11
111.4951849999999922
 21
-71.9019830000000013
 31
0
  0
LINE
  5
192
330
22
100
AcDbEntity
  8
F.Mask
  6
CONTINUOUS
100
AcDbLine
 10
111.4951849999999922
 20
-71.9019830000000013
 30
0
 11
111.4951849999999922
 21
-72.0980169999999987
 31
0
  0
LINE
  5
193
330
22
100
AcDbEntity
  8
F.Mask
  6
CONTINUOUS
100
AcDbLine
 10
111.4951849999999922
 20
-72.0980169999999987
 30
0
 11
111.4569399999999888
 21
-72.2902849999999972
 31
0
  0
LINE
  5
194
330
22
100
AcDbEntity
  8
F.Mask
  6
CONTINUOUS
100
AcDbLine
 10
111.4569399999999888
 20
-72.2902849999999972
 30
0
 11
111.3819209999999913
 21
-72.4713969999999961
 31
0
  0
LINE
  5
195
330
22
100
AcDbEntity
  8
F.Mask
  6
CONTINUOUS
100
AcDbLine
 10
111.3819209999999913
 20
-72.4713969999999961
 30
0
 11
111.2730099999999993
 21
-72.6343930000000029
 31
0
  0
LINE
  5
196
330
22
100
AcDbEntity
  8
F.Mask
  6
CONTINUOUS
100
AcDbLine
 10
111.2730099999999993
 20
-72.6343930000000029
 30
0
 11
111.1343929999999887
 21
-72.7730099999999993
 31
0
  0
LINE
  5
197
330
22
100
AcDbEntity
  8
F.Mask
  6
CONTINUOUS
100
AcDbLine
 10
111.1343929999999887
 20
-72.7730099999999993
 30
0
 11
110.9713969999999961
 21
-72.8819209999999913
 31
0
  0
LINE
  5
198
330
22
100
AcDbEntity
  8
F.Mask
  6
CONTINUOUS
100
AcDbLine
 10
110.9713969999999961
 20
-72.8819209999999913
 30
0
 11
110.7902849999999972
 21
-72.956940000000003
 31
0
  0
LINE
  5
199
330
22
100
AcDbEntity
  8
F.Mask
  6
CONTINUOUS
100
AcDbLine
 10
110.7902849999999972
 20
-72.956940000000003
 30
0
 11
110.5980169999999987
 21
-72.9951849999999922
 31
0
  0
LINE
  5
19A
330
22
100
AcDbEntity
  8
F.Mask
  6
CONTINUOUS
100
AcDbLine
 10
110.5980169999999987
 20
-72.9951849999999922
 30
0
 11
110.4019830000000013
 21
-72.9951849999999922
 31
0
  0
LINE
  5
19B
330
22
100
AcDbEntity
  8
F.Mask
  6
CONTINUOUS
100
AcDbLine
 10
110.4019830000000013
 20
-72.9951849999999922
 30
0
 11
110.2097149999999885
 21
-72.956940000000003
 31
0
  0
LINE
  5
19C
330
22
100
AcDbEntity
  8
F.Mask
  6
CONTINUOUS
100
AcDbLine
 10
110.2097149999999885
 20
-72.956940000000003
 30
0
 11
110.0286029999999897
 21
-72.8819209999999913
 31
0
  0
LINE
  5
19D
330
22
100
AcDbEntity
  8
F.Mask
  6
CONTINUOUS
100
AcDbLine
 10
110.0286029999999897
 20
-72.8819209999999913
 30
0
 11
109.8656069999999971
 21
-72.7730099999999993
 31
0
  0
LINE
  5
19E
330
22
100
AcDbEntity
  8
F.Mask
  6
CONTINUOUS
100
AcDbLine
 10
109.8656069999999971
 20
-72.7730099999999993
 30
0
 11
109.7269900000000007
 21
-72.6343930000000029
 31
0
  0
LINE
  5
19F
330
22
100
AcDbEntity
  8
F.Mask
  6
CONTINUOUS
100
AcDbLine
 10
109.7269900000000007
 20
-72.6343930000000029
 30
0
 11
109.6180789999999945
 21
-72.4713969999999961
 31
0
  0
LINE
  5
1A0
330
22
100
AcDbEntity
  8
F.Mask
  6
CONTINUOUS
100
AcDbLine
 10
109.6180789999999945
 20
-72.4713969999999961
 30
0
 11
109.543059999999997
 21
-72.2902849999999972
 31
0
  0
LINE
  5
1A1
330
22
100
AcDbEntity
  8
F.Mask
  6
CONTINUOUS
100
AcDbLine
 10
109.543059999999997
 20
-72.2902849999999972
 30
0
 11
109.5048149999999936
 21
-72.0980169999999987
 31
0
  0
LINE
  5
1A2
330
22
100
AcDbEntity
  8
F.Mask
  6
CONTINUOUS
100
AcDbLine
 10
109.5048149999999936
 20
-72.0980169999999987
 30
0
 11
109.5048149999999936
 21
-71.9019830000000013
 31
0
  0
LINE
  5
1A3
330
22
100
AcDbEntity
  8
F.Mask
  6
CONTINUOUS
100
AcDbLine
 10
109.5048149999999936
 20
-71.9019830000000013
 30
0
 11
109.543059999999997
 21
-71.7097150000000028
 31
0
  0
LINE
  5
1A4
330
22
100
AcDbEntity
  8
F.Mask
  6
CONTINUOUS
100
AcDbLine
 10
109.543059999999997
 20
-71.7097150000000028
 30
0
 11
109.6180789999999945
 21
-71.5286029999999897
 31
0
  0
LINE
  5
1A5
330
22
100
AcDbEntity
  8
F.Mask
  6
CONTINUOUS
100
AcDbLine
 10
109.6180789999999945
 20
-71.5286029999999897
 30
0
 11
109.7269900000000007
 21
-71.3656069999999971
 31
0
  0
LINE
  5
1A6
330
22
100
AcDbEntity
  8
F.Mask
  6
CONTINUOUS
100
AcDbLine
 10
109.7269900000000007
 20
-71.3656069999999971
 30
0
 11
109.8656069999999971
 21
-71.2269900000000007
 31
0
  0
LINE
  5
1A7
330
22
100
AcDbEntity
  8
F.Mask
  6
CONTINUOUS
100
AcDbLine
 10
109.8656069999999971
 20
-71.2269900000000007
 30
0
 11
110.0286029999999897
 21
-71.1180789999999945
 31
0
  0
LINE
  5
1A8
330
22
100
AcDbEntity
  8
F.Mask
  6
CONTINUOUS
100
AcDbLine
 10
110.0286029999999897
 20
-71.1180789999999945
 30
0
 11
110.2097149999999885
 21
-71.043059999999997
 31
0
  0
LINE
  5
1A9
330
22
100
AcDbEntity
  8
F.Mask
  6
CONTINUOUS
100
AcDbLine
 10
110.2097149999999885
 20
-71.043059999999997
 30
0
 11
110.4019830000000013
 21
-71.0048149999999936
 31
0
  0
LINE
  5
1AA
330
22
100
AcDbEntity
  8
F.Mask
  6
CONTINUOUS
100
AcDbLine
 10
110.4019830000000013
 20
-71.0048149999999936
 30
0
 11
110.5980169999999987
 21
-71.0048149999999936
 31
0
  0
LINE
  5
1AB
330
22
100
AcDbEntity
  8
F.Mask
  6
CONTINUOUS
100
AcDbLine
 10
110.5980169999999987
 20
-71.0048149999999936
 30
0
 11
110.7902849999999972
 21
-71.043059999999997
 31
0
  0
LINE
  5
1AC
330
22
100
AcDbEntity
  8
F.Mask
  6
CONTINUOUS
100
AcDbLine
 10
125.2902849999999972
 20
-71.043059999999997
 30
0
 11
125.4713969999999961
 21
-71.1180789999999945
 31
0
  0
LINE
  5
1AD
330
22
100
AcDbEntity
  8
F.Mask
  6
CONTINUOUS
100
AcDbLine
 10
125.4713969999999961
 20
-71.1180789999999945
 30
0
 11
125.6343929999999887
 21
-71.2269900000000007
 31
0
  0
LINE
  5
1AE
330
22
100
AcDbEntity
  8
F.Mask
  6
CONTINUOUS
100
AcDbLine
 10
125.6343929999999887
 20
-71.2269900000000007
 30
0
 11
125.7730099999999993
 21
-71.3656069999999971
 31
0
  0
LINE
  5
1AF
330
22
100
AcDbEntity
  8
F.Mask
  6
CONTINUOUS
100
AcDbLine
 10
125.7730099999999993
 20
-71.3656069999999971
 30
0
 11
125.8819209999999913
 21
-71.5286029999999897
 31
0
  0
LINE
  5
1B0
330
22
100
AcDbEntity
  8
F.Mask
  6
CONTINUOUS
100
AcDbLine
 10
125.8819209999999913
 20
-71.5286029999999897
 30
0
 11
125.9569399999999888
 21
-71.7097150000000028
 31
0
  0
LINE
  5
1B1
330
22
100
AcDbEntity
  8
F.Mask
  6
CONTINUOUS
100
AcDbLine
 10
125.9569399999999888
 20
-71.7097150000000028
 30
0
 11
125.9951849999999922
 21
-71.9019830000000013
 31
0
  0
LINE
  5
1B2
330
22
100
AcDbEntity
  8
F.Mask
  6
CONTINUOUS
100
AcDbLine
 10
125.9951849999999922
 20
-71.9019830000000013
 30
0
 11
125.9951849999999922
 21
-72.0980169999999987
 31
0
  0
LINE
  5
1B3
330
22
100
AcDbEntity
  8
F.Mask
  6
CONTINUOUS
100
AcDbLine
 10
125.9951849999999922
 20
-72.0980169999999987
 30
0
 11
125.9569399999999888
 21
-72.2902849999999972
 31
0
  0
LINE
  5
1B4
330
22
100
AcDbEntity
  8
F.Mask
  6
CONTINUOUS
100
AcDbLine
 10
125.9569399999999888
 20
-72.2902849999999972
 30
0
 11
125.8819209999999913
 21
-72.4713969999999961
 31
0
  0
LINE
  5
1B5
330
22
100
AcDbEntity
  8
F.Mask
  6
CONTINUOUS
100
AcDbLine
 10
125.8819209999999913
 20
-72.4713969999999961
 30
0
 11
125.7730099999999993
 21
-72.6343930000000029
 31
0
  0
LINE
  5
1B6
330
22
100
AcDbEntity
  8
F.Mask
  6
CONTINUOUS
100
AcDbLine
 10
125.7730099999999993
 20
-72.6343930000000029
 30
0
 11
125.6343929999999887
 21
-72.7730099999999993
 31
0
  0
LINE
  5
1B7
330
22
100
AcDbEntity
  8
F.Mask
  6
CONTINUOUS
100
AcDbLine
 10
125.6343929999999887
 20
-72.7730099999999993
 30
0
 11
125.4713969999999961
 21
-72.8819209999999913
 31
0
  0
LINE
  5
1B8
330
22
100
AcDbEntity
  8
F.Mask
  6
CONTINUOUS
100
AcDbLine
 10
125.4713969999999961
 20
-72.8819209999999913
 30
0
 11
125.2902849999999972
 21
-72.956940000000003
 31
0
  0
LINE
  5
1B9
330
22
100
AcDbEntity
  8
F.Mask
  6
CONTINUOUS
100
AcDbLine
 10
125.2902849999999972
 20
-72.956940000000003
 30
0
 11
125.0980169999999987
 21
-72.9951849999999922
 31
0
  0
LINE
  5
1BA
330
22
100
AcDbEntity
  8
F.Mask
  6
CONTINUOUS
100
AcDbLine
 10
125.0980169999999987
 20
-72.9951849999999922
 30
0
 11
124.9019830000000013
 21
-72.9951849999999922
 31
0
  0
LINE
  5
1BB
330
22
100
AcDbEntity
  8
F.Mask
  6
CONTINUOUS
100
AcDbLine
 10
124.9019830000000013
 20
-72.9951849999999922
 30
0
 11
124.7097149999999885
 21
-72.956940000000003
 31
0
  0
LINE
  5
1BC
330
22
100
AcDbEntity
  8
F.Mask
  6
CONTINUOUS
100
AcDbLine
 10
124.7097149999999885
 20
-72.956940000000003
 30
0
 11
124.5286029999999897
 21
-72.8819209999999913
 31
0
  0
LINE
  5
1BD
330
22
100
AcDbEntity
  8
F.Mask
  6
CONTINUOUS
100
AcDbLine
 10
124.5286029999999897
 20
-72.8819209999999913
 30
0
 11
124.3656069999999971
 21
-72.7730099999999993
 31
0
  0
LINE
  5
1BE
330
22
100
AcDbEntity
  8
F.Mask
  6
CONTINUOUS
100
AcDbLine
 10
124.3656069999999971
 20
-72.7730099999999993
 30
0
 11
124.2269900000000007
 21
-72.6343930000000029
 31
0
  0
LINE
  5
1BF
330
22
100
AcDbEntity
  8
F.Mask
  6
CONTINUOUS
100
AcDbLine
 10
124.2269900000000007
 20
-72.6343930000000029
 30
0
 11
124.1180789999999945
 21
-72.4713969999999961
 31
0
  0
LINE
  5
1C0
330
22
100
AcDbEntity
  8
F.Mask
  6
CONTINUOUS
100
AcDbLine
 10
124.1180789999999945
 20
-72.4713969999999961
 30
0
 11
124.043059999999997
 21
-72.2902849999999972
 31
0
  0
LINE
  5
1C1
330
22
100
AcDbEntity
  8
F.Mask
  6
CONTINUOUS
100
AcDbLine
 10
124.043059999999997
 20
-72.2902849999999972
 30
0
 11
124.0048149999999936
 21
-72.0980169999999987
 31
0
  0
LINE
  5
1C2
330
22
100
AcDbEntity
  8
F.Mask
  6
CONTINUOUS
100
AcDbLine
 10
124.0048149999999936
 20
-72.0980169999999987
 30
0
 11
124.0048149999999936
 21
-71.9019830000000013
 31
0
  0
LINE
  5
1C3
330
22
100
AcDbEntity
  8
F.Mask
  6
CONTINUOUS
100
AcDbLine
 10
124.0048149999999936
 20
-71.9019830000000013
 30
0
 11
124.043059999999997
 21
-71.7097150000000028
 31
0
  0
LINE
  5
1C4
330
22
100
AcDbEntity
  8
F.Mask
  6
CONTINUOUS
100
AcDbLine
 10
124.043059999999997
 20
-71.7097150000000028
 30
0
 11
124.1180789999999945
 21
-71.5286029999999897
 31
0
  0
LINE
  5
1C5
330
22
100
AcDbEntity
  8
F.Mask
  6
CONTINUOUS
100
AcDbLine
 10
124.1180789999999945
 20
-71.5286029999999897
 30
0
 11
124.2269900000000007
 21
-71.3656069999999971
 31
0
  0
LINE
  5
1C6
330
22
100
AcDbEntity
  8
F.Mask
  6
CONTINUOUS
100
AcDbLine
 10
124.2269900000000007
 20
-71.3656069999999971
 30
0
 11
124.3656069999999971
 21
-71.2269900000000007
 31
0
  0
LINE
  5
1C7
330
22
100
AcDbEntity
  8
F.Mask
  6
CONTINUOUS
100
AcDbLine
 10
124.3656069999999971
 20
-71.2269900000000007
 30
0
 11
124.5286029999999897
 21
-71.1180789999999945
 31
0
  0
LINE
  5
1C8
330
22
100
AcDbEntity
  8
F.Mask
  6
CONTINUOUS
100
AcDbLine
 10
124.5286029999999897
 20
-71.1180789999999945
 30
0
 11
124.7097149999999885
 21
-71.043059999999997
 31
0
  0
LINE
  5
1C9
330
22
100
AcDbEntity
  8
F.Mask
  6
CONTINUOUS
100
AcDbLine
 10
124.7097149999999885
 20
-71.043059999999997
 30
0
 11
124.9019830000000013
 21
-71.0048149999999936
 31
0
  0
LINE
  5
1CA
330
22
100
AcDbEntity
  8
F.Mask
  6
CONTINUOUS
100
AcDbLine
 10
124.9019830000000013
 20
-71.0048149999999936
 30
0
 11
125.0980169999999987
 21
-71.0048149999999936
 31
0
  0
LINE
  5
1CB
330
22
100
AcDbEntity
  8
F.Mask
  6
CONTINUOUS
100
AcDbLine
 10
125.0980169999999987
 20
-71.0048149999999936
 30
0
 11
125.2902849999999972
 21
-71.043059999999997
 31
0
  0
LINE
  5
1CC
330
22
100
AcDbEntity
  8
F.Mask
  6
CONTINUOUS
100
AcDbLine
 10
93.626741999999993
 20
-70.3666010000000028
 30
0
 11
93.7806870000000004
 21
-70.4303669999999897
 31
0
  0
LINE
  5
1CD
330
22
100
AcDbEntity
  8
F.Mask
  6
CONTINUOUS
100
AcDbLine
 10
93.7806870000000004
 20
-70.4303669999999897
 30
0
 11
93.9192339999999888
 21
-70.522941000000003
 31
0
  0
LINE
  5
1CE
330
22
100
AcDbEntity
  8
F.Mask
  6
CONTINUOUS
100
AcDbLine
 10
93.9192339999999888
 20
-70.522941000000003
 30
0
 11
94.0370589999999993
 21
-70.6407659999999993
 31
0
  0
LINE
  5
1CF
330
22
100
AcDbEntity
  8
F.Mask
  6
CONTINUOUS
100
AcDbLine
 10
94.0370589999999993
 20
-70.6407659999999993
 30
0
 11
94.1296329999999983
 21
-70.7793130000000019
 31
0
  0
LINE
  5
1D0
330
22
100
AcDbEntity
  8
F.Mask
  6
CONTINUOUS
100
AcDbLine
 10
94.1296329999999983
 20
-70.7793130000000019
 30
0
 11
94.1933989999999994
 21
-70.933257999999995
 31
0
  0
LINE
  5
1D1
330
22
100
AcDbEntity
  8
F.Mask
  6
CONTINUOUS
100
AcDbLine
 10
94.1933989999999994
 20
-70.933257999999995
 30
0
 11
94.2259069999999923
 21
-71.0966849999999937
 31
0
  0
LINE
  5
1D2
330
22
100
AcDbEntity
  8
F.Mask
  6
CONTINUOUS
100
AcDbLine
 10
94.2259069999999923
 20
-71.0966849999999937
 30
0
 11
94.2259069999999923
 21
-71.2633149999999915
 31
0
  0
LINE
  5
1D3
330
22
100
AcDbEntity
  8
F.Mask
  6
CONTINUOUS
100
AcDbLine
 10
94.2259069999999923
 20
-71.2633149999999915
 30
0
 11
94.1933989999999994
 21
-71.4267419999999902
 31
0
  0
LINE
  5
1D4
330
22
100
AcDbEntity
  8
F.Mask
  6
CONTINUOUS
100
AcDbLine
 10
94.1933989999999994
 20
-71.4267419999999902
 30
0
 11
94.1296329999999983
 21
-71.5806869999999975
 31
0
  0
LINE
  5
1D5
330
22
100
AcDbEntity
  8
F.Mask
  6
CONTINUOUS
100
AcDbLine
 10
94.1296329999999983
 20
-71.5806869999999975
 30
0
 11
94.0370589999999993
 21
-71.7192340000000002
 31
0
  0
LINE
  5
1D6
330
22
100
AcDbEntity
  8
F.Mask
  6
CONTINUOUS
100
AcDbLine
 10
94.0370589999999993
 20
-71.7192340000000002
 30
0
 11
93.9192339999999888
 21
-71.8370589999999964
 31
0
  0
LINE
  5
1D7
330
22
100
AcDbEntity
  8
F.Mask
  6
CONTINUOUS
100
AcDbLine
 10
93.9192339999999888
 20
-71.8370589999999964
 30
0
 11
93.7806870000000004
 21
-71.9296329999999955
 31
0
  0
LINE
  5
1D8
330
22
100
AcDbEntity
  8
F.Mask
  6
CONTINUOUS
100
AcDbLine
 10
93.7806870000000004
 20
-71.9296329999999955
 30
0
 11
93.626741999999993
 21
-71.9933989999999966
 31
0
  0
LINE
  5
1D9
330
22
100
AcDbEntity
  8
F.Mask
  6
CONTINUOUS
100
AcDbLine
 10
93.626741999999993
 20
-71.9933989999999966
 30
0
 11
93.4633149999999944
 21
-72.0259070000000037
 31
0
  0
LINE
  5
1DA
330
22
100
AcDbEntity
  8
F.Mask
  6
CONTINUOUS
100
AcDbLine
 10
93.4633149999999944
 20
-72.0259070000000037
 30
0
 11
93.2966849999999965
 21
-72.0259070000000037
 31
0
  0
LINE
  5
1DB
330
22
100
AcDbEntity
  8
F.Mask
  6
CONTINUOUS
100
AcDbLine
 10
93.2966849999999965
 20
-72.0259070000000037
 30
0
 11
93.1332579999999979
 21
-71.9933989999999966
 31
0
  0
LINE
  5
1DC
330
22
100
AcDbEntity
  8
F.Mask
  6
CONTINUOUS
100
AcDbLine
 10
93.1332579999999979
 20
-71.9933989999999966
 30
0
 11
92.9793129999999906
 21
-71.9296329999999955
 31
0
  0
LINE
  5
1DD
330
22
100
AcDbEntity
  8
F.Mask
  6
CONTINUOUS
100
AcDbLine
 10
92.9793129999999906
 20
-71.9296329999999955
 30
0
 11
92.8407660000000021
 21
-71.8370589999999964
 31
0
  0
LINE
  5
1DE
330
22
100
AcDbEntity
  8
F.Mask
  6
CONTINUOUS
100
AcDbLine
 10
92.8407660000000021
 20
-71.8370589999999964
 30
0
 11
92.7229409999999916
 21
-71.7192340000000002
 31
0
  0
LINE
  5
1DF
330
22
100
AcDbEntity
  8
F.Mask
  6
CONTINUOUS
100
AcDbLine
 10
92.7229409999999916
 20
-71.7192340000000002
 30
0
 11
92.6303669999999926
 21
-71.5806869999999975
 31
0
  0
LINE
  5
1E0
330
22
100
AcDbEntity
  8
F.Mask
  6
CONTINUOUS
100
AcDbLine
 10
92.6303669999999926
 20
-71.5806869999999975
 30
0
 11
92.5666009999999915
 21
-71.4267419999999902
 31
0
  0
LINE
  5
1E1
330
22
100
AcDbEntity
  8
F.Mask
  6
CONTINUOUS
100
AcDbLine
 10
92.5666009999999915
 20
-71.4267419999999902
 30
0
 11
92.5340929999999986
 21
-71.2633149999999915
 31
0
  0
LINE
  5
1E2
330
22
100
AcDbEntity
  8
F.Mask
  6
CONTINUOUS
100
AcDbLine
 10
92.5340929999999986
 20
-71.2633149999999915
 30
0
 11
92.5340929999999986
 21
-71.0966849999999937
 31
0
  0
LINE
  5
1E3
330
22
100
AcDbEntity
  8
F.Mask
  6
CONTINUOUS
100
AcDbLine
 10
92.5340929999999986
 20
-71.0966849999999937
 30
0
 11
92.5666009999999915
 21
-70.933257999999995
 31
0
  0
LINE
  5
1E4
330
22
100
AcDbEntity
  8
F.Mask
  6
CONTINUOUS
100
AcDbLine
 10
92.5666009999999915
 20
-70.933257999999995
 30
0
 11
92.6303669999999926
 21
-70.7793130000000019
 31
0
  0
LINE
  5
1E5
330
22
100
AcDbEntity
  8
F.Mask
  6
CONTINUOUS
100
AcDbLine
 10
92.6303669999999926
 20
-70.7793130000000019
 30
0
 11
92.7229409999999916
 21
-70.6407659999999993
 31
0
  0
LINE
  5
1E6
330
22
100
AcDbEntity
  8
F.Mask
  6
CONTINUOUS
100
AcDbLine
 10
92.7229409999999916
 20
-70.6407659999999993
 30
0
 11
92.8407660000000021
 21
-70.522941000000003
 31
0
  0
LINE
  5
1E7
330
22
100
AcDbEntity
  8
F.Mask
  6
CONTINUOUS
100
AcDbLine
 10
92.8407660000000021
 20
-70.522941000000003
 30
0
 11
92.9793129999999906
 21
-70.4303669999999897
 31
0
  0
LINE
  5
1E8
330
22
100
AcDbEntity
  8
F.Mask
  6
CONTINUOUS
100
AcDbLine
 10
92.9793129999999906
 20
-70.4303669999999897
 30
0
 11
93.1332579999999979
 21
-70.3666010000000028
 31
0
  0
LINE
  5
1E9
330
22
100
AcDbEntity
  8
F.Mask
  6
CONTINUOUS
100
AcDbLine
 10
93.1332579999999979
 20
-70.3666010000000028
 30
0
 11
93.2966849999999965
 21
-70.3340929999999958
 31
0
  0
LINE
  5
1EA
330
22
100
AcDbEntity
  8
F.Mask
  6
CONTINUOUS
100
AcDbLine
 10
93.2966849999999965
 20
-70.3340929999999958
 30
0
 11
93.4633149999999944
 21
-70.3340929999999958
 31
0
  0
LINE
  5
1EB
330
22
100
AcDbEntity
  8
F.Mask
  6
CONTINUOUS
100
AcDbLine
 10
93.4633149999999944
 20
-70.3340929999999958
 30
0
 11
93.626741999999993
 21
-70.3666010000000028
 31
0
  0
LINE
  5
1EC
330
22
100
AcDbEntity
  8
F.Mask
  6
CONTINUOUS
100
AcDbLine
 10
103.7867419999999896
 20
-70.3666010000000028
 30
0
 11
103.9406869999999969
 21
-70.4303669999999897
 31
0
  0
LINE
  5
1ED
330
22
100
AcDbEntity
  8
F.Mask
  6
CONTINUOUS
100
AcDbLine
 10
103.9406869999999969
 20
-70.4303669999999897
 30
0
 11
104.0792339999999996
 21
-70.522941000000003
 31
0
  0
LINE
  5
1EE
330
22
100
AcDbEntity
  8
F.Mask
  6
CONTINUOUS
100
AcDbLine
 10
104.0792339999999996
 20
-70.522941000000003
 30
0
 11
104.1970589999999959
 21
-70.6407659999999993
 31
0
  0
LINE
  5
1EF
330
22
100
AcDbEntity
  8
F.Mask
  6
CONTINUOUS
100
AcDbLine
 10
104.1970589999999959
 20
-70.6407659999999993
 30
0
 11
104.2896329999999949
 21
-70.7793130000000019
 31
0
  0
LINE
  5
1F0
330
22
100
AcDbEntity
  8
F.Mask
  6
CONTINUOUS
100
AcDbLine
 10
104.2896329999999949
 20
-70.7793130000000019
 30
0
 11
104.353398999999996
 21
-70.933257999999995
 31
0
  0
LINE
  5
1F1
330
22
100
AcDbEntity
  8
F.Mask
  6
CONTINUOUS
100
AcDbLine
 10
104.353398999999996
 20
-70.933257999999995
 30
0
 11
104.3859069999999889
 21
-71.0966849999999937
 31
0
  0
LINE
  5
1F2
330
22
100
AcDbEntity
  8
F.Mask
  6
CONTINUOUS
100
AcDbLine
 10
104.3859069999999889
 20
-71.0966849999999937
 30
0
 11
104.3859069999999889
 21
-71.2633149999999915
 31
0
  0
LINE
  5
1F3
330
22
100
AcDbEntity
  8
F.Mask
  6
CONTINUOUS
100
AcDbLine
 10
104.3859069999999889
 20
-71.2633149999999915
 30
0
 11
104.353398999999996
 21
-71.4267419999999902
 31
0
  0
LINE
  5
1F4
330
22
100
AcDbEntity
  8
F.Mask
  6
CONTINUOUS
100
AcDbLine
 10
104.353398999999996
 20
-71.4267419999999902
 30
0
 11
104.2896329999999949
 21
-71.5806869999999975
 31
0
  0
LINE
  5
1F5
330
22
100
AcDbEntity
  8
F.Mask
  6
CONTINUOUS
100
AcDbLine
 10
104.2896329999999949
 20
-71.5806869999999975
 30
0
 11
104.1970589999999959
 21
-71.7192340000000002
 31
0
  0
LINE
  5
1F6
330
22
100
AcDbEntity
  8
F.Mask
  6
CONTINUOUS
100
AcDbLine
 10
104.1970589999999959
 20
-71.7192340000000002
 30
0
 11
104.0792339999999996
 21
-71.8370589999999964
 31
0
  0
LINE
  5
1F7
330
22
100
AcDbEntity
  8
F.Mask
  6
CONTINUOUS
100
AcDbLine
 10
104.0792339999999996
 20
-71.8370589999999964
 30
0
 11
103.9406869999999969
 21
-71.9296329999999955
 31
0
  0
LINE
  5
1F8
330
22
100
AcDbEntity
  8
F.Mask
  6
CONTINUOUS
100
AcDbLine
 10
103.9406869999999969
 20
-71.9296329999999955
 30
0
 11
103.7867419999999896
 21
-71.9933989999999966
 31
0
  0
LINE
  5
1F9
330
22
100
AcDbEntity
  8
F.Mask
  6
CONTINUOUS
100
AcDbLine
 10
103.7867419999999896
 20
-71.9933989999999966
 30
0
 11
103.623314999999991
 21
-72.0259070000000037
 31
0
  0
LINE
  5
1FA
330
22
100
AcDbEntity
  8
F.Mask
  6
CONTINUOUS
100
AcDbLine
 10
103.623314999999991
 20
-72.0259070000000037
 30
0
 11
103.4566849999999931
 21
-72.0259070000000037
 31
0
  0
LINE
  5
1FB
330
22
100
AcDbEntity
  8
F.Mask
  6
CONTINUOUS
100
AcDbLine
 10
103.4566849999999931
 20
-72.0259070000000037
 30
0
 11
103.2932579999999945
 21
-71.9933989999999966
 31
0
  0
LINE
  5
1FC
330
22
100
AcDbEntity
  8
F.Mask
  6
CONTINUOUS
100
AcDbLine
 10
103.2932579999999945
 20
-71.9933989999999966
 30
0
 11
103.1393130000000014
 21
-71.9296329999999955
 31
0
  0
LINE
  5
1FD
330
22
100
AcDbEntity
  8
F.Mask
  6
CONTINUOUS
100
AcDbLine
 10
103.1393130000000014
 20
-71.9296329999999955
 30
0
 11
103.0007659999999987
 21
-71.8370589999999964
 31
0
  0
LINE
  5
1FE
330
22
100
AcDbEntity
  8
F.Mask
  6
CONTINUOUS
100
AcDbLine
 10
103.0007659999999987
 20
-71.8370589999999964
 30
0
 11
102.8829410000000024
 21
-71.7192340000000002
 31
0
  0
LINE
  5
1FF
330
22
100
AcDbEntity
  8
F.Mask
  6
CONTINUOUS
100
AcDbLine
 10
102.8829410000000024
 20
-71.7192340000000002
 30
0
 11
102.7903669999999892
 21
-71.5806869999999975
 31
0
  0
LINE
  5
200
330
22
100
AcDbEntity
  8
F.Mask
  6
CONTINUOUS
100
AcDbLine
 10
102.7903669999999892
 20
-71.5806869999999975
 30
0
 11
102.7266010000000023
 21
-71.4267419999999902
 31
0
  0
LINE
  5
201
330
22
100
AcDbEntity
  8
F.Mask
  6
CONTINUOUS
100
AcDbLine
 10
102.7266010000000023
 20
-71.4267419999999902
 30
0
 11
102.6940929999999952
 21
-71.2633149999999915
 31
0
  0
LINE
  5
202
330
22
100
AcDbEntity
  8
F.Mask
  6
CONTINUOUS
100
AcDbLine
 10
102.6940929999999952
 20
-71.2633149999999915
 30
0
 11
102.6940929999999952
 21
-71.0966849999999937
 31
0
  0
LINE
  5
203
330
22
100
AcDbEntity
  8
F.Mask
  6
CONTINUOUS
100
AcDbLine
 10
102.6940929999999952
 20
-71.0966849999999937
 30
0
 11
102.7266010000000023
 21
-70.933257999999995
 31
0
  0
LINE
  5
204
330
22
100
AcDbEntity
  8
F.Mask
  6
CONTINUOUS
100
AcDbLine
 10
102.7266010000000023
 20
-70.933257999999995
 30
0
 11
102.7903669999999892
 21
-70.7793130000000019
 31
0
  0
LINE
  5
205
330
22
100
AcDbEntity
  8
F.Mask
  6
CONTINUOUS
100
AcDbLine
 10
102.7903669999999892
 20
-70.7793130000000019
 30
0
 11
102.8829410000000024
 21
-70.6407659999999993
 31
0
  0
LINE
  5
206
330
22
100
AcDbEntity
  8
F.Mask
  6
CONTINUOUS
100
AcDbLine
 10
102.8829410000000024
 20
-70.6407659999999993
 30
0
 11
103.0007659999999987
 21
-70.522941000000003
 31
0
  0
LINE
  5
207
330
22
100
AcDbEntity
  8
F.Mask
  6
CONTINUOUS
100
AcDbLine
 10
103.0007659999999987
 20
-70.522941000000003
 30
0
 11
103.1393130000000014
 21
-70.4303669999999897
 31
0
  0
LINE
  5
208
330
22
100
AcDbEntity
  8
F.Mask
  6
CONTINUOUS
100
AcDbLine
 10
103.1393130000000014
 20
-70.4303669999999897
 30
0
 11
103.2932579999999945
 21
-70.3666010000000028
 31
0
  0
LINE
  5
209
330
22
100
AcDbEntity
  8
F.Mask
  6
CONTINUOUS
100
AcDbLine
 10
103.2932579999999945
 20
-70.3666010000000028
 30
0
 11
103.4566849999999931
 21
-70.3340929999999958
 31
0
  0
LINE
  5
20A
330
22
100
AcDbEntity
  8
F.Mask
  6
CONTINUOUS
100
AcDbLine
 10
103.4566849999999931
 20
-70.3340929999999958
 30
0
 11
103.623314999999991
 21
-70.3340929999999958
 31
0
  0
LINE
  5
20B
330
22
100
AcDbEntity
  8
F.Mask
  6
CONTINUOUS
100
AcDbLine
 10
103.623314999999991
 20
-70.3340929999999958
 30
0
 11
103.7867419999999896
 21
-70.3666010000000028
 31
0
  0
LINE
  5
20C
330
22
100
AcDbEntity
  8
F.Mask
  6
CONTINUOUS
100
AcDbLine
 10
129.9083149999999875
 20
-69.1540930000000031
 30
0
 11
130.0717420000000004
 21
-69.186600999999996
 31
0
  0
LINE
  5
20D
330
22
100
AcDbEntity
  8
F.Mask
  6
CONTINUOUS
100
AcDbLine
 10
130.0717420000000004
 20
-69.186600999999996
 30
0
 11
130.2256869999999935
 21
-69.2503669999999971
 31
0
  0
LINE
  5
20E
330
22
100
AcDbEntity
  8
F.Mask
  6
CONTINUOUS
100
AcDbLine
 10
130.2256869999999935
 20
-69.2503669999999971
 30
0
 11
130.364233999999982
 21
-69.3429409999999962
 31
0
  0
LINE
  5
20F
330
22
100
AcDbEntity
  8
F.Mask
  6
CONTINUOUS
100
AcDbLine
 10
130.364233999999982
 20
-69.3429409999999962
 30
0
 11
130.4820589999999925
 21
-69.4607659999999925
 31
0
  0
LINE
  5
210
330
22
100
AcDbEntity
  8
F.Mask
  6
CONTINUOUS
100
AcDbLine
 10
130.4820589999999925
 20
-69.4607659999999925
 30
0
 11
130.5746330000000057
 21
-69.5993129999999951
 31
0
  0
LINE
  5
211
330
22
100
AcDbEntity
  8
F.Mask
  6
CONTINUOUS
100
AcDbLine
 10
130.5746330000000057
 20
-69.5993129999999951
 30
0
 11
130.6383989999999926
 21
-69.7532580000000024
 31
0
  0
LINE
  5
212
330
22
100
AcDbEntity
  8
F.Mask
  6
CONTINUOUS
100
AcDbLine
 10
130.6383989999999926
 20
-69.7532580000000024
 30
0
 11
130.6709069999999997
 21
-69.9166850000000011
 31
0
  0
LINE
  5
213
330
22
100
AcDbEntity
  8
F.Mask
  6
CONTINUOUS
100
AcDbLine
 10
130.6709069999999997
 20
-69.9166850000000011
 30
0
 11
130.6709069999999997
 21
-70.0833149999999989
 31
0
  0
LINE
  5
214
330
22
100
AcDbEntity
  8
F.Mask
  6
CONTINUOUS
100
AcDbLine
 10
130.6709069999999997
 20
-70.0833149999999989
 30
0
 11
130.6383989999999926
 21
-70.2467419999999976
 31
0
  0
LINE
  5
215
330
22
100
AcDbEntity
  8
F.Mask
  6
CONTINUOUS
100
AcDbLine
 10
130.6383989999999926
 20
-70.2467419999999976
 30
0
 11
130.5746330000000057
 21
-70.4006869999999907
 31
0
  0
LINE
  5
216
330
22
100
AcDbEntity
  8
F.Mask
  6
CONTINUOUS
100
AcDbLine
 10
130.5746330000000057
 20
-70.4006869999999907
 30
0
 11
130.4820589999999925
 21
-70.5392339999999933
 31
0
  0
LINE
  5
217
330
22
100
AcDbEntity
  8
F.Mask
  6
CONTINUOUS
100
AcDbLine
 10
130.4820589999999925
 20
-70.5392339999999933
 30
0
 11
130.364233999999982
 21
-70.6570590000000038
 31
0
  0
LINE
  5
218
330
22
100
AcDbEntity
  8
F.Mask
  6
CONTINUOUS
100
AcDbLine
 10
130.364233999999982
 20
-70.6570590000000038
 30
0
 11
130.2256869999999935
 21
-70.7496330000000029
 31
0
  0
LINE
  5
219
330
22
100
AcDbEntity
  8
F.Mask
  6
CONTINUOUS
100
AcDbLine
 10
130.2256869999999935
 20
-70.7496330000000029
 30
0
 11
130.0717420000000004
 21
-70.8133989999999898
 31
0
  0
LINE
  5
21A
330
22
100
AcDbEntity
  8
F.Mask
  6
CONTINUOUS
100
AcDbLine
 10
130.0717420000000004
 20
-70.8133989999999898
 30
0
 11
129.9083149999999875
 21
-70.8459069999999969
 31
0
  0
LINE
  5
21B
330
22
100
AcDbEntity
  8
F.Mask
  6
CONTINUOUS
100
AcDbLine
 10
129.9083149999999875
 20
-70.8459069999999969
 30
0
 11
129.8249999999999886
 21
-70.8499999999999943
 31
0
  0
LINE
  5
21C
330
22
100
AcDbEntity
  8
F.Mask
  6
CONTINUOUS
100
AcDbLine
 10
129.8249999999999886
 20
-70.8499999999999943
 30
0
 11
127.9249999999999972
 21
-70.8499999999999943
 31
0
  0
LINE
  5
21D
330
22
100
AcDbEntity
  8
F.Mask
  6
CONTINUOUS
100
AcDbLine
 10
127.9249999999999972
 20
-70.8499999999999943
 30
0
 11
127.8416849999999982
 21
-70.8459069999999969
 31
0
  0
LINE
  5
21E
330
22
100
AcDbEntity
  8
F.Mask
  6
CONTINUOUS
100
AcDbLine
 10
127.8416849999999982
 20
-70.8459069999999969
 30
0
 11
127.6782579999999996
 21
-70.8133989999999898
 31
0
  0
LINE
  5
21F
330
22
100
AcDbEntity
  8
F.Mask
  6
CONTINUOUS
100
AcDbLine
 10
127.6782579999999996
 20
-70.8133989999999898
 30
0
 11
127.5243129999999923
 21
-70.7496330000000029
 31
0
  0
LINE
  5
220
330
22
100
AcDbEntity
  8
F.Mask
  6
CONTINUOUS
100
AcDbLine
 10
127.5243129999999923
 20
-70.7496330000000029
 30
0
 11
127.3857659999999896
 21
-70.6570590000000038
 31
0
  0
LINE
  5
221
330
22
100
AcDbEntity
  8
F.Mask
  6
CONTINUOUS
100
AcDbLine
 10
127.3857659999999896
 20
-70.6570590000000038
 30
0
 11
127.2679409999999933
 21
-70.5392339999999933
 31
0
  0
LINE
  5
222
330
22
100
AcDbEntity
  8
F.Mask
  6
CONTINUOUS
100
AcDbLine
 10
127.2679409999999933
 20
-70.5392339999999933
 30
0
 11
127.1753669999999943
 21
-70.4006869999999907
 31
0
  0
LINE
  5
223
330
22
100
AcDbEntity
  8
F.Mask
  6
CONTINUOUS
100
AcDbLine
 10
127.1753669999999943
 20
-70.4006869999999907
 30
0
 11
127.1116009999999932
 21
-70.2467419999999976
 31
0
  0
LINE
  5
224
330
22
100
AcDbEntity
  8
F.Mask
  6
CONTINUOUS
100
AcDbLine
 10
127.1116009999999932
 20
-70.2467419999999976
 30
0
 11
127.0790930000000003
 21
-70.0833149999999989
 31
0
  0
LINE
  5
225
330
22
100
AcDbEntity
  8
F.Mask
  6
CONTINUOUS
100
AcDbLine
 10
127.0790930000000003
 20
-70.0833149999999989
 30
0
 11
127.0790930000000003
 21
-69.9166850000000011
 31
0
  0
LINE
  5
226
330
22
100
AcDbEntity
  8
F.Mask
  6
CONTINUOUS
100
AcDbLine
 10
127.0790930000000003
 20
-69.9166850000000011
 30
0
 11
127.1116009999999932
 21
-69.7532580000000024
 31
0
  0
LINE
  5
227
330
22
100
AcDbEntity
  8
F.Mask
  6
CONTINUOUS
100
AcDbLine
 10
127.1116009999999932
 20
-69.7532580000000024
 30
0
 11
127.1753669999999943
 21
-69.5993129999999951
 31
0
  0
LINE
  5
228
330
22
100
AcDbEntity
  8
F.Mask
  6
CONTINUOUS
100
AcDbLine
 10
127.1753669999999943
 20
-69.5993129999999951
 30
0
 11
127.2679409999999933
 21
-69.4607659999999925
 31
0
  0
LINE
  5
229
330
22
100
AcDbEntity
  8
F.Mask
  6
CONTINUOUS
100
AcDbLine
 10
127.2679409999999933
 20
-69.4607659999999925
 30
0
 11
127.3857659999999896
 21
-69.3429409999999962
 31
0
  0
LINE
  5
22A
330
22
100
AcDbEntity
  8
F.Mask
  6
CONTINUOUS
100
AcDbLine
 10
127.3857659999999896
 20
-69.3429409999999962
 30
0
 11
127.5243129999999923
 21
-69.2503669999999971
 31
0
  0
LINE
  5
22B
330
22
100
AcDbEntity
  8
F.Mask
  6
CONTINUOUS
100
AcDbLine
 10
127.5243129999999923
 20
-69.2503669999999971
 30
0
 11
127.6782579999999996
 21
-69.186600999999996
 31
0
  0
LINE
  5
22C
330
22
100
AcDbEntity
  8
F.Mask
  6
CONTINUOUS
100
AcDbLine
 10
127.6782579999999996
 20
-69.186600999999996
 30
0
 11
127.8416849999999982
 21
-69.1540930000000031
 31
0
  0
LINE
  5
22D
330
22
100
AcDbEntity
  8
F.Mask
  6
CONTINUOUS
100
AcDbLine
 10
127.8416849999999982
 20
-69.1540930000000031
 30
0
 11
127.9249999999999972
 21
-69.1499999999999915
 31
0
  0
LINE
  5
22E
330
22
100
AcDbEntity
  8
F.Mask
  6
CONTINUOUS
100
AcDbLine
 10
127.9249999999999972
 20
-69.1499999999999915
 30
0
 11
129.8249999999999886
 21
-69.1499999999999915
 31
0
  0
LINE
  5
22F
330
22
100
AcDbEntity
  8
F.Mask
  6
CONTINUOUS
100
AcDbLine
 10
129.8249999999999886
 20
-69.1499999999999915
 30
0
 11
129.9083149999999875
 21
-69.1540930000000031
 31
0
  0
LINE
  5
230
330
22
100
AcDbEntity
  8
F.Mask
  6
CONTINUOUS
100
AcDbLine
 10
147.2083149999999989
 20
-69.1540930000000031
 30
0
 11
147.3717419999999834
 21
-69.186600999999996
 31
0
  0
LINE
  5
231
330
22
100
AcDbEntity
  8
F.Mask
  6
CONTINUOUS
100
AcDbLine
 10
147.3717419999999834
 20
-69.186600999999996
 30
0
 11
147.5256870000000049
 21
-69.2503669999999971
 31
0
  0
LINE
  5
232
330
22
100
AcDbEntity
  8
F.Mask
  6
CONTINUOUS
100
AcDbLine
 10
147.5256870000000049
 20
-69.2503669999999971
 30
0
 11
147.6642339999999933
 21
-69.3429409999999962
 31
0
  0
LINE
  5
233
330
22
100
AcDbEntity
  8
F.Mask
  6
CONTINUOUS
100
AcDbLine
 10
147.6642339999999933
 20
-69.3429409999999962
 30
0
 11
147.7820590000000038
 21
-69.4607659999999925
 31
0
  0
LINE
  5
234
330
22
100
AcDbEntity
  8
F.Mask
  6
CONTINUOUS
100
AcDbLine
 10
147.7820590000000038
 20
-69.4607659999999925
 30
0
 11
147.8746329999999887
 21
-69.5993129999999951
 31
0
  0
LINE
  5
235
330
22
100
AcDbEntity
  8
F.Mask
  6
CONTINUOUS
100
AcDbLine
 10
147.8746329999999887
 20
-69.5993129999999951
 30
0
 11
147.938399000000004
 21
-69.7532580000000024
 31
0
  0
LINE
  5
236
330
22
100
AcDbEntity
  8
F.Mask
  6
CONTINUOUS
100
AcDbLine
 10
147.938399000000004
 20
-69.7532580000000024
 30
0
 11
147.9709069999999826
 21
-69.9166850000000011
 31
0
  0
LINE
  5
237
330
22
100
AcDbEntity
  8
F.Mask
  6
CONTINUOUS
100
AcDbLine
 10
147.9709069999999826
 20
-69.9166850000000011
 30
0
 11
147.9709069999999826
 21
-70.0833149999999989
 31
0
  0
LINE
  5
238
330
22
100
AcDbEntity
  8
F.Mask
  6
CONTINUOUS
100
AcDbLine
 10
147.9709069999999826
 20
-70.0833149999999989
 30
0
 11
147.938399000000004
 21
-70.2467419999999976
 31
0
  0
LINE
  5
239
330
22
100
AcDbEntity
  8
F.Mask
  6
CONTINUOUS
100
AcDbLine
 10
147.938399000000004
 20
-70.2467419999999976
 30
0
 11
147.8746329999999887
 21
-70.4006869999999907
 31
0
  0
LINE
  5
23A
330
22
100
AcDbEntity
  8
F.Mask
  6
CONTINUOUS
100
AcDbLine
 10
147.8746329999999887
 20
-70.4006869999999907
 30
0
 11
147.7820590000000038
 21
-70.5392339999999933
 31
0
  0
LINE
  5
23B
330
22
100
AcDbEntity
  8
F.Mask
  6
CONTINUOUS
100
AcDbLine
 10
147.7820590000000038
 20
-70.5392339999999933
 30
0
 11
147.6642339999999933
 21
-70.6570590000000038
 31
0
  0
LINE
  5
23C
330
22
100
AcDbEntity
  8
F.Mask
  6
CONTINUOUS
100
AcDbLine
 10
147.6642339999999933
 20
-70.6570590000000038
 30
0
 11
147.5256870000000049
 21
-70.7496330000000029
 31
0
  0
LINE
  5
23D
330
22
100
AcDbEntity
  8
F.Mask
  6
CONTINUOUS
100
AcDbLine
 10
147.5256870000000049
 20
-70.7496330000000029
 30
0
 11
147.3717419999999834
 21
-70.8133989999999898
 31
0
  0
LINE
  5
23E
330
22
100
AcDbEntity
  8
F.Mask
  6
CONTINUOUS
100
AcDbLine
 10
147.3717419999999834
 20
-70.8133989999999898
 30
0
 11
147.2083149999999989
 21
-70.8459069999999969
 31
0
  0
LINE
  5
23F
330
22
100
AcDbEntity
  8
F.Mask
  6
CONTINUOUS
100
AcDbLine
 10
147.2083149999999989
 20
-70.8459069999999969
 30
0
 11
147.125
 21
-70.8499999999999943
 31
0
  0
LINE
  5
240
330
22
100
AcDbEntity
  8
F.Mask
  6
CONTINUOUS
100
AcDbLine
 10
147.125
 20
-70.8499999999999943
 30
0
 11
145.125
 21
-70.8499999999999943
 31
0
  0
LINE
  5
241
330
22
100
AcDbEntity
  8
F.Mask
  6
CONTINUOUS
100
AcDbLine
 10
145.125
 20
-70.8499999999999943
 30
0
 11
145.0416850000000011
 21
-70.8459069999999969
 31
0
  0
LINE
  5
242
330
22
100
AcDbEntity
  8
F.Mask
  6
CONTINUOUS
100
AcDbLine
 10
145.0416850000000011
 20
-70.8459069999999969
 30
0
 11
144.8782579999999882
 21
-70.8133989999999898
 31
0
  0
LINE
  5
243
330
22
100
AcDbEntity
  8
F.Mask
  6
CONTINUOUS
100
AcDbLine
 10
144.8782579999999882
 20
-70.8133989999999898
 30
0
 11
144.7243129999999951
 21
-70.7496330000000029
 31
0
  0
LINE
  5
244
330
22
100
AcDbEntity
  8
F.Mask
  6
CONTINUOUS
100
AcDbLine
 10
144.7243129999999951
 20
-70.7496330000000029
 30
0
 11
144.5857660000000067
 21
-70.6570590000000038
 31
0
  0
LINE
  5
245
330
22
100
AcDbEntity
  8
F.Mask
  6
CONTINUOUS
100
AcDbLine
 10
144.5857660000000067
 20
-70.6570590000000038
 30
0
 11
144.4679409999999962
 21
-70.5392339999999933
 31
0
  0
LINE
  5
246
330
22
100
AcDbEntity
  8
F.Mask
  6
CONTINUOUS
100
AcDbLine
 10
144.4679409999999962
 20
-70.5392339999999933
 30
0
 11
144.3753669999999829
 21
-70.4006869999999907
 31
0
  0
LINE
  5
247
330
22
100
AcDbEntity
  8
F.Mask
  6
CONTINUOUS
100
AcDbLine
 10
144.3753669999999829
 20
-70.4006869999999907
 30
0
 11
144.311600999999996
 21
-70.2467419999999976
 31
0
  0
LINE
  5
248
330
22
100
AcDbEntity
  8
F.Mask
  6
CONTINUOUS
100
AcDbLine
 10
144.311600999999996
 20
-70.2467419999999976
 30
0
 11
144.2790929999999889
 21
-70.0833149999999989
 31
0
  0
LINE
  5
249
330
22
100
AcDbEntity
  8
F.Mask
  6
CONTINUOUS
100
AcDbLine
 10
144.2790929999999889
 20
-70.0833149999999989
 30
0
 11
144.2790929999999889
 21
-69.9166850000000011
 31
0
  0
LINE
  5
24A
330
22
100
AcDbEntity
  8
F.Mask
  6
CONTINUOUS
100
AcDbLine
 10
144.2790929999999889
 20
-69.9166850000000011
 30
0
 11
144.311600999999996
 21
-69.7532580000000024
 31
0
  0
LINE
  5
24B
330
22
100
AcDbEntity
  8
F.Mask
  6
CONTINUOUS
100
AcDbLine
 10
144.311600999999996
 20
-69.7532580000000024
 30
0
 11
144.3753669999999829
 21
-69.5993129999999951
 31
0
  0
LINE
  5
24C
330
22
100
AcDbEntity
  8
F.Mask
  6
CONTINUOUS
100
AcDbLine
 10
144.3753669999999829
 20
-69.5993129999999951
 30
0
 11
144.4679409999999962
 21
-69.4607659999999925
 31
0
  0
LINE
  5
24D
330
22
100
AcDbEntity
  8
F.Mask
  6
CONTINUOUS
100
AcDbLine
 10
144.4679409999999962
 20
-69.4607659999999925
 30
0
 11
144.5857660000000067
 21
-69.3429409999999962
 31
0
  0
LINE
  5
24E
330
22
100
AcDbEntity
  8
F.Mask
  6
CONTINUOUS
100
AcDbLine
 10
144.5857660000000067
 20
-69.3429409999999962
 30
0
 11
144.7243129999999951
 21
-69.2503669999999971
 31
0
  0
LINE
  5
24F
330
22
100
AcDbEntity
  8
F.Mask
  6
CONTINUOUS
100
AcDbLine
 10
144.7243129999999951
 20
-69.2503669999999971
 30
0
 11
144.8782579999999882
 21
-69.186600999999996
 31
0
  0
LINE
  5
250
330
22
100
AcDbEntity
  8
F.Mask
  6
CONTINUOUS
100
AcDbLine
 10
144.8782579999999882
 20
-69.186600999999996
 30
0
 11
145.0416850000000011
 21
-69.1540930000000031
 31
0
  0
LINE
  5
251
330
22
100
AcDbEntity
  8
F.Mask
  6
CONTINUOUS
100
AcDbLine
 10
145.0416850000000011
 20
-69.1540930000000031
 30
0
 11
145.125
 21
-69.1499999999999915
 31
0
  0
LINE
  5
252
330
22
100
AcDbEntity
  8
F.Mask
  6
CONTINUOUS
100
AcDbLine
 10
145.125
 20
-69.1499999999999915
 30
0
 11
147.125
 21
-69.1499999999999915
 31
0
  0
LINE
  5
253
330
22
100
AcDbEntity
  8
F.Mask
  6
CONTINUOUS
100
AcDbLine
 10
147.125
 20
-69.1499999999999915
 30
0
 11
147.2083149999999989
 21
-69.1540930000000031
 31
0
  0
LINE
  5
254
330
22
100
AcDbEntity
  8
F.Mask
  6
CONTINUOUS
100
AcDbLine
 10
110.7902849999999972
 20
-68.543059999999997
 30
0
 11
110.9713969999999961
 21
-68.6180789999999945
 31
0
  0
LINE
  5
255
330
22
100
AcDbEntity
  8
F.Mask
  6
CONTINUOUS
100
AcDbLine
 10
110.9713969999999961
 20
-68.6180789999999945
 30
0
 11
111.1343929999999887
 21
-68.7269900000000007
 31
0
  0
LINE
  5
256
330
22
100
AcDbEntity
  8
F.Mask
  6
CONTINUOUS
100
AcDbLine
 10
111.1343929999999887
 20
-68.7269900000000007
 30
0
 11
111.2730099999999993
 21
-68.8656069999999971
 31
0
  0
LINE
  5
257
330
22
100
AcDbEntity
  8
F.Mask
  6
CONTINUOUS
100
AcDbLine
 10
111.2730099999999993
 20
-68.8656069999999971
 30
0
 11
111.3819209999999913
 21
-69.0286030000000039
 31
0
  0
LINE
  5
258
330
22
100
AcDbEntity
  8
F.Mask
  6
CONTINUOUS
100
AcDbLine
 10
111.3819209999999913
 20
-69.0286030000000039
 30
0
 11
111.4569399999999888
 21
-69.2097150000000028
 31
0
  0
LINE
  5
259
330
22
100
AcDbEntity
  8
F.Mask
  6
CONTINUOUS
100
AcDbLine
 10
111.4569399999999888
 20
-69.2097150000000028
 30
0
 11
111.4951849999999922
 21
-69.4019830000000013
 31
0
  0
LINE
  5
25A
330
22
100
AcDbEntity
  8
F.Mask
  6
CONTINUOUS
100
AcDbLine
 10
111.4951849999999922
 20
-69.4019830000000013
 30
0
 11
111.4951849999999922
 21
-69.5980169999999987
 31
0
  0
LINE
  5
25B
330
22
100
AcDbEntity
  8
F.Mask
  6
CONTINUOUS
100
AcDbLine
 10
111.4951849999999922
 20
-69.5980169999999987
 30
0
 11
111.4569399999999888
 21
-69.7902849999999972
 31
0
  0
LINE
  5
25C
330
22
100
AcDbEntity
  8
F.Mask
  6
CONTINUOUS
100
AcDbLine
 10
111.4569399999999888
 20
-69.7902849999999972
 30
0
 11
111.3819209999999913
 21
-69.9713969999999961
 31
0
  0
LINE
  5
25D
330
22
100
AcDbEntity
  8
F.Mask
  6
CONTINUOUS
100
AcDbLine
 10
111.3819209999999913
 20
-69.9713969999999961
 30
0
 11
111.2730099999999993
 21
-70.1343930000000029
 31
0
  0
LINE
  5
25E
330
22
100
AcDbEntity
  8
F.Mask
  6
CONTINUOUS
100
AcDbLine
 10
111.2730099999999993
 20
-70.1343930000000029
 30
0
 11
111.1343929999999887
 21
-70.2730099999999993
 31
0
  0
LINE
  5
25F
330
22
100
AcDbEntity
  8
F.Mask
  6
CONTINUOUS
100
AcDbLine
 10
111.1343929999999887
 20
-70.2730099999999993
 30
0
 11
110.9713969999999961
 21
-70.3819209999999913
 31
0
  0
LINE
  5
260
330
22
100
AcDbEntity
  8
F.Mask
  6
CONTINUOUS
100
AcDbLine
 10
110.9713969999999961
 20
-70.3819209999999913
 30
0
 11
110.7902849999999972
 21
-70.456940000000003
 31
0
  0
LINE
  5
261
330
22
100
AcDbEntity
  8
F.Mask
  6
CONTINUOUS
100
AcDbLine
 10
110.7902849999999972
 20
-70.456940000000003
 30
0
 11
110.5980169999999987
 21
-70.4951849999999922
 31
0
  0
LINE
  5
262
330
22
100
AcDbEntity
  8
F.Mask
  6
CONTINUOUS
100
AcDbLine
 10
110.5980169999999987
 20
-70.4951849999999922
 30
0
 11
110.4019830000000013
 21
-70.4951849999999922
 31
0
  0
LINE
  5
263
330
22
100
AcDbEntity
  8
F.Mask
  6
CONTINUOUS
100
AcDbLine
 10
110.4019830000000013
 20
-70.4951849999999922
 30
0
 11
110.2097149999999885
 21
-70.456940000000003
 31
0
  0
LINE
  5
264
330
22
100
AcDbEntity
  8
F.Mask
  6
CONTINUOUS
100
AcDbLine
 10
110.2097149999999885
 20
-70.456940000000003
 30
0
 11
110.0286029999999897
 21
-70.3819209999999913
 31
0
  0
LINE
  5
265
330
22
100
AcDbEntity
  8
F.Mask
  6
CONTINUOUS
100
AcDbLine
 10
110.0286029999999897
 20
-70.3819209999999913
 30
0
 11
109.8656069999999971
 21
-70.2730099999999993
 31
0
  0
LINE
  5
266
330
22
100
AcDbEntity
  8
F.Mask
  6
CONTINUOUS
100
AcDbLine
 10
109.8656069999999971
 20
-70.2730099999999993
 30
0
 11
109.7269900000000007
 21
-70.1343930000000029
 31
0
  0
LINE
  5
267
330
22
100
AcDbEntity
  8
F.Mask
  6
CONTINUOUS
100
AcDbLine
 10
109.7269900000000007
 20
-70.1343930000000029
 30
0
 11
109.6180789999999945
 21
-69.9713969999999961
 31
0
  0
LINE
  5
268
330
22
100
AcDbEntity
  8
F.Mask
  6
CONTINUOUS
100
AcDbLine
 10
109.6180789999999945
 20
-69.9713969999999961
 30
0
 11
109.543059999999997
 21
-69.7902849999999972
 31
0
  0
LINE
  5
269
330
22
100
AcDbEntity
  8
F.Mask
  6
CONTINUOUS
100
AcDbLine
 10
109.543059999999997
 20
-69.7902849999999972
 30
0
 11
109.5048149999999936
 21
-69.5980169999999987
 31
0
  0
LINE
  5
26A
330
22
100
AcDbEntity
  8
F.Mask
  6
CONTINUOUS
100
AcDbLine
 10
109.5048149999999936
 20
-69.5980169999999987
 30
0
 11
109.5048149999999936
 21
-69.4019830000000013
 31
0
  0
LINE
  5
26B
330
22
100
AcDbEntity
  8
F.Mask
  6
CONTINUOUS
100
AcDbLine
 10
109.5048149999999936
 20
-69.4019830000000013
 30
0
 11
109.543059999999997
 21
-69.2097150000000028
 31
0
  0
LINE
  5
26C
330
22
100
AcDbEntity
  8
F.Mask
  6
CONTINUOUS
100
AcDbLine
 10
109.543059999999997
 20
-69.2097150000000028
 30
0
 11
109.6180789999999945
 21
-69.0286030000000039
 31
0
  0
LINE
  5
26D
330
22
100
AcDbEntity
  8
F.Mask
  6
CONTINUOUS
100
AcDbLine
 10
109.6180789999999945
 20
-69.0286030000000039
 30
0
 11
109.7269900000000007
 21
-68.8656069999999971
 31
0
  0
LINE
  5
26E
330
22
100
AcDbEntity
  8
F.Mask
  6
CONTINUOUS
100
AcDbLine
 10
109.7269900000000007
 20
-68.8656069999999971
 30
0
 11
109.8656069999999971
 21
-68.7269900000000007
 31
0
  0
LINE
  5
26F
330
22
100
AcDbEntity
  8
F.Mask
  6
CONTINUOUS
100
AcDbLine
 10
109.8656069999999971
 20
-68.7269900000000007
 30
0
 11
110.0286029999999897
 21
-68.6180789999999945
 31
0
  0
LINE
  5
270
330
22
100
AcDbEntity
  8
F.Mask
  6
CONTINUOUS
100
AcDbLine
 10
110.0286029999999897
 20
-68.6180789999999945
 30
0
 11
110.2097149999999885
 21
-68.543059999999997
 31
0
  0
LINE
  5
271
330
22
100
AcDbEntity
  8
F.Mask
  6
CONTINUOUS
100
AcDbLine
 10
110.2097149999999885
 20
-68.543059999999997
 30
0
 11
110.4019830000000013
 21
-68.5048149999999936
 31
0
  0
LINE
  5
272
330
22
100
AcDbEntity
  8
F.Mask
  6
CONTINUOUS
100
AcDbLine
 10
110.4019830000000013
 20
-68.5048149999999936
 30
0
 11
110.5980169999999987
 21
-68.5048149999999936
 31
0
  0
LINE
  5
273
330
22
100
AcDbEntity
  8
F.Mask
  6
CONTINUOUS
100
AcDbLine
 10
110.5980169999999987
 20
-68.5048149999999936
 30
0
 11
110.7902849999999972
 21
-68.543059999999997
 31
0
  0
LINE
  5
274
330
22
100
AcDbEntity
  8
F.Mask
  6
CONTINUOUS
100
AcDbLine
 10
94.9067900000000009
 20
-67.5703929999999957
 30
0
 11
95.0709519999999912
 21
-67.6237330000000014
 31
0
  0
LINE
  5
275
330
22
100
AcDbEntity
  8
F.Mask
  6
CONTINUOUS
100
AcDbLine
 10
95.0709519999999912
 20
-67.6237330000000014
 30
0
 11
95.2247479999999911
 21
-67.7020959999999974
 31
0
  0
LINE
  5
276
330
22
100
AcDbEntity
  8
F.Mask
  6
CONTINUOUS
100
AcDbLine
 10
95.2247479999999911
 20
-67.7020959999999974
 30
0
 11
95.3643929999999926
 21
-67.8035529999999937
 31
0
  0
LINE
  5
277
330
22
100
AcDbEntity
  8
F.Mask
  6
CONTINUOUS
100
AcDbLine
 10
95.3643929999999926
 20
-67.8035529999999937
 30
0
 11
95.4864469999999983
 21
-67.9256069999999994
 31
0
  0
LINE
  5
278
330
22
100
AcDbEntity
  8
F.Mask
  6
CONTINUOUS
100
AcDbLine
 10
95.4864469999999983
 20
-67.9256069999999994
 30
0
 11
95.5879039999999947
 21
-68.065252000000001
 31
0
  0
LINE
  5
279
330
22
100
AcDbEntity
  8
F.Mask
  6
CONTINUOUS
100
AcDbLine
 10
95.5879039999999947
 20
-68.065252000000001
 30
0
 11
95.6662669999999906
 21
-68.2190480000000008
 31
0
  0
LINE
  5
27A
330
22
100
AcDbEntity
  8
F.Mask
  6
CONTINUOUS
100
AcDbLine
 10
95.6662669999999906
 20
-68.2190480000000008
 30
0
 11
95.7196069999999963
 21
-68.3832099999999912
 31
0
  0
LINE
  5
27B
330
22
100
AcDbEntity
  8
F.Mask
  6
CONTINUOUS
100
AcDbLine
 10
95.7196069999999963
 20
-68.3832099999999912
 30
0
 11
95.7466089999999923
 21
-68.5536949999999905
 31
0
  0
LINE
  5
27C
330
22
100
AcDbEntity
  8
F.Mask
  6
CONTINUOUS
100
AcDbLine
 10
95.7466089999999923
 20
-68.5536949999999905
 30
0
 11
95.7466089999999923
 21
-68.7263049999999964
 31
0
  0
LINE
  5
27D
330
22
100
AcDbEntity
  8
F.Mask
  6
CONTINUOUS
100
AcDbLine
 10
95.7466089999999923
 20
-68.7263049999999964
 30
0
 11
95.7196069999999963
 21
-68.8967899999999958
 31
0
  0
LINE
  5
27E
330
22
100
AcDbEntity
  8
F.Mask
  6
CONTINUOUS
100
AcDbLine
 10
95.7196069999999963
 20
-68.8967899999999958
 30
0
 11
95.6662669999999906
 21
-69.0609520000000003
 31
0
  0
LINE
  5
27F
330
22
100
AcDbEntity
  8
F.Mask
  6
CONTINUOUS
100
AcDbLine
 10
95.6662669999999906
 20
-69.0609520000000003
 30
0
 11
95.5879039999999947
 21
-69.2147480000000002
 31
0
  0
LINE
  5
280
330
22
100
AcDbEntity
  8
F.Mask
  6
CONTINUOUS
100
AcDbLine
 10
95.5879039999999947
 20
-69.2147480000000002
 30
0
 11
95.4864469999999983
 21
-69.3543930000000017
 31
0
  0
LINE
  5
281
330
22
100
AcDbEntity
  8
F.Mask
  6
CONTINUOUS
100
AcDbLine
 10
95.4864469999999983
 20
-69.3543930000000017
 30
0
 11
95.3643929999999926
 21
-69.4764469999999932
 31
0
  0
LINE
  5
282
330
22
100
AcDbEntity
  8
F.Mask
  6
CONTINUOUS
100
AcDbLine
 10
95.3643929999999926
 20
-69.4764469999999932
 30
0
 11
95.2247479999999911
 21
-69.5779040000000037
 31
0
  0
LINE
  5
283
330
22
100
AcDbEntity
  8
F.Mask
  6
CONTINUOUS
100
AcDbLine
 10
95.2247479999999911
 20
-69.5779040000000037
 30
0
 11
95.0709519999999912
 21
-69.6562669999999997
 31
0
  0
LINE
  5
284
330
22
100
AcDbEntity
  8
F.Mask
  6
CONTINUOUS
100
AcDbLine
 10
95.0709519999999912
 20
-69.6562669999999997
 30
0
 11
94.9067900000000009
 21
-69.7096069999999912
 31
0
  0
LINE
  5
285
330
22
100
AcDbEntity
  8
F.Mask
  6
CONTINUOUS
100
AcDbLine
 10
94.9067900000000009
 20
-69.7096069999999912
 30
0
 11
94.7363050000000015
 21
-69.7366090000000014
 31
0
  0
LINE
  5
286
330
22
100
AcDbEntity
  8
F.Mask
  6
CONTINUOUS
100
AcDbLine
 10
94.7363050000000015
 20
-69.7366090000000014
 30
0
 11
94.5636949999999956
 21
-69.7366090000000014
 31
0
  0
LINE
  5
287
330
22
100
AcDbEntity
  8
F.Mask
  6
CONTINUOUS
100
AcDbLine
 10
94.5636949999999956
 20
-69.7366090000000014
 30
0
 11
94.3932099999999963
 21
-69.7096069999999912
 31
0
  0
LINE
  5
288
330
22
100
AcDbEntity
  8
F.Mask
  6
CONTINUOUS
100
AcDbLine
 10
94.3932099999999963
 20
-69.7096069999999912
 30
0
 11
94.2290479999999917
 21
-69.6562669999999997
 31
0
  0
LINE
  5
289
330
22
100
AcDbEntity
  8
F.Mask
  6
CONTINUOUS
100
AcDbLine
 10
94.2290479999999917
 20
-69.6562669999999997
 30
0
 11
94.0752519999999919
 21
-69.5779040000000037
 31
0
  0
LINE
  5
28A
330
22
100
AcDbEntity
  8
F.Mask
  6
CONTINUOUS
100
AcDbLine
 10
94.0752519999999919
 20
-69.5779040000000037
 30
0
 11
93.9356069999999903
 21
-69.4764469999999932
 31
0
  0
LINE
  5
28B
330
22
100
AcDbEntity
  8
F.Mask
  6
CONTINUOUS
100
AcDbLine
 10
93.9356069999999903
 20
-69.4764469999999932
 30
0
 11
93.8135529999999989
 21
-69.3543930000000017
 31
0
  0
LINE
  5
28C
330
22
100
AcDbEntity
  8
F.Mask
  6
CONTINUOUS
100
AcDbLine
 10
93.8135529999999989
 20
-69.3543930000000017
 30
0
 11
93.7120960000000025
 21
-69.2147480000000002
 31
0
  0
LINE
  5
28D
330
22
100
AcDbEntity
  8
F.Mask
  6
CONTINUOUS
100
AcDbLine
 10
93.7120960000000025
 20
-69.2147480000000002
 30
0
 11
93.6337329999999923
 21
-69.0609520000000003
 31
0
  0
LINE
  5
28E
330
22
100
AcDbEntity
  8
F.Mask
  6
CONTINUOUS
100
AcDbLine
 10
93.6337329999999923
 20
-69.0609520000000003
 30
0
 11
93.5803930000000008
 21
-68.8967899999999958
 31
0
  0
LINE
  5
28F
330
22
100
AcDbEntity
  8
F.Mask
  6
CONTINUOUS
100
AcDbLine
 10
93.5803930000000008
 20
-68.8967899999999958
 30
0
 11
93.5533909999999906
 21
-68.7263049999999964
 31
0
  0
LINE
  5
290
330
22
100
AcDbEntity
  8
F.Mask
  6
CONTINUOUS
100
AcDbLine
 10
93.5533909999999906
 20
-68.7263049999999964
 30
0
 11
93.5533909999999906
 21
-68.5536949999999905
 31
0
  0
LINE
  5
291
330
22
100
AcDbEntity
  8
F.Mask
  6
CONTINUOUS
100
AcDbLine
 10
93.5533909999999906
 20
-68.5536949999999905
 30
0
 11
93.5803930000000008
 21
-68.3832099999999912
 31
0
  0
LINE
  5
292
330
22
100
AcDbEntity
  8
F.Mask
  6
CONTINUOUS
100
AcDbLine
 10
93.5803930000000008
 20
-68.3832099999999912
 30
0
 11
93.6337329999999923
 21
-68.2190480000000008
 31
0
  0
LINE
  5
293
330
22
100
AcDbEntity
  8
F.Mask
  6
CONTINUOUS
100
AcDbLine
 10
93.6337329999999923
 20
-68.2190480000000008
 30
0
 11
93.7120960000000025
 21
-68.065252000000001
 31
0
  0
LINE
  5
294
330
22
100
AcDbEntity
  8
F.Mask
  6
CONTINUOUS
100
AcDbLine
 10
93.7120960000000025
 20
-68.065252000000001
 30
0
 11
93.8135529999999989
 21
-67.9256069999999994
 31
0
  0
LINE
  5
295
330
22
100
AcDbEntity
  8
F.Mask
  6
CONTINUOUS
100
AcDbLine
 10
93.8135529999999989
 20
-67.9256069999999994
 30
0
 11
93.9356069999999903
 21
-67.8035529999999937
 31
0
  0
LINE
  5
296
330
22
100
AcDbEntity
  8
F.Mask
  6
CONTINUOUS
100
AcDbLine
 10
93.9356069999999903
 20
-67.8035529999999937
 30
0
 11
94.0752519999999919
 21
-67.7020959999999974
 31
0
  0
LINE
  5
297
330
22
100
AcDbEntity
  8
F.Mask
  6
CONTINUOUS
100
AcDbLine
 10
94.0752519999999919
 20
-67.7020959999999974
 30
0
 11
94.2290479999999917
 21
-67.6237330000000014
 31
0
  0
LINE
  5
298
330
22
100
AcDbEntity
  8
F.Mask
  6
CONTINUOUS
100
AcDbLine
 10
94.2290479999999917
 20
-67.6237330000000014
 30
0
 11
94.3932099999999963
 21
-67.5703929999999957
 31
0
  0
LINE
  5
299
330
22
100
AcDbEntity
  8
F.Mask
  6
CONTINUOUS
100
AcDbLine
 10
94.3932099999999963
 20
-67.5703929999999957
 30
0
 11
94.5636949999999956
 21
-67.5433909999999997
 31
0
  0
LINE
  5
29A
330
22
100
AcDbEntity
  8
F.Mask
  6
CONTINUOUS
100
AcDbLine
 10
94.5636949999999956
 20
-67.5433909999999997
 30
0
 11
94.7363050000000015
 21
-67.5433909999999997
 31
0
  0
LINE
  5
29B
330
22
100
AcDbEntity
  8
F.Mask
  6
CONTINUOUS
100
AcDbLine
 10
94.7363050000000015
 20
-67.5433909999999997
 30
0
 11
94.9067900000000009
 21
-67.5703929999999957
 31
0
  0
LINE
  5
29C
330
22
100
AcDbEntity
  8
F.Mask
  6
CONTINUOUS
100
AcDbLine
 10
129.9083149999999875
 20
-66.6140929999999969
 30
0
 11
130.0717420000000004
 21
-66.646601000000004
 31
0
  0
LINE
  5
29D
330
22
100
AcDbEntity
  8
F.Mask
  6
CONTINUOUS
100
AcDbLine
 10
130.0717420000000004
 20
-66.646601000000004
 30
0
 11
130.2256869999999935
 21
-66.7103669999999909
 31
0
  0
LINE
  5
29E
330
22
100
AcDbEntity
  8
F.Mask
  6
CONTINUOUS
100
AcDbLine
 10
130.2256869999999935
 20
-66.7103669999999909
 30
0
 11
130.364233999999982
 21
-66.8029409999999899
 31
0
  0
LINE
  5
29F
330
22
100
AcDbEntity
  8
F.Mask
  6
CONTINUOUS
100
AcDbLine
 10
130.364233999999982
 20
-66.8029409999999899
 30
0
 11
130.4820589999999925
 21
-66.9207660000000004
 31
0
  0
LINE
  5
2A0
330
22
100
AcDbEntity
  8
F.Mask
  6
CONTINUOUS
100
AcDbLine
 10
130.4820589999999925
 20
-66.9207660000000004
 30
0
 11
130.5746330000000057
 21
-67.0593130000000031
 31
0
  0
LINE
  5
2A1
330
22
100
AcDbEntity
  8
F.Mask
  6
CONTINUOUS
100
AcDbLine
 10
130.5746330000000057
 20
-67.0593130000000031
 30
0
 11
130.6383989999999926
 21
-67.2132579999999962
 31
0
  0
LINE
  5
2A2
330
22
100
AcDbEntity
  8
F.Mask
  6
CONTINUOUS
100
AcDbLine
 10
130.6383989999999926
 20
-67.2132579999999962
 30
0
 11
130.6709069999999997
 21
-67.3766849999999948
 31
0
  0
LINE
  5
2A3
330
22
100
AcDbEntity
  8
F.Mask
  6
CONTINUOUS
100
AcDbLine
 10
130.6709069999999997
 20
-67.3766849999999948
 30
0
 11
130.6709069999999997
 21
-67.5433149999999927
 31
0
  0
LINE
  5
2A4
330
22
100
AcDbEntity
  8
F.Mask
  6
CONTINUOUS
100
AcDbLine
 10
130.6709069999999997
 20
-67.5433149999999927
 30
0
 11
130.6383989999999926
 21
-67.7067419999999913
 31
0
  0
LINE
  5
2A5
330
22
100
AcDbEntity
  8
F.Mask
  6
CONTINUOUS
100
AcDbLine
 10
130.6383989999999926
 20
-67.7067419999999913
 30
0
 11
130.5746330000000057
 21
-67.8606869999999986
 31
0
  0
LINE
  5
2A6
330
22
100
AcDbEntity
  8
F.Mask
  6
CONTINUOUS
100
AcDbLine
 10
130.5746330000000057
 20
-67.8606869999999986
 30
0
 11
130.4820589999999925
 21
-67.9992340000000013
 31
0
  0
LINE
  5
2A7
330
22
100
AcDbEntity
  8
F.Mask
  6
CONTINUOUS
100
AcDbLine
 10
130.4820589999999925
 20
-67.9992340000000013
 30
0
 11
130.364233999999982
 21
-68.1170589999999976
 31
0
  0
LINE
  5
2A8
330
22
100
AcDbEntity
  8
F.Mask
  6
CONTINUOUS
100
AcDbLine
 10
130.364233999999982
 20
-68.1170589999999976
 30
0
 11
130.2256869999999935
 21
-68.2096329999999966
 31
0
  0
LINE
  5
2A9
330
22
100
AcDbEntity
  8
F.Mask
  6
CONTINUOUS
100
AcDbLine
 10
130.2256869999999935
 20
-68.2096329999999966
 30
0
 11
130.0717420000000004
 21
-68.2733989999999977
 31
0
  0
LINE
  5
2AA
330
22
100
AcDbEntity
  8
F.Mask
  6
CONTINUOUS
100
AcDbLine
 10
130.0717420000000004
 20
-68.2733989999999977
 30
0
 11
129.9083149999999875
 21
-68.3059069999999906
 31
0
  0
LINE
  5
2AB
330
22
100
AcDbEntity
  8
F.Mask
  6
CONTINUOUS
100
AcDbLine
 10
129.9083149999999875
 20
-68.3059069999999906
 30
0
 11
129.8249999999999886
 21
-68.3100000000000023
 31
0
  0
LINE
  5
2AC
330
22
100
AcDbEntity
  8
F.Mask
  6
CONTINUOUS
100
AcDbLine
 10
129.8249999999999886
 20
-68.3100000000000023
 30
0
 11
127.9249999999999972
 21
-68.3100000000000023
 31
0
  0
LINE
  5
2AD
330
22
100
AcDbEntity
  8
F.Mask
  6
CONTINUOUS
100
AcDbLine
 10
127.9249999999999972
 20
-68.3100000000000023
 30
0
 11
127.8416849999999982
 21
-68.3059069999999906
 31
0
  0
LINE
  5
2AE
330
22
100
AcDbEntity
  8
F.Mask
  6
CONTINUOUS
100
AcDbLine
 10
127.8416849999999982
 20
-68.3059069999999906
 30
0
 11
127.6782579999999996
 21
-68.2733989999999977
 31
0
  0
LINE
  5
2AF
330
22
100
AcDbEntity
  8
F.Mask
  6
CONTINUOUS
100
AcDbLine
 10
127.6782579999999996
 20
-68.2733989999999977
 30
0
 11
127.5243129999999923
 21
-68.2096329999999966
 31
0
  0
LINE
  5
2B0
330
22
100
AcDbEntity
  8
F.Mask
  6
CONTINUOUS
100
AcDbLine
 10
127.5243129999999923
 20
-68.2096329999999966
 30
0
 11
127.3857659999999896
 21
-68.1170589999999976
 31
0
  0
LINE
  5
2B1
330
22
100
AcDbEntity
  8
F.Mask
  6
CONTINUOUS
100
AcDbLine
 10
127.3857659999999896
 20
-68.1170589999999976
 30
0
 11
127.2679409999999933
 21
-67.9992340000000013
 31
0
  0
LINE
  5
2B2
330
22
100
AcDbEntity
  8
F.Mask
  6
CONTINUOUS
100
AcDbLine
 10
127.2679409999999933
 20
-67.9992340000000013
 30
0
 11
127.1753669999999943
 21
-67.8606869999999986
 31
0
  0
LINE
  5
2B3
330
22
100
AcDbEntity
  8
F.Mask
  6
CONTINUOUS
100
AcDbLine
 10
127.1753669999999943
 20
-67.8606869999999986
 30
0
 11
127.1116009999999932
 21
-67.7067419999999913
 31
0
  0
LINE
  5
2B4
330
22
100
AcDbEntity
  8
F.Mask
  6
CONTINUOUS
100
AcDbLine
 10
127.1116009999999932
 20
-67.7067419999999913
 30
0
 11
127.0790930000000003
 21
-67.5433149999999927
 31
0
  0
LINE
  5
2B5
330
22
100
AcDbEntity
  8
F.Mask
  6
CONTINUOUS
100
AcDbLine
 10
127.0790930000000003
 20
-67.5433149999999927
 30
0
 11
127.0790930000000003
 21
-67.3766849999999948
 31
0
  0
LINE
  5
2B6
330
22
100
AcDbEntity
  8
F.Mask
  6
CONTINUOUS
100
AcDbLine
 10
127.0790930000000003
 20
-67.3766849999999948
 30
0
 11
127.1116009999999932
 21
-67.2132579999999962
 31
0
  0
LINE
  5
2B7
330
22
100
AcDbEntity
  8
F.Mask
  6
CONTINUOUS
100
AcDbLine
 10
127.1116009999999932
 20
-67.2132579999999962
 30
0
 11
127.1753669999999943
 21
-67.0593130000000031
 31
0
  0
LINE
  5
2B8
330
22
100
AcDbEntity
  8
F.Mask
  6
CONTINUOUS
100
AcDbLine
 10
127.1753669999999943
 20
-67.0593130000000031
 30
0
 11
127.2679409999999933
 21
-66.9207660000000004
 31
0
  0
LINE
  5
2B9
330
22
100
AcDbEntity
  8
F.Mask
  6
CONTINUOUS
100
AcDbLine
 10
127.2679409999999933
 20
-66.9207660000000004
 30
0
 11
127.3857659999999896
 21
-66.8029409999999899
 31
0
  0
LINE
  5
2BA
330
22
100
AcDbEntity
  8
F.Mask
  6
CONTINUOUS
100
AcDbLine
 10
127.3857659999999896
 20
-66.8029409999999899
 30
0
 11
127.5243129999999923
 21
-66.7103669999999909
 31
0
  0
LINE
  5
2BB
330
22
100
AcDbEntity
  8
F.Mask
  6
CONTINUOUS
100
AcDbLine
 10
127.5243129999999923
 20
-66.7103669999999909
 30
0
 11
127.6782579999999996
 21
-66.646601000000004
 31
0
  0
LINE
  5
2BC
330
22
100
AcDbEntity
  8
F.Mask
  6
CONTINUOUS
100
AcDbLine
 10
127.6782579999999996
 20
-66.646601000000004
 30
0
 11
127.8416849999999982
 21
-66.6140929999999969
 31
0
  0
LINE
  5
2BD
330
22
100
AcDbEntity
  8
F.Mask
  6
CONTINUOUS
100
AcDbLine
 10
127.8416849999999982
 20
-66.6140929999999969
 30
0
 11
127.9249999999999972
 21
-66.6099999999999994
 31
0
  0
LINE
  5
2BE
330
22
100
AcDbEntity
  8
F.Mask
  6
CONTINUOUS
100
AcDbLine
 10
127.9249999999999972
 20
-66.6099999999999994
 30
0
 11
129.8249999999999886
 21
-66.6099999999999994
 31
0
  0
LINE
  5
2BF
330
22
100
AcDbEntity
  8
F.Mask
  6
CONTINUOUS
100
AcDbLine
 10
129.8249999999999886
 20
-66.6099999999999994
 30
0
 11
129.9083149999999875
 21
-66.6140929999999969
 31
0
  0
LINE
  5
2C0
330
22
100
AcDbEntity
  8
F.Mask
  6
CONTINUOUS
100
AcDbLine
 10
147.2083149999999989
 20
-66.6140929999999969
 30
0
 11
147.3717419999999834
 21
-66.646601000000004
 31
0
  0
LINE
  5
2C1
330
22
100
AcDbEntity
  8
F.Mask
  6
CONTINUOUS
100
AcDbLine
 10
147.3717419999999834
 20
-66.646601000000004
 30
0
 11
147.5256870000000049
 21
-66.7103669999999909
 31
0
  0
LINE
  5
2C2
330
22
100
AcDbEntity
  8
F.Mask
  6
CONTINUOUS
100
AcDbLine
 10
147.5256870000000049
 20
-66.7103669999999909
 30
0
 11
147.6642339999999933
 21
-66.8029409999999899
 31
0
  0
LINE
  5
2C3
330
22
100
AcDbEntity
  8
F.Mask
  6
CONTINUOUS
100
AcDbLine
 10
147.6642339999999933
 20
-66.8029409999999899
 30
0
 11
147.7820590000000038
 21
-66.9207660000000004
 31
0
  0
LINE
  5
2C4
330
22
100
AcDbEntity
  8
F.Mask
  6
CONTINUOUS
100
AcDbLine
 10
147.7820590000000038
 20
-66.9207660000000004
 30
0
 11
147.8746329999999887
 21
-67.0593130000000031
 31
0
  0
LINE
  5
2C5
330
22
100
AcDbEntity
  8
F.Mask
  6
CONTINUOUS
100
AcDbLine
 10
147.8746329999999887
 20
-67.0593130000000031
 30
0
 11
147.938399000000004
 21
-67.2132579999999962
 31
0
  0
LINE
  5
2C6
330
22
100
AcDbEntity
  8
F.Mask
  6
CONTINUOUS
100
AcDbLine
 10
147.938399000000004
 20
-67.2132579999999962
 30
0
 11
147.9709069999999826
 21
-67.3766849999999948
 31
0
  0
LINE
  5
2C7
330
22
100
AcDbEntity
  8
F.Mask
  6
CONTINUOUS
100
AcDbLine
 10
147.9709069999999826
 20
-67.3766849999999948
 30
0
 11
147.9709069999999826
 21
-67.5433149999999927
 31
0
  0
LINE
  5
2C8
330
22
100
AcDbEntity
  8
F.Mask
  6
CONTINUOUS
100
AcDbLine
 10
147.9709069999999826
 20
-67.5433149999999927
 30
0
 11
147.938399000000004
 21
-67.7067419999999913
 31
0
  0
LINE
  5
2C9
330
22
100
AcDbEntity
  8
F.Mask
  6
CONTINUOUS
100
AcDbLine
 10
147.938399000000004
 20
-67.7067419999999913
 30
0
 11
147.8746329999999887
 21
-67.8606869999999986
 31
0
  0
LINE
  5
2CA
330
22
100
AcDbEntity
  8
F.Mask
  6
CONTINUOUS
100
AcDbLine
 10
147.8746329999999887
 20
-67.8606869999999986
 30
0
 11
147.7820590000000038
 21
-67.9992340000000013
 31
0
  0
LINE
  5
2CB
330
22
100
AcDbEntity
  8
F.Mask
  6
CONTINUOUS
100
AcDbLine
 10
147.7820590000000038
 20
-67.9992340000000013
 30
0
 11
147.6642339999999933
 21
-68.1170589999999976
 31
0
  0
LINE
  5
2CC
330
22
100
AcDbEntity
  8
F.Mask
  6
CONTINUOUS
100
AcDbLine
 10
147.6642339999999933
 20
-68.1170589999999976
 30
0
 11
147.5256870000000049
 21
-68.2096329999999966
 31
0
  0
LINE
  5
2CD
330
22
100
AcDbEntity
  8
F.Mask
  6
CONTINUOUS
100
AcDbLine
 10
147.5256870000000049
 20
-68.2096329999999966
 30
0
 11
147.3717419999999834
 21
-68.2733989999999977
 31
0
  0
LINE
  5
2CE
330
22
100
AcDbEntity
  8
F.Mask
  6
CONTINUOUS
100
AcDbLine
 10
147.3717419999999834
 20
-68.2733989999999977
 30
0
 11
147.2083149999999989
 21
-68.3059069999999906
 31
0
  0
LINE
  5
2CF
330
22
100
AcDbEntity
  8
F.Mask
  6
CONTINUOUS
100
AcDbLine
 10
147.2083149999999989
 20
-68.3059069999999906
 30
0
 11
147.125
 21
-68.3100000000000023
 31
0
  0
LINE
  5
2D0
330
22
100
AcDbEntity
  8
F.Mask
  6
CONTINUOUS
100
AcDbLine
 10
147.125
 20
-68.3100000000000023
 30
0
 11
145.125
 21
-68.3100000000000023
 31
0
  0
LINE
  5
2D1
330
22
100
AcDbEntity
  8
F.Mask
  6
CONTINUOUS
100
AcDbLine
 10
145.125
 20
-68.3100000000000023
 30
0
 11
145.0416850000000011
 21
-68.3059069999999906
 31
0
  0
LINE
  5
2D2
330
22
100
AcDbEntity
  8
F.Mask
  6
CONTINUOUS
100
AcDbLine
 10
145.0416850000000011
 20
-68.3059069999999906
 30
0
 11
144.8782579999999882
 21
-68.2733989999999977
 31
0
  0
LINE
  5
2D3
330
22
100
AcDbEntity
  8
F.Mask
  6
CONTINUOUS
100
AcDbLine
 10
144.8782579999999882
 20
-68.2733989999999977
 30
0
 11
144.7243129999999951
 21
-68.2096329999999966
 31
0
  0
LINE
  5
2D4
330
22
100
AcDbEntity
  8
F.Mask
  6
CONTINUOUS
100
AcDbLine
 10
144.7243129999999951
 20
-68.2096329999999966
 30
0
 11
144.5857660000000067
 21
-68.1170589999999976
 31
0
  0
LINE
  5
2D5
330
22
100
AcDbEntity
  8
F.Mask
  6
CONTINUOUS
100
AcDbLine
 10
144.5857660000000067
 20
-68.1170589999999976
 30
0
 11
144.4679409999999962
 21
-67.9992340000000013
 31
0
  0
LINE
  5
2D6
330
22
100
AcDbEntity
  8
F.Mask
  6
CONTINUOUS
100
AcDbLine
 10
144.4679409999999962
 20
-67.9992340000000013
 30
0
 11
144.3753669999999829
 21
-67.8606869999999986
 31
0
  0
LINE
  5
2D7
330
22
100
AcDbEntity
  8
F.Mask
  6
CONTINUOUS
100
AcDbLine
 10
144.3753669999999829
 20
-67.8606869999999986
 30
0
 11
144.311600999999996
 21
-67.7067419999999913
 31
0
  0
LINE
  5
2D8
330
22
100
AcDbEntity
  8
F.Mask
  6
CONTINUOUS
100
AcDbLine
 10
144.311600999999996
 20
-67.7067419999999913
 30
0
 11
144.2790929999999889
 21
-67.5433149999999927
 31
0
  0
LINE
  5
2D9
330
22
100
AcDbEntity
  8
F.Mask
  6
CONTINUOUS
100
AcDbLine
 10
144.2790929999999889
 20
-67.5433149999999927
 30
0
 11
144.2790929999999889
 21
-67.3766849999999948
 31
0
  0
LINE
  5
2DA
330
22
100
AcDbEntity
  8
F.Mask
  6
CONTINUOUS
100
AcDbLine
 10
144.2790929999999889
 20
-67.3766849999999948
 30
0
 11
144.311600999999996
 21
-67.2132579999999962
 31
0
  0
LINE
  5
2DB
330
22
100
AcDbEntity
  8
F.Mask
  6
CONTINUOUS
100
AcDbLine
 10
144.311600999999996
 20
-67.2132579999999962
 30
0
 11
144.3753669999999829
 21
-67.0593130000000031
 31
0
  0
LINE
  5
2DC
330
22
100
AcDbEntity
  8
F.Mask
  6
CONTINUOUS
100
AcDbLine
 10
144.3753669999999829
 20
-67.0593130000000031
 30
0
 11
144.4679409999999962
 21
-66.9207660000000004
 31
0
  0
LINE
  5
2DD
330
22
100
AcDbEntity
  8
F.Mask
  6
CONTINUOUS
100
AcDbLine
 10
144.4679409999999962
 20
-66.9207660000000004
 30
0
 11
144.5857660000000067
 21
-66.8029409999999899
 31
0
  0
LINE
  5
2DE
330
22
100
AcDbEntity
  8
F.Mask
  6
CONTINUOUS
100
AcDbLine
 10
144.5857660000000067
 20
-66.8029409999999899
 30
0
 11
144.7243129999999951
 21
-66.7103669999999909
 31
0
  0
LINE
  5
2DF
330
22
100
AcDbEntity
  8
F.Mask
  6
CONTINUOUS
100
AcDbLine
 10
144.7243129999999951
 20
-66.7103669999999909
 30
0
 11
144.8782579999999882
 21
-66.646601000000004
 31
0
  0
LINE
  5
2E0
330
22
100
AcDbEntity
  8
F.Mask
  6
CONTINUOUS
100
AcDbLine
 10
144.8782579999999882
 20
-66.646601000000004
 30
0
 11
145.0416850000000011
 21
-66.6140929999999969
 31
0
  0
LINE
  5
2E1
330
22
100
AcDbEntity
  8
F.Mask
  6
CONTINUOUS
100
AcDbLine
 10
145.0416850000000011
 20
-66.6140929999999969
 30
0
 11
145.125
 21
-66.6099999999999994
 31
0
  0
LINE
  5
2E2
330
22
100
AcDbEntity
  8
F.Mask
  6
CONTINUOUS
100
AcDbLine
 10
145.125
 20
-66.6099999999999994
 30
0
 11
147.125
 21
-66.6099999999999994
 31
0
  0
LINE
  5
2E3
330
22
100
AcDbEntity
  8
F.Mask
  6
CONTINUOUS
100
AcDbLine
 10
147.125
 20
-66.6099999999999994
 30
0
 11
147.2083149999999989
 21
-66.6140929999999969
 31
0
  0
LINE
  5
2E4
330
22
100
AcDbEntity
  8
F.Mask
  6
CONTINUOUS
100
AcDbLine
 10
111.5
 20
-68.
 30
0
 11
109.5
 21
-68.
 31
0
  0
LINE
  5
2E5
330
22
100
AcDbEntity
  8
F.Mask
  6
CONTINUOUS
100
AcDbLine
 10
109.5
 20
-68.
 30
0
 11
109.5
 21
-66.
 31
0
  0
LINE
  5
2E6
330
22
100
AcDbEntity
  8
F.Mask
  6
CONTINUOUS
100
AcDbLine
 10
109.5
 20
-66.
 30
0
 11
111.5
 21
-66.
 31
0
  0
LINE
  5
2E7
330
22
100
AcDbEntity
  8
F.Mask
  6
CONTINUOUS
100
AcDbLine
 10
111.5
 20
-66.
 30
0
 11
111.5
 21
-68.
 31
0
  0
LINE
  5
2E8
330
22
100
AcDbEntity
  8
F.Mask
  6
CONTINUOUS
100
AcDbLine
 10
125.2902849999999972
 20
-66.043059999999997
 30
0
 11
125.4713969999999961
 21
-66.1180789999999945
 31
0
  0
LINE
  5
2E9
330
22
100
AcDbEntity
  8
F.Mask
  6
CONTINUOUS
100
AcDbLine
 10
125.4713969999999961
 20
-66.1180789999999945
 30
0
 11
125.6343929999999887
 21
-66.2269900000000007
 31
0
  0
LINE
  5
2EA
330
22
100
AcDbEntity
  8
F.Mask
  6
CONTINUOUS
100
AcDbLine
 10
125.6343929999999887
 20
-66.2269900000000007
 30
0
 11
125.7730099999999993
 21
-66.3656069999999971
 31
0
  0
LINE
  5
2EB
330
22
100
AcDbEntity
  8
F.Mask
  6
CONTINUOUS
100
AcDbLine
 10
125.7730099999999993
 20
-66.3656069999999971
 30
0
 11
125.8819209999999913
 21
-66.5286030000000039
 31
0
  0
LINE
  5
2EC
330
22
100
AcDbEntity
  8
F.Mask
  6
CONTINUOUS
100
AcDbLine
 10
125.8819209999999913
 20
-66.5286030000000039
 30
0
 11
125.9569399999999888
 21
-66.7097150000000028
 31
0
  0
LINE
  5
2ED
330
22
100
AcDbEntity
  8
F.Mask
  6
CONTINUOUS
100
AcDbLine
 10
125.9569399999999888
 20
-66.7097150000000028
 30
0
 11
125.9951849999999922
 21
-66.9019830000000013
 31
0
  0
LINE
  5
2EE
330
22
100
AcDbEntity
  8
F.Mask
  6
CONTINUOUS
100
AcDbLine
 10
125.9951849999999922
 20
-66.9019830000000013
 30
0
 11
125.9951849999999922
 21
-67.0980169999999987
 31
0
  0
LINE
  5
2EF
330
22
100
AcDbEntity
  8
F.Mask
  6
CONTINUOUS
100
AcDbLine
 10
125.9951849999999922
 20
-67.0980169999999987
 30
0
 11
125.9569399999999888
 21
-67.2902849999999972
 31
0
  0
LINE
  5
2F0
330
22
100
AcDbEntity
  8
F.Mask
  6
CONTINUOUS
100
AcDbLine
 10
125.9569399999999888
 20
-67.2902849999999972
 30
0
 11
125.8819209999999913
 21
-67.4713969999999961
 31
0
  0
LINE
  5
2F1
330
22
100
AcDbEntity
  8
F.Mask
  6
CONTINUOUS
100
AcDbLine
 10
125.8819209999999913
 20
-67.4713969999999961
 30
0
 11
125.7730099999999993
 21
-67.6343930000000029
 31
0
  0
LINE
  5
2F2
330
22
100
AcDbEntity
  8
F.Mask
  6
CONTINUOUS
100
AcDbLine
 10
125.7730099999999993
 20
-67.6343930000000029
 30
0
 11
125.6343929999999887
 21
-67.7730099999999993
 31
0
  0
LINE
  5
2F3
330
22
100
AcDbEntity
  8
F.Mask
  6
CONTINUOUS
100
AcDbLine
 10
125.6343929999999887
 20
-67.7730099999999993
 30
0
 11
125.4713969999999961
 21
-67.8819209999999913
 31
0
  0
LINE
  5
2F4
330
22
100
AcDbEntity
  8
F.Mask
  6
CONTINUOUS
100
AcDbLine
 10
125.4713969999999961
 20
-67.8819209999999913
 30
0
 11
125.2902849999999972
 21
-67.956940000000003
 31
0
  0
LINE
  5
2F5
330
22
100
AcDbEntity
  8
F.Mask
  6
CONTINUOUS
100
AcDbLine
 10
125.2902849999999972
 20
-67.956940000000003
 30
0
 11
125.0980169999999987
 21
-67.9951849999999922
 31
0
  0
LINE
  5
2F6
330
22
100
AcDbEntity
  8
F.Mask
  6
CONTINUOUS
100
AcDbLine
 10
125.0980169999999987
 20
-67.9951849999999922
 30
0
 11
124.9019830000000013
 21
-67.9951849999999922
 31
0
  0
LINE
  5
2F7
330
22
100
AcDbEntity
  8
F.Mask
  6
CONTINUOUS
100
AcDbLine
 10
124.9019830000000013
 20
-67.9951849999999922
 30
0
 11
124.7097149999999885
 21
-67.956940000000003
 31
0
  0
LINE
  5
2F8
330
22
100
AcDbEntity
  8
F.Mask
  6
CONTINUOUS
100
AcDbLine
 10
124.7097149999999885
 20
-67.956940000000003
 30
0
 11
124.5286029999999897
 21
-67.8819209999999913
 31
0
  0
LINE
  5
2F9
330
22
100
AcDbEntity
  8
F.Mask
  6
CONTINUOUS
100
AcDbLine
 10
124.5286029999999897
 20
-67.8819209999999913
 30
0
 11
124.3656069999999971
 21
-67.7730099999999993
 31
0
  0
LINE
  5
2FA
330
22
100
AcDbEntity
  8
F.Mask
  6
CONTINUOUS
100
AcDbLine
 10
124.3656069999999971
 20
-67.7730099999999993
 30
0
 11
124.2269900000000007
 21
-67.6343930000000029
 31
0
  0
LINE
  5
2FB
330
22
100
AcDbEntity
  8
F.Mask
  6
CONTINUOUS
100
AcDbLine
 10
124.2269900000000007
 20
-67.6343930000000029
 30
0
 11
124.1180789999999945
 21
-67.4713969999999961
 31
0
  0
LINE
  5
2FC
330
22
100
AcDbEntity
  8
F.Mask
  6
CONTINUOUS
100
AcDbLine
 10
124.1180789999999945
 20
-67.4713969999999961
 30
0
 11
124.043059999999997
 21
-67.2902849999999972
 31
0
  0
LINE
  5
2FD
330
22
100
AcDbEntity
  8
F.Mask
  6
CONTINUOUS
100
AcDbLine
 10
124.043059999999997
 20
-67.2902849999999972
 30
0
 11
124.0048149999999936
 21
-67.0980169999999987
 31
0
  0
LINE
  5
2FE
330
22
100
AcDbEntity
  8
F.Mask
  6
CONTINUOUS
100
AcDbLine
 10
124.0048149999999936
 20
-67.0980169999999987
 30
0
 11
124.0048149999999936
 21
-66.9019830000000013
 31
0
  0
LINE
  5
2FF
330
22
100
AcDbEntity
  8
F.Mask
  6
CONTINUOUS
100
AcDbLine
 10
124.0048149999999936
 20
-66.9019830000000013
 30
0
 11
124.043059999999997
 21
-66.7097150000000028
 31
0
  0
LINE
  5
300
330
22
100
AcDbEntity
  8
F.Mask
  6
CONTINUOUS
100
AcDbLine
 10
124.043059999999997
 20
-66.7097150000000028
 30
0
 11
124.1180789999999945
 21
-66.5286030000000039
 31
0
  0
LINE
  5
301
330
22
100
AcDbEntity
  8
F.Mask
  6
CONTINUOUS
100
AcDbLine
 10
124.1180789999999945
 20
-66.5286030000000039
 30
0
 11
124.2269900000000007
 21
-66.3656069999999971
 31
0
  0
LINE
  5
302
330
22
100
AcDbEntity
  8
F.Mask
  6
CONTINUOUS
100
AcDbLine
 10
124.2269900000000007
 20
-66.3656069999999971
 30
0
 11
124.3656069999999971
 21
-66.2269900000000007
 31
0
  0
LINE
  5
303
330
22
100
AcDbEntity
  8
F.Mask
  6
CONTINUOUS
100
AcDbLine
 10
124.3656069999999971
 20
-66.2269900000000007
 30
0
 11
124.5286029999999897
 21
-66.1180789999999945
 31
0
  0
LINE
  5
304
330
22
100
AcDbEntity
  8
F.Mask
  6
CONTINUOUS
100
AcDbLine
 10
124.5286029999999897
 20
-66.1180789999999945
 30
0
 11
124.7097149999999885
 21
-66.043059999999997
 31
0
  0
LINE
  5
305
330
22
100
AcDbEntity
  8
F.Mask
  6
CONTINUOUS
100
AcDbLine
 10
124.7097149999999885
 20
-66.043059999999997
 30
0
 11
124.9019830000000013
 21
-66.0048149999999936
 31
0
  0
LINE
  5
306
330
22
100
AcDbEntity
  8
F.Mask
  6
CONTINUOUS
100
AcDbLine
 10
124.9019830000000013
 20
-66.0048149999999936
 30
0
 11
125.0980169999999987
 21
-66.0048149999999936
 31
0
  0
LINE
  5
307
330
22
100
AcDbEntity
  8
F.Mask
  6
CONTINUOUS
100
AcDbLine
 10
125.0980169999999987
 20
-66.0048149999999936
 30
0
 11
125.2902849999999972
 21
-66.043059999999997
 31
0
  0
LINE
  5
308
330
22
100
AcDbEntity
  8
F.Mask
  6
CONTINUOUS
100
AcDbLine
 10
101.2567899999999952
 20
-65.0303930000000037
 30
0
 11
101.4209519999999998
 21
-65.0837329999999952
 31
0
  0
LINE
  5
309
330
22
100
AcDbEntity
  8
F.Mask
  6
CONTINUOUS
100
AcDbLine
 10
101.4209519999999998
 20
-65.0837329999999952
 30
0
 11
101.5747479999999996
 21
-65.1620959999999911
 31
0
  0
LINE
  5
30A
330
22
100
AcDbEntity
  8
F.Mask
  6
CONTINUOUS
100
AcDbLine
 10
101.5747479999999996
 20
-65.1620959999999911
 30
0
 11
101.7143930000000012
 21
-65.2635530000000017
 31
0
  0
LINE
  5
30B
330
22
100
AcDbEntity
  8
F.Mask
  6
CONTINUOUS
100
AcDbLine
 10
101.7143930000000012
 20
-65.2635530000000017
 30
0
 11
101.8364469999999926
 21
-65.3856069999999931
 31
0
  0
LINE
  5
30C
330
22
100
AcDbEntity
  8
F.Mask
  6
CONTINUOUS
100
AcDbLine
 10
101.8364469999999926
 20
-65.3856069999999931
 30
0
 11
101.937903999999989
 21
-65.5252519999999947
 31
0
  0
LINE
  5
30D
330
22
100
AcDbEntity
  8
F.Mask
  6
CONTINUOUS
100
AcDbLine
 10
101.937903999999989
 20
-65.5252519999999947
 30
0
 11
102.0162669999999991
 21
-65.6790479999999945
 31
0
  0
LINE
  5
30E
330
22
100
AcDbEntity
  8
F.Mask
  6
CONTINUOUS
100
AcDbLine
 10
102.0162669999999991
 20
-65.6790479999999945
 30
0
 11
102.0696069999999906
 21
-65.8432099999999991
 31
0
  0
LINE
  5
30F
330
22
100
AcDbEntity
  8
F.Mask
  6
CONTINUOUS
100
AcDbLine
 10
102.0696069999999906
 20
-65.8432099999999991
 30
0
 11
102.0966090000000008
 21
-66.0136949999999985
 31
0
  0
LINE
  5
310
330
22
100
AcDbEntity
  8
F.Mask
  6
CONTINUOUS
100
AcDbLine
 10
102.0966090000000008
 20
-66.0136949999999985
 30
0
 11
102.0966090000000008
 21
-66.1863049999999902
 31
0
  0
LINE
  5
311
330
22
100
AcDbEntity
  8
F.Mask
  6
CONTINUOUS
100
AcDbLine
 10
102.0966090000000008
 20
-66.1863049999999902
 30
0
 11
102.0696069999999906
 21
-66.3567900000000037
 31
0
  0
LINE
  5
312
330
22
100
AcDbEntity
  8
F.Mask
  6
CONTINUOUS
100
AcDbLine
 10
102.0696069999999906
 20
-66.3567900000000037
 30
0
 11
102.0162669999999991
 21
-66.5209519999999941
 31
0
  0
LINE
  5
313
330
22
100
AcDbEntity
  8
F.Mask
  6
CONTINUOUS
100
AcDbLine
 10
102.0162669999999991
 20
-66.5209519999999941
 30
0
 11
101.937903999999989
 21
-66.6747479999999939
 31
0
  0
LINE
  5
314
330
22
100
AcDbEntity
  8
F.Mask
  6
CONTINUOUS
100
AcDbLine
 10
101.937903999999989
 20
-66.6747479999999939
 30
0
 11
101.8364469999999926
 21
-66.8143929999999955
 31
0
  0
LINE
  5
315
330
22
100
AcDbEntity
  8
F.Mask
  6
CONTINUOUS
100
AcDbLine
 10
101.8364469999999926
 20
-66.8143929999999955
 30
0
 11
101.7143930000000012
 21
-66.9364470000000011
 31
0
  0
LINE
  5
316
330
22
100
AcDbEntity
  8
F.Mask
  6
CONTINUOUS
100
AcDbLine
 10
101.7143930000000012
 20
-66.9364470000000011
 30
0
 11
101.5747479999999996
 21
-67.0379039999999975
 31
0
  0
LINE
  5
317
330
22
100
AcDbEntity
  8
F.Mask
  6
CONTINUOUS
100
AcDbLine
 10
101.5747479999999996
 20
-67.0379039999999975
 30
0
 11
101.4209519999999998
 21
-67.1162669999999935
 31
0
  0
LINE
  5
318
330
22
100
AcDbEntity
  8
F.Mask
  6
CONTINUOUS
100
AcDbLine
 10
101.4209519999999998
 20
-67.1162669999999935
 30
0
 11
101.2567899999999952
 21
-67.1696069999999992
 31
0
  0
LINE
  5
319
330
22
100
AcDbEntity
  8
F.Mask
  6
CONTINUOUS
100
AcDbLine
 10
101.2567899999999952
 20
-67.1696069999999992
 30
0
 11
101.0863049999999959
 21
-67.1966089999999951
 31
0
  0
LINE
  5
31A
330
22
100
AcDbEntity
  8
F.Mask
  6
CONTINUOUS
100
AcDbLine
 10
101.0863049999999959
 20
-67.1966089999999951
 30
0
 11
100.9136949999999899
 21
-67.1966089999999951
 31
0
  0
LINE
  5
31B
330
22
100
AcDbEntity
  8
F.Mask
  6
CONTINUOUS
100
AcDbLine
 10
100.9136949999999899
 20
-67.1966089999999951
 30
0
 11
100.7432099999999906
 21
-67.1696069999999992
 31
0
  0
LINE
  5
31C
330
22
100
AcDbEntity
  8
F.Mask
  6
CONTINUOUS
100
AcDbLine
 10
100.7432099999999906
 20
-67.1696069999999992
 30
0
 11
100.5790480000000002
 21
-67.1162669999999935
 31
0
  0
LINE
  5
31D
330
22
100
AcDbEntity
  8
F.Mask
  6
CONTINUOUS
100
AcDbLine
 10
100.5790480000000002
 20
-67.1162669999999935
 30
0
 11
100.4252520000000004
 21
-67.0379039999999975
 31
0
  0
LINE
  5
31E
330
22
100
AcDbEntity
  8
F.Mask
  6
CONTINUOUS
100
AcDbLine
 10
100.4252520000000004
 20
-67.0379039999999975
 30
0
 11
100.2856069999999988
 21
-66.9364470000000011
 31
0
  0
LINE
  5
31F
330
22
100
AcDbEntity
  8
F.Mask
  6
CONTINUOUS
100
AcDbLine
 10
100.2856069999999988
 20
-66.9364470000000011
 30
0
 11
100.1635529999999932
 21
-66.8143929999999955
 31
0
  0
LINE
  5
320
330
22
100
AcDbEntity
  8
F.Mask
  6
CONTINUOUS
100
AcDbLine
 10
100.1635529999999932
 20
-66.8143929999999955
 30
0
 11
100.0620959999999968
 21
-66.6747479999999939
 31
0
  0
LINE
  5
321
330
22
100
AcDbEntity
  8
F.Mask
  6
CONTINUOUS
100
AcDbLine
 10
100.0620959999999968
 20
-66.6747479999999939
 30
0
 11
99.9837330000000009
 21
-66.5209519999999941
 31
0
  0
LINE
  5
322
330
22
100
AcDbEntity
  8
F.Mask
  6
CONTINUOUS
100
AcDbLine
 10
99.9837330000000009
 20
-66.5209519999999941
 30
0
 11
99.9303929999999951
 21
-66.3567900000000037
 31
0
  0
LINE
  5
323
330
22
100
AcDbEntity
  8
F.Mask
  6
CONTINUOUS
100
AcDbLine
 10
99.9303929999999951
 20
-66.3567900000000037
 30
0
 11
99.9033909999999992
 21
-66.1863049999999902
 31
0
  0
LINE
  5
324
330
22
100
AcDbEntity
  8
F.Mask
  6
CONTINUOUS
100
AcDbLine
 10
99.9033909999999992
 20
-66.1863049999999902
 30
0
 11
99.9033909999999992
 21
-66.0136949999999985
 31
0
  0
LINE
  5
325
330
22
100
AcDbEntity
  8
F.Mask
  6
CONTINUOUS
100
AcDbLine
 10
99.9033909999999992
 20
-66.0136949999999985
 30
0
 11
99.9303929999999951
 21
-65.8432099999999991
 31
0
  0
LINE
  5
326
330
22
100
AcDbEntity
  8
F.Mask
  6
CONTINUOUS
100
AcDbLine
 10
99.9303929999999951
 20
-65.8432099999999991
 30
0
 11
99.9837330000000009
 21
-65.6790479999999945
 31
0
  0
LINE
  5
327
330
22
100
AcDbEntity
  8
F.Mask
  6
CONTINUOUS
100
AcDbLine
 10
99.9837330000000009
 20
-65.6790479999999945
 30
0
 11
100.0620959999999968
 21
-65.5252519999999947
 31
0
  0
LINE
  5
328
330
22
100
AcDbEntity
  8
F.Mask
  6
CONTINUOUS
100
AcDbLine
 10
100.0620959999999968
 20
-65.5252519999999947
 30
0
 11
100.1635529999999932
 21
-65.3856069999999931
 31
0
  0
LINE
  5
329
330
22
100
AcDbEntity
  8
F.Mask
  6
CONTINUOUS
100
AcDbLine
 10
100.1635529999999932
 20
-65.3856069999999931
 30
0
 11
100.2856069999999988
 21
-65.2635530000000017
 31
0
  0
LINE
  5
32A
330
22
100
AcDbEntity
  8
F.Mask
  6
CONTINUOUS
100
AcDbLine
 10
100.2856069999999988
 20
-65.2635530000000017
 30
0
 11
100.4252520000000004
 21
-65.1620959999999911
 31
0
  0
LINE
  5
32B
330
22
100
AcDbEntity
  8
F.Mask
  6
CONTINUOUS
100
AcDbLine
 10
100.4252520000000004
 20
-65.1620959999999911
 30
0
 11
100.5790480000000002
 21
-65.0837329999999952
 31
0
  0
LINE
  5
32C
330
22
100
AcDbEntity
  8
F.Mask
  6
CONTINUOUS
100
AcDbLine
 10
100.5790480000000002
 20
-65.0837329999999952
 30
0
 11
100.7432099999999906
 21
-65.0303930000000037
 31
0
  0
LINE
  5
32D
330
22
100
AcDbEntity
  8
F.Mask
  6
CONTINUOUS
100
AcDbLine
 10
100.7432099999999906
 20
-65.0303930000000037
 30
0
 11
100.9136949999999899
 21
-65.0033909999999935
 31
0
  0
LINE
  5
32E
330
22
100
AcDbEntity
  8
F.Mask
  6
CONTINUOUS
100
AcDbLine
 10
100.9136949999999899
 20
-65.0033909999999935
 30
0
 11
101.0863049999999959
 21
-65.0033909999999935
 31
0
  0
LINE
  5
32F
330
22
100
AcDbEntity
  8
F.Mask
  6
CONTINUOUS
100
AcDbLine
 10
101.0863049999999959
 20
-65.0033909999999935
 30
0
 11
101.2567899999999952
 21
-65.0303930000000037
 31
0
  0
LINE
  5
330
330
22
100
AcDbEntity
  8
F.Mask
  6
CONTINUOUS
100
AcDbLine
 10
129.9083149999999875
 20
-64.0740929999999906
 30
0
 11
130.0717420000000004
 21
-64.1066009999999977
 31
0
  0
LINE
  5
331
330
22
100
AcDbEntity
  8
F.Mask
  6
CONTINUOUS
100
AcDbLine
 10
130.0717420000000004
 20
-64.1066009999999977
 30
0
 11
130.2256869999999935
 21
-64.1703669999999988
 31
0
  0
LINE
  5
332
330
22
100
AcDbEntity
  8
F.Mask
  6
CONTINUOUS
100
AcDbLine
 10
130.2256869999999935
 20
-64.1703669999999988
 30
0
 11
130.364233999999982
 21
-64.2629409999999979
 31
0
  0
LINE
  5
333
330
22
100
AcDbEntity
  8
F.Mask
  6
CONTINUOUS
100
AcDbLine
 10
130.364233999999982
 20
-64.2629409999999979
 30
0
 11
130.4820589999999925
 21
-64.3807659999999942
 31
0
  0
LINE
  5
334
330
22
100
AcDbEntity
  8
F.Mask
  6
CONTINUOUS
100
AcDbLine
 10
130.4820589999999925
 20
-64.3807659999999942
 30
0
 11
130.5746330000000057
 21
-64.5193129999999968
 31
0
  0
LINE
  5
335
330
22
100
AcDbEntity
  8
F.Mask
  6
CONTINUOUS
100
AcDbLine
 10
130.5746330000000057
 20
-64.5193129999999968
 30
0
 11
130.6383989999999926
 21
-64.6732580000000041
 31
0
  0
LINE
  5
336
330
22
100
AcDbEntity
  8
F.Mask
  6
CONTINUOUS
100
AcDbLine
 10
130.6383989999999926
 20
-64.6732580000000041
 30
0
 11
130.6709069999999997
 21
-64.8366850000000028
 31
0
  0
LINE
  5
337
330
22
100
AcDbEntity
  8
F.Mask
  6
CONTINUOUS
100
AcDbLine
 10
130.6709069999999997
 20
-64.8366850000000028
 30
0
 11
130.6709069999999997
 21
-65.0033150000000006
 31
0
  0
LINE
  5
338
330
22
100
AcDbEntity
  8
F.Mask
  6
CONTINUOUS
100
AcDbLine
 10
130.6709069999999997
 20
-65.0033150000000006
 30
0
 11
130.6383989999999926
 21
-65.1667419999999993
 31
0
  0
LINE
  5
339
330
22
100
AcDbEntity
  8
F.Mask
  6
CONTINUOUS
100
AcDbLine
 10
130.6383989999999926
 20
-65.1667419999999993
 30
0
 11
130.5746330000000057
 21
-65.3206869999999924
 31
0
  0
LINE
  5
33A
330
22
100
AcDbEntity
  8
F.Mask
  6
CONTINUOUS
100
AcDbLine
 10
130.5746330000000057
 20
-65.3206869999999924
 30
0
 11
130.4820589999999925
 21
-65.459233999999995
 31
0
  0
LINE
  5
33B
330
22
100
AcDbEntity
  8
F.Mask
  6
CONTINUOUS
100
AcDbLine
 10
130.4820589999999925
 20
-65.459233999999995
 30
0
 11
130.364233999999982
 21
-65.5770589999999913
 31
0
  0
LINE
  5
33C
330
22
100
AcDbEntity
  8
F.Mask
  6
CONTINUOUS
100
AcDbLine
 10
130.364233999999982
 20
-65.5770589999999913
 30
0
 11
130.2256869999999935
 21
-65.6696329999999904
 31
0
  0
LINE
  5
33D
330
22
100
AcDbEntity
  8
F.Mask
  6
CONTINUOUS
100
AcDbLine
 10
130.2256869999999935
 20
-65.6696329999999904
 30
0
 11
130.0717420000000004
 21
-65.7333989999999915
 31
0
  0
LINE
  5
33E
330
22
100
AcDbEntity
  8
F.Mask
  6
CONTINUOUS
100
AcDbLine
 10
130.0717420000000004
 20
-65.7333989999999915
 30
0
 11
129.9083149999999875
 21
-65.7659069999999986
 31
0
  0
LINE
  5
33F
330
22
100
AcDbEntity
  8
F.Mask
  6
CONTINUOUS
100
AcDbLine
 10
129.9083149999999875
 20
-65.7659069999999986
 30
0
 11
129.8249999999999886
 21
-65.769999999999996
 31
0
  0
LINE
  5
340
330
22
100
AcDbEntity
  8
F.Mask
  6
CONTINUOUS
100
AcDbLine
 10
129.8249999999999886
 20
-65.769999999999996
 30
0
 11
127.9249999999999972
 21
-65.769999999999996
 31
0
  0
LINE
  5
341
330
22
100
AcDbEntity
  8
F.Mask
  6
CONTINUOUS
100
AcDbLine
 10
127.9249999999999972
 20
-65.769999999999996
 30
0
 11
127.8416849999999982
 21
-65.7659069999999986
 31
0
  0
LINE
  5
342
330
22
100
AcDbEntity
  8
F.Mask
  6
CONTINUOUS
100
AcDbLine
 10
127.8416849999999982
 20
-65.7659069999999986
 30
0
 11
127.6782579999999996
 21
-65.7333989999999915
 31
0
  0
LINE
  5
343
330
22
100
AcDbEntity
  8
F.Mask
  6
CONTINUOUS
100
AcDbLine
 10
127.6782579999999996
 20
-65.7333989999999915
 30
0
 11
127.5243129999999923
 21
-65.6696329999999904
 31
0
  0
LINE
  5
344
330
22
100
AcDbEntity
  8
F.Mask
  6
CONTINUOUS
100
AcDbLine
 10
127.5243129999999923
 20
-65.6696329999999904
 30
0
 11
127.3857659999999896
 21
-65.5770589999999913
 31
0
  0
LINE
  5
345
330
22
100
AcDbEntity
  8
F.Mask
  6
CONTINUOUS
100
AcDbLine
 10
127.3857659999999896
 20
-65.5770589999999913
 30
0
 11
127.2679409999999933
 21
-65.459233999999995
 31
0
  0
LINE
  5
346
330
22
100
AcDbEntity
  8
F.Mask
  6
CONTINUOUS
100
AcDbLine
 10
127.2679409999999933
 20
-65.459233999999995
 30
0
 11
127.1753669999999943
 21
-65.3206869999999924
 31
0
  0
LINE
  5
347
330
22
100
AcDbEntity
  8
F.Mask
  6
CONTINUOUS
100
AcDbLine
 10
127.1753669999999943
 20
-65.3206869999999924
 30
0
 11
127.1116009999999932
 21
-65.1667419999999993
 31
0
  0
LINE
  5
348
330
22
100
AcDbEntity
  8
F.Mask
  6
CONTINUOUS
100
AcDbLine
 10
127.1116009999999932
 20
-65.1667419999999993
 30
0
 11
127.0790930000000003
 21
-65.0033150000000006
 31
0
  0
LINE
  5
349
330
22
100
AcDbEntity
  8
F.Mask
  6
CONTINUOUS
100
AcDbLine
 10
127.0790930000000003
 20
-65.0033150000000006
 30
0
 11
127.0790930000000003
 21
-64.8366850000000028
 31
0
  0
LINE
  5
34A
330
22
100
AcDbEntity
  8
F.Mask
  6
CONTINUOUS
100
AcDbLine
 10
127.0790930000000003
 20
-64.8366850000000028
 30
0
 11
127.1116009999999932
 21
-64.6732580000000041
 31
0
  0
LINE
  5
34B
330
22
100
AcDbEntity
  8
F.Mask
  6
CONTINUOUS
100
AcDbLine
 10
127.1116009999999932
 20
-64.6732580000000041
 30
0
 11
127.1753669999999943
 21
-64.5193129999999968
 31
0
  0
LINE
  5
34C
330
22
100
AcDbEntity
  8
F.Mask
  6
CONTINUOUS
100
AcDbLine
 10
127.1753669999999943
 20
-64.5193129999999968
 30
0
 11
127.2679409999999933
 21
-64.3807659999999942
 31
0
  0
LINE
  5
34D
330
22
100
AcDbEntity
  8
F.Mask
  6
CONTINUOUS
100
AcDbLine
 10
127.2679409999999933
 20
-64.3807659999999942
 30
0
 11
127.3857659999999896
 21
-64.2629409999999979
 31
0
  0
LINE
  5
34E
330
22
100
AcDbEntity
  8
F.Mask
  6
CONTINUOUS
100
AcDbLine
 10
127.3857659999999896
 20
-64.2629409999999979
 30
0
 11
127.5243129999999923
 21
-64.1703669999999988
 31
0
  0
LINE
  5
34F
330
22
100
AcDbEntity
  8
F.Mask
  6
CONTINUOUS
100
AcDbLine
 10
127.5243129999999923
 20
-64.1703669999999988
 30
0
 11
127.6782579999999996
 21
-64.1066009999999977
 31
0
  0
LINE
  5
350
330
22
100
AcDbEntity
  8
F.Mask
  6
CONTINUOUS
100
AcDbLine
 10
127.6782579999999996
 20
-64.1066009999999977
 30
0
 11
127.8416849999999982
 21
-64.0740929999999906
 31
0
  0
LINE
  5
351
330
22
100
AcDbEntity
  8
F.Mask
  6
CONTINUOUS
100
AcDbLine
 10
127.8416849999999982
 20
-64.0740929999999906
 30
0
 11
127.9249999999999972
 21
-64.0699999999999932
 31
0
  0
LINE
  5
352
330
22
100
AcDbEntity
  8
F.Mask
  6
CONTINUOUS
100
AcDbLine
 10
127.9249999999999972
 20
-64.0699999999999932
 30
0
 11
129.8249999999999886
 21
-64.0699999999999932
 31
0
  0
LINE
  5
353
330
22
100
AcDbEntity
  8
F.Mask
  6
CONTINUOUS
100
AcDbLine
 10
129.8249999999999886
 20
-64.0699999999999932
 30
0
 11
129.9083149999999875
 21
-64.0740929999999906
 31
0
  0
LINE
  5
354
330
22
100
AcDbEntity
  8
F.Mask
  6
CONTINUOUS
100
AcDbLine
 10
147.2083149999999989
 20
-64.0740929999999906
 30
0
 11
147.3717419999999834
 21
-64.1066009999999977
 31
0
  0
LINE
  5
355
330
22
100
AcDbEntity
  8
F.Mask
  6
CONTINUOUS
100
AcDbLine
 10
147.3717419999999834
 20
-64.1066009999999977
 30
0
 11
147.5256870000000049
 21
-64.1703669999999988
 31
0
  0
LINE
  5
356
330
22
100
AcDbEntity
  8
F.Mask
  6
CONTINUOUS
100
AcDbLine
 10
147.5256870000000049
 20
-64.1703669999999988
 30
0
 11
147.6642339999999933
 21
-64.2629409999999979
 31
0
  0
LINE
  5
357
330
22
100
AcDbEntity
  8
F.Mask
  6
CONTINUOUS
100
AcDbLine
 10
147.6642339999999933
 20
-64.2629409999999979
 30
0
 11
147.7820590000000038
 21
-64.3807659999999942
 31
0
  0
LINE
  5
358
330
22
100
AcDbEntity
  8
F.Mask
  6
CONTINUOUS
100
AcDbLine
 10
147.7820590000000038
 20
-64.3807659999999942
 30
0
 11
147.8746329999999887
 21
-64.5193129999999968
 31
0
  0
LINE
  5
359
330
22
100
AcDbEntity
  8
F.Mask
  6
CONTINUOUS
100
AcDbLine
 10
147.8746329999999887
 20
-64.5193129999999968
 30
0
 11
147.938399000000004
 21
-64.6732580000000041
 31
0
  0
LINE
  5
35A
330
22
100
AcDbEntity
  8
F.Mask
  6
CONTINUOUS
100
AcDbLine
 10
147.938399000000004
 20
-64.6732580000000041
 30
0
 11
147.9709069999999826
 21
-64.8366850000000028
 31
0
  0
LINE
  5
35B
330
22
100
AcDbEntity
  8
F.Mask
  6
CONTINUOUS
100
AcDbLine
 10
147.9709069999999826
 20
-64.8366850000000028
 30
0
 11
147.9709069999999826
 21
-65.0033150000000006
 31
0
  0
LINE
  5
35C
330
22
100
AcDbEntity
  8
F.Mask
  6
CONTINUOUS
100
AcDbLine
 10
147.9709069999999826
 20
-65.0033150000000006
 30
0
 11
147.938399000000004
 21
-65.1667419999999993
 31
0
  0
LINE
  5
35D
330
22
100
AcDbEntity
  8
F.Mask
  6
CONTINUOUS
100
AcDbLine
 10
147.938399000000004
 20
-65.1667419999999993
 30
0
 11
147.8746329999999887
 21
-65.3206869999999924
 31
0
  0
LINE
  5
35E
330
22
100
AcDbEntity
  8
F.Mask
  6
CONTINUOUS
100
AcDbLine
 10
147.8746329999999887
 20
-65.3206869999999924
 30
0
 11
147.7820590000000038
 21
-65.459233999999995
 31
0
  0
LINE
  5
35F
330
22
100
AcDbEntity
  8
F.Mask
  6
CONTINUOUS
100
AcDbLine
 10
147.7820590000000038
 20
-65.459233999999995
 30
0
 11
147.6642339999999933
 21
-65.5770589999999913
 31
0
  0
LINE
  5
360
330
22
100
AcDbEntity
  8
F.Mask
  6
CONTINUOUS
100
AcDbLine
 10
147.6642339999999933
 20
-65.5770589999999913
 30
0
 11
147.5256870000000049
 21
-65.6696329999999904
 31
0
  0
LINE
  5
361
330
22
100
AcDbEntity
  8
F.Mask
  6
CONTINUOUS
100
AcDbLine
 10
147.5256870000000049
 20
-65.6696329999999904
 30
0
 11
147.3717419999999834
 21
-65.7333989999999915
 31
0
  0
LINE
  5
362
330
22
100
AcDbEntity
  8
F.Mask
  6
CONTINUOUS
100
AcDbLine
 10
147.3717419999999834
 20
-65.7333989999999915
 30
0
 11
147.2083149999999989
 21
-65.7659069999999986
 31
0
  0
LINE
  5
363
330
22
100
AcDbEntity
  8
F.Mask
  6
CONTINUOUS
100
AcDbLine
 10
147.2083149999999989
 20
-65.7659069999999986
 30
0
 11
147.125
 21
-65.769999999999996
 31
0
  0
LINE
  5
364
330
22
100
AcDbEntity
  8
F.Mask
  6
CONTINUOUS
100
AcDbLine
 10
147.125
 20
-65.769999999999996
 30
0
 11
145.125
 21
-65.769999999999996
 31
0
  0
LINE
  5
365
330
22
100
AcDbEntity
  8
F.Mask
  6
CONTINUOUS
100
AcDbLine
 10
145.125
 20
-65.769999999999996
 30
0
 11
145.0416850000000011
 21
-65.7659069999999986
 31
0
  0
LINE
  5
366
330
22
100
AcDbEntity
  8
F.Mask
  6
CONTINUOUS
100
AcDbLine
 10
145.0416850000000011
 20
-65.7659069999999986
 30
0
 11
144.8782579999999882
 21
-65.7333989999999915
 31
0
  0
LINE
  5
367
330
22
100
AcDbEntity
  8
F.Mask
  6
CONTINUOUS
100
AcDbLine
 10
144.8782579999999882
 20
-65.7333989999999915
 30
0
 11
144.7243129999999951
 21
-65.6696329999999904
 31
0
  0
LINE
  5
368
330
22
100
AcDbEntity
  8
F.Mask
  6
CONTINUOUS
100
AcDbLine
 10
144.7243129999999951
 20
-65.6696329999999904
 30
0
 11
144.5857660000000067
 21
-65.5770589999999913
 31
0
  0
LINE
  5
369
330
22
100
AcDbEntity
  8
F.Mask
  6
CONTINUOUS
100
AcDbLine
 10
144.5857660000000067
 20
-65.5770589999999913
 30
0
 11
144.4679409999999962
 21
-65.459233999999995
 31
0
  0
LINE
  5
36A
330
22
100
AcDbEntity
  8
F.Mask
  6
CONTINUOUS
100
AcDbLine
 10
144.4679409999999962
 20
-65.459233999999995
 30
0
 11
144.3753669999999829
 21
-65.3206869999999924
 31
0
  0
LINE
  5
36B
330
22
100
AcDbEntity
  8
F.Mask
  6
CONTINUOUS
100
AcDbLine
 10
144.3753669999999829
 20
-65.3206869999999924
 30
0
 11
144.311600999999996
 21
-65.1667419999999993
 31
0
  0
LINE
  5
36C
330
22
100
AcDbEntity
  8
F.Mask
  6
CONTINUOUS
100
AcDbLine
 10
144.311600999999996
 20
-65.1667419999999993
 30
0
 11
144.2790929999999889
 21
-65.0033150000000006
 31
0
  0
LINE
  5
36D
330
22
100
AcDbEntity
  8
F.Mask
  6
CONTINUOUS
100
AcDbLine
 10
144.2790929999999889
 20
-65.0033150000000006
 30
0
 11
144.2790929999999889
 21
-64.8366850000000028
 31
0
  0
LINE
  5
36E
330
22
100
AcDbEntity
  8
F.Mask
  6
CONTINUOUS
100
AcDbLine
 10
144.2790929999999889
 20
-64.8366850000000028
 30
0
 11
144.311600999999996
 21
-64.6732580000000041
 31
0
  0
LINE
  5
36F
330
22
100
AcDbEntity
  8
F.Mask
  6
CONTINUOUS
100
AcDbLine
 10
144.311600999999996
 20
-64.6732580000000041
 30
0
 11
144.3753669999999829
 21
-64.5193129999999968
 31
0
  0
LINE
  5
370
330
22
100
AcDbEntity
  8
F.Mask
  6
CONTINUOUS
100
AcDbLine
 10
144.3753669999999829
 20
-64.5193129999999968
 30
0
 11
144.4679409999999962
 21
-64.3807659999999942
 31
0
  0
LINE
  5
371
330
22
100
AcDbEntity
  8
F.Mask
  6
CONTINUOUS
100
AcDbLine
 10
144.4679409999999962
 20
-64.3807659999999942
 30
0
 11
144.5857660000000067
 21
-64.2629409999999979
 31
0
  0
LINE
  5
372
330
22
100
AcDbEntity
  8
F.Mask
  6
CONTINUOUS
100
AcDbLine
 10
144.5857660000000067
 20
-64.2629409999999979
 30
0
 11
144.7243129999999951
 21
-64.1703669999999988
 31
0
  0
LINE
  5
373
330
22
100
AcDbEntity
  8
F.Mask
  6
CONTINUOUS
100
AcDbLine
 10
144.7243129999999951
 20
-64.1703669999999988
 30
0
 11
144.8782579999999882
 21
-64.1066009999999977
 31
0
  0
LINE
  5
374
330
22
100
AcDbEntity
  8
F.Mask
  6
CONTINUOUS
100
AcDbLine
 10
144.8782579999999882
 20
-64.1066009999999977
 30
0
 11
145.0416850000000011
 21
-64.0740929999999906
 31
0
  0
LINE
  5
375
330
22
100
AcDbEntity
  8
F.Mask
  6
CONTINUOUS
100
AcDbLine
 10
145.0416850000000011
 20
-64.0740929999999906
 30
0
 11
145.125
 21
-64.0699999999999932
 31
0
  0
LINE
  5
376
330
22
100
AcDbEntity
  8
F.Mask
  6
CONTINUOUS
100
AcDbLine
 10
145.125
 20
-64.0699999999999932
 30
0
 11
147.125
 21
-64.0699999999999932
 31
0
  0
LINE
  5
377
330
22
100
AcDbEntity
  8
F.Mask
  6
CONTINUOUS
100
AcDbLine
 10
147.125
 20
-64.0699999999999932
 30
0
 11
147.2083149999999989
 21
-64.0740929999999906
 31
0
  0
LINE
  5
378
330
22
100
AcDbEntity
  8
F.Mask
  6
CONTINUOUS
100
AcDbLine
 10
119.5999999999999943
 20
-64.8999999999999915
 30
0
 11
116.3999999999999915
 21
-64.8999999999999915
 31
0
  0
LINE
  5
379
330
22
100
AcDbEntity
  8
F.Mask
  6
CONTINUOUS
100
AcDbLine
 10
116.3999999999999915
 20
-64.8999999999999915
 30
0
 11
116.3999999999999915
 21
-62.8999999999999986
 31
0
  0
LINE
  5
37A
330
22
100
AcDbEntity
  8
F.Mask
  6
CONTINUOUS
100
AcDbLine
 10
116.3999999999999915
 20
-62.8999999999999986
 30
0
 11
119.5999999999999943
 21
-62.8999999999999986
 31
0
  0
LINE
  5
37B
330
22
100
AcDbEntity
  8
F.Mask
  6
CONTINUOUS
100
AcDbLine
 10
119.5999999999999943
 20
-62.8999999999999986
 30
0
 11
119.5999999999999943
 21
-64.8999999999999915
 31
0
  0
LINE
  5
37C
330
22
100
AcDbEntity
  8
F.Mask
  6
CONTINUOUS
100
AcDbLine
 10
130.625
 20
-63.2299999999999969
 30
0
 11
127.125
 21
-63.2299999999999969
 31
0
  0
LINE
  5
37D
330
22
100
AcDbEntity
  8
F.Mask
  6
CONTINUOUS
100
AcDbLine
 10
127.125
 20
-63.2299999999999969
 30
0
 11
127.125
 21
-61.529999999999994
 31
0
  0
LINE
  5
37E
330
22
100
AcDbEntity
  8
F.Mask
  6
CONTINUOUS
100
AcDbLine
 10
127.125
 20
-61.529999999999994
 30
0
 11
130.625
 21
-61.529999999999994
 31
0
  0
LINE
  5
37F
330
22
100
AcDbEntity
  8
F.Mask
  6
CONTINUOUS
100
AcDbLine
 10
130.625
 20
-61.529999999999994
 30
0
 11
130.625
 21
-63.2299999999999969
 31
0
  0
LINE
  5
380
330
22
100
AcDbEntity
  8
F.Mask
  6
CONTINUOUS
100
AcDbLine
 10
147.2083149999999989
 20
-61.5340929999999986
 30
0
 11
147.3717419999999834
 21
-61.5666009999999986
 31
0
  0
LINE
  5
381
330
22
100
AcDbEntity
  8
F.Mask
  6
CONTINUOUS
100
AcDbLine
 10
147.3717419999999834
 20
-61.5666009999999986
 30
0
 11
147.5256870000000049
 21
-61.6303669999999997
 31
0
  0
LINE
  5
382
330
22
100
AcDbEntity
  8
F.Mask
  6
CONTINUOUS
100
AcDbLine
 10
147.5256870000000049
 20
-61.6303669999999997
 30
0
 11
147.6642339999999933
 21
-61.7229409999999987
 31
0
  0
LINE
  5
383
330
22
100
AcDbEntity
  8
F.Mask
  6
CONTINUOUS
100
AcDbLine
 10
147.6642339999999933
 20
-61.7229409999999987
 30
0
 11
147.7820590000000038
 21
-61.840765999999995
 31
0
  0
LINE
  5
384
330
22
100
AcDbEntity
  8
F.Mask
  6
CONTINUOUS
100
AcDbLine
 10
147.7820590000000038
 20
-61.840765999999995
 30
0
 11
147.8746329999999887
 21
-61.9793129999999977
 31
0
  0
LINE
  5
385
330
22
100
AcDbEntity
  8
F.Mask
  6
CONTINUOUS
100
AcDbLine
 10
147.8746329999999887
 20
-61.9793129999999977
 30
0
 11
147.938399000000004
 21
-62.1332579999999979
 31
0
  0
LINE
  5
386
330
22
100
AcDbEntity
  8
F.Mask
  6
CONTINUOUS
100
AcDbLine
 10
147.938399000000004
 20
-62.1332579999999979
 30
0
 11
147.9709069999999826
 21
-62.2966849999999965
 31
0
  0
LINE
  5
387
330
22
100
AcDbEntity
  8
F.Mask
  6
CONTINUOUS
100
AcDbLine
 10
147.9709069999999826
 20
-62.2966849999999965
 30
0
 11
147.9709069999999826
 21
-62.4633149999999944
 31
0
  0
LINE
  5
388
330
22
100
AcDbEntity
  8
F.Mask
  6
CONTINUOUS
100
AcDbLine
 10
147.9709069999999826
 20
-62.4633149999999944
 30
0
 11
147.938399000000004
 21
-62.6267420000000001
 31
0
  0
LINE
  5
389
330
22
100
AcDbEntity
  8
F.Mask
  6
CONTINUOUS
100
AcDbLine
 10
147.938399000000004
 20
-62.6267420000000001
 30
0
 11
147.8746329999999887
 21
-62.7806870000000004
 31
0
  0
LINE
  5
38A
330
22
100
AcDbEntity
  8
F.Mask
  6
CONTINUOUS
100
AcDbLine
 10
147.8746329999999887
 20
-62.7806870000000004
 30
0
 11
147.7820590000000038
 21
-62.9192339999999959
 31
0
  0
LINE
  5
38B
330
22
100
AcDbEntity
  8
F.Mask
  6
CONTINUOUS
100
AcDbLine
 10
147.7820590000000038
 20
-62.9192339999999959
 30
0
 11
147.6642339999999933
 21
-63.0370589999999993
 31
0
  0
LINE
  5
38C
330
22
100
AcDbEntity
  8
F.Mask
  6
CONTINUOUS
100
AcDbLine
 10
147.6642339999999933
 20
-63.0370589999999993
 30
0
 11
147.5256870000000049
 21
-63.1296329999999983
 31
0
  0
LINE
  5
38D
330
22
100
AcDbEntity
  8
F.Mask
  6
CONTINUOUS
100
AcDbLine
 10
147.5256870000000049
 20
-63.1296329999999983
 30
0
 11
147.3717419999999834
 21
-63.1933989999999994
 31
0
  0
LINE
  5
38E
330
22
100
AcDbEntity
  8
F.Mask
  6
CONTINUOUS
100
AcDbLine
 10
147.3717419999999834
 20
-63.1933989999999994
 30
0
 11
147.2083149999999989
 21
-63.2259069999999994
 31
0
  0
LINE
  5
38F
330
22
100
AcDbEntity
  8
F.Mask
  6
CONTINUOUS
100
AcDbLine
 10
147.2083149999999989
 20
-63.2259069999999994
 30
0
 11
147.125
 21
-63.2299999999999969
 31
0
  0
LINE
  5
390
330
22
100
AcDbEntity
  8
F.Mask
  6
CONTINUOUS
100
AcDbLine
 10
147.125
 20
-63.2299999999999969
 30
0
 11
145.125
 21
-63.2299999999999969
 31
0
  0
LINE
  5
391
330
22
100
AcDbEntity
  8
F.Mask
  6
CONTINUOUS
100
AcDbLine
 10
145.125
 20
-63.2299999999999969
 30
0
 11
145.0416850000000011
 21
-63.2259069999999994
 31
0
  0
LINE
  5
392
330
22
100
AcDbEntity
  8
F.Mask
  6
CONTINUOUS
100
AcDbLine
 10
145.0416850000000011
 20
-63.2259069999999994
 30
0
 11
144.8782579999999882
 21
-63.1933989999999994
 31
0
  0
LINE
  5
393
330
22
100
AcDbEntity
  8
F.Mask
  6
CONTINUOUS
100
AcDbLine
 10
144.8782579999999882
 20
-63.1933989999999994
 30
0
 11
144.7243129999999951
 21
-63.1296329999999983
 31
0
  0
LINE
  5
394
330
22
100
AcDbEntity
  8
F.Mask
  6
CONTINUOUS
100
AcDbLine
 10
144.7243129999999951
 20
-63.1296329999999983
 30
0
 11
144.5857660000000067
 21
-63.0370589999999993
 31
0
  0
LINE
  5
395
330
22
100
AcDbEntity
  8
F.Mask
  6
CONTINUOUS
100
AcDbLine
 10
144.5857660000000067
 20
-63.0370589999999993
 30
0
 11
144.4679409999999962
 21
-62.9192339999999959
 31
0
  0
LINE
  5
396
330
22
100
AcDbEntity
  8
F.Mask
  6
CONTINUOUS
100
AcDbLine
 10
144.4679409999999962
 20
-62.9192339999999959
 30
0
 11
144.3753669999999829
 21
-62.7806870000000004
 31
0
  0
LINE
  5
397
330
22
100
AcDbEntity
  8
F.Mask
  6
CONTINUOUS
100
AcDbLine
 10
144.3753669999999829
 20
-62.7806870000000004
 30
0
 11
144.311600999999996
 21
-62.6267420000000001
 31
0
  0
LINE
  5
398
330
22
100
AcDbEntity
  8
F.Mask
  6
CONTINUOUS
100
AcDbLine
 10
144.311600999999996
 20
-62.6267420000000001
 30
0
 11
144.2790929999999889
 21
-62.4633149999999944
 31
0
  0
LINE
  5
399
330
22
100
AcDbEntity
  8
F.Mask
  6
CONTINUOUS
100
AcDbLine
 10
144.2790929999999889
 20
-62.4633149999999944
 30
0
 11
144.2790929999999889
 21
-62.2966849999999965
 31
0
  0
LINE
  5
39A
330
22
100
AcDbEntity
  8
F.Mask
  6
CONTINUOUS
100
AcDbLine
 10
144.2790929999999889
 20
-62.2966849999999965
 30
0
 11
144.311600999999996
 21
-62.1332579999999979
 31
0
  0
LINE
  5
39B
330
22
100
AcDbEntity
  8
F.Mask
  6
CONTINUOUS
100
AcDbLine
 10
144.311600999999996
 20
-62.1332579999999979
 30
0
 11
144.3753669999999829
 21
-61.9793129999999977
 31
0
  0
LINE
  5
39C
330
22
100
AcDbEntity
  8
F.Mask
  6
CONTINUOUS
100
AcDbLine
 10
144.3753669999999829
 20
-61.9793129999999977
 30
0
 11
144.4679409999999962
 21
-61.840765999999995
 31
0
  0
LINE
  5
39D
330
22
100
AcDbEntity
  8
F.Mask
  6
CONTINUOUS
100
AcDbLine
 10
144.4679409999999962
 20
-61.840765999999995
 30
0
 11
144.5857660000000067
 21
-61.7229409999999987
 31
0
  0
LINE
  5
39E
330
22
100
AcDbEntity
  8
F.Mask
  6
CONTINUOUS
100
AcDbLine
 10
144.5857660000000067
 20
-61.7229409999999987
 30
0
 11
144.7243129999999951
 21
-61.6303669999999997
 31
0
  0
LINE
  5
39F
330
22
100
AcDbEntity
  8
F.Mask
  6
CONTINUOUS
100
AcDbLine
 10
144.7243129999999951
 20
-61.6303669999999997
 30
0
 11
144.8782579999999882
 21
-61.5666009999999986
 31
0
  0
LINE
  5
3A0
330
22
100
AcDbEntity
  8
F.Mask
  6
CONTINUOUS
100
AcDbLine
 10
144.8782579999999882
 20
-61.5666009999999986
 30
0
 11
145.0416850000000011
 21
-61.5340929999999986
 31
0
  0
LINE
  5
3A1
330
22
100
AcDbEntity
  8
F.Mask
  6
CONTINUOUS
100
AcDbLine
 10
145.0416850000000011
 20
-61.5340929999999986
 30
0
 11
145.125
 21
-61.529999999999994
 31
0
  0
LINE
  5
3A2
330
22
100
AcDbEntity
  8
F.Mask
  6
CONTINUOUS
100
AcDbLine
 10
145.125
 20
-61.529999999999994
 30
0
 11
147.125
 21
-61.529999999999994
 31
0
  0
LINE
  5
3A3
330
22
100
AcDbEntity
  8
F.Mask
  6
CONTINUOUS
100
AcDbLine
 10
147.125
 20
-61.529999999999994
 30
0
 11
147.2083149999999989
 21
-61.5340929999999986
 31
0
  0
LINE
  5
3A4
330
22
100
AcDbEntity
  8
F.Mask
  6
CONTINUOUS
100
AcDbLine
 10
112.3511510000000015
 20
-52.055301
 30
0
 11
112.552622999999997
 21
-52.1207629999999966
 31
0
  0
LINE
  5
3A5
330
22
100
AcDbEntity
  8
F.Mask
  6
CONTINUOUS
100
AcDbLine
 10
112.552622999999997
 20
-52.1207629999999966
 30
0
 11
112.7413729999999958
 21
-52.2169359999999969
 31
0
  0
LINE
  5
3A6
330
22
100
AcDbEntity
  8
F.Mask
  6
CONTINUOUS
100
AcDbLine
 10
112.7413729999999958
 20
-52.2169359999999969
 30
0
 11
112.91275499999999
 21
-52.3414519999999968
 31
0
  0
LINE
  5
3A7
330
22
100
AcDbEntity
  8
F.Mask
  6
CONTINUOUS
100
AcDbLine
 10
112.91275499999999
 20
-52.3414519999999968
 30
0
 11
113.0625479999999925
 21
-52.4912449999999993
 31
0
  0
LINE
  5
3A8
330
22
100
AcDbEntity
  8
F.Mask
  6
CONTINUOUS
100
AcDbLine
 10
113.0625479999999925
 20
-52.4912449999999993
 30
0
 11
113.1870639999999923
 21
-52.6626270000000005
 31
0
  0
LINE
  5
3A9
330
22
100
AcDbEntity
  8
F.Mask
  6
CONTINUOUS
100
AcDbLine
 10
113.1870639999999923
 20
-52.6626270000000005
 30
0
 11
113.2832369999999997
 21
-52.8513769999999994
 31
0
  0
LINE
  5
3AA
330
22
100
AcDbEntity
  8
F.Mask
  6
CONTINUOUS
100
AcDbLine
 10
113.2832369999999997
 20
-52.8513769999999994
 30
0
 11
113.3486989999999963
 21
-53.0528489999999948
 31
0
  0
LINE
  5
3AB
330
22
100
AcDbEntity
  8
F.Mask
  6
CONTINUOUS
100
AcDbLine
 10
113.3486989999999963
 20
-53.0528489999999948
 30
0
 11
113.3818380000000019
 21
-53.2620799999999974
 31
0
  0
LINE
  5
3AC
330
22
100
AcDbEntity
  8
F.Mask
  6
CONTINUOUS
100
AcDbLine
 10
113.3818380000000019
 20
-53.2620799999999974
 30
0
 11
113.3818380000000019
 21
-53.4739199999999997
 31
0
  0
LINE
  5
3AD
330
22
100
AcDbEntity
  8
F.Mask
  6
CONTINUOUS
100
AcDbLine
 10
113.3818380000000019
 20
-53.4739199999999997
 30
0
 11
113.3486989999999963
 21
-53.6831509999999952
 31
0
  0
LINE
  5
3AE
330
22
100
AcDbEntity
  8
F.Mask
  6
CONTINUOUS
100
AcDbLine
 10
113.3486989999999963
 20
-53.6831509999999952
 30
0
 11
113.2832369999999997
 21
-53.8846229999999977
 31
0
  0
LINE
  5
3AF
330
22
100
AcDbEntity
  8
F.Mask
  6
CONTINUOUS
100
AcDbLine
 10
113.2832369999999997
 20
-53.8846229999999977
 30
0
 11
113.1870639999999923
 21
-54.0733729999999966
 31
0
  0
LINE
  5
3B0
330
22
100
AcDbEntity
  8
F.Mask
  6
CONTINUOUS
100
AcDbLine
 10
113.1870639999999923
 20
-54.0733729999999966
 30
0
 11
113.0625479999999925
 21
-54.2447549999999978
 31
0
  0
LINE
  5
3B1
330
22
100
AcDbEntity
  8
F.Mask
  6
CONTINUOUS
100
AcDbLine
 10
113.0625479999999925
 20
-54.2447549999999978
 30
0
 11
112.91275499999999
 21
-54.3945480000000003
 31
0
  0
LINE
  5
3B2
330
22
100
AcDbEntity
  8
F.Mask
  6
CONTINUOUS
100
AcDbLine
 10
112.91275499999999
 20
-54.3945480000000003
 30
0
 11
112.7413729999999958
 21
-54.5190640000000002
 31
0
  0
LINE
  5
3B3
330
22
100
AcDbEntity
  8
F.Mask
  6
CONTINUOUS
100
AcDbLine
 10
112.7413729999999958
 20
-54.5190640000000002
 30
0
 11
112.552622999999997
 21
-54.6152370000000005
 31
0
  0
LINE
  5
3B4
330
22
100
AcDbEntity
  8
F.Mask
  6
CONTINUOUS
100
AcDbLine
 10
112.552622999999997
 20
-54.6152370000000005
 30
0
 11
112.3511510000000015
 21
-54.6806989999999971
 31
0
  0
LINE
  5
3B5
330
22
100
AcDbEntity
  8
F.Mask
  6
CONTINUOUS
100
AcDbLine
 10
112.3511510000000015
 20
-54.6806989999999971
 30
0
 11
112.1419199999999989
 21
-54.7138379999999955
 31
0
  0
LINE
  5
3B6
330
22
100
AcDbEntity
  8
F.Mask
  6
CONTINUOUS
100
AcDbLine
 10
112.1419199999999989
 20
-54.7138379999999955
 30
0
 11
111.9300799999999896
 21
-54.7138379999999955
 31
0
  0
LINE
  5
3B7
330
22
100
AcDbEntity
  8
F.Mask
  6
CONTINUOUS
100
AcDbLine
 10
111.9300799999999896
 20
-54.7138379999999955
 30
0
 11
111.7208490000000012
 21
-54.6806989999999971
 31
0
  0
LINE
  5
3B8
330
22
100
AcDbEntity
  8
F.Mask
  6
CONTINUOUS
100
AcDbLine
 10
111.7208490000000012
 20
-54.6806989999999971
 30
0
 11
111.5193769999999915
 21
-54.6152370000000005
 31
0
  0
LINE
  5
3B9
330
22
100
AcDbEntity
  8
F.Mask
  6
CONTINUOUS
100
AcDbLine
 10
111.5193769999999915
 20
-54.6152370000000005
 30
0
 11
111.3306269999999927
 21
-54.5190640000000002
 31
0
  0
LINE
  5
3BA
330
22
100
AcDbEntity
  8
F.Mask
  6
CONTINUOUS
100
AcDbLine
 10
111.3306269999999927
 20
-54.5190640000000002
 30
0
 11
111.1592449999999985
 21
-54.3945480000000003
 31
0
  0
LINE
  5
3BB
330
22
100
AcDbEntity
  8
F.Mask
  6
CONTINUOUS
100
AcDbLine
 10
111.1592449999999985
 20
-54.3945480000000003
 30
0
 11
111.009451999999996
 21
-54.2447549999999978
 31
0
  0
LINE
  5
3BC
330
22
100
AcDbEntity
  8
F.Mask
  6
CONTINUOUS
100
AcDbLine
 10
111.009451999999996
 20
-54.2447549999999978
 30
0
 11
110.8849359999999962
 21
-54.0733729999999966
 31
0
  0
LINE
  5
3BD
330
22
100
AcDbEntity
  8
F.Mask
  6
CONTINUOUS
100
AcDbLine
 10
110.8849359999999962
 20
-54.0733729999999966
 30
0
 11
110.7887629999999888
 21
-53.8846229999999977
 31
0
  0
LINE
  5
3BE
330
22
100
AcDbEntity
  8
F.Mask
  6
CONTINUOUS
100
AcDbLine
 10
110.7887629999999888
 20
-53.8846229999999977
 30
0
 11
110.7233009999999922
 21
-53.6831509999999952
 31
0
  0
LINE
  5
3BF
330
22
100
AcDbEntity
  8
F.Mask
  6
CONTINUOUS
100
AcDbLine
 10
110.7233009999999922
 20
-53.6831509999999952
 30
0
 11
110.6901620000000008
 21
-53.4739199999999997
 31
0
  0
LINE
  5
3C0
330
22
100
AcDbEntity
  8
F.Mask
  6
CONTINUOUS
100
AcDbLine
 10
110.6901620000000008
 20
-53.4739199999999997
 30
0
 11
110.6901620000000008
 21
-53.2620799999999974
 31
0
  0
LINE
  5
3C1
330
22
100
AcDbEntity
  8
F.Mask
  6
CONTINUOUS
100
AcDbLine
 10
110.6901620000000008
 20
-53.2620799999999974
 30
0
 11
110.7233009999999922
 21
-53.0528489999999948
 31
0
  0
LINE
  5
3C2
330
22
100
AcDbEntity
  8
F.Mask
  6
CONTINUOUS
100
AcDbLine
 10
110.7233009999999922
 20
-53.0528489999999948
 30
0
 11
110.7887629999999888
 21
-52.8513769999999994
 31
0
  0
LINE
  5
3C3
330
22
100
AcDbEntity
  8
F.Mask
  6
CONTINUOUS
100
AcDbLine
 10
110.7887629999999888
 20
-52.8513769999999994
 30
0
 11
110.8849359999999962
 21
-52.6626270000000005
 31
0
  0
LINE
  5
3C4
330
22
100
AcDbEntity
  8
F.Mask
  6
CONTINUOUS
100
AcDbLine
 10
110.8849359999999962
 20
-52.6626270000000005
 30
0
 11
111.009451999999996
 21
-52.4912449999999993
 31
0
  0
LINE
  5
3C5
330
22
100
AcDbEntity
  8
F.Mask
  6
CONTINUOUS
100
AcDbLine
 10
111.009451999999996
 20
-52.4912449999999993
 30
0
 11
111.1592449999999985
 21
-52.3414519999999968
 31
0
  0
LINE
  5
3C6
330
22
100
AcDbEntity
  8
F.Mask
  6
CONTINUOUS
100
AcDbLine
 10
111.1592449999999985
 20
-52.3414519999999968
 30
0
 11
111.3306269999999927
 21
-52.2169359999999969
 31
0
  0
LINE
  5
3C7
330
22
100
AcDbEntity
  8
F.Mask
  6
CONTINUOUS
100
AcDbLine
 10
111.3306269999999927
 20
-52.2169359999999969
 30
0
 11
111.5193769999999915
 21
-52.1207629999999966
 31
0
  0
LINE
  5
3C8
330
22
100
AcDbEntity
  8
F.Mask
  6
CONTINUOUS
100
AcDbLine
 10
111.5193769999999915
 20
-52.1207629999999966
 30
0
 11
111.7208490000000012
 21
-52.055301
 31
0
  0
LINE
  5
3C9
330
22
100
AcDbEntity
  8
F.Mask
  6
CONTINUOUS
100
AcDbLine
 10
111.7208490000000012
 20
-52.055301
 30
0
 11
111.9300799999999896
 21
-52.0221619999999945
 31
0
  0
LINE
  5
3CA
330
22
100
AcDbEntity
  8
F.Mask
  6
CONTINUOUS
100
AcDbLine
 10
111.9300799999999896
 20
-52.0221619999999945
 30
0
 11
112.1419199999999989
 21
-52.0221619999999945
 31
0
  0
LINE
  5
3CB
330
22
100
AcDbEntity
  8
F.Mask
  6
CONTINUOUS
100
AcDbLine
 10
112.1419199999999989
 20
-52.0221619999999945
 30
0
 11
112.3511510000000015
 21
-52.055301
 31
0
  0
LINE
  5
3CC
330
22
100
AcDbEntity
  8
F.Mask
  6
CONTINUOUS
100
AcDbLine
 10
141.815150999999986
 20
-52.055301
 30
0
 11
142.0166229999999814
 21
-52.1207629999999966
 31
0
  0
LINE
  5
3CD
330
22
100
AcDbEntity
  8
F.Mask
  6
CONTINUOUS
100
AcDbLine
 10
142.0166229999999814
 20
-52.1207629999999966
 30
0
 11
142.2053729999999803
 21
-52.2169359999999969
 31
0
  0
LINE
  5
3CE
330
22
100
AcDbEntity
  8
F.Mask
  6
CONTINUOUS
100
AcDbLine
 10
142.2053729999999803
 20
-52.2169359999999969
 30
0
 11
142.3767550000000028
 21
-52.3414519999999968
 31
0
  0
LINE
  5
3CF
330
22
100
AcDbEntity
  8
F.Mask
  6
CONTINUOUS
100
AcDbLine
 10
142.3767550000000028
 20
-52.3414519999999968
 30
0
 11
142.5265479999999911
 21
-52.4912449999999993
 31
0
  0
LINE
  5
3D0
330
22
100
AcDbEntity
  8
F.Mask
  6
CONTINUOUS
100
AcDbLine
 10
142.5265479999999911
 20
-52.4912449999999993
 30
0
 11
142.651063999999991
 21
-52.6626270000000005
 31
0
  0
LINE
  5
3D1
330
22
100
AcDbEntity
  8
F.Mask
  6
CONTINUOUS
100
AcDbLine
 10
142.651063999999991
 20
-52.6626270000000005
 30
0
 11
142.7472369999999842
 21
-52.8513769999999994
 31
0
  0
LINE
  5
3D2
330
22
100
AcDbEntity
  8
F.Mask
  6
CONTINUOUS
100
AcDbLine
 10
142.7472369999999842
 20
-52.8513769999999994
 30
0
 11
142.8126989999999807
 21
-53.0528489999999948
 31
0
  0
LINE
  5
3D3
330
22
100
AcDbEntity
  8
F.Mask
  6
CONTINUOUS
100
AcDbLine
 10
142.8126989999999807
 20
-53.0528489999999948
 30
0
 11
142.8458379999999863
 21
-53.2620799999999974
 31
0
  0
LINE
  5
3D4
330
22
100
AcDbEntity
  8
F.Mask
  6
CONTINUOUS
100
AcDbLine
 10
142.8458379999999863
 20
-53.2620799999999974
 30
0
 11
142.8458379999999863
 21
-53.4739199999999997
 31
0
  0
LINE
  5
3D5
330
22
100
AcDbEntity
  8
F.Mask
  6
CONTINUOUS
100
AcDbLine
 10
142.8458379999999863
 20
-53.4739199999999997
 30
0
 11
142.8126989999999807
 21
-53.6831509999999952
 31
0
  0
LINE
  5
3D6
330
22
100
AcDbEntity
  8
F.Mask
  6
CONTINUOUS
100
AcDbLine
 10
142.8126989999999807
 20
-53.6831509999999952
 30
0
 11
142.7472369999999842
 21
-53.8846229999999977
 31
0
  0
LINE
  5
3D7
330
22
100
AcDbEntity
  8
F.Mask
  6
CONTINUOUS
100
AcDbLine
 10
142.7472369999999842
 20
-53.8846229999999977
 30
0
 11
142.651063999999991
 21
-54.0733729999999966
 31
0
  0
LINE
  5
3D8
330
22
100
AcDbEntity
  8
F.Mask
  6
CONTINUOUS
100
AcDbLine
 10
142.651063999999991
 20
-54.0733729999999966
 30
0
 11
142.5265479999999911
 21
-54.2447549999999978
 31
0
  0
LINE
  5
3D9
330
22
100
AcDbEntity
  8
F.Mask
  6
CONTINUOUS
100
AcDbLine
 10
142.5265479999999911
 20
-54.2447549999999978
 30
0
 11
142.3767550000000028
 21
-54.3945480000000003
 31
0
  0
LINE
  5
3DA
330
22
100
AcDbEntity
  8
F.Mask
  6
CONTINUOUS
100
AcDbLine
 10
142.3767550000000028
 20
-54.3945480000000003
 30
0
 11
142.2053729999999803
 21
-54.5190640000000002
 31
0
  0
LINE
  5
3DB
330
22
100
AcDbEntity
  8
F.Mask
  6
CONTINUOUS
100
AcDbLine
 10
142.2053729999999803
 20
-54.5190640000000002
 30
0
 11
142.0166229999999814
 21
-54.6152370000000005
 31
0
  0
LINE
  5
3DC
330
22
100
AcDbEntity
  8
F.Mask
  6
CONTINUOUS
100
AcDbLine
 10
142.0166229999999814
 20
-54.6152370000000005
 30
0
 11
141.815150999999986
 21
-54.6806989999999971
 31
0
  0
LINE
  5
3DD
330
22
100
AcDbEntity
  8
F.Mask
  6
CONTINUOUS
100
AcDbLine
 10
141.815150999999986
 20
-54.6806989999999971
 30
0
 11
141.6059199999999976
 21
-54.7138379999999955
 31
0
  0
LINE
  5
3DE
330
22
100
AcDbEntity
  8
F.Mask
  6
CONTINUOUS
100
AcDbLine
 10
141.6059199999999976
 20
-54.7138379999999955
 30
0
 11
141.3940800000000024
 21
-54.7138379999999955
 31
0
  0
LINE
  5
3DF
330
22
100
AcDbEntity
  8
F.Mask
  6
CONTINUOUS
100
AcDbLine
 10
141.3940800000000024
 20
-54.7138379999999955
 30
0
 11
141.1848489999999856
 21
-54.6806989999999971
 31
0
  0
LINE
  5
3E0
330
22
100
AcDbEntity
  8
F.Mask
  6
CONTINUOUS
100
AcDbLine
 10
141.1848489999999856
 20
-54.6806989999999971
 30
0
 11
140.9833769999999902
 21
-54.6152370000000005
 31
0
  0
LINE
  5
3E1
330
22
100
AcDbEntity
  8
F.Mask
  6
CONTINUOUS
100
AcDbLine
 10
140.9833769999999902
 20
-54.6152370000000005
 30
0
 11
140.7946269999999913
 21
-54.5190640000000002
 31
0
  0
LINE
  5
3E2
330
22
100
AcDbEntity
  8
F.Mask
  6
CONTINUOUS
100
AcDbLine
 10
140.7946269999999913
 20
-54.5190640000000002
 30
0
 11
140.6232449999999972
 21
-54.3945480000000003
 31
0
  0
LINE
  5
3E3
330
22
100
AcDbEntity
  8
F.Mask
  6
CONTINUOUS
100
AcDbLine
 10
140.6232449999999972
 20
-54.3945480000000003
 30
0
 11
140.4734519999999804
 21
-54.2447549999999978
 31
0
  0
LINE
  5
3E4
330
22
100
AcDbEntity
  8
F.Mask
  6
CONTINUOUS
100
AcDbLine
 10
140.4734519999999804
 20
-54.2447549999999978
 30
0
 11
140.3489359999999806
 21
-54.0733729999999966
 31
0
  0
LINE
  5
3E5
330
22
100
AcDbEntity
  8
F.Mask
  6
CONTINUOUS
100
AcDbLine
 10
140.3489359999999806
 20
-54.0733729999999966
 30
0
 11
140.2527629999999874
 21
-53.8846229999999977
 31
0
  0
LINE
  5
3E6
330
22
100
AcDbEntity
  8
F.Mask
  6
CONTINUOUS
100
AcDbLine
 10
140.2527629999999874
 20
-53.8846229999999977
 30
0
 11
140.1873009999999908
 21
-53.6831509999999952
 31
0
  0
LINE
  5
3E7
330
22
100
AcDbEntity
  8
F.Mask
  6
CONTINUOUS
100
AcDbLine
 10
140.1873009999999908
 20
-53.6831509999999952
 30
0
 11
140.1541619999999853
 21
-53.4739199999999997
 31
0
  0
LINE
  5
3E8
330
22
100
AcDbEntity
  8
F.Mask
  6
CONTINUOUS
100
AcDbLine
 10
140.1541619999999853
 20
-53.4739199999999997
 30
0
 11
140.1541619999999853
 21
-53.2620799999999974
 31
0
  0
LINE
  5
3E9
330
22
100
AcDbEntity
  8
F.Mask
  6
CONTINUOUS
100
AcDbLine
 10
140.1541619999999853
 20
-53.2620799999999974
 30
0
 11
140.1873009999999908
 21
-53.0528489999999948
 31
0
  0
LINE
  5
3EA
330
22
100
AcDbEntity
  8
F.Mask
  6
CONTINUOUS
100
AcDbLine
 10
140.1873009999999908
 20
-53.0528489999999948
 30
0
 11
140.2527629999999874
 21
-52.8513769999999994
 31
0
  0
LINE
  5
3EB
330
22
100
AcDbEntity
  8
F.Mask
  6
CONTINUOUS
100
AcDbLine
 10
140.2527629999999874
 20
-52.8513769999999994
 30
0
 11
140.3489359999999806
 21
-52.6626270000000005
 31
0
  0
LINE
  5
3EC
330
22
100
AcDbEntity
  8
F.Mask
  6
CONTINUOUS
100
AcDbLine
 10
140.3489359999999806
 20
-52.6626270000000005
 30
0
 11
140.4734519999999804
 21
-52.4912449999999993
 31
0
  0
LINE
  5
3ED
330
22
100
AcDbEntity
  8
F.Mask
  6
CONTINUOUS
100
AcDbLine
 10
140.4734519999999804
 20
-52.4912449999999993
 30
0
 11
140.6232449999999972
 21
-52.3414519999999968
 31
0
  0
LINE
  5
3EE
330
22
100
AcDbEntity
  8
F.Mask
  6
CONTINUOUS
100
AcDbLine
 10
140.6232449999999972
 20
-52.3414519999999968
 30
0
 11
140.7946269999999913
 21
-52.2169359999999969
 31
0
  0
LINE
  5
3EF
330
22
100
AcDbEntity
  8
F.Mask
  6
CONTINUOUS
100
AcDbLine
 10
140.7946269999999913
 20
-52.2169359999999969
 30
0
 11
140.9833769999999902
 21
-52.1207629999999966
 31
0
  0
LINE
  5
3F0
330
22
100
AcDbEntity
  8
F.Mask
  6
CONTINUOUS
100
AcDbLine
 10
140.9833769999999902
 20
-52.1207629999999966
 30
0
 11
141.1848489999999856
 21
-52.055301
 31
0
  0
LINE
  5
3F1
330
22
100
AcDbEntity
  8
F.Mask
  6
CONTINUOUS
100
AcDbLine
 10
141.1848489999999856
 20
-52.055301
 30
0
 11
141.3940800000000024
 21
-52.0221619999999945
 31
0
  0
LINE
  5
3F2
330
22
100
AcDbEntity
  8
F.Mask
  6
CONTINUOUS
100
AcDbLine
 10
141.3940800000000024
 20
-52.0221619999999945
 30
0
 11
141.6059199999999976
 21
-52.0221619999999945
 31
0
  0
LINE
  5
3F3
330
22
100
AcDbEntity
  8
F.Mask
  6
CONTINUOUS
100
AcDbLine
 10
141.6059199999999976
 20
-52.0221619999999945
 30
0
 11
141.815150999999986
 21
-52.055301
 31
0
  0
LINE
  5
3F4
330
22
100
AcDbEntity
  8
F.Mask
  6
CONTINUOUS
100
AcDbLine
 10
98.8501809999999921
 20
-50.1684289999999962
 30
0
 11
99.1028790000000015
 21
-50.2361399999999989
 31
0
  0
LINE
  5
3F5
330
22
100
AcDbEntity
  8
F.Mask
  6
CONTINUOUS
100
AcDbLine
 10
99.1028790000000015
 20
-50.2361399999999989
 30
0
 11
99.344577000000001
 21
-50.3362549999999942
 31
0
  0
LINE
  5
3F6
330
22
100
AcDbEntity
  8
F.Mask
  6
CONTINUOUS
100
AcDbLine
 10
99.344577000000001
 20
-50.3362549999999942
 30
0
 11
99.5711399999999998
 21
-50.4670610000000011
 31
0
  0
LINE
  5
3F7
330
22
100
AcDbEntity
  8
F.Mask
  6
CONTINUOUS
100
AcDbLine
 10
99.5711399999999998
 20
-50.4670610000000011
 30
0
 11
99.7786919999999924
 21
-50.6263199999999998
 31
0
  0
LINE
  5
3F8
330
22
100
AcDbEntity
  8
F.Mask
  6
CONTINUOUS
100
AcDbLine
 10
99.7786919999999924
 20
-50.6263199999999998
 30
0
 11
99.9636799999999965
 21
-50.8113079999999968
 31
0
  0
LINE
  5
3F9
330
22
100
AcDbEntity
  8
F.Mask
  6
CONTINUOUS
100
AcDbLine
 10
99.9636799999999965
 20
-50.8113079999999968
 30
0
 11
100.1229390000000024
 21
-51.0188599999999965
 31
0
  0
LINE
  5
3FA
330
22
100
AcDbEntity
  8
F.Mask
  6
CONTINUOUS
100
AcDbLine
 10
100.1229390000000024
 20
-51.0188599999999965
 30
0
 11
100.253744999999995
 21
-51.2454229999999953
 31
0
  0
LINE
  5
3FB
330
22
100
AcDbEntity
  8
F.Mask
  6
CONTINUOUS
100
AcDbLine
 10
100.253744999999995
 20
-51.2454229999999953
 30
0
 11
100.3538599999999974
 21
-51.4871209999999948
 31
0
  0
LINE
  5
3FC
330
22
100
AcDbEntity
  8
F.Mask
  6
CONTINUOUS
100
AcDbLine
 10
100.3538599999999974
 20
-51.4871209999999948
 30
0
 11
100.4215710000000001
 21
-51.7398189999999971
 31
0
  0
LINE
  5
3FD
330
22
100
AcDbEntity
  8
F.Mask
  6
CONTINUOUS
100
AcDbLine
 10
100.4215710000000001
 20
-51.7398189999999971
 30
0
 11
100.4557179999999903
 21
-51.9991939999999957
 31
0
  0
LINE
  5
3FE
330
22
100
AcDbEntity
  8
F.Mask
  6
CONTINUOUS
100
AcDbLine
 10
100.4557179999999903
 20
-51.9991939999999957
 30
0
 11
100.4557179999999903
 21
-52.2608059999999952
 31
0
  0
LINE
  5
3FF
330
22
100
AcDbEntity
  8
F.Mask
  6
CONTINUOUS
100
AcDbLine
 10
100.4557179999999903
 20
-52.2608059999999952
 30
0
 11
100.4215710000000001
 21
-52.5201810000000009
 31
0
  0
LINE
  5
400
330
22
100
AcDbEntity
  8
F.Mask
  6
CONTINUOUS
100
AcDbLine
 10
100.4215710000000001
 20
-52.5201810000000009
 30
0
 11
100.3538599999999974
 21
-52.7728789999999961
 31
0
  0
LINE
  5
401
330
22
100
AcDbEntity
  8
F.Mask
  6
CONTINUOUS
100
AcDbLine
 10
100.3538599999999974
 20
-52.7728789999999961
 30
0
 11
100.253744999999995
 21
-53.0145769999999956
 31
0
  0
LINE
  5
402
330
22
100
AcDbEntity
  8
F.Mask
  6
CONTINUOUS
100
AcDbLine
 10
100.253744999999995
 20
-53.0145769999999956
 30
0
 11
100.1229390000000024
 21
-53.2411399999999944
 31
0
  0
LINE
  5
403
330
22
100
AcDbEntity
  8
F.Mask
  6
CONTINUOUS
100
AcDbLine
 10
100.1229390000000024
 20
-53.2411399999999944
 30
0
 11
99.9636799999999965
 21
-53.4486919999999941
 31
0
  0
LINE
  5
404
330
22
100
AcDbEntity
  8
F.Mask
  6
CONTINUOUS
100
AcDbLine
 10
99.9636799999999965
 20
-53.4486919999999941
 30
0
 11
99.7786919999999924
 21
-53.6336799999999982
 31
0
  0
LINE
  5
405
330
22
100
AcDbEntity
  8
F.Mask
  6
CONTINUOUS
100
AcDbLine
 10
99.7786919999999924
 20
-53.6336799999999982
 30
0
 11
99.5711399999999998
 21
-53.792938999999997
 31
0
  0
LINE
  5
406
330
22
100
AcDbEntity
  8
F.Mask
  6
CONTINUOUS
100
AcDbLine
 10
99.5711399999999998
 20
-53.792938999999997
 30
0
 11
99.344577000000001
 21
-53.9237449999999967
 31
0
  0
LINE
  5
407
330
22
100
AcDbEntity
  8
F.Mask
  6
CONTINUOUS
100
AcDbLine
 10
99.344577000000001
 20
-53.9237449999999967
 30
0
 11
99.1028790000000015
 21
-54.0238599999999991
 31
0
  0
LINE
  5
408
330
22
100
AcDbEntity
  8
F.Mask
  6
CONTINUOUS
100
AcDbLine
 10
99.1028790000000015
 20
-54.0238599999999991
 30
0
 11
98.8501809999999921
 21
-54.0915709999999947
 31
0
  0
LINE
  5
409
330
22
100
AcDbEntity
  8
F.Mask
  6
CONTINUOUS
100
AcDbLine
 10
98.8501809999999921
 20
-54.0915709999999947
 30
0
 11
98.5908060000000006
 21
-54.1257179999999991
 31
0
  0
LINE
  5
40A
330
22
100
AcDbEntity
  8
F.Mask
  6
CONTINUOUS
100
AcDbLine
 10
98.5908060000000006
 20
-54.1257179999999991
 30
0
 11
98.3291940000000011
 21
-54.1257179999999991
 31
0
  0
LINE
  5
40B
330
22
100
AcDbEntity
  8
F.Mask
  6
CONTINUOUS
100
AcDbLine
 10
98.3291940000000011
 20
-54.1257179999999991
 30
0
 11
98.0698189999999954
 21
-54.0915709999999947
 31
0
  0
LINE
  5
40C
330
22
100
AcDbEntity
  8
F.Mask
  6
CONTINUOUS
100
AcDbLine
 10
98.0698189999999954
 20
-54.0915709999999947
 30
0
 11
97.8171210000000002
 21
-54.0238599999999991
 31
0
  0
LINE
  5
40D
330
22
100
AcDbEntity
  8
F.Mask
  6
CONTINUOUS
100
AcDbLine
 10
97.8171210000000002
 20
-54.0238599999999991
 30
0
 11
97.5754230000000007
 21
-53.9237449999999967
 31
0
  0
LINE
  5
40E
330
22
100
AcDbEntity
  8
F.Mask
  6
CONTINUOUS
100
AcDbLine
 10
97.5754230000000007
 20
-53.9237449999999967
 30
0
 11
97.3488600000000019
 21
-53.792938999999997
 31
0
  0
LINE
  5
40F
330
22
100
AcDbEntity
  8
F.Mask
  6
CONTINUOUS
100
AcDbLine
 10
97.3488600000000019
 20
-53.792938999999997
 30
0
 11
97.1413079999999951
 21
-53.6336799999999982
 31
0
  0
LINE
  5
410
330
22
100
AcDbEntity
  8
F.Mask
  6
CONTINUOUS
100
AcDbLine
 10
97.1413079999999951
 20
-53.6336799999999982
 30
0
 11
96.956319999999991
 21
-53.4486919999999941
 31
0
  0
LINE
  5
411
330
22
100
AcDbEntity
  8
F.Mask
  6
CONTINUOUS
100
AcDbLine
 10
96.956319999999991
 20
-53.4486919999999941
 30
0
 11
96.7970609999999994
 21
-53.2411399999999944
 31
0
  0
LINE
  5
412
330
22
100
AcDbEntity
  8
F.Mask
  6
CONTINUOUS
100
AcDbLine
 10
96.7970609999999994
 20
-53.2411399999999944
 30
0
 11
96.6662549999999925
 21
-53.0145769999999956
 31
0
  0
LINE
  5
413
330
22
100
AcDbEntity
  8
F.Mask
  6
CONTINUOUS
100
AcDbLine
 10
96.6662549999999925
 20
-53.0145769999999956
 30
0
 11
96.5661399999999901
 21
-52.7728789999999961
 31
0
  0
LINE
  5
414
330
22
100
AcDbEntity
  8
F.Mask
  6
CONTINUOUS
100
AcDbLine
 10
96.5661399999999901
 20
-52.7728789999999961
 30
0
 11
96.4984290000000016
 21
-52.5201810000000009
 31
0
  0
LINE
  5
415
330
22
100
AcDbEntity
  8
F.Mask
  6
CONTINUOUS
100
AcDbLine
 10
96.4984290000000016
 20
-52.5201810000000009
 30
0
 11
96.4642819999999972
 21
-52.2608059999999952
 31
0
  0
LINE
  5
416
330
22
100
AcDbEntity
  8
F.Mask
  6
CONTINUOUS
100
AcDbLine
 10
96.4642819999999972
 20
-52.2608059999999952
 30
0
 11
96.4642819999999972
 21
-51.9991939999999957
 31
0
  0
LINE
  5
417
330
22
100
AcDbEntity
  8
F.Mask
  6
CONTINUOUS
100
AcDbLine
 10
96.4642819999999972
 20
-51.9991939999999957
 30
0
 11
96.4984290000000016
 21
-51.7398189999999971
 31
0
  0
LINE
  5
418
330
22
100
AcDbEntity
  8
F.Mask
  6
CONTINUOUS
100
AcDbLine
 10
96.4984290000000016
 20
-51.7398189999999971
 30
0
 11
96.5661399999999901
 21
-51.4871209999999948
 31
0
  0
LINE
  5
419
330
22
100
AcDbEntity
  8
F.Mask
  6
CONTINUOUS
100
AcDbLine
 10
96.5661399999999901
 20
-51.4871209999999948
 30
0
 11
96.6662549999999925
 21
-51.2454229999999953
 31
0
  0
LINE
  5
41A
330
22
100
AcDbEntity
  8
F.Mask
  6
CONTINUOUS
100
AcDbLine
 10
96.6662549999999925
 20
-51.2454229999999953
 30
0
 11
96.7970609999999994
 21
-51.0188599999999965
 31
0
  0
LINE
  5
41B
330
22
100
AcDbEntity
  8
F.Mask
  6
CONTINUOUS
100
AcDbLine
 10
96.7970609999999994
 20
-51.0188599999999965
 30
0
 11
96.956319999999991
 21
-50.8113079999999968
 31
0
  0
LINE
  5
41C
330
22
100
AcDbEntity
  8
F.Mask
  6
CONTINUOUS
100
AcDbLine
 10
96.956319999999991
 20
-50.8113079999999968
 30
0
 11
97.1413079999999951
 21
-50.6263199999999998
 31
0
  0
LINE
  5
41D
330
22
100
AcDbEntity
  8
F.Mask
  6
CONTINUOUS
100
AcDbLine
 10
97.1413079999999951
 20
-50.6263199999999998
 30
0
 11
97.3488600000000019
 21
-50.4670610000000011
 31
0
  0
LINE
  5
41E
330
22
100
AcDbEntity
  8
F.Mask
  6
CONTINUOUS
100
AcDbLine
 10
97.3488600000000019
 20
-50.4670610000000011
 30
0
 11
97.5754230000000007
 21
-50.3362549999999942
 31
0
  0
LINE
  5
41F
330
22
100
AcDbEntity
  8
F.Mask
  6
CONTINUOUS
100
AcDbLine
 10
97.5754230000000007
 20
-50.3362549999999942
 30
0
 11
97.8171210000000002
 21
-50.2361399999999989
 31
0
  0
LINE
  5
420
330
22
100
AcDbEntity
  8
F.Mask
  6
CONTINUOUS
100
AcDbLine
 10
97.8171210000000002
 20
-50.2361399999999989
 30
0
 11
98.0698189999999954
 21
-50.1684289999999962
 31
0
  0
LINE
  5
421
330
22
100
AcDbEntity
  8
F.Mask
  6
CONTINUOUS
100
AcDbLine
 10
98.0698189999999954
 20
-50.1684289999999962
 30
0
 11
98.3291940000000011
 21
-50.1342819999999989
 31
0
  0
LINE
  5
422
330
22
100
AcDbEntity
  8
F.Mask
  6
CONTINUOUS
100
AcDbLine
 10
98.3291940000000011
 20
-50.1342819999999989
 30
0
 11
98.5908060000000006
 21
-50.1342819999999989
 31
0
  0
LINE
  5
423
330
22
100
AcDbEntity
  8
F.Mask
  6
CONTINUOUS
100
AcDbLine
 10
98.5908060000000006
 20
-50.1342819999999989
 30
0
 11
98.8501809999999921
 21
-50.1684289999999962
 31
0
  0
LINE
  5
424
330
22
100
AcDbEntity
  8
F.Mask
  6
CONTINUOUS
100
AcDbLine
 10
93.626741999999993
 20
-51.3166009999999986
 30
0
 11
93.7806870000000004
 21
-51.3803669999999997
 31
0
  0
LINE
  5
425
330
22
100
AcDbEntity
  8
F.Mask
  6
CONTINUOUS
100
AcDbLine
 10
93.7806870000000004
 20
-51.3803669999999997
 30
0
 11
93.9192339999999888
 21
-51.4729409999999987
 31
0
  0
LINE
  5
426
330
22
100
AcDbEntity
  8
F.Mask
  6
CONTINUOUS
100
AcDbLine
 10
93.9192339999999888
 20
-51.4729409999999987
 30
0
 11
94.0370589999999993
 21
-51.590765999999995
 31
0
  0
LINE
  5
427
330
22
100
AcDbEntity
  8
F.Mask
  6
CONTINUOUS
100
AcDbLine
 10
94.0370589999999993
 20
-51.590765999999995
 30
0
 11
94.1296329999999983
 21
-51.7293129999999977
 31
0
  0
LINE
  5
428
330
22
100
AcDbEntity
  8
F.Mask
  6
CONTINUOUS
100
AcDbLine
 10
94.1296329999999983
 20
-51.7293129999999977
 30
0
 11
94.1933989999999994
 21
-51.8832579999999979
 31
0
  0
LINE
  5
429
330
22
100
AcDbEntity
  8
F.Mask
  6
CONTINUOUS
100
AcDbLine
 10
94.1933989999999994
 20
-51.8832579999999979
 30
0
 11
94.2259069999999923
 21
-52.0466849999999965
 31
0
  0
LINE
  5
42A
330
22
100
AcDbEntity
  8
F.Mask
  6
CONTINUOUS
100
AcDbLine
 10
94.2259069999999923
 20
-52.0466849999999965
 30
0
 11
94.2259069999999923
 21
-52.2133149999999944
 31
0
  0
LINE
  5
42B
330
22
100
AcDbEntity
  8
F.Mask
  6
CONTINUOUS
100
AcDbLine
 10
94.2259069999999923
 20
-52.2133149999999944
 30
0
 11
94.1933989999999994
 21
-52.3767420000000001
 31
0
  0
LINE
  5
42C
330
22
100
AcDbEntity
  8
F.Mask
  6
CONTINUOUS
100
AcDbLine
 10
94.1933989999999994
 20
-52.3767420000000001
 30
0
 11
94.1296329999999983
 21
-52.5306870000000004
 31
0
  0
LINE
  5
42D
330
22
100
AcDbEntity
  8
F.Mask
  6
CONTINUOUS
100
AcDbLine
 10
94.1296329999999983
 20
-52.5306870000000004
 30
0
 11
94.0370589999999993
 21
-52.6692339999999959
 31
0
  0
LINE
  5
42E
330
22
100
AcDbEntity
  8
F.Mask
  6
CONTINUOUS
100
AcDbLine
 10
94.0370589999999993
 20
-52.6692339999999959
 30
0
 11
93.9192339999999888
 21
-52.7870589999999993
 31
0
  0
LINE
  5
42F
330
22
100
AcDbEntity
  8
F.Mask
  6
CONTINUOUS
100
AcDbLine
 10
93.9192339999999888
 20
-52.7870589999999993
 30
0
 11
93.7806870000000004
 21
-52.8796329999999983
 31
0
  0
LINE
  5
430
330
22
100
AcDbEntity
  8
F.Mask
  6
CONTINUOUS
100
AcDbLine
 10
93.7806870000000004
 20
-52.8796329999999983
 30
0
 11
93.626741999999993
 21
-52.9433989999999994
 31
0
  0
LINE
  5
431
330
22
100
AcDbEntity
  8
F.Mask
  6
CONTINUOUS
100
AcDbLine
 10
93.626741999999993
 20
-52.9433989999999994
 30
0
 11
93.4633149999999944
 21
-52.9759069999999994
 31
0
  0
LINE
  5
432
330
22
100
AcDbEntity
  8
F.Mask
  6
CONTINUOUS
100
AcDbLine
 10
93.4633149999999944
 20
-52.9759069999999994
 30
0
 11
93.2966849999999965
 21
-52.9759069999999994
 31
0
  0
LINE
  5
433
330
22
100
AcDbEntity
  8
F.Mask
  6
CONTINUOUS
100
AcDbLine
 10
93.2966849999999965
 20
-52.9759069999999994
 30
0
 11
93.1332579999999979
 21
-52.9433989999999994
 31
0
  0
LINE
  5
434
330
22
100
AcDbEntity
  8
F.Mask
  6
CONTINUOUS
100
AcDbLine
 10
93.1332579999999979
 20
-52.9433989999999994
 30
0
 11
92.9793129999999906
 21
-52.8796329999999983
 31
0
  0
LINE
  5
435
330
22
100
AcDbEntity
  8
F.Mask
  6
CONTINUOUS
100
AcDbLine
 10
92.9793129999999906
 20
-52.8796329999999983
 30
0
 11
92.8407660000000021
 21
-52.7870589999999993
 31
0
  0
LINE
  5
436
330
22
100
AcDbEntity
  8
F.Mask
  6
CONTINUOUS
100
AcDbLine
 10
92.8407660000000021
 20
-52.7870589999999993
 30
0
 11
92.7229409999999916
 21
-52.6692339999999959
 31
0
  0
LINE
  5
437
330
22
100
AcDbEntity
  8
F.Mask
  6
CONTINUOUS
100
AcDbLine
 10
92.7229409999999916
 20
-52.6692339999999959
 30
0
 11
92.6303669999999926
 21
-52.5306870000000004
 31
0
  0
LINE
  5
438
330
22
100
AcDbEntity
  8
F.Mask
  6
CONTINUOUS
100
AcDbLine
 10
92.6303669999999926
 20
-52.5306870000000004
 30
0
 11
92.5666009999999915
 21
-52.3767420000000001
 31
0
  0
LINE
  5
439
330
22
100
AcDbEntity
  8
F.Mask
  6
CONTINUOUS
100
AcDbLine
 10
92.5666009999999915
 20
-52.3767420000000001
 30
0
 11
92.5340929999999986
 21
-52.2133149999999944
 31
0
  0
LINE
  5
43A
330
22
100
AcDbEntity
  8
F.Mask
  6
CONTINUOUS
100
AcDbLine
 10
92.5340929999999986
 20
-52.2133149999999944
 30
0
 11
92.5340929999999986
 21
-52.0466849999999965
 31
0
  0
LINE
  5
43B
330
22
100
AcDbEntity
  8
F.Mask
  6
CONTINUOUS
100
AcDbLine
 10
92.5340929999999986
 20
-52.0466849999999965
 30
0
 11
92.5666009999999915
 21
-51.8832579999999979
 31
0
  0
LINE
  5
43C
330
22
100
AcDbEntity
  8
F.Mask
  6
CONTINUOUS
100
AcDbLine
 10
92.5666009999999915
 20
-51.8832579999999979
 30
0
 11
92.6303669999999926
 21
-51.7293129999999977
 31
0
  0
LINE
  5
43D
330
22
100
AcDbEntity
  8
F.Mask
  6
CONTINUOUS
100
AcDbLine
 10
92.6303669999999926
 20
-51.7293129999999977
 30
0
 11
92.7229409999999916
 21
-51.590765999999995
 31
0
  0
LINE
  5
43E
330
22
100
AcDbEntity
  8
F.Mask
  6
CONTINUOUS
100
AcDbLine
 10
92.7229409999999916
 20
-51.590765999999995
 30
0
 11
92.8407660000000021
 21
-51.4729409999999987
 31
0
  0
LINE
  5
43F
330
22
100
AcDbEntity
  8
F.Mask
  6
CONTINUOUS
100
AcDbLine
 10
92.8407660000000021
 20
-51.4729409999999987
 30
0
 11
92.9793129999999906
 21
-51.3803669999999997
 31
0
  0
LINE
  5
440
330
22
100
AcDbEntity
  8
F.Mask
  6
CONTINUOUS
100
AcDbLine
 10
92.9793129999999906
 20
-51.3803669999999997
 30
0
 11
93.1332579999999979
 21
-51.3166009999999986
 31
0
  0
LINE
  5
441
330
22
100
AcDbEntity
  8
F.Mask
  6
CONTINUOUS
100
AcDbLine
 10
93.1332579999999979
 20
-51.3166009999999986
 30
0
 11
93.2966849999999965
 21
-51.2840929999999986
 31
0
  0
LINE
  5
442
330
22
100
AcDbEntity
  8
F.Mask
  6
CONTINUOUS
100
AcDbLine
 10
93.2966849999999965
 20
-51.2840929999999986
 30
0
 11
93.4633149999999944
 21
-51.2840929999999986
 31
0
  0
LINE
  5
443
330
22
100
AcDbEntity
  8
F.Mask
  6
CONTINUOUS
100
AcDbLine
 10
93.4633149999999944
 20
-51.2840929999999986
 30
0
 11
93.626741999999993
 21
-51.3166009999999986
 31
0
  0
LINE
  5
444
330
22
100
AcDbEntity
  8
F.Mask
  6
CONTINUOUS
100
AcDbLine
 10
103.7867419999999896
 20
-51.3166009999999986
 30
0
 11
103.9406869999999969
 21
-51.3803669999999997
 31
0
  0
LINE
  5
445
330
22
100
AcDbEntity
  8
F.Mask
  6
CONTINUOUS
100
AcDbLine
 10
103.9406869999999969
 20
-51.3803669999999997
 30
0
 11
104.0792339999999996
 21
-51.4729409999999987
 31
0
  0
LINE
  5
446
330
22
100
AcDbEntity
  8
F.Mask
  6
CONTINUOUS
100
AcDbLine
 10
104.0792339999999996
 20
-51.4729409999999987
 30
0
 11
104.1970589999999959
 21
-51.590765999999995
 31
0
  0
LINE
  5
447
330
22
100
AcDbEntity
  8
F.Mask
  6
CONTINUOUS
100
AcDbLine
 10
104.1970589999999959
 20
-51.590765999999995
 30
0
 11
104.2896329999999949
 21
-51.7293129999999977
 31
0
  0
LINE
  5
448
330
22
100
AcDbEntity
  8
F.Mask
  6
CONTINUOUS
100
AcDbLine
 10
104.2896329999999949
 20
-51.7293129999999977
 30
0
 11
104.353398999999996
 21
-51.8832579999999979
 31
0
  0
LINE
  5
449
330
22
100
AcDbEntity
  8
F.Mask
  6
CONTINUOUS
100
AcDbLine
 10
104.353398999999996
 20
-51.8832579999999979
 30
0
 11
104.3859069999999889
 21
-52.0466849999999965
 31
0
  0
LINE
  5
44A
330
22
100
AcDbEntity
  8
F.Mask
  6
CONTINUOUS
100
AcDbLine
 10
104.3859069999999889
 20
-52.0466849999999965
 30
0
 11
104.3859069999999889
 21
-52.2133149999999944
 31
0
  0
LINE
  5
44B
330
22
100
AcDbEntity
  8
F.Mask
  6
CONTINUOUS
100
AcDbLine
 10
104.3859069999999889
 20
-52.2133149999999944
 30
0
 11
104.353398999999996
 21
-52.3767420000000001
 31
0
  0
LINE
  5
44C
330
22
100
AcDbEntity
  8
F.Mask
  6
CONTINUOUS
100
AcDbLine
 10
104.353398999999996
 20
-52.3767420000000001
 30
0
 11
104.2896329999999949
 21
-52.5306870000000004
 31
0
  0
LINE
  5
44D
330
22
100
AcDbEntity
  8
F.Mask
  6
CONTINUOUS
100
AcDbLine
 10
104.2896329999999949
 20
-52.5306870000000004
 30
0
 11
104.1970589999999959
 21
-52.6692339999999959
 31
0
  0
LINE
  5
44E
330
22
100
AcDbEntity
  8
F.Mask
  6
CONTINUOUS
100
AcDbLine
 10
104.1970589999999959
 20
-52.6692339999999959
 30
0
 11
104.0792339999999996
 21
-52.7870589999999993
 31
0
  0
LINE
  5
44F
330
22
100
AcDbEntity
  8
F.Mask
  6
CONTINUOUS
100
AcDbLine
 10
104.0792339999999996
 20
-52.7870589999999993
 30
0
 11
103.9406869999999969
 21
-52.8796329999999983
 31
0
  0
LINE
  5
450
330
22
100
AcDbEntity
  8
F.Mask
  6
CONTINUOUS
100
AcDbLine
 10
103.9406869999999969
 20
-52.8796329999999983
 30
0
 11
103.7867419999999896
 21
-52.9433989999999994
 31
0
  0
LINE
  5
451
330
22
100
AcDbEntity
  8
F.Mask
  6
CONTINUOUS
100
AcDbLine
 10
103.7867419999999896
 20
-52.9433989999999994
 30
0
 11
103.623314999999991
 21
-52.9759069999999994
 31
0
  0
LINE
  5
452
330
22
100
AcDbEntity
  8
F.Mask
  6
CONTINUOUS
100
AcDbLine
 10
103.623314999999991
 20
-52.9759069999999994
 30
0
 11
103.4566849999999931
 21
-52.9759069999999994
 31
0
  0
LINE
  5
453
330
22
100
AcDbEntity
  8
F.Mask
  6
CONTINUOUS
100
AcDbLine
 10
103.4566849999999931
 20
-52.9759069999999994
 30
0
 11
103.2932579999999945
 21
-52.9433989999999994
 31
0
  0
LINE
  5
454
330
22
100
AcDbEntity
  8
F.Mask
  6
CONTINUOUS
100
AcDbLine
 10
103.2932579999999945
 20
-52.9433989999999994
 30
0
 11
103.1393130000000014
 21
-52.8796329999999983
 31
0
  0
LINE
  5
455
330
22
100
AcDbEntity
  8
F.Mask
  6
CONTINUOUS
100
AcDbLine
 10
103.1393130000000014
 20
-52.8796329999999983
 30
0
 11
103.0007659999999987
 21
-52.7870589999999993
 31
0
  0
LINE
  5
456
330
22
100
AcDbEntity
  8
F.Mask
  6
CONTINUOUS
100
AcDbLine
 10
103.0007659999999987
 20
-52.7870589999999993
 30
0
 11
102.8829410000000024
 21
-52.6692339999999959
 31
0
  0
LINE
  5
457
330
22
100
AcDbEntity
  8
F.Mask
  6
CONTINUOUS
100
AcDbLine
 10
102.8829410000000024
 20
-52.6692339999999959
 30
0
 11
102.7903669999999892
 21
-52.5306870000000004
 31
0
  0
LINE
  5
458
330
22
100
AcDbEntity
  8
F.Mask
  6
CONTINUOUS
100
AcDbLine
 10
102.7903669999999892
 20
-52.5306870000000004
 30
0
 11
102.7266010000000023
 21
-52.3767420000000001
 31
0
  0
LINE
  5
459
330
22
100
AcDbEntity
  8
F.Mask
  6
CONTINUOUS
100
AcDbLine
 10
102.7266010000000023
 20
-52.3767420000000001
 30
0
 11
102.6940929999999952
 21
-52.2133149999999944
 31
0
  0
LINE
  5
45A
330
22
100
AcDbEntity
  8
F.Mask
  6
CONTINUOUS
100
AcDbLine
 10
102.6940929999999952
 20
-52.2133149999999944
 30
0
 11
102.6940929999999952
 21
-52.0466849999999965
 31
0
  0
LINE
  5
45B
330
22
100
AcDbEntity
  8
F.Mask
  6
CONTINUOUS
100
AcDbLine
 10
102.6940929999999952
 20
-52.0466849999999965
 30
0
 11
102.7266010000000023
 21
-51.8832579999999979
 31
0
  0
LINE
  5
45C
330
22
100
AcDbEntity
  8
F.Mask
  6
CONTINUOUS
100
AcDbLine
 10
102.7266010000000023
 20
-51.8832579999999979
 30
0
 11
102.7903669999999892
 21
-51.7293129999999977
 31
0
  0
LINE
  5
45D
330
22
100
AcDbEntity
  8
F.Mask
  6
CONTINUOUS
100
AcDbLine
 10
102.7903669999999892
 20
-51.7293129999999977
 30
0
 11
102.8829410000000024
 21
-51.590765999999995
 31
0
  0
LINE
  5
45E
330
22
100
AcDbEntity
  8
F.Mask
  6
CONTINUOUS
100
AcDbLine
 10
102.8829410000000024
 20
-51.590765999999995
 30
0
 11
103.0007659999999987
 21
-51.4729409999999987
 31
0
  0
LINE
  5
45F
330
22
100
AcDbEntity
  8
F.Mask
  6
CONTINUOUS
100
AcDbLine
 10
103.0007659999999987
 20
-51.4729409999999987
 30
0
 11
103.1393130000000014
 21
-51.3803669999999997
 31
0
  0
LINE
  5
460
330
22
100
AcDbEntity
  8
F.Mask
  6
CONTINUOUS
100
AcDbLine
 10
103.1393130000000014
 20
-51.3803669999999997
 30
0
 11
103.2932579999999945
 21
-51.3166009999999986
 31
0
  0
LINE
  5
461
330
22
100
AcDbEntity
  8
F.Mask
  6
CONTINUOUS
100
AcDbLine
 10
103.2932579999999945
 20
-51.3166009999999986
 30
0
 11
103.4566849999999931
 21
-51.2840929999999986
 31
0
  0
LINE
  5
462
330
22
100
AcDbEntity
  8
F.Mask
  6
CONTINUOUS
100
AcDbLine
 10
103.4566849999999931
 20
-51.2840929999999986
 30
0
 11
103.623314999999991
 21
-51.2840929999999986
 31
0
  0
LINE
  5
463
330
22
100
AcDbEntity
  8
F.Mask
  6
CONTINUOUS
100
AcDbLine
 10
103.623314999999991
 20
-51.2840929999999986
 30
0
 11
103.7867419999999896
 21
-51.3166009999999986
 31
0
  0
LINE
  5
464
330
22
100
AcDbEntity
  8
F.Mask
  6
CONTINUOUS
100
AcDbLine
 10
94.9067900000000009
 20
-48.5203929999999986
 30
0
 11
95.0709519999999912
 21
-48.5737329999999972
 31
0
  0
LINE
  5
465
330
22
100
AcDbEntity
  8
F.Mask
  6
CONTINUOUS
100
AcDbLine
 10
95.0709519999999912
 20
-48.5737329999999972
 30
0
 11
95.2247479999999911
 21
-48.6520960000000002
 31
0
  0
LINE
  5
466
330
22
100
AcDbEntity
  8
F.Mask
  6
CONTINUOUS
100
AcDbLine
 10
95.2247479999999911
 20
-48.6520960000000002
 30
0
 11
95.3643929999999926
 21
-48.7535529999999966
 31
0
  0
LINE
  5
467
330
22
100
AcDbEntity
  8
F.Mask
  6
CONTINUOUS
100
AcDbLine
 10
95.3643929999999926
 20
-48.7535529999999966
 30
0
 11
95.4864469999999983
 21
-48.8756069999999951
 31
0
  0
LINE
  5
468
330
22
100
AcDbEntity
  8
F.Mask
  6
CONTINUOUS
100
AcDbLine
 10
95.4864469999999983
 20
-48.8756069999999951
 30
0
 11
95.5879039999999947
 21
-49.0152519999999967
 31
0
  0
LINE
  5
469
330
22
100
AcDbEntity
  8
F.Mask
  6
CONTINUOUS
100
AcDbLine
 10
95.5879039999999947
 20
-49.0152519999999967
 30
0
 11
95.6662669999999906
 21
-49.1690479999999965
 31
0
  0
LINE
  5
46A
330
22
100
AcDbEntity
  8
F.Mask
  6
CONTINUOUS
100
AcDbLine
 10
95.6662669999999906
 20
-49.1690479999999965
 30
0
 11
95.7196069999999963
 21
-49.3332100000000011
 31
0
  0
LINE
  5
46B
330
22
100
AcDbEntity
  8
F.Mask
  6
CONTINUOUS
100
AcDbLine
 10
95.7196069999999963
 20
-49.3332100000000011
 30
0
 11
95.7466089999999923
 21
-49.5036950000000004
 31
0
  0
LINE
  5
46C
330
22
100
AcDbEntity
  8
F.Mask
  6
CONTINUOUS
100
AcDbLine
 10
95.7466089999999923
 20
-49.5036950000000004
 30
0
 11
95.7466089999999923
 21
-49.6763049999999993
 31
0
  0
LINE
  5
46D
330
22
100
AcDbEntity
  8
F.Mask
  6
CONTINUOUS
100
AcDbLine
 10
95.7466089999999923
 20
-49.6763049999999993
 30
0
 11
95.7196069999999963
 21
-49.8467899999999986
 31
0
  0
LINE
  5
46E
330
22
100
AcDbEntity
  8
F.Mask
  6
CONTINUOUS
100
AcDbLine
 10
95.7196069999999963
 20
-49.8467899999999986
 30
0
 11
95.6662669999999906
 21
-50.0109519999999961
 31
0
  0
LINE
  5
46F
330
22
100
AcDbEntity
  8
F.Mask
  6
CONTINUOUS
100
AcDbLine
 10
95.6662669999999906
 20
-50.0109519999999961
 30
0
 11
95.5879039999999947
 21
-50.1647479999999959
 31
0
  0
LINE
  5
470
330
22
100
AcDbEntity
  8
F.Mask
  6
CONTINUOUS
100
AcDbLine
 10
95.5879039999999947
 20
-50.1647479999999959
 30
0
 11
95.4864469999999983
 21
-50.3043929999999975
 31
0
  0
LINE
  5
471
330
22
100
AcDbEntity
  8
F.Mask
  6
CONTINUOUS
100
AcDbLine
 10
95.4864469999999983
 20
-50.3043929999999975
 30
0
 11
95.3643929999999926
 21
-50.426446999999996
 31
0
  0
LINE
  5
472
330
22
100
AcDbEntity
  8
F.Mask
  6
CONTINUOUS
100
AcDbLine
 10
95.3643929999999926
 20
-50.426446999999996
 30
0
 11
95.2247479999999911
 21
-50.5279039999999995
 31
0
  0
LINE
  5
473
330
22
100
AcDbEntity
  8
F.Mask
  6
CONTINUOUS
100
AcDbLine
 10
95.2247479999999911
 20
-50.5279039999999995
 30
0
 11
95.0709519999999912
 21
-50.6062669999999954
 31
0
  0
LINE
  5
474
330
22
100
AcDbEntity
  8
F.Mask
  6
CONTINUOUS
100
AcDbLine
 10
95.0709519999999912
 20
-50.6062669999999954
 30
0
 11
94.9067900000000009
 21
-50.6596070000000012
 31
0
  0
LINE
  5
475
330
22
100
AcDbEntity
  8
F.Mask
  6
CONTINUOUS
100
AcDbLine
 10
94.9067900000000009
 20
-50.6596070000000012
 30
0
 11
94.7363050000000015
 21
-50.6866089999999971
 31
0
  0
LINE
  5
476
330
22
100
AcDbEntity
  8
F.Mask
  6
CONTINUOUS
100
AcDbLine
 10
94.7363050000000015
 20
-50.6866089999999971
 30
0
 11
94.5636949999999956
 21
-50.6866089999999971
 31
0
  0
LINE
  5
477
330
22
100
AcDbEntity
  8
F.Mask
  6
CONTINUOUS
100
AcDbLine
 10
94.5636949999999956
 20
-50.6866089999999971
 30
0
 11
94.3932099999999963
 21
-50.6596070000000012
 31
0
  0
LINE
  5
478
330
22
100
AcDbEntity
  8
F.Mask
  6
CONTINUOUS
100
AcDbLine
 10
94.3932099999999963
 20
-50.6596070000000012
 30
0
 11
94.2290479999999917
 21
-50.6062669999999954
 31
0
  0
LINE
  5
479
330
22
100
AcDbEntity
  8
F.Mask
  6
CONTINUOUS
100
AcDbLine
 10
94.2290479999999917
 20
-50.6062669999999954
 30
0
 11
94.0752519999999919
 21
-50.5279039999999995
 31
0
  0
LINE
  5
47A
330
22
100
AcDbEntity
  8
F.Mask
  6
CONTINUOUS
100
AcDbLine
 10
94.0752519999999919
 20
-50.5279039999999995
 30
0
 11
93.9356069999999903
 21
-50.426446999999996
 31
0
  0
LINE
  5
47B
330
22
100
AcDbEntity
  8
F.Mask
  6
CONTINUOUS
100
AcDbLine
 10
93.9356069999999903
 20
-50.426446999999996
 30
0
 11
93.8135529999999989
 21
-50.3043929999999975
 31
0
  0
LINE
  5
47C
330
22
100
AcDbEntity
  8
F.Mask
  6
CONTINUOUS
100
AcDbLine
 10
93.8135529999999989
 20
-50.3043929999999975
 30
0
 11
93.7120960000000025
 21
-50.1647479999999959
 31
0
  0
LINE
  5
47D
330
22
100
AcDbEntity
  8
F.Mask
  6
CONTINUOUS
100
AcDbLine
 10
93.7120960000000025
 20
-50.1647479999999959
 30
0
 11
93.6337329999999923
 21
-50.0109519999999961
 31
0
  0
LINE
  5
47E
330
22
100
AcDbEntity
  8
F.Mask
  6
CONTINUOUS
100
AcDbLine
 10
93.6337329999999923
 20
-50.0109519999999961
 30
0
 11
93.5803930000000008
 21
-49.8467899999999986
 31
0
  0
LINE
  5
47F
330
22
100
AcDbEntity
  8
F.Mask
  6
CONTINUOUS
100
AcDbLine
 10
93.5803930000000008
 20
-49.8467899999999986
 30
0
 11
93.5533909999999906
 21
-49.6763049999999993
 31
0
  0
LINE
  5
480
330
22
100
AcDbEntity
  8
F.Mask
  6
CONTINUOUS
100
AcDbLine
 10
93.5533909999999906
 20
-49.6763049999999993
 30
0
 11
93.5533909999999906
 21
-49.5036950000000004
 31
0
  0
LINE
  5
481
330
22
100
AcDbEntity
  8
F.Mask
  6
CONTINUOUS
100
AcDbLine
 10
93.5533909999999906
 20
-49.5036950000000004
 30
0
 11
93.5803930000000008
 21
-49.3332100000000011
 31
0
  0
LINE
  5
482
330
22
100
AcDbEntity
  8
F.Mask
  6
CONTINUOUS
100
AcDbLine
 10
93.5803930000000008
 20
-49.3332100000000011
 30
0
 11
93.6337329999999923
 21
-49.1690479999999965
 31
0
  0
LINE
  5
483
330
22
100
AcDbEntity
  8
F.Mask
  6
CONTINUOUS
100
AcDbLine
 10
93.6337329999999923
 20
-49.1690479999999965
 30
0
 11
93.7120960000000025
 21
-49.0152519999999967
 31
0
  0
LINE
  5
484
330
22
100
AcDbEntity
  8
F.Mask
  6
CONTINUOUS
100
AcDbLine
 10
93.7120960000000025
 20
-49.0152519999999967
 30
0
 11
93.8135529999999989
 21
-48.8756069999999951
 31
0
  0
LINE
  5
485
330
22
100
AcDbEntity
  8
F.Mask
  6
CONTINUOUS
100
AcDbLine
 10
93.8135529999999989
 20
-48.8756069999999951
 30
0
 11
93.9356069999999903
 21
-48.7535529999999966
 31
0
  0
LINE
  5
486
330
22
100
AcDbEntity
  8
F.Mask
  6
CONTINUOUS
100
AcDbLine
 10
93.9356069999999903
 20
-48.7535529999999966
 30
0
 11
94.0752519999999919
 21
-48.6520960000000002
 31
0
  0
LINE
  5
487
330
22
100
AcDbEntity
  8
F.Mask
  6
CONTINUOUS
100
AcDbLine
 10
94.0752519999999919
 20
-48.6520960000000002
 30
0
 11
94.2290479999999917
 21
-48.5737329999999972
 31
0
  0
LINE
  5
488
330
22
100
AcDbEntity
  8
F.Mask
  6
CONTINUOUS
100
AcDbLine
 10
94.2290479999999917
 20
-48.5737329999999972
 30
0
 11
94.3932099999999963
 21
-48.5203929999999986
 31
0
  0
LINE
  5
489
330
22
100
AcDbEntity
  8
F.Mask
  6
CONTINUOUS
100
AcDbLine
 10
94.3932099999999963
 20
-48.5203929999999986
 30
0
 11
94.5636949999999956
 21
-48.4933909999999955
 31
0
  0
LINE
  5
48A
330
22
100
AcDbEntity
  8
F.Mask
  6
CONTINUOUS
100
AcDbLine
 10
94.5636949999999956
 20
-48.4933909999999955
 30
0
 11
94.7363050000000015
 21
-48.4933909999999955
 31
0
  0
LINE
  5
48B
330
22
100
AcDbEntity
  8
F.Mask
  6
CONTINUOUS
100
AcDbLine
 10
94.7363050000000015
 20
-48.4933909999999955
 30
0
 11
94.9067900000000009
 21
-48.5203929999999986
 31
0
  0
LINE
  5
48C
330
22
100
AcDbEntity
  8
F.Mask
  6
CONTINUOUS
100
AcDbLine
 10
141.7467419999999834
 20
-46.9666009999999972
 30
0
 11
141.9006870000000049
 21
-47.0303669999999983
 31
0
  0
LINE
  5
48D
330
22
100
AcDbEntity
  8
F.Mask
  6
CONTINUOUS
100
AcDbLine
 10
141.9006870000000049
 20
-47.0303669999999983
 30
0
 11
142.0392339999999933
 21
-47.1229409999999973
 31
0
  0
LINE
  5
48E
330
22
100
AcDbEntity
  8
F.Mask
  6
CONTINUOUS
100
AcDbLine
 10
142.0392339999999933
 20
-47.1229409999999973
 30
0
 11
142.1570590000000038
 21
-47.2407660000000007
 31
0
  0
LINE
  5
48F
330
22
100
AcDbEntity
  8
F.Mask
  6
CONTINUOUS
100
AcDbLine
 10
142.1570590000000038
 20
-47.2407660000000007
 30
0
 11
142.2496329999999887
 21
-47.3793129999999962
 31
0
  0
LINE
  5
490
330
22
100
AcDbEntity
  8
F.Mask
  6
CONTINUOUS
100
AcDbLine
 10
142.2496329999999887
 20
-47.3793129999999962
 30
0
 11
142.313399000000004
 21
-47.5332579999999965
 31
0
  0
LINE
  5
491
330
22
100
AcDbEntity
  8
F.Mask
  6
CONTINUOUS
100
AcDbLine
 10
142.313399000000004
 20
-47.5332579999999965
 30
0
 11
142.3459069999999826
 21
-47.6966849999999951
 31
0
  0
LINE
  5
492
330
22
100
AcDbEntity
  8
F.Mask
  6
CONTINUOUS
100
AcDbLine
 10
142.3459069999999826
 20
-47.6966849999999951
 30
0
 11
142.3459069999999826
 21
-47.8633150000000001
 31
0
  0
LINE
  5
493
330
22
100
AcDbEntity
  8
F.Mask
  6
CONTINUOUS
100
AcDbLine
 10
142.3459069999999826
 20
-47.8633150000000001
 30
0
 11
142.313399000000004
 21
-48.0267419999999987
 31
0
  0
LINE
  5
494
330
22
100
AcDbEntity
  8
F.Mask
  6
CONTINUOUS
100
AcDbLine
 10
142.313399000000004
 20
-48.0267419999999987
 30
0
 11
142.2496329999999887
 21
-48.1806869999999989
 31
0
  0
LINE
  5
495
330
22
100
AcDbEntity
  8
F.Mask
  6
CONTINUOUS
100
AcDbLine
 10
142.2496329999999887
 20
-48.1806869999999989
 30
0
 11
142.1570590000000038
 21
-48.3192339999999945
 31
0
  0
LINE
  5
496
330
22
100
AcDbEntity
  8
F.Mask
  6
CONTINUOUS
100
AcDbLine
 10
142.1570590000000038
 20
-48.3192339999999945
 30
0
 11
142.0392339999999933
 21
-48.4370589999999979
 31
0
  0
LINE
  5
497
330
22
100
AcDbEntity
  8
F.Mask
  6
CONTINUOUS
100
AcDbLine
 10
142.0392339999999933
 20
-48.4370589999999979
 30
0
 11
141.9006870000000049
 21
-48.5296329999999969
 31
0
  0
LINE
  5
498
330
22
100
AcDbEntity
  8
F.Mask
  6
CONTINUOUS
100
AcDbLine
 10
141.9006870000000049
 20
-48.5296329999999969
 30
0
 11
141.7467419999999834
 21
-48.593398999999998
 31
0
  0
LINE
  5
499
330
22
100
AcDbEntity
  8
F.Mask
  6
CONTINUOUS
100
AcDbLine
 10
141.7467419999999834
 20
-48.593398999999998
 30
0
 11
141.5833149999999989
 21
-48.625906999999998
 31
0
  0
LINE
  5
49A
330
22
100
AcDbEntity
  8
F.Mask
  6
CONTINUOUS
100
AcDbLine
 10
141.5833149999999989
 20
-48.625906999999998
 30
0
 11
141.4166850000000011
 21
-48.625906999999998
 31
0
  0
LINE
  5
49B
330
22
100
AcDbEntity
  8
F.Mask
  6
CONTINUOUS
100
AcDbLine
 10
141.4166850000000011
 20
-48.625906999999998
 30
0
 11
141.2532579999999882
 21
-48.593398999999998
 31
0
  0
LINE
  5
49C
330
22
100
AcDbEntity
  8
F.Mask
  6
CONTINUOUS
100
AcDbLine
 10
141.2532579999999882
 20
-48.593398999999998
 30
0
 11
141.0993129999999951
 21
-48.5296329999999969
 31
0
  0
LINE
  5
49D
330
22
100
AcDbEntity
  8
F.Mask
  6
CONTINUOUS
100
AcDbLine
 10
141.0993129999999951
 20
-48.5296329999999969
 30
0
 11
140.9607660000000067
 21
-48.4370589999999979
 31
0
  0
LINE
  5
49E
330
22
100
AcDbEntity
  8
F.Mask
  6
CONTINUOUS
100
AcDbLine
 10
140.9607660000000067
 20
-48.4370589999999979
 30
0
 11
140.8429409999999962
 21
-48.3192339999999945
 31
0
  0
LINE
  5
49F
330
22
100
AcDbEntity
  8
F.Mask
  6
CONTINUOUS
100
AcDbLine
 10
140.8429409999999962
 20
-48.3192339999999945
 30
0
 11
140.7503669999999829
 21
-48.1806869999999989
 31
0
  0
LINE
  5
4A0
330
22
100
AcDbEntity
  8
F.Mask
  6
CONTINUOUS
100
AcDbLine
 10
140.7503669999999829
 20
-48.1806869999999989
 30
0
 11
140.686600999999996
 21
-48.0267419999999987
 31
0
  0
LINE
  5
4A1
330
22
100
AcDbEntity
  8
F.Mask
  6
CONTINUOUS
100
AcDbLine
 10
140.686600999999996
 20
-48.0267419999999987
 30
0
 11
140.6540929999999889
 21
-47.8633150000000001
 31
0
  0
LINE
  5
4A2
330
22
100
AcDbEntity
  8
F.Mask
  6
CONTINUOUS
100
AcDbLine
 10
140.6540929999999889
 20
-47.8633150000000001
 30
0
 11
140.6540929999999889
 21
-47.6966849999999951
 31
0
  0
LINE
  5
4A3
330
22
100
AcDbEntity
  8
F.Mask
  6
CONTINUOUS
100
AcDbLine
 10
140.6540929999999889
 20
-47.6966849999999951
 30
0
 11
140.686600999999996
 21
-47.5332579999999965
 31
0
  0
LINE
  5
4A4
330
22
100
AcDbEntity
  8
F.Mask
  6
CONTINUOUS
100
AcDbLine
 10
140.686600999999996
 20
-47.5332579999999965
 30
0
 11
140.7503669999999829
 21
-47.3793129999999962
 31
0
  0
LINE
  5
4A5
330
22
100
AcDbEntity
  8
F.Mask
  6
CONTINUOUS
100
AcDbLine
 10
140.7503669999999829
 20
-47.3793129999999962
 30
0
 11
140.8429409999999962
 21
-47.2407660000000007
 31
0
  0
LINE
  5
4A6
330
22
100
AcDbEntity
  8
F.Mask
  6
CONTINUOUS
100
AcDbLine
 10
140.8429409999999962
 20
-47.2407660000000007
 30
0
 11
140.9607660000000067
 21
-47.1229409999999973
 31
0
  0
LINE
  5
4A7
330
22
100
AcDbEntity
  8
F.Mask
  6
CONTINUOUS
100
AcDbLine
 10
140.9607660000000067
 20
-47.1229409999999973
 30
0
 11
141.0993129999999951
 21
-47.0303669999999983
 31
0
  0
LINE
  5
4A8
330
22
100
AcDbEntity
  8
F.Mask
  6
CONTINUOUS
100
AcDbLine
 10
141.0993129999999951
 20
-47.0303669999999983
 30
0
 11
141.2532579999999882
 21
-46.9666009999999972
 31
0
  0
LINE
  5
4A9
330
22
100
AcDbEntity
  8
F.Mask
  6
CONTINUOUS
100
AcDbLine
 10
141.2532579999999882
 20
-46.9666009999999972
 30
0
 11
141.4166850000000011
 21
-46.9340929999999972
 31
0
  0
LINE
  5
4AA
330
22
100
AcDbEntity
  8
F.Mask
  6
CONTINUOUS
100
AcDbLine
 10
141.4166850000000011
 20
-46.9340929999999972
 30
0
 11
141.5833149999999989
 21
-46.9340929999999972
 31
0
  0
LINE
  5
4AB
330
22
100
AcDbEntity
  8
F.Mask
  6
CONTINUOUS
100
AcDbLine
 10
141.5833149999999989
 20
-46.9340929999999972
 30
0
 11
141.7467419999999834
 21
-46.9666009999999972
 31
0
  0
LINE
  5
4AC
330
22
100
AcDbEntity
  8
F.Mask
  6
CONTINUOUS
100
AcDbLine
 10
101.2567899999999952
 20
-45.9803929999999994
 30
0
 11
101.4209519999999998
 21
-46.033732999999998
 31
0
  0
LINE
  5
4AD
330
22
100
AcDbEntity
  8
F.Mask
  6
CONTINUOUS
100
AcDbLine
 10
101.4209519999999998
 20
-46.033732999999998
 30
0
 11
101.5747479999999996
 21
-46.1120960000000011
 31
0
  0
LINE
  5
4AE
330
22
100
AcDbEntity
  8
F.Mask
  6
CONTINUOUS
100
AcDbLine
 10
101.5747479999999996
 20
-46.1120960000000011
 30
0
 11
101.7143930000000012
 21
-46.2135529999999974
 31
0
  0
LINE
  5
4AF
330
22
100
AcDbEntity
  8
F.Mask
  6
CONTINUOUS
100
AcDbLine
 10
101.7143930000000012
 20
-46.2135529999999974
 30
0
 11
101.8364469999999926
 21
-46.335606999999996
 31
0
  0
LINE
  5
4B0
330
22
100
AcDbEntity
  8
F.Mask
  6
CONTINUOUS
100
AcDbLine
 10
101.8364469999999926
 20
-46.335606999999996
 30
0
 11
101.937903999999989
 21
-46.4752519999999976
 31
0
  0
LINE
  5
4B1
330
22
100
AcDbEntity
  8
F.Mask
  6
CONTINUOUS
100
AcDbLine
 10
101.937903999999989
 20
-46.4752519999999976
 30
0
 11
102.0162669999999991
 21
-46.6290479999999974
 31
0
  0
LINE
  5
4B2
330
22
100
AcDbEntity
  8
F.Mask
  6
CONTINUOUS
100
AcDbLine
 10
102.0162669999999991
 20
-46.6290479999999974
 30
0
 11
102.0696069999999906
 21
-46.7932099999999949
 31
0
  0
LINE
  5
4B3
330
22
100
AcDbEntity
  8
F.Mask
  6
CONTINUOUS
100
AcDbLine
 10
102.0696069999999906
 20
-46.7932099999999949
 30
0
 11
102.0966090000000008
 21
-46.9636950000000013
 31
0
  0
LINE
  5
4B4
330
22
100
AcDbEntity
  8
F.Mask
  6
CONTINUOUS
100
AcDbLine
 10
102.0966090000000008
 20
-46.9636950000000013
 30
0
 11
102.0966090000000008
 21
-47.1363050000000001
 31
0
  0
LINE
  5
4B5
330
22
100
AcDbEntity
  8
F.Mask
  6
CONTINUOUS
100
AcDbLine
 10
102.0966090000000008
 20
-47.1363050000000001
 30
0
 11
102.0696069999999906
 21
-47.3067899999999995
 31
0
  0
LINE
  5
4B6
330
22
100
AcDbEntity
  8
F.Mask
  6
CONTINUOUS
100
AcDbLine
 10
102.0696069999999906
 20
-47.3067899999999995
 30
0
 11
102.0162669999999991
 21
-47.4709519999999969
 31
0
  0
LINE
  5
4B7
330
22
100
AcDbEntity
  8
F.Mask
  6
CONTINUOUS
100
AcDbLine
 10
102.0162669999999991
 20
-47.4709519999999969
 30
0
 11
101.937903999999989
 21
-47.6247479999999968
 31
0
  0
LINE
  5
4B8
330
22
100
AcDbEntity
  8
F.Mask
  6
CONTINUOUS
100
AcDbLine
 10
101.937903999999989
 20
-47.6247479999999968
 30
0
 11
101.8364469999999926
 21
-47.7643929999999983
 31
0
  0
LINE
  5
4B9
330
22
100
AcDbEntity
  8
F.Mask
  6
CONTINUOUS
100
AcDbLine
 10
101.8364469999999926
 20
-47.7643929999999983
 30
0
 11
101.7143930000000012
 21
-47.8864469999999969
 31
0
  0
LINE
  5
4BA
330
22
100
AcDbEntity
  8
F.Mask
  6
CONTINUOUS
100
AcDbLine
 10
101.7143930000000012
 20
-47.8864469999999969
 30
0
 11
101.5747479999999996
 21
-47.9879040000000003
 31
0
  0
LINE
  5
4BB
330
22
100
AcDbEntity
  8
F.Mask
  6
CONTINUOUS
100
AcDbLine
 10
101.5747479999999996
 20
-47.9879040000000003
 30
0
 11
101.4209519999999998
 21
-48.0662669999999963
 31
0
  0
LINE
  5
4BC
330
22
100
AcDbEntity
  8
F.Mask
  6
CONTINUOUS
100
AcDbLine
 10
101.4209519999999998
 20
-48.0662669999999963
 30
0
 11
101.2567899999999952
 21
-48.1196069999999949
 31
0
  0
LINE
  5
4BD
330
22
100
AcDbEntity
  8
F.Mask
  6
CONTINUOUS
100
AcDbLine
 10
101.2567899999999952
 20
-48.1196069999999949
 30
0
 11
101.0863049999999959
 21
-48.146608999999998
 31
0
  0
LINE
  5
4BE
330
22
100
AcDbEntity
  8
F.Mask
  6
CONTINUOUS
100
AcDbLine
 10
101.0863049999999959
 20
-48.146608999999998
 30
0
 11
100.9136949999999899
 21
-48.146608999999998
 31
0
  0
LINE
  5
4BF
330
22
100
AcDbEntity
  8
F.Mask
  6
CONTINUOUS
100
AcDbLine
 10
100.9136949999999899
 20
-48.146608999999998
 30
0
 11
100.7432099999999906
 21
-48.1196069999999949
 31
0
  0
LINE
  5
4C0
330
22
100
AcDbEntity
  8
F.Mask
  6
CONTINUOUS
100
AcDbLine
 10
100.7432099999999906
 20
-48.1196069999999949
 30
0
 11
100.5790480000000002
 21
-48.0662669999999963
 31
0
  0
LINE
  5
4C1
330
22
100
AcDbEntity
  8
F.Mask
  6
CONTINUOUS
100
AcDbLine
 10
100.5790480000000002
 20
-48.0662669999999963
 30
0
 11
100.4252520000000004
 21
-47.9879040000000003
 31
0
  0
LINE
  5
4C2
330
22
100
AcDbEntity
  8
F.Mask
  6
CONTINUOUS
100
AcDbLine
 10
100.4252520000000004
 20
-47.9879040000000003
 30
0
 11
100.2856069999999988
 21
-47.8864469999999969
 31
0
  0
LINE
  5
4C3
330
22
100
AcDbEntity
  8
F.Mask
  6
CONTINUOUS
100
AcDbLine
 10
100.2856069999999988
 20
-47.8864469999999969
 30
0
 11
100.1635529999999932
 21
-47.7643929999999983
 31
0
  0
LINE
  5
4C4
330
22
100
AcDbEntity
  8
F.Mask
  6
CONTINUOUS
100
AcDbLine
 10
100.1635529999999932
 20
-47.7643929999999983
 30
0
 11
100.0620959999999968
 21
-47.6247479999999968
 31
0
  0
LINE
  5
4C5
330
22
100
AcDbEntity
  8
F.Mask
  6
CONTINUOUS
100
AcDbLine
 10
100.0620959999999968
 20
-47.6247479999999968
 30
0
 11
99.9837330000000009
 21
-47.4709519999999969
 31
0
  0
LINE
  5
4C6
330
22
100
AcDbEntity
  8
F.Mask
  6
CONTINUOUS
100
AcDbLine
 10
99.9837330000000009
 20
-47.4709519999999969
 30
0
 11
99.9303929999999951
 21
-47.3067899999999995
 31
0
  0
LINE
  5
4C7
330
22
100
AcDbEntity
  8
F.Mask
  6
CONTINUOUS
100
AcDbLine
 10
99.9303929999999951
 20
-47.3067899999999995
 30
0
 11
99.9033909999999992
 21
-47.1363050000000001
 31
0
  0
LINE
  5
4C8
330
22
100
AcDbEntity
  8
F.Mask
  6
CONTINUOUS
100
AcDbLine
 10
99.9033909999999992
 20
-47.1363050000000001
 30
0
 11
99.9033909999999992
 21
-46.9636950000000013
 31
0
  0
LINE
  5
4C9
330
22
100
AcDbEntity
  8
F.Mask
  6
CONTINUOUS
100
AcDbLine
 10
99.9033909999999992
 20
-46.9636950000000013
 30
0
 11
99.9303929999999951
 21
-46.7932099999999949
 31
0
  0
LINE
  5
4CA
330
22
100
AcDbEntity
  8
F.Mask
  6
CONTINUOUS
100
AcDbLine
 10
99.9303929999999951
 20
-46.7932099999999949
 30
0
 11
99.9837330000000009
 21
-46.6290479999999974
 31
0
  0
LINE
  5
4CB
330
22
100
AcDbEntity
  8
F.Mask
  6
CONTINUOUS
100
AcDbLine
 10
99.9837330000000009
 20
-46.6290479999999974
 30
0
 11
100.0620959999999968
 21
-46.4752519999999976
 31
0
  0
LINE
  5
4CC
330
22
100
AcDbEntity
  8
F.Mask
  6
CONTINUOUS
100
AcDbLine
 10
100.0620959999999968
 20
-46.4752519999999976
 30
0
 11
100.1635529999999932
 21
-46.335606999999996
 31
0
  0
LINE
  5
4CD
330
22
100
AcDbEntity
  8
F.Mask
  6
CONTINUOUS
100
AcDbLine
 10
100.1635529999999932
 20
-46.335606999999996
 30
0
 11
100.2856069999999988
 21
-46.2135529999999974
 31
0
  0
LINE
  5
4CE
330
22
100
AcDbEntity
  8
F.Mask
  6
CONTINUOUS
100
AcDbLine
 10
100.2856069999999988
 20
-46.2135529999999974
 30
0
 11
100.4252520000000004
 21
-46.1120960000000011
 31
0
  0
LINE
  5
4CF
330
22
100
AcDbEntity
  8
F.Mask
  6
CONTINUOUS
100
AcDbLine
 10
100.4252520000000004
 20
-46.1120960000000011
 30
0
 11
100.5790480000000002
 21
-46.033732999999998
 31
0
  0
LINE
  5
4D0
330
22
100
AcDbEntity
  8
F.Mask
  6
CONTINUOUS
100
AcDbLine
 10
100.5790480000000002
 20
-46.033732999999998
 30
0
 11
100.7432099999999906
 21
-45.9803929999999994
 31
0
  0
LINE
  5
4D1
330
22
100
AcDbEntity
  8
F.Mask
  6
CONTINUOUS
100
AcDbLine
 10
100.7432099999999906
 20
-45.9803929999999994
 30
0
 11
100.9136949999999899
 21
-45.9533909999999963
 31
0
  0
LINE
  5
4D2
330
22
100
AcDbEntity
  8
F.Mask
  6
CONTINUOUS
100
AcDbLine
 10
100.9136949999999899
 20
-45.9533909999999963
 30
0
 11
101.0863049999999959
 21
-45.9533909999999963
 31
0
  0
LINE
  5
4D3
330
22
100
AcDbEntity
  8
F.Mask
  6
CONTINUOUS
100
AcDbLine
 10
101.0863049999999959
 20
-45.9533909999999963
 30
0
 11
101.2567899999999952
 21
-45.9803929999999994
 31
0
  0
LINE
  5
4D4
330
22
100
AcDbEntity
  8
F.Mask
  6
CONTINUOUS
100
AcDbLine
 10
141.7467419999999834
 20
-44.426600999999998
 30
0
 11
141.9006870000000049
 21
-44.4903669999999991
 31
0
  0
LINE
  5
4D5
330
22
100
AcDbEntity
  8
F.Mask
  6
CONTINUOUS
100
AcDbLine
 10
141.9006870000000049
 20
-44.4903669999999991
 30
0
 11
142.0392339999999933
 21
-44.5829409999999982
 31
0
  0
LINE
  5
4D6
330
22
100
AcDbEntity
  8
F.Mask
  6
CONTINUOUS
100
AcDbLine
 10
142.0392339999999933
 20
-44.5829409999999982
 30
0
 11
142.1570590000000038
 21
-44.7007659999999944
 31
0
  0
LINE
  5
4D7
330
22
100
AcDbEntity
  8
F.Mask
  6
CONTINUOUS
100
AcDbLine
 10
142.1570590000000038
 20
-44.7007659999999944
 30
0
 11
142.2496329999999887
 21
-44.8393129999999971
 31
0
  0
LINE
  5
4D8
330
22
100
AcDbEntity
  8
F.Mask
  6
CONTINUOUS
100
AcDbLine
 10
142.2496329999999887
 20
-44.8393129999999971
 30
0
 11
142.313399000000004
 21
-44.9932579999999973
 31
0
  0
LINE
  5
4D9
330
22
100
AcDbEntity
  8
F.Mask
  6
CONTINUOUS
100
AcDbLine
 10
142.313399000000004
 20
-44.9932579999999973
 30
0
 11
142.3459069999999826
 21
-45.156684999999996
 31
0
  0
LINE
  5
4DA
330
22
100
AcDbEntity
  8
F.Mask
  6
CONTINUOUS
100
AcDbLine
 10
142.3459069999999826
 20
-45.156684999999996
 30
0
 11
142.3459069999999826
 21
-45.3233150000000009
 31
0
  0
LINE
  5
4DB
330
22
100
AcDbEntity
  8
F.Mask
  6
CONTINUOUS
100
AcDbLine
 10
142.3459069999999826
 20
-45.3233150000000009
 30
0
 11
142.313399000000004
 21
-45.4867419999999996
 31
0
  0
LINE
  5
4DC
330
22
100
AcDbEntity
  8
F.Mask
  6
CONTINUOUS
100
AcDbLine
 10
142.313399000000004
 20
-45.4867419999999996
 30
0
 11
142.2496329999999887
 21
-45.6406869999999998
 31
0
  0
LINE
  5
4DD
330
22
100
AcDbEntity
  8
F.Mask
  6
CONTINUOUS
100
AcDbLine
 10
142.2496329999999887
 20
-45.6406869999999998
 30
0
 11
142.1570590000000038
 21
-45.7792339999999953
 31
0
  0
LINE
  5
4DE
330
22
100
AcDbEntity
  8
F.Mask
  6
CONTINUOUS
100
AcDbLine
 10
142.1570590000000038
 20
-45.7792339999999953
 30
0
 11
142.0392339999999933
 21
-45.8970589999999987
 31
0
  0
LINE
  5
4DF
330
22
100
AcDbEntity
  8
F.Mask
  6
CONTINUOUS
100
AcDbLine
 10
142.0392339999999933
 20
-45.8970589999999987
 30
0
 11
141.9006870000000049
 21
-45.9896329999999978
 31
0
  0
LINE
  5
4E0
330
22
100
AcDbEntity
  8
F.Mask
  6
CONTINUOUS
100
AcDbLine
 10
141.9006870000000049
 20
-45.9896329999999978
 30
0
 11
141.7467419999999834
 21
-46.0533989999999989
 31
0
  0
LINE
  5
4E1
330
22
100
AcDbEntity
  8
F.Mask
  6
CONTINUOUS
100
AcDbLine
 10
141.7467419999999834
 20
-46.0533989999999989
 30
0
 11
141.5833149999999989
 21
-46.0859069999999988
 31
0
  0
LINE
  5
4E2
330
22
100
AcDbEntity
  8
F.Mask
  6
CONTINUOUS
100
AcDbLine
 10
141.5833149999999989
 20
-46.0859069999999988
 30
0
 11
141.4166850000000011
 21
-46.0859069999999988
 31
0
  0
LINE
  5
4E3
330
22
100
AcDbEntity
  8
F.Mask
  6
CONTINUOUS
100
AcDbLine
 10
141.4166850000000011
 20
-46.0859069999999988
 30
0
 11
141.2532579999999882
 21
-46.0533989999999989
 31
0
  0
LINE
  5
4E4
330
22
100
AcDbEntity
  8
F.Mask
  6
CONTINUOUS
100
AcDbLine
 10
141.2532579999999882
 20
-46.0533989999999989
 30
0
 11
141.0993129999999951
 21
-45.9896329999999978
 31
0
  0
LINE
  5
4E5
330
22
100
AcDbEntity
  8
F.Mask
  6
CONTINUOUS
100
AcDbLine
 10
141.0993129999999951
 20
-45.9896329999999978
 30
0
 11
140.9607660000000067
 21
-45.8970589999999987
 31
0
  0
LINE
  5
4E6
330
22
100
AcDbEntity
  8
F.Mask
  6
CONTINUOUS
100
AcDbLine
 10
140.9607660000000067
 20
-45.8970589999999987
 30
0
 11
140.8429409999999962
 21
-45.7792339999999953
 31
0
  0
LINE
  5
4E7
330
22
100
AcDbEntity
  8
F.Mask
  6
CONTINUOUS
100
AcDbLine
 10
140.8429409999999962
 20
-45.7792339999999953
 30
0
 11
140.7503669999999829
 21
-45.6406869999999998
 31
0
  0
LINE
  5
4E8
330
22
100
AcDbEntity
  8
F.Mask
  6
CONTINUOUS
100
AcDbLine
 10
140.7503669999999829
 20
-45.6406869999999998
 30
0
 11
140.686600999999996
 21
-45.4867419999999996
 31
0
  0
LINE
  5
4E9
330
22
100
AcDbEntity
  8
F.Mask
  6
CONTINUOUS
100
AcDbLine
 10
140.686600999999996
 20
-45.4867419999999996
 30
0
 11
140.6540929999999889
 21
-45.3233150000000009
 31
0
  0
LINE
  5
4EA
330
22
100
AcDbEntity
  8
F.Mask
  6
CONTINUOUS
100
AcDbLine
 10
140.6540929999999889
 20
-45.3233150000000009
 30
0
 11
140.6540929999999889
 21
-45.156684999999996
 31
0
  0
LINE
  5
4EB
330
22
100
AcDbEntity
  8
F.Mask
  6
CONTINUOUS
100
AcDbLine
 10
140.6540929999999889
 20
-45.156684999999996
 30
0
 11
140.686600999999996
 21
-44.9932579999999973
 31
0
  0
LINE
  5
4EC
330
22
100
AcDbEntity
  8
F.Mask
  6
CONTINUOUS
100
AcDbLine
 10
140.686600999999996
 20
-44.9932579999999973
 30
0
 11
140.7503669999999829
 21
-44.8393129999999971
 31
0
  0
LINE
  5
4ED
330
22
100
AcDbEntity
  8
F.Mask
  6
CONTINUOUS
100
AcDbLine
 10
140.7503669999999829
 20
-44.8393129999999971
 30
0
 11
140.8429409999999962
 21
-44.7007659999999944
 31
0
  0
LINE
  5
4EE
330
22
100
AcDbEntity
  8
F.Mask
  6
CONTINUOUS
100
AcDbLine
 10
140.8429409999999962
 20
-44.7007659999999944
 30
0
 11
140.9607660000000067
 21
-44.5829409999999982
 31
0
  0
LINE
  5
4EF
330
22
100
AcDbEntity
  8
F.Mask
  6
CONTINUOUS
100
AcDbLine
 10
140.9607660000000067
 20
-44.5829409999999982
 30
0
 11
141.0993129999999951
 21
-44.4903669999999991
 31
0
  0
LINE
  5
4F0
330
22
100
AcDbEntity
  8
F.Mask
  6
CONTINUOUS
100
AcDbLine
 10
141.0993129999999951
 20
-44.4903669999999991
 30
0
 11
141.2532579999999882
 21
-44.426600999999998
 31
0
  0
LINE
  5
4F1
330
22
100
AcDbEntity
  8
F.Mask
  6
CONTINUOUS
100
AcDbLine
 10
141.2532579999999882
 20
-44.426600999999998
 30
0
 11
141.4166850000000011
 21
-44.394092999999998
 31
0
  0
LINE
  5
4F2
330
22
100
AcDbEntity
  8
F.Mask
  6
CONTINUOUS
100
AcDbLine
 10
141.4166850000000011
 20
-44.394092999999998
 30
0
 11
141.5833149999999989
 21
-44.394092999999998
 31
0
  0
LINE
  5
4F3
330
22
100
AcDbEntity
  8
F.Mask
  6
CONTINUOUS
100
AcDbLine
 10
141.5833149999999989
 20
-44.394092999999998
 30
0
 11
141.7467419999999834
 21
-44.426600999999998
 31
0
  0
LINE
  5
4F4
330
22
100
AcDbEntity
  8
F.Mask
  6
CONTINUOUS
100
AcDbLine
 10
141.7467419999999834
 20
-41.8866009999999989
 30
0
 11
141.9006870000000049
 21
-41.950367
 31
0
  0
LINE
  5
4F5
330
22
100
AcDbEntity
  8
F.Mask
  6
CONTINUOUS
100
AcDbLine
 10
141.9006870000000049
 20
-41.950367
 30
0
 11
142.0392339999999933
 21
-42.042940999999999
 31
0
  0
LINE
  5
4F6
330
22
100
AcDbEntity
  8
F.Mask
  6
CONTINUOUS
100
AcDbLine
 10
142.0392339999999933
 20
-42.042940999999999
 30
0
 11
142.1570590000000038
 21
-42.1607659999999953
 31
0
  0
LINE
  5
4F7
330
22
100
AcDbEntity
  8
F.Mask
  6
CONTINUOUS
100
AcDbLine
 10
142.1570590000000038
 20
-42.1607659999999953
 30
0
 11
142.2496329999999887
 21
-42.2993129999999979
 31
0
  0
LINE
  5
4F8
330
22
100
AcDbEntity
  8
F.Mask
  6
CONTINUOUS
100
AcDbLine
 10
142.2496329999999887
 20
-42.2993129999999979
 30
0
 11
142.313399000000004
 21
-42.4532579999999982
 31
0
  0
LINE
  5
4F9
330
22
100
AcDbEntity
  8
F.Mask
  6
CONTINUOUS
100
AcDbLine
 10
142.313399000000004
 20
-42.4532579999999982
 30
0
 11
142.3459069999999826
 21
-42.6166849999999968
 31
0
  0
LINE
  5
4FA
330
22
100
AcDbEntity
  8
F.Mask
  6
CONTINUOUS
100
AcDbLine
 10
142.3459069999999826
 20
-42.6166849999999968
 30
0
 11
142.3459069999999826
 21
-42.7833149999999947
 31
0
  0
LINE
  5
4FB
330
22
100
AcDbEntity
  8
F.Mask
  6
CONTINUOUS
100
AcDbLine
 10
142.3459069999999826
 20
-42.7833149999999947
 30
0
 11
142.313399000000004
 21
-42.9467420000000004
 31
0
  0
LINE
  5
4FC
330
22
100
AcDbEntity
  8
F.Mask
  6
CONTINUOUS
100
AcDbLine
 10
142.313399000000004
 20
-42.9467420000000004
 30
0
 11
142.2496329999999887
 21
-43.1006870000000006
 31
0
  0
LINE
  5
4FD
330
22
100
AcDbEntity
  8
F.Mask
  6
CONTINUOUS
100
AcDbLine
 10
142.2496329999999887
 20
-43.1006870000000006
 30
0
 11
142.1570590000000038
 21
-43.2392339999999962
 31
0
  0
LINE
  5
4FE
330
22
100
AcDbEntity
  8
F.Mask
  6
CONTINUOUS
100
AcDbLine
 10
142.1570590000000038
 20
-43.2392339999999962
 30
0
 11
142.0392339999999933
 21
-43.3570589999999996
 31
0
  0
LINE
  5
4FF
330
22
100
AcDbEntity
  8
F.Mask
  6
CONTINUOUS
100
AcDbLine
 10
142.0392339999999933
 20
-43.3570589999999996
 30
0
 11
141.9006870000000049
 21
-43.4496329999999986
 31
0
  0
LINE
  5
500
330
22
100
AcDbEntity
  8
F.Mask
  6
CONTINUOUS
100
AcDbLine
 10
141.9006870000000049
 20
-43.4496329999999986
 30
0
 11
141.7467419999999834
 21
-43.5133989999999997
 31
0
  0
LINE
  5
501
330
22
100
AcDbEntity
  8
F.Mask
  6
CONTINUOUS
100
AcDbLine
 10
141.7467419999999834
 20
-43.5133989999999997
 30
0
 11
141.5833149999999989
 21
-43.5459069999999997
 31
0
  0
LINE
  5
502
330
22
100
AcDbEntity
  8
F.Mask
  6
CONTINUOUS
100
AcDbLine
 10
141.5833149999999989
 20
-43.5459069999999997
 30
0
 11
141.4166850000000011
 21
-43.5459069999999997
 31
0
  0
LINE
  5
503
330
22
100
AcDbEntity
  8
F.Mask
  6
CONTINUOUS
100
AcDbLine
 10
141.4166850000000011
 20
-43.5459069999999997
 30
0
 11
141.2532579999999882
 21
-43.5133989999999997
 31
0
  0
LINE
  5
504
330
22
100
AcDbEntity
  8
F.Mask
  6
CONTINUOUS
100
AcDbLine
 10
141.2532579999999882
 20
-43.5133989999999997
 30
0
 11
141.0993129999999951
 21
-43.4496329999999986
 31
0
  0
LINE
  5
505
330
22
100
AcDbEntity
  8
F.Mask
  6
CONTINUOUS
100
AcDbLine
 10
141.0993129999999951
 20
-43.4496329999999986
 30
0
 11
140.9607660000000067
 21
-43.3570589999999996
 31
0
  0
LINE
  5
506
330
22
100
AcDbEntity
  8
F.Mask
  6
CONTINUOUS
100
AcDbLine
 10
140.9607660000000067
 20
-43.3570589999999996
 30
0
 11
140.8429409999999962
 21
-43.2392339999999962
 31
0
  0
LINE
  5
507
330
22
100
AcDbEntity
  8
F.Mask
  6
CONTINUOUS
100
AcDbLine
 10
140.8429409999999962
 20
-43.2392339999999962
 30
0
 11
140.7503669999999829
 21
-43.1006870000000006
 31
0
  0
LINE
  5
508
330
22
100
AcDbEntity
  8
F.Mask
  6
CONTINUOUS
100
AcDbLine
 10
140.7503669999999829
 20
-43.1006870000000006
 30
0
 11
140.686600999999996
 21
-42.9467420000000004
 31
0
  0
LINE
  5
509
330
22
100
AcDbEntity
  8
F.Mask
  6
CONTINUOUS
100
AcDbLine
 10
140.686600999999996
 20
-42.9467420000000004
 30
0
 11
140.6540929999999889
 21
-42.7833149999999947
 31
0
  0
LINE
  5
50A
330
22
100
AcDbEntity
  8
F.Mask
  6
CONTINUOUS
100
AcDbLine
 10
140.6540929999999889
 20
-42.7833149999999947
 30
0
 11
140.6540929999999889
 21
-42.6166849999999968
 31
0
  0
LINE
  5
50B
330
22
100
AcDbEntity
  8
F.Mask
  6
CONTINUOUS
100
AcDbLine
 10
140.6540929999999889
 20
-42.6166849999999968
 30
0
 11
140.686600999999996
 21
-42.4532579999999982
 31
0
  0
LINE
  5
50C
330
22
100
AcDbEntity
  8
F.Mask
  6
CONTINUOUS
100
AcDbLine
 10
140.686600999999996
 20
-42.4532579999999982
 30
0
 11
140.7503669999999829
 21
-42.2993129999999979
 31
0
  0
LINE
  5
50D
330
22
100
AcDbEntity
  8
F.Mask
  6
CONTINUOUS
100
AcDbLine
 10
140.7503669999999829
 20
-42.2993129999999979
 30
0
 11
140.8429409999999962
 21
-42.1607659999999953
 31
0
  0
LINE
  5
50E
330
22
100
AcDbEntity
  8
F.Mask
  6
CONTINUOUS
100
AcDbLine
 10
140.8429409999999962
 20
-42.1607659999999953
 30
0
 11
140.9607660000000067
 21
-42.042940999999999
 31
0
  0
LINE
  5
50F
330
22
100
AcDbEntity
  8
F.Mask
  6
CONTINUOUS
100
AcDbLine
 10
140.9607660000000067
 20
-42.042940999999999
 30
0
 11
141.0993129999999951
 21
-41.950367
 31
0
  0
LINE
  5
510
330
22
100
AcDbEntity
  8
F.Mask
  6
CONTINUOUS
100
AcDbLine
 10
141.0993129999999951
 20
-41.950367
 30
0
 11
141.2532579999999882
 21
-41.8866009999999989
 31
0
  0
LINE
  5
511
330
22
100
AcDbEntity
  8
F.Mask
  6
CONTINUOUS
100
AcDbLine
 10
141.2532579999999882
 20
-41.8866009999999989
 30
0
 11
141.4166850000000011
 21
-41.8540929999999989
 31
0
  0
LINE
  5
512
330
22
100
AcDbEntity
  8
F.Mask
  6
CONTINUOUS
100
AcDbLine
 10
141.4166850000000011
 20
-41.8540929999999989
 30
0
 11
141.5833149999999989
 21
-41.8540929999999989
 31
0
  0
LINE
  5
513
330
22
100
AcDbEntity
  8
F.Mask
  6
CONTINUOUS
100
AcDbLine
 10
141.5833149999999989
 20
-41.8540929999999989
 30
0
 11
141.7467419999999834
 21
-41.8866009999999989
 31
0
  0
LINE
  5
514
330
22
100
AcDbEntity
  8
F.Mask
  6
CONTINUOUS
100
AcDbLine
 10
141.7467419999999834
 20
-39.3466009999999997
 30
0
 11
141.9006870000000049
 21
-39.4103670000000008
 31
0
  0
LINE
  5
515
330
22
100
AcDbEntity
  8
F.Mask
  6
CONTINUOUS
100
AcDbLine
 10
141.9006870000000049
 20
-39.4103670000000008
 30
0
 11
142.0392339999999933
 21
-39.5029409999999999
 31
0
  0
LINE
  5
516
330
22
100
AcDbEntity
  8
F.Mask
  6
CONTINUOUS
100
AcDbLine
 10
142.0392339999999933
 20
-39.5029409999999999
 30
0
 11
142.1570590000000038
 21
-39.6207659999999962
 31
0
  0
LINE
  5
517
330
22
100
AcDbEntity
  8
F.Mask
  6
CONTINUOUS
100
AcDbLine
 10
142.1570590000000038
 20
-39.6207659999999962
 30
0
 11
142.2496329999999887
 21
-39.7593129999999988
 31
0
  0
LINE
  5
518
330
22
100
AcDbEntity
  8
F.Mask
  6
CONTINUOUS
100
AcDbLine
 10
142.2496329999999887
 20
-39.7593129999999988
 30
0
 11
142.313399000000004
 21
-39.913257999999999
 31
0
  0
LINE
  5
519
330
22
100
AcDbEntity
  8
F.Mask
  6
CONTINUOUS
100
AcDbLine
 10
142.313399000000004
 20
-39.913257999999999
 30
0
 11
142.3459069999999826
 21
-40.0766849999999977
 31
0
  0
LINE
  5
51A
330
22
100
AcDbEntity
  8
F.Mask
  6
CONTINUOUS
100
AcDbLine
 10
142.3459069999999826
 20
-40.0766849999999977
 30
0
 11
142.3459069999999826
 21
-40.2433149999999955
 31
0
  0
LINE
  5
51B
330
22
100
AcDbEntity
  8
F.Mask
  6
CONTINUOUS
100
AcDbLine
 10
142.3459069999999826
 20
-40.2433149999999955
 30
0
 11
142.313399000000004
 21
-40.4067420000000013
 31
0
  0
LINE
  5
51C
330
22
100
AcDbEntity
  8
F.Mask
  6
CONTINUOUS
100
AcDbLine
 10
142.313399000000004
 20
-40.4067420000000013
 30
0
 11
142.2496329999999887
 21
-40.5606870000000015
 31
0
  0
LINE
  5
51D
330
22
100
AcDbEntity
  8
F.Mask
  6
CONTINUOUS
100
AcDbLine
 10
142.2496329999999887
 20
-40.5606870000000015
 30
0
 11
142.1570590000000038
 21
-40.699233999999997
 31
0
  0
LINE
  5
51E
330
22
100
AcDbEntity
  8
F.Mask
  6
CONTINUOUS
100
AcDbLine
 10
142.1570590000000038
 20
-40.699233999999997
 30
0
 11
142.0392339999999933
 21
-40.8170590000000004
 31
0
  0
LINE
  5
51F
330
22
100
AcDbEntity
  8
F.Mask
  6
CONTINUOUS
100
AcDbLine
 10
142.0392339999999933
 20
-40.8170590000000004
 30
0
 11
141.9006870000000049
 21
-40.9096329999999995
 31
0
  0
LINE
  5
520
330
22
100
AcDbEntity
  8
F.Mask
  6
CONTINUOUS
100
AcDbLine
 10
141.9006870000000049
 20
-40.9096329999999995
 30
0
 11
141.7467419999999834
 21
-40.9733990000000006
 31
0
  0
LINE
  5
521
330
22
100
AcDbEntity
  8
F.Mask
  6
CONTINUOUS
100
AcDbLine
 10
141.7467419999999834
 20
-40.9733990000000006
 30
0
 11
141.5833149999999989
 21
-41.0059070000000006
 31
0
  0
LINE
  5
522
330
22
100
AcDbEntity
  8
F.Mask
  6
CONTINUOUS
100
AcDbLine
 10
141.5833149999999989
 20
-41.0059070000000006
 30
0
 11
141.4166850000000011
 21
-41.0059070000000006
 31
0
  0
LINE
  5
523
330
22
100
AcDbEntity
  8
F.Mask
  6
CONTINUOUS
100
AcDbLine
 10
141.4166850000000011
 20
-41.0059070000000006
 30
0
 11
141.2532579999999882
 21
-40.9733990000000006
 31
0
  0
LINE
  5
524
330
22
100
AcDbEntity
  8
F.Mask
  6
CONTINUOUS
100
AcDbLine
 10
141.2532579999999882
 20
-40.9733990000000006
 30
0
 11
141.0993129999999951
 21
-40.9096329999999995
 31
0
  0
LINE
  5
525
330
22
100
AcDbEntity
  8
F.Mask
  6
CONTINUOUS
100
AcDbLine
 10
141.0993129999999951
 20
-40.9096329999999995
 30
0
 11
140.9607660000000067
 21
-40.8170590000000004
 31
0
  0
LINE
  5
526
330
22
100
AcDbEntity
  8
F.Mask
  6
CONTINUOUS
100
AcDbLine
 10
140.9607660000000067
 20
-40.8170590000000004
 30
0
 11
140.8429409999999962
 21
-40.699233999999997
 31
0
  0
LINE
  5
527
330
22
100
AcDbEntity
  8
F.Mask
  6
CONTINUOUS
100
AcDbLine
 10
140.8429409999999962
 20
-40.699233999999997
 30
0
 11
140.7503669999999829
 21
-40.5606870000000015
 31
0
  0
LINE
  5
528
330
22
100
AcDbEntity
  8
F.Mask
  6
CONTINUOUS
100
AcDbLine
 10
140.7503669999999829
 20
-40.5606870000000015
 30
0
 11
140.686600999999996
 21
-40.4067420000000013
 31
0
  0
LINE
  5
529
330
22
100
AcDbEntity
  8
F.Mask
  6
CONTINUOUS
100
AcDbLine
 10
140.686600999999996
 20
-40.4067420000000013
 30
0
 11
140.6540929999999889
 21
-40.2433149999999955
 31
0
  0
LINE
  5
52A
330
22
100
AcDbEntity
  8
F.Mask
  6
CONTINUOUS
100
AcDbLine
 10
140.6540929999999889
 20
-40.2433149999999955
 30
0
 11
140.6540929999999889
 21
-40.0766849999999977
 31
0
  0
LINE
  5
52B
330
22
100
AcDbEntity
  8
F.Mask
  6
CONTINUOUS
100
AcDbLine
 10
140.6540929999999889
 20
-40.0766849999999977
 30
0
 11
140.686600999999996
 21
-39.913257999999999
 31
0
  0
LINE
  5
52C
330
22
100
AcDbEntity
  8
F.Mask
  6
CONTINUOUS
100
AcDbLine
 10
140.686600999999996
 20
-39.913257999999999
 30
0
 11
140.7503669999999829
 21
-39.7593129999999988
 31
0
  0
LINE
  5
52D
330
22
100
AcDbEntity
  8
F.Mask
  6
CONTINUOUS
100
AcDbLine
 10
140.7503669999999829
 20
-39.7593129999999988
 30
0
 11
140.8429409999999962
 21
-39.6207659999999962
 31
0
  0
LINE
  5
52E
330
22
100
AcDbEntity
  8
F.Mask
  6
CONTINUOUS
100
AcDbLine
 10
140.8429409999999962
 20
-39.6207659999999962
 30
0
 11
140.9607660000000067
 21
-39.5029409999999999
 31
0
  0
LINE
  5
52F
330
22
100
AcDbEntity
  8
F.Mask
  6
CONTINUOUS
100
AcDbLine
 10
140.9607660000000067
 20
-39.5029409999999999
 30
0
 11
141.0993129999999951
 21
-39.4103670000000008
 31
0
  0
LINE
  5
530
330
22
100
AcDbEntity
  8
F.Mask
  6
CONTINUOUS
100
AcDbLine
 10
141.0993129999999951
 20
-39.4103670000000008
 30
0
 11
141.2532579999999882
 21
-39.3466009999999997
 31
0
  0
LINE
  5
531
330
22
100
AcDbEntity
  8
F.Mask
  6
CONTINUOUS
100
AcDbLine
 10
141.2532579999999882
 20
-39.3466009999999997
 30
0
 11
141.4166850000000011
 21
-39.3140929999999997
 31
0
  0
LINE
  5
532
330
22
100
AcDbEntity
  8
F.Mask
  6
CONTINUOUS
100
AcDbLine
 10
141.4166850000000011
 20
-39.3140929999999997
 30
0
 11
141.5833149999999989
 21
-39.3140929999999997
 31
0
  0
LINE
  5
533
330
22
100
AcDbEntity
  8
F.Mask
  6
CONTINUOUS
100
AcDbLine
 10
141.5833149999999989
 20
-39.3140929999999997
 30
0
 11
141.7467419999999834
 21
-39.3466009999999997
 31
0
  0
LINE
  5
534
330
22
100
AcDbEntity
  8
F.Mask
  6
CONTINUOUS
100
AcDbLine
 10
141.7467419999999834
 20
-36.8066010000000006
 30
0
 11
141.9006870000000049
 21
-36.8703670000000017
 31
0
  0
LINE
  5
535
330
22
100
AcDbEntity
  8
F.Mask
  6
CONTINUOUS
100
AcDbLine
 10
141.9006870000000049
 20
-36.8703670000000017
 30
0
 11
142.0392339999999933
 21
-36.9629410000000007
 31
0
  0
LINE
  5
536
330
22
100
AcDbEntity
  8
F.Mask
  6
CONTINUOUS
100
AcDbLine
 10
142.0392339999999933
 20
-36.9629410000000007
 30
0
 11
142.1570590000000038
 21
-37.080765999999997
 31
0
  0
LINE
  5
537
330
22
100
AcDbEntity
  8
F.Mask
  6
CONTINUOUS
100
AcDbLine
 10
142.1570590000000038
 20
-37.080765999999997
 30
0
 11
142.2496329999999887
 21
-37.2193129999999996
 31
0
  0
LINE
  5
538
330
22
100
AcDbEntity
  8
F.Mask
  6
CONTINUOUS
100
AcDbLine
 10
142.2496329999999887
 20
-37.2193129999999996
 30
0
 11
142.313399000000004
 21
-37.3732579999999999
 31
0
  0
LINE
  5
539
330
22
100
AcDbEntity
  8
F.Mask
  6
CONTINUOUS
100
AcDbLine
 10
142.313399000000004
 20
-37.3732579999999999
 30
0
 11
142.3459069999999826
 21
-37.5366849999999985
 31
0
  0
LINE
  5
53A
330
22
100
AcDbEntity
  8
F.Mask
  6
CONTINUOUS
100
AcDbLine
 10
142.3459069999999826
 20
-37.5366849999999985
 30
0
 11
142.3459069999999826
 21
-37.7033149999999964
 31
0
  0
LINE
  5
53B
330
22
100
AcDbEntity
  8
F.Mask
  6
CONTINUOUS
100
AcDbLine
 10
142.3459069999999826
 20
-37.7033149999999964
 30
0
 11
142.313399000000004
 21
-37.866741999999995
 31
0
  0
LINE
  5
53C
330
22
100
AcDbEntity
  8
F.Mask
  6
CONTINUOUS
100
AcDbLine
 10
142.313399000000004
 20
-37.866741999999995
 30
0
 11
142.2496329999999887
 21
-38.0206869999999952
 31
0
  0
LINE
  5
53D
330
22
100
AcDbEntity
  8
F.Mask
  6
CONTINUOUS
100
AcDbLine
 10
142.2496329999999887
 20
-38.0206869999999952
 30
0
 11
142.1570590000000038
 21
-38.1592339999999979
 31
0
  0
LINE
  5
53E
330
22
100
AcDbEntity
  8
F.Mask
  6
CONTINUOUS
100
AcDbLine
 10
142.1570590000000038
 20
-38.1592339999999979
 30
0
 11
142.0392339999999933
 21
-38.2770590000000013
 31
0
  0
LINE
  5
53F
330
22
100
AcDbEntity
  8
F.Mask
  6
CONTINUOUS
100
AcDbLine
 10
142.0392339999999933
 20
-38.2770590000000013
 30
0
 11
141.9006870000000049
 21
-38.3696330000000003
 31
0
  0
LINE
  5
540
330
22
100
AcDbEntity
  8
F.Mask
  6
CONTINUOUS
100
AcDbLine
 10
141.9006870000000049
 20
-38.3696330000000003
 30
0
 11
141.7467419999999834
 21
-38.4333990000000014
 31
0
  0
LINE
  5
541
330
22
100
AcDbEntity
  8
F.Mask
  6
CONTINUOUS
100
AcDbLine
 10
141.7467419999999834
 20
-38.4333990000000014
 30
0
 11
141.5833149999999989
 21
-38.4659070000000014
 31
0
  0
LINE
  5
542
330
22
100
AcDbEntity
  8
F.Mask
  6
CONTINUOUS
100
AcDbLine
 10
141.5833149999999989
 20
-38.4659070000000014
 30
0
 11
141.4166850000000011
 21
-38.4659070000000014
 31
0
  0
LINE
  5
543
330
22
100
AcDbEntity
  8
F.Mask
  6
CONTINUOUS
100
AcDbLine
 10
141.4166850000000011
 20
-38.4659070000000014
 30
0
 11
141.2532579999999882
 21
-38.4333990000000014
 31
0
  0
LINE
  5
544
330
22
100
AcDbEntity
  8
F.Mask
  6
CONTINUOUS
100
AcDbLine
 10
141.2532579999999882
 20
-38.4333990000000014
 30
0
 11
141.0993129999999951
 21
-38.3696330000000003
 31
0
  0
LINE
  5
545
330
22
100
AcDbEntity
  8
F.Mask
  6
CONTINUOUS
100
AcDbLine
 10
141.0993129999999951
 20
-38.3696330000000003
 30
0
 11
140.9607660000000067
 21
-38.2770590000000013
 31
0
  0
LINE
  5
546
330
22
100
AcDbEntity
  8
F.Mask
  6
CONTINUOUS
100
AcDbLine
 10
140.9607660000000067
 20
-38.2770590000000013
 30
0
 11
140.8429409999999962
 21
-38.1592339999999979
 31
0
  0
LINE
  5
547
330
22
100
AcDbEntity
  8
F.Mask
  6
CONTINUOUS
100
AcDbLine
 10
140.8429409999999962
 20
-38.1592339999999979
 30
0
 11
140.7503669999999829
 21
-38.0206869999999952
 31
0
  0
LINE
  5
548
330
22
100
AcDbEntity
  8
F.Mask
  6
CONTINUOUS
100
AcDbLine
 10
140.7503669999999829
 20
-38.0206869999999952
 30
0
 11
140.686600999999996
 21
-37.866741999999995
 31
0
  0
LINE
  5
549
330
22
100
AcDbEntity
  8
F.Mask
  6
CONTINUOUS
100
AcDbLine
 10
140.686600999999996
 20
-37.866741999999995
 30
0
 11
140.6540929999999889
 21
-37.7033149999999964
 31
0
  0
LINE
  5
54A
330
22
100
AcDbEntity
  8
F.Mask
  6
CONTINUOUS
100
AcDbLine
 10
140.6540929999999889
 20
-37.7033149999999964
 30
0
 11
140.6540929999999889
 21
-37.5366849999999985
 31
0
  0
LINE
  5
54B
330
22
100
AcDbEntity
  8
F.Mask
  6
CONTINUOUS
100
AcDbLine
 10
140.6540929999999889
 20
-37.5366849999999985
 30
0
 11
140.686600999999996
 21
-37.3732579999999999
 31
0
  0
LINE
  5
54C
330
22
100
AcDbEntity
  8
F.Mask
  6
CONTINUOUS
100
AcDbLine
 10
140.686600999999996
 20
-37.3732579999999999
 30
0
 11
140.7503669999999829
 21
-37.2193129999999996
 31
0
  0
LINE
  5
54D
330
22
100
AcDbEntity
  8
F.Mask
  6
CONTINUOUS
100
AcDbLine
 10
140.7503669999999829
 20
-37.2193129999999996
 30
0
 11
140.8429409999999962
 21
-37.080765999999997
 31
0
  0
LINE
  5
54E
330
22
100
AcDbEntity
  8
F.Mask
  6
CONTINUOUS
100
AcDbLine
 10
140.8429409999999962
 20
-37.080765999999997
 30
0
 11
140.9607660000000067
 21
-36.9629410000000007
 31
0
  0
LINE
  5
54F
330
22
100
AcDbEntity
  8
F.Mask
  6
CONTINUOUS
100
AcDbLine
 10
140.9607660000000067
 20
-36.9629410000000007
 30
0
 11
141.0993129999999951
 21
-36.8703670000000017
 31
0
  0
LINE
  5
550
330
22
100
AcDbEntity
  8
F.Mask
  6
CONTINUOUS
100
AcDbLine
 10
141.0993129999999951
 20
-36.8703670000000017
 30
0
 11
141.2532579999999882
 21
-36.8066010000000006
 31
0
  0
LINE
  5
551
330
22
100
AcDbEntity
  8
F.Mask
  6
CONTINUOUS
100
AcDbLine
 10
141.2532579999999882
 20
-36.8066010000000006
 30
0
 11
141.4166850000000011
 21
-36.7740930000000006
 31
0
  0
LINE
  5
552
330
22
100
AcDbEntity
  8
F.Mask
  6
CONTINUOUS
100
AcDbLine
 10
141.4166850000000011
 20
-36.7740930000000006
 30
0
 11
141.5833149999999989
 21
-36.7740930000000006
 31
0
  0
LINE
  5
553
330
22
100
AcDbEntity
  8
F.Mask
  6
CONTINUOUS
100
AcDbLine
 10
141.5833149999999989
 20
-36.7740930000000006
 30
0
 11
141.7467419999999834
 21
-36.8066010000000006
 31
0
  0
LINE
  5
554
330
22
100
AcDbEntity
  8
F.Mask
  6
CONTINUOUS
100
AcDbLine
 10
141.7467419999999834
 20
-34.2666010000000014
 30
0
 11
141.9006870000000049
 21
-34.3303669999999954
 31
0
  0
LINE
  5
555
330
22
100
AcDbEntity
  8
F.Mask
  6
CONTINUOUS
100
AcDbLine
 10
141.9006870000000049
 20
-34.3303669999999954
 30
0
 11
142.0392339999999933
 21
-34.4229410000000016
 31
0
  0
LINE
  5
556
330
22
100
AcDbEntity
  8
F.Mask
  6
CONTINUOUS
100
AcDbLine
 10
142.0392339999999933
 20
-34.4229410000000016
 30
0
 11
142.1570590000000038
 21
-34.5407659999999979
 31
0
  0
LINE
  5
557
330
22
100
AcDbEntity
  8
F.Mask
  6
CONTINUOUS
100
AcDbLine
 10
142.1570590000000038
 20
-34.5407659999999979
 30
0
 11
142.2496329999999887
 21
-34.6793130000000005
 31
0
  0
LINE
  5
558
330
22
100
AcDbEntity
  8
F.Mask
  6
CONTINUOUS
100
AcDbLine
 10
142.2496329999999887
 20
-34.6793130000000005
 30
0
 11
142.313399000000004
 21
-34.8332580000000007
 31
0
  0
LINE
  5
559
330
22
100
AcDbEntity
  8
F.Mask
  6
CONTINUOUS
100
AcDbLine
 10
142.313399000000004
 20
-34.8332580000000007
 30
0
 11
142.3459069999999826
 21
-34.9966849999999994
 31
0
  0
LINE
  5
55A
330
22
100
AcDbEntity
  8
F.Mask
  6
CONTINUOUS
100
AcDbLine
 10
142.3459069999999826
 20
-34.9966849999999994
 30
0
 11
142.3459069999999826
 21
-35.1633149999999972
 31
0
  0
LINE
  5
55B
330
22
100
AcDbEntity
  8
F.Mask
  6
CONTINUOUS
100
AcDbLine
 10
142.3459069999999826
 20
-35.1633149999999972
 30
0
 11
142.313399000000004
 21
-35.3267419999999959
 31
0
  0
LINE
  5
55C
330
22
100
AcDbEntity
  8
F.Mask
  6
CONTINUOUS
100
AcDbLine
 10
142.313399000000004
 20
-35.3267419999999959
 30
0
 11
142.2496329999999887
 21
-35.4806869999999961
 31
0
  0
LINE
  5
55D
330
22
100
AcDbEntity
  8
F.Mask
  6
CONTINUOUS
100
AcDbLine
 10
142.2496329999999887
 20
-35.4806869999999961
 30
0
 11
142.1570590000000038
 21
-35.6192339999999987
 31
0
  0
LINE
  5
55E
330
22
100
AcDbEntity
  8
F.Mask
  6
CONTINUOUS
100
AcDbLine
 10
142.1570590000000038
 20
-35.6192339999999987
 30
0
 11
142.0392339999999933
 21
-35.737058999999995
 31
0
  0
LINE
  5
55F
330
22
100
AcDbEntity
  8
F.Mask
  6
CONTINUOUS
100
AcDbLine
 10
142.0392339999999933
 20
-35.737058999999995
 30
0
 11
141.9006870000000049
 21
-35.8296330000000012
 31
0
  0
LINE
  5
560
330
22
100
AcDbEntity
  8
F.Mask
  6
CONTINUOUS
100
AcDbLine
 10
141.9006870000000049
 20
-35.8296330000000012
 30
0
 11
141.7467419999999834
 21
-35.8933989999999952
 31
0
  0
LINE
  5
561
330
22
100
AcDbEntity
  8
F.Mask
  6
CONTINUOUS
100
AcDbLine
 10
141.7467419999999834
 20
-35.8933989999999952
 30
0
 11
141.5833149999999989
 21
-35.9259069999999952
 31
0
  0
LINE
  5
562
330
22
100
AcDbEntity
  8
F.Mask
  6
CONTINUOUS
100
AcDbLine
 10
141.5833149999999989
 20
-35.9259069999999952
 30
0
 11
141.4166850000000011
 21
-35.9259069999999952
 31
0
  0
LINE
  5
563
330
22
100
AcDbEntity
  8
F.Mask
  6
CONTINUOUS
100
AcDbLine
 10
141.4166850000000011
 20
-35.9259069999999952
 30
0
 11
141.2532579999999882
 21
-35.8933989999999952
 31
0
  0
LINE
  5
564
330
22
100
AcDbEntity
  8
F.Mask
  6
CONTINUOUS
100
AcDbLine
 10
141.2532579999999882
 20
-35.8933989999999952
 30
0
 11
141.0993129999999951
 21
-35.8296330000000012
 31
0
  0
LINE
  5
565
330
22
100
AcDbEntity
  8
F.Mask
  6
CONTINUOUS
100
AcDbLine
 10
141.0993129999999951
 20
-35.8296330000000012
 30
0
 11
140.9607660000000067
 21
-35.737058999999995
 31
0
  0
LINE
  5
566
330
22
100
AcDbEntity
  8
F.Mask
  6
CONTINUOUS
100
AcDbLine
 10
140.9607660000000067
 20
-35.737058999999995
 30
0
 11
140.8429409999999962
 21
-35.6192339999999987
 31
0
  0
LINE
  5
567
330
22
100
AcDbEntity
  8
F.Mask
  6
CONTINUOUS
100
AcDbLine
 10
140.8429409999999962
 20
-35.6192339999999987
 30
0
 11
140.7503669999999829
 21
-35.4806869999999961
 31
0
  0
LINE
  5
568
330
22
100
AcDbEntity
  8
F.Mask
  6
CONTINUOUS
100
AcDbLine
 10
140.7503669999999829
 20
-35.4806869999999961
 30
0
 11
140.686600999999996
 21
-35.3267419999999959
 31
0
  0
LINE
  5
569
330
22
100
AcDbEntity
  8
F.Mask
  6
CONTINUOUS
100
AcDbLine
 10
140.686600999999996
 20
-35.3267419999999959
 30
0
 11
140.6540929999999889
 21
-35.1633149999999972
 31
0
  0
LINE
  5
56A
330
22
100
AcDbEntity
  8
F.Mask
  6
CONTINUOUS
100
AcDbLine
 10
140.6540929999999889
 20
-35.1633149999999972
 30
0
 11
140.6540929999999889
 21
-34.9966849999999994
 31
0
  0
LINE
  5
56B
330
22
100
AcDbEntity
  8
F.Mask
  6
CONTINUOUS
100
AcDbLine
 10
140.6540929999999889
 20
-34.9966849999999994
 30
0
 11
140.686600999999996
 21
-34.8332580000000007
 31
0
  0
LINE
  5
56C
330
22
100
AcDbEntity
  8
F.Mask
  6
CONTINUOUS
100
AcDbLine
 10
140.686600999999996
 20
-34.8332580000000007
 30
0
 11
140.7503669999999829
 21
-34.6793130000000005
 31
0
  0
LINE
  5
56D
330
22
100
AcDbEntity
  8
F.Mask
  6
CONTINUOUS
100
AcDbLine
 10
140.7503669999999829
 20
-34.6793130000000005
 30
0
 11
140.8429409999999962
 21
-34.5407659999999979
 31
0
  0
LINE
  5
56E
330
22
100
AcDbEntity
  8
F.Mask
  6
CONTINUOUS
100
AcDbLine
 10
140.8429409999999962
 20
-34.5407659999999979
 30
0
 11
140.9607660000000067
 21
-34.4229410000000016
 31
0
  0
LINE
  5
56F
330
22
100
AcDbEntity
  8
F.Mask
  6
CONTINUOUS
100
AcDbLine
 10
140.9607660000000067
 20
-34.4229410000000016
 30
0
 11
141.0993129999999951
 21
-34.3303669999999954
 31
0
  0
LINE
  5
570
330
22
100
AcDbEntity
  8
F.Mask
  6
CONTINUOUS
100
AcDbLine
 10
141.0993129999999951
 20
-34.3303669999999954
 30
0
 11
141.2532579999999882
 21
-34.2666010000000014
 31
0
  0
LINE
  5
571
330
22
100
AcDbEntity
  8
F.Mask
  6
CONTINUOUS
100
AcDbLine
 10
141.2532579999999882
 20
-34.2666010000000014
 30
0
 11
141.4166850000000011
 21
-34.2340930000000014
 31
0
  0
LINE
  5
572
330
22
100
AcDbEntity
  8
F.Mask
  6
CONTINUOUS
100
AcDbLine
 10
141.4166850000000011
 20
-34.2340930000000014
 30
0
 11
141.5833149999999989
 21
-34.2340930000000014
 31
0
  0
LINE
  5
573
330
22
100
AcDbEntity
  8
F.Mask
  6
CONTINUOUS
100
AcDbLine
 10
141.5833149999999989
 20
-34.2340930000000014
 30
0
 11
141.7467419999999834
 21
-34.2666010000000014
 31
0
  0
LINE
  5
574
330
22
100
AcDbEntity
  8
F.Mask
  6
CONTINUOUS
100
AcDbLine
 10
98.8501809999999921
 20
-31.118428999999999
 30
0
 11
99.1028790000000015
 21
-31.1861399999999982
 31
0
  0
LINE
  5
575
330
22
100
AcDbEntity
  8
F.Mask
  6
CONTINUOUS
100
AcDbLine
 10
99.1028790000000015
 20
-31.1861399999999982
 30
0
 11
99.344577000000001
 21
-31.286254999999997
 31
0
  0
LINE
  5
576
330
22
100
AcDbEntity
  8
F.Mask
  6
CONTINUOUS
100
AcDbLine
 10
99.344577000000001
 20
-31.286254999999997
 30
0
 11
99.5711399999999998
 21
-31.4170610000000003
 31
0
  0
LINE
  5
577
330
22
100
AcDbEntity
  8
F.Mask
  6
CONTINUOUS
100
AcDbLine
 10
99.5711399999999998
 20
-31.4170610000000003
 30
0
 11
99.7786919999999924
 21
-31.5763199999999991
 31
0
  0
LINE
  5
578
330
22
100
AcDbEntity
  8
F.Mask
  6
CONTINUOUS
100
AcDbLine
 10
99.7786919999999924
 20
-31.5763199999999991
 30
0
 11
99.9636799999999965
 21
-31.7613079999999997
 31
0
  0
LINE
  5
579
330
22
100
AcDbEntity
  8
F.Mask
  6
CONTINUOUS
100
AcDbLine
 10
99.9636799999999965
 20
-31.7613079999999997
 30
0
 11
100.1229390000000024
 21
-31.9688599999999994
 31
0
  0
LINE
  5
57A
330
22
100
AcDbEntity
  8
F.Mask
  6
CONTINUOUS
100
AcDbLine
 10
100.1229390000000024
 20
-31.9688599999999994
 30
0
 11
100.253744999999995
 21
-32.1954229999999981
 31
0
  0
LINE
  5
57B
330
22
100
AcDbEntity
  8
F.Mask
  6
CONTINUOUS
100
AcDbLine
 10
100.253744999999995
 20
-32.1954229999999981
 30
0
 11
100.3538599999999974
 21
-32.4371209999999977
 31
0
  0
LINE
  5
57C
330
22
100
AcDbEntity
  8
F.Mask
  6
CONTINUOUS
100
AcDbLine
 10
100.3538599999999974
 20
-32.4371209999999977
 30
0
 11
100.4215710000000001
 21
-32.689819
 31
0
  0
LINE
  5
57D
330
22
100
AcDbEntity
  8
F.Mask
  6
CONTINUOUS
100
AcDbLine
 10
100.4215710000000001
 20
-32.689819
 30
0
 11
100.4557179999999903
 21
-32.9491939999999985
 31
0
  0
LINE
  5
57E
330
22
100
AcDbEntity
  8
F.Mask
  6
CONTINUOUS
100
AcDbLine
 10
100.4557179999999903
 20
-32.9491939999999985
 30
0
 11
100.4557179999999903
 21
-33.2108059999999981
 31
0
  0
LINE
  5
57F
330
22
100
AcDbEntity
  8
F.Mask
  6
CONTINUOUS
100
AcDbLine
 10
100.4557179999999903
 20
-33.2108059999999981
 30
0
 11
100.4215710000000001
 21
-33.4701809999999966
 31
0
  0
LINE
  5
580
330
22
100
AcDbEntity
  8
F.Mask
  6
CONTINUOUS
100
AcDbLine
 10
100.4215710000000001
 20
-33.4701809999999966
 30
0
 11
100.3538599999999974
 21
-33.7228789999999989
 31
0
  0
LINE
  5
581
330
22
100
AcDbEntity
  8
F.Mask
  6
CONTINUOUS
100
AcDbLine
 10
100.3538599999999974
 20
-33.7228789999999989
 30
0
 11
100.253744999999995
 21
-33.9645769999999985
 31
0
  0
LINE
  5
582
330
22
100
AcDbEntity
  8
F.Mask
  6
CONTINUOUS
100
AcDbLine
 10
100.253744999999995
 20
-33.9645769999999985
 30
0
 11
100.1229390000000024
 21
-34.1911399999999972
 31
0
  0
LINE
  5
583
330
22
100
AcDbEntity
  8
F.Mask
  6
CONTINUOUS
100
AcDbLine
 10
100.1229390000000024
 20
-34.1911399999999972
 30
0
 11
99.9636799999999965
 21
-34.3986919999999969
 31
0
  0
LINE
  5
584
330
22
100
AcDbEntity
  8
F.Mask
  6
CONTINUOUS
100
AcDbLine
 10
99.9636799999999965
 20
-34.3986919999999969
 30
0
 11
99.7786919999999924
 21
-34.5836800000000011
 31
0
  0
LINE
  5
585
330
22
100
AcDbEntity
  8
F.Mask
  6
CONTINUOUS
100
AcDbLine
 10
99.7786919999999924
 20
-34.5836800000000011
 30
0
 11
99.5711399999999998
 21
-34.7429389999999998
 31
0
  0
LINE
  5
586
330
22
100
AcDbEntity
  8
F.Mask
  6
CONTINUOUS
100
AcDbLine
 10
99.5711399999999998
 20
-34.7429389999999998
 30
0
 11
99.344577000000001
 21
-34.8737449999999995
 31
0
  0
LINE
  5
587
330
22
100
AcDbEntity
  8
F.Mask
  6
CONTINUOUS
100
AcDbLine
 10
99.344577000000001
 20
-34.8737449999999995
 30
0
 11
99.1028790000000015
 21
-34.9738600000000019
 31
0
  0
LINE
  5
588
330
22
100
AcDbEntity
  8
F.Mask
  6
CONTINUOUS
100
AcDbLine
 10
99.1028790000000015
 20
-34.9738600000000019
 30
0
 11
98.8501809999999921
 21
-35.0415709999999976
 31
0
  0
LINE
  5
589
330
22
100
AcDbEntity
  8
F.Mask
  6
CONTINUOUS
100
AcDbLine
 10
98.8501809999999921
 20
-35.0415709999999976
 30
0
 11
98.5908060000000006
 21
-35.075718000000002
 31
0
  0
LINE
  5
58A
330
22
100
AcDbEntity
  8
F.Mask
  6
CONTINUOUS
100
AcDbLine
 10
98.5908060000000006
 20
-35.075718000000002
 30
0
 11
98.3291940000000011
 21
-35.075718000000002
 31
0
  0
LINE
  5
58B
330
22
100
AcDbEntity
  8
F.Mask
  6
CONTINUOUS
100
AcDbLine
 10
98.3291940000000011
 20
-35.075718000000002
 30
0
 11
98.0698189999999954
 21
-35.0415709999999976
 31
0
  0
LINE
  5
58C
330
22
100
AcDbEntity
  8
F.Mask
  6
CONTINUOUS
100
AcDbLine
 10
98.0698189999999954
 20
-35.0415709999999976
 30
0
 11
97.8171210000000002
 21
-34.9738600000000019
 31
0
  0
LINE
  5
58D
330
22
100
AcDbEntity
  8
F.Mask
  6
CONTINUOUS
100
AcDbLine
 10
97.8171210000000002
 20
-34.9738600000000019
 30
0
 11
97.5754230000000007
 21
-34.8737449999999995
 31
0
  0
LINE
  5
58E
330
22
100
AcDbEntity
  8
F.Mask
  6
CONTINUOUS
100
AcDbLine
 10
97.5754230000000007
 20
-34.8737449999999995
 30
0
 11
97.3488600000000019
 21
-34.7429389999999998
 31
0
  0
LINE
  5
58F
330
22
100
AcDbEntity
  8
F.Mask
  6
CONTINUOUS
100
AcDbLine
 10
97.3488600000000019
 20
-34.7429389999999998
 30
0
 11
97.1413079999999951
 21
-34.5836800000000011
 31
0
  0
LINE
  5
590
330
22
100
AcDbEntity
  8
F.Mask
  6
CONTINUOUS
100
AcDbLine
 10
97.1413079999999951
 20
-34.5836800000000011
 30
0
 11
96.956319999999991
 21
-34.3986919999999969
 31
0
  0
LINE
  5
591
330
22
100
AcDbEntity
  8
F.Mask
  6
CONTINUOUS
100
AcDbLine
 10
96.956319999999991
 20
-34.3986919999999969
 30
0
 11
96.7970609999999994
 21
-34.1911399999999972
 31
0
  0
LINE
  5
592
330
22
100
AcDbEntity
  8
F.Mask
  6
CONTINUOUS
100
AcDbLine
 10
96.7970609999999994
 20
-34.1911399999999972
 30
0
 11
96.6662549999999925
 21
-33.9645769999999985
 31
0
  0
LINE
  5
593
330
22
100
AcDbEntity
  8
F.Mask
  6
CONTINUOUS
100
AcDbLine
 10
96.6662549999999925
 20
-33.9645769999999985
 30
0
 11
96.5661399999999901
 21
-33.7228789999999989
 31
0
  0
LINE
  5
594
330
22
100
AcDbEntity
  8
F.Mask
  6
CONTINUOUS
100
AcDbLine
 10
96.5661399999999901
 20
-33.7228789999999989
 30
0
 11
96.4984290000000016
 21
-33.4701809999999966
 31
0
  0
LINE
  5
595
330
22
100
AcDbEntity
  8
F.Mask
  6
CONTINUOUS
100
AcDbLine
 10
96.4984290000000016
 20
-33.4701809999999966
 30
0
 11
96.4642819999999972
 21
-33.2108059999999981
 31
0
  0
LINE
  5
596
330
22
100
AcDbEntity
  8
F.Mask
  6
CONTINUOUS
100
AcDbLine
 10
96.4642819999999972
 20
-33.2108059999999981
 30
0
 11
96.4642819999999972
 21
-32.9491939999999985
 31
0
  0
LINE
  5
597
330
22
100
AcDbEntity
  8
F.Mask
  6
CONTINUOUS
100
AcDbLine
 10
96.4642819999999972
 20
-32.9491939999999985
 30
0
 11
96.4984290000000016
 21
-32.689819
 31
0
  0
LINE
  5
598
330
22
100
AcDbEntity
  8
F.Mask
  6
CONTINUOUS
100
AcDbLine
 10
96.4984290000000016
 20
-32.689819
 30
0
 11
96.5661399999999901
 21
-32.4371209999999977
 31
0
  0
LINE
  5
599
330
22
100
AcDbEntity
  8
F.Mask
  6
CONTINUOUS
100
AcDbLine
 10
96.5661399999999901
 20
-32.4371209999999977
 30
0
 11
96.6662549999999925
 21
-32.1954229999999981
 31
0
  0
LINE
  5
59A
330
22
100
AcDbEntity
  8
F.Mask
  6
CONTINUOUS
100
AcDbLine
 10
96.6662549999999925
 20
-32.1954229999999981
 30
0
 11
96.7970609999999994
 21
-31.9688599999999994
 31
0
  0
LINE
  5
59B
330
22
100
AcDbEntity
  8
F.Mask
  6
CONTINUOUS
100
AcDbLine
 10
96.7970609999999994
 20
-31.9688599999999994
 30
0
 11
96.956319999999991
 21
-31.7613079999999997
 31
0
  0
LINE
  5
59C
330
22
100
AcDbEntity
  8
F.Mask
  6
CONTINUOUS
100
AcDbLine
 10
96.956319999999991
 20
-31.7613079999999997
 30
0
 11
97.1413079999999951
 21
-31.5763199999999991
 31
0
  0
LINE
  5
59D
330
22
100
AcDbEntity
  8
F.Mask
  6
CONTINUOUS
100
AcDbLine
 10
97.1413079999999951
 20
-31.5763199999999991
 30
0
 11
97.3488600000000019
 21
-31.4170610000000003
 31
0
  0
LINE
  5
59E
330
22
100
AcDbEntity
  8
F.Mask
  6
CONTINUOUS
100
AcDbLine
 10
97.3488600000000019
 20
-31.4170610000000003
 30
0
 11
97.5754230000000007
 21
-31.286254999999997
 31
0
  0
LINE
  5
59F
330
22
100
AcDbEntity
  8
F.Mask
  6
CONTINUOUS
100
AcDbLine
 10
97.5754230000000007
 20
-31.286254999999997
 30
0
 11
97.8171210000000002
 21
-31.1861399999999982
 31
0
  0
LINE
  5
5A0
330
22
100
AcDbEntity
  8
F.Mask
  6
CONTINUOUS
100
AcDbLine
 10
97.8171210000000002
 20
-31.1861399999999982
 30
0
 11
98.0698189999999954
 21
-31.118428999999999
 31
0
  0
LINE
  5
5A1
330
22
100
AcDbEntity
  8
F.Mask
  6
CONTINUOUS
100
AcDbLine
 10
98.0698189999999954
 20
-31.118428999999999
 30
0
 11
98.3291940000000011
 21
-31.0842819999999982
 31
0
  0
LINE
  5
5A2
330
22
100
AcDbEntity
  8
F.Mask
  6
CONTINUOUS
100
AcDbLine
 10
98.3291940000000011
 20
-31.0842819999999982
 30
0
 11
98.5908060000000006
 21
-31.0842819999999982
 31
0
  0
LINE
  5
5A3
330
22
100
AcDbEntity
  8
F.Mask
  6
CONTINUOUS
100
AcDbLine
 10
98.5908060000000006
 20
-31.0842819999999982
 30
0
 11
98.8501809999999921
 21
-31.118428999999999
 31
0
  0
LINE
  5
5A4
330
22
100
AcDbEntity
  8
F.Mask
  6
CONTINUOUS
100
AcDbLine
 10
93.626741999999993
 20
-32.2666010000000014
 30
0
 11
93.7806870000000004
 21
-32.3303669999999954
 31
0
  0
LINE
  5
5A5
330
22
100
AcDbEntity
  8
F.Mask
  6
CONTINUOUS
100
AcDbLine
 10
93.7806870000000004
 20
-32.3303669999999954
 30
0
 11
93.9192339999999888
 21
-32.4229410000000016
 31
0
  0
LINE
  5
5A6
330
22
100
AcDbEntity
  8
F.Mask
  6
CONTINUOUS
100
AcDbLine
 10
93.9192339999999888
 20
-32.4229410000000016
 30
0
 11
94.0370589999999993
 21
-32.5407659999999979
 31
0
  0
LINE
  5
5A7
330
22
100
AcDbEntity
  8
F.Mask
  6
CONTINUOUS
100
AcDbLine
 10
94.0370589999999993
 20
-32.5407659999999979
 30
0
 11
94.1296329999999983
 21
-32.6793130000000005
 31
0
  0
LINE
  5
5A8
330
22
100
AcDbEntity
  8
F.Mask
  6
CONTINUOUS
100
AcDbLine
 10
94.1296329999999983
 20
-32.6793130000000005
 30
0
 11
94.1933989999999994
 21
-32.8332580000000007
 31
0
  0
LINE
  5
5A9
330
22
100
AcDbEntity
  8
F.Mask
  6
CONTINUOUS
100
AcDbLine
 10
94.1933989999999994
 20
-32.8332580000000007
 30
0
 11
94.2259069999999923
 21
-32.9966849999999994
 31
0
  0
LINE
  5
5AA
330
22
100
AcDbEntity
  8
F.Mask
  6
CONTINUOUS
100
AcDbLine
 10
94.2259069999999923
 20
-32.9966849999999994
 30
0
 11
94.2259069999999923
 21
-33.1633149999999972
 31
0
  0
LINE
  5
5AB
330
22
100
AcDbEntity
  8
F.Mask
  6
CONTINUOUS
100
AcDbLine
 10
94.2259069999999923
 20
-33.1633149999999972
 30
0
 11
94.1933989999999994
 21
-33.3267419999999959
 31
0
  0
LINE
  5
5AC
330
22
100
AcDbEntity
  8
F.Mask
  6
CONTINUOUS
100
AcDbLine
 10
94.1933989999999994
 20
-33.3267419999999959
 30
0
 11
94.1296329999999983
 21
-33.4806869999999961
 31
0
  0
LINE
  5
5AD
330
22
100
AcDbEntity
  8
F.Mask
  6
CONTINUOUS
100
AcDbLine
 10
94.1296329999999983
 20
-33.4806869999999961
 30
0
 11
94.0370589999999993
 21
-33.6192339999999987
 31
0
  0
LINE
  5
5AE
330
22
100
AcDbEntity
  8
F.Mask
  6
CONTINUOUS
100
AcDbLine
 10
94.0370589999999993
 20
-33.6192339999999987
 30
0
 11
93.9192339999999888
 21
-33.737058999999995
 31
0
  0
LINE
  5
5AF
330
22
100
AcDbEntity
  8
F.Mask
  6
CONTINUOUS
100
AcDbLine
 10
93.9192339999999888
 20
-33.737058999999995
 30
0
 11
93.7806870000000004
 21
-33.8296330000000012
 31
0
  0
LINE
  5
5B0
330
22
100
AcDbEntity
  8
F.Mask
  6
CONTINUOUS
100
AcDbLine
 10
93.7806870000000004
 20
-33.8296330000000012
 30
0
 11
93.626741999999993
 21
-33.8933989999999952
 31
0
  0
LINE
  5
5B1
330
22
100
AcDbEntity
  8
F.Mask
  6
CONTINUOUS
100
AcDbLine
 10
93.626741999999993
 20
-33.8933989999999952
 30
0
 11
93.4633149999999944
 21
-33.9259069999999952
 31
0
  0
LINE
  5
5B2
330
22
100
AcDbEntity
  8
F.Mask
  6
CONTINUOUS
100
AcDbLine
 10
93.4633149999999944
 20
-33.9259069999999952
 30
0
 11
93.2966849999999965
 21
-33.9259069999999952
 31
0
  0
LINE
  5
5B3
330
22
100
AcDbEntity
  8
F.Mask
  6
CONTINUOUS
100
AcDbLine
 10
93.2966849999999965
 20
-33.9259069999999952
 30
0
 11
93.1332579999999979
 21
-33.8933989999999952
 31
0
  0
LINE
  5
5B4
330
22
100
AcDbEntity
  8
F.Mask
  6
CONTINUOUS
100
AcDbLine
 10
93.1332579999999979
 20
-33.8933989999999952
 30
0
 11
92.9793129999999906
 21
-33.8296330000000012
 31
0
  0
LINE
  5
5B5
330
22
100
AcDbEntity
  8
F.Mask
  6
CONTINUOUS
100
AcDbLine
 10
92.9793129999999906
 20
-33.8296330000000012
 30
0
 11
92.8407660000000021
 21
-33.737058999999995
 31
0
  0
LINE
  5
5B6
330
22
100
AcDbEntity
  8
F.Mask
  6
CONTINUOUS
100
AcDbLine
 10
92.8407660000000021
 20
-33.737058999999995
 30
0
 11
92.7229409999999916
 21
-33.6192339999999987
 31
0
  0
LINE
  5
5B7
330
22
100
AcDbEntity
  8
F.Mask
  6
CONTINUOUS
100
AcDbLine
 10
92.7229409999999916
 20
-33.6192339999999987
 30
0
 11
92.6303669999999926
 21
-33.4806869999999961
 31
0
  0
LINE
  5
5B8
330
22
100
AcDbEntity
  8
F.Mask
  6
CONTINUOUS
100
AcDbLine
 10
92.6303669999999926
 20
-33.4806869999999961
 30
0
 11
92.5666009999999915
 21
-33.3267419999999959
 31
0
  0
LINE
  5
5B9
330
22
100
AcDbEntity
  8
F.Mask
  6
CONTINUOUS
100
AcDbLine
 10
92.5666009999999915
 20
-33.3267419999999959
 30
0
 11
92.5340929999999986
 21
-33.1633149999999972
 31
0
  0
LINE
  5
5BA
330
22
100
AcDbEntity
  8
F.Mask
  6
CONTINUOUS
100
AcDbLine
 10
92.5340929999999986
 20
-33.1633149999999972
 30
0
 11
92.5340929999999986
 21
-32.9966849999999994
 31
0
  0
LINE
  5
5BB
330
22
100
AcDbEntity
  8
F.Mask
  6
CONTINUOUS
100
AcDbLine
 10
92.5340929999999986
 20
-32.9966849999999994
 30
0
 11
92.5666009999999915
 21
-32.8332580000000007
 31
0
  0
LINE
  5
5BC
330
22
100
AcDbEntity
  8
F.Mask
  6
CONTINUOUS
100
AcDbLine
 10
92.5666009999999915
 20
-32.8332580000000007
 30
0
 11
92.6303669999999926
 21
-32.6793130000000005
 31
0
  0
LINE
  5
5BD
330
22
100
AcDbEntity
  8
F.Mask
  6
CONTINUOUS
100
AcDbLine
 10
92.6303669999999926
 20
-32.6793130000000005
 30
0
 11
92.7229409999999916
 21
-32.5407659999999979
 31
0
  0
LINE
  5
5BE
330
22
100
AcDbEntity
  8
F.Mask
  6
CONTINUOUS
100
AcDbLine
 10
92.7229409999999916
 20
-32.5407659999999979
 30
0
 11
92.8407660000000021
 21
-32.4229410000000016
 31
0
  0
LINE
  5
5BF
330
22
100
AcDbEntity
  8
F.Mask
  6
CONTINUOUS
100
AcDbLine
 10
92.8407660000000021
 20
-32.4229410000000016
 30
0
 11
92.9793129999999906
 21
-32.3303669999999954
 31
0
  0
LINE
  5
5C0
330
22
100
AcDbEntity
  8
F.Mask
  6
CONTINUOUS
100
AcDbLine
 10
92.9793129999999906
 20
-32.3303669999999954
 30
0
 11
93.1332579999999979
 21
-32.2666010000000014
 31
0
  0
LINE
  5
5C1
330
22
100
AcDbEntity
  8
F.Mask
  6
CONTINUOUS
100
AcDbLine
 10
93.1332579999999979
 20
-32.2666010000000014
 30
0
 11
93.2966849999999965
 21
-32.2340930000000014
 31
0
  0
LINE
  5
5C2
330
22
100
AcDbEntity
  8
F.Mask
  6
CONTINUOUS
100
AcDbLine
 10
93.2966849999999965
 20
-32.2340930000000014
 30
0
 11
93.4633149999999944
 21
-32.2340930000000014
 31
0
  0
LINE
  5
5C3
330
22
100
AcDbEntity
  8
F.Mask
  6
CONTINUOUS
100
AcDbLine
 10
93.4633149999999944
 20
-32.2340930000000014
 30
0
 11
93.626741999999993
 21
-32.2666010000000014
 31
0
  0
LINE
  5
5C4
330
22
100
AcDbEntity
  8
F.Mask
  6
CONTINUOUS
100
AcDbLine
 10
103.7867419999999896
 20
-32.2666010000000014
 30
0
 11
103.9406869999999969
 21
-32.3303669999999954
 31
0
  0
LINE
  5
5C5
330
22
100
AcDbEntity
  8
F.Mask
  6
CONTINUOUS
100
AcDbLine
 10
103.9406869999999969
 20
-32.3303669999999954
 30
0
 11
104.0792339999999996
 21
-32.4229410000000016
 31
0
  0
LINE
  5
5C6
330
22
100
AcDbEntity
  8
F.Mask
  6
CONTINUOUS
100
AcDbLine
 10
104.0792339999999996
 20
-32.4229410000000016
 30
0
 11
104.1970589999999959
 21
-32.5407659999999979
 31
0
  0
LINE
  5
5C7
330
22
100
AcDbEntity
  8
F.Mask
  6
CONTINUOUS
100
AcDbLine
 10
104.1970589999999959
 20
-32.5407659999999979
 30
0
 11
104.2896329999999949
 21
-32.6793130000000005
 31
0
  0
LINE
  5
5C8
330
22
100
AcDbEntity
  8
F.Mask
  6
CONTINUOUS
100
AcDbLine
 10
104.2896329999999949
 20
-32.6793130000000005
 30
0
 11
104.353398999999996
 21
-32.8332580000000007
 31
0
  0
LINE
  5
5C9
330
22
100
AcDbEntity
  8
F.Mask
  6
CONTINUOUS
100
AcDbLine
 10
104.353398999999996
 20
-32.8332580000000007
 30
0
 11
104.3859069999999889
 21
-32.9966849999999994
 31
0
  0
LINE
  5
5CA
330
22
100
AcDbEntity
  8
F.Mask
  6
CONTINUOUS
100
AcDbLine
 10
104.3859069999999889
 20
-32.9966849999999994
 30
0
 11
104.3859069999999889
 21
-33.1633149999999972
 31
0
  0
LINE
  5
5CB
330
22
100
AcDbEntity
  8
F.Mask
  6
CONTINUOUS
100
AcDbLine
 10
104.3859069999999889
 20
-33.1633149999999972
 30
0
 11
104.353398999999996
 21
-33.3267419999999959
 31
0
  0
LINE
  5
5CC
330
22
100
AcDbEntity
  8
F.Mask
  6
CONTINUOUS
100
AcDbLine
 10
104.353398999999996
 20
-33.3267419999999959
 30
0
 11
104.2896329999999949
 21
-33.4806869999999961
 31
0
  0
LINE
  5
5CD
330
22
100
AcDbEntity
  8
F.Mask
  6
CONTINUOUS
100
AcDbLine
 10
104.2896329999999949
 20
-33.4806869999999961
 30
0
 11
104.1970589999999959
 21
-33.6192339999999987
 31
0
  0
LINE
  5
5CE
330
22
100
AcDbEntity
  8
F.Mask
  6
CONTINUOUS
100
AcDbLine
 10
104.1970589999999959
 20
-33.6192339999999987
 30
0
 11
104.0792339999999996
 21
-33.737058999999995
 31
0
  0
LINE
  5
5CF
330
22
100
AcDbEntity
  8
F.Mask
  6
CONTINUOUS
100
AcDbLine
 10
104.0792339999999996
 20
-33.737058999999995
 30
0
 11
103.9406869999999969
 21
-33.8296330000000012
 31
0
  0
LINE
  5
5D0
330
22
100
AcDbEntity
  8
F.Mask
  6
CONTINUOUS
100
AcDbLine
 10
103.9406869999999969
 20
-33.8296330000000012
 30
0
 11
103.7867419999999896
 21
-33.8933989999999952
 31
0
  0
LINE
  5
5D1
330
22
100
AcDbEntity
  8
F.Mask
  6
CONTINUOUS
100
AcDbLine
 10
103.7867419999999896
 20
-33.8933989999999952
 30
0
 11
103.623314999999991
 21
-33.9259069999999952
 31
0
  0
LINE
  5
5D2
330
22
100
AcDbEntity
  8
F.Mask
  6
CONTINUOUS
100
AcDbLine
 10
103.623314999999991
 20
-33.9259069999999952
 30
0
 11
103.4566849999999931
 21
-33.9259069999999952
 31
0
  0
LINE
  5
5D3
330
22
100
AcDbEntity
  8
F.Mask
  6
CONTINUOUS
100
AcDbLine
 10
103.4566849999999931
 20
-33.9259069999999952
 30
0
 11
103.2932579999999945
 21
-33.8933989999999952
 31
0
  0
LINE
  5
5D4
330
22
100
AcDbEntity
  8
F.Mask
  6
CONTINUOUS
100
AcDbLine
 10
103.2932579999999945
 20
-33.8933989999999952
 30
0
 11
103.1393130000000014
 21
-33.8296330000000012
 31
0
  0
LINE
  5
5D5
330
22
100
AcDbEntity
  8
F.Mask
  6
CONTINUOUS
100
AcDbLine
 10
103.1393130000000014
 20
-33.8296330000000012
 30
0
 11
103.0007659999999987
 21
-33.737058999999995
 31
0
  0
LINE
  5
5D6
330
22
100
AcDbEntity
  8
F.Mask
  6
CONTINUOUS
100
AcDbLine
 10
103.0007659999999987
 20
-33.737058999999995
 30
0
 11
102.8829410000000024
 21
-33.6192339999999987
 31
0
  0
LINE
  5
5D7
330
22
100
AcDbEntity
  8
F.Mask
  6
CONTINUOUS
100
AcDbLine
 10
102.8829410000000024
 20
-33.6192339999999987
 30
0
 11
102.7903669999999892
 21
-33.4806869999999961
 31
0
  0
LINE
  5
5D8
330
22
100
AcDbEntity
  8
F.Mask
  6
CONTINUOUS
100
AcDbLine
 10
102.7903669999999892
 20
-33.4806869999999961
 30
0
 11
102.7266010000000023
 21
-33.3267419999999959
 31
0
  0
LINE
  5
5D9
330
22
100
AcDbEntity
  8
F.Mask
  6
CONTINUOUS
100
AcDbLine
 10
102.7266010000000023
 20
-33.3267419999999959
 30
0
 11
102.6940929999999952
 21
-33.1633149999999972
 31
0
  0
LINE
  5
5DA
330
22
100
AcDbEntity
  8
F.Mask
  6
CONTINUOUS
100
AcDbLine
 10
102.6940929999999952
 20
-33.1633149999999972
 30
0
 11
102.6940929999999952
 21
-32.9966849999999994
 31
0
  0
LINE
  5
5DB
330
22
100
AcDbEntity
  8
F.Mask
  6
CONTINUOUS
100
AcDbLine
 10
102.6940929999999952
 20
-32.9966849999999994
 30
0
 11
102.7266010000000023
 21
-32.8332580000000007
 31
0
  0
LINE
  5
5DC
330
22
100
AcDbEntity
  8
F.Mask
  6
CONTINUOUS
100
AcDbLine
 10
102.7266010000000023
 20
-32.8332580000000007
 30
0
 11
102.7903669999999892
 21
-32.6793130000000005
 31
0
  0
LINE
  5
5DD
330
22
100
AcDbEntity
  8
F.Mask
  6
CONTINUOUS
100
AcDbLine
 10
102.7903669999999892
 20
-32.6793130000000005
 30
0
 11
102.8829410000000024
 21
-32.5407659999999979
 31
0
  0
LINE
  5
5DE
330
22
100
AcDbEntity
  8
F.Mask
  6
CONTINUOUS
100
AcDbLine
 10
102.8829410000000024
 20
-32.5407659999999979
 30
0
 11
103.0007659999999987
 21
-32.4229410000000016
 31
0
  0
LINE
  5
5DF
330
22
100
AcDbEntity
  8
F.Mask
  6
CONTINUOUS
100
AcDbLine
 10
103.0007659999999987
 20
-32.4229410000000016
 30
0
 11
103.1393130000000014
 21
-32.3303669999999954
 31
0
  0
LINE
  5
5E0
330
22
100
AcDbEntity
  8
F.Mask
  6
CONTINUOUS
100
AcDbLine
 10
103.1393130000000014
 20
-32.3303669999999954
 30
0
 11
103.2932579999999945
 21
-32.2666010000000014
 31
0
  0
LINE
  5
5E1
330
22
100
AcDbEntity
  8
F.Mask
  6
CONTINUOUS
100
AcDbLine
 10
103.2932579999999945
 20
-32.2666010000000014
 30
0
 11
103.4566849999999931
 21
-32.2340930000000014
 31
0
  0
LINE
  5
5E2
330
22
100
AcDbEntity
  8
F.Mask
  6
CONTINUOUS
100
AcDbLine
 10
103.4566849999999931
 20
-32.2340930000000014
 30
0
 11
103.623314999999991
 21
-32.2340930000000014
 31
0
  0
LINE
  5
5E3
330
22
100
AcDbEntity
  8
F.Mask
  6
CONTINUOUS
100
AcDbLine
 10
103.623314999999991
 20
-32.2340930000000014
 30
0
 11
103.7867419999999896
 21
-32.2666010000000014
 31
0
  0
LINE
  5
5E4
330
22
100
AcDbEntity
  8
F.Mask
  6
CONTINUOUS
100
AcDbLine
 10
141.7467419999999834
 20
-31.7266009999999987
 30
0
 11
141.9006870000000049
 21
-31.7903669999999998
 31
0
  0
LINE
  5
5E5
330
22
100
AcDbEntity
  8
F.Mask
  6
CONTINUOUS
100
AcDbLine
 10
141.9006870000000049
 20
-31.7903669999999998
 30
0
 11
142.0392339999999933
 21
-31.8829409999999989
 31
0
  0
LINE
  5
5E6
330
22
100
AcDbEntity
  8
F.Mask
  6
CONTINUOUS
100
AcDbLine
 10
142.0392339999999933
 20
-31.8829409999999989
 30
0
 11
142.1570590000000038
 21
-32.0007659999999987
 31
0
  0
LINE
  5
5E7
330
22
100
AcDbEntity
  8
F.Mask
  6
CONTINUOUS
100
AcDbLine
 10
142.1570590000000038
 20
-32.0007659999999987
 30
0
 11
142.2496329999999887
 21
-32.1393130000000014
 31
0
  0
LINE
  5
5E8
330
22
100
AcDbEntity
  8
F.Mask
  6
CONTINUOUS
100
AcDbLine
 10
142.2496329999999887
 20
-32.1393130000000014
 30
0
 11
142.313399000000004
 21
-32.2932580000000016
 31
0
  0
LINE
  5
5E9
330
22
100
AcDbEntity
  8
F.Mask
  6
CONTINUOUS
100
AcDbLine
 10
142.313399000000004
 20
-32.2932580000000016
 30
0
 11
142.3459069999999826
 21
-32.4566850000000002
 31
0
  0
LINE
  5
5EA
330
22
100
AcDbEntity
  8
F.Mask
  6
CONTINUOUS
100
AcDbLine
 10
142.3459069999999826
 20
-32.4566850000000002
 30
0
 11
142.3459069999999826
 21
-32.6233149999999981
 31
0
  0
LINE
  5
5EB
330
22
100
AcDbEntity
  8
F.Mask
  6
CONTINUOUS
100
AcDbLine
 10
142.3459069999999826
 20
-32.6233149999999981
 30
0
 11
142.313399000000004
 21
-32.7867419999999967
 31
0
  0
LINE
  5
5EC
330
22
100
AcDbEntity
  8
F.Mask
  6
CONTINUOUS
100
AcDbLine
 10
142.313399000000004
 20
-32.7867419999999967
 30
0
 11
142.2496329999999887
 21
-32.9406869999999969
 31
0
  0
LINE
  5
5ED
330
22
100
AcDbEntity
  8
F.Mask
  6
CONTINUOUS
100
AcDbLine
 10
142.2496329999999887
 20
-32.9406869999999969
 30
0
 11
142.1570590000000038
 21
-33.0792339999999996
 31
0
  0
LINE
  5
5EE
330
22
100
AcDbEntity
  8
F.Mask
  6
CONTINUOUS
100
AcDbLine
 10
142.1570590000000038
 20
-33.0792339999999996
 30
0
 11
142.0392339999999933
 21
-33.1970589999999959
 31
0
  0
LINE
  5
5EF
330
22
100
AcDbEntity
  8
F.Mask
  6
CONTINUOUS
100
AcDbLine
 10
142.0392339999999933
 20
-33.1970589999999959
 30
0
 11
141.9006870000000049
 21
-33.289633000000002
 31
0
  0
LINE
  5
5F0
330
22
100
AcDbEntity
  8
F.Mask
  6
CONTINUOUS
100
AcDbLine
 10
141.9006870000000049
 20
-33.289633000000002
 30
0
 11
141.7467419999999834
 21
-33.353398999999996
 31
0
  0
LINE
  5
5F1
330
22
100
AcDbEntity
  8
F.Mask
  6
CONTINUOUS
100
AcDbLine
 10
141.7467419999999834
 20
-33.353398999999996
 30
0
 11
141.5833149999999989
 21
-33.385906999999996
 31
0
  0
LINE
  5
5F2
330
22
100
AcDbEntity
  8
F.Mask
  6
CONTINUOUS
100
AcDbLine
 10
141.5833149999999989
 20
-33.385906999999996
 30
0
 11
141.4166850000000011
 21
-33.385906999999996
 31
0
  0
LINE
  5
5F3
330
22
100
AcDbEntity
  8
F.Mask
  6
CONTINUOUS
100
AcDbLine
 10
141.4166850000000011
 20
-33.385906999999996
 30
0
 11
141.2532579999999882
 21
-33.353398999999996
 31
0
  0
LINE
  5
5F4
330
22
100
AcDbEntity
  8
F.Mask
  6
CONTINUOUS
100
AcDbLine
 10
141.2532579999999882
 20
-33.353398999999996
 30
0
 11
141.0993129999999951
 21
-33.289633000000002
 31
0
  0
LINE
  5
5F5
330
22
100
AcDbEntity
  8
F.Mask
  6
CONTINUOUS
100
AcDbLine
 10
141.0993129999999951
 20
-33.289633000000002
 30
0
 11
140.9607660000000067
 21
-33.1970589999999959
 31
0
  0
LINE
  5
5F6
330
22
100
AcDbEntity
  8
F.Mask
  6
CONTINUOUS
100
AcDbLine
 10
140.9607660000000067
 20
-33.1970589999999959
 30
0
 11
140.8429409999999962
 21
-33.0792339999999996
 31
0
  0
LINE
  5
5F7
330
22
100
AcDbEntity
  8
F.Mask
  6
CONTINUOUS
100
AcDbLine
 10
140.8429409999999962
 20
-33.0792339999999996
 30
0
 11
140.7503669999999829
 21
-32.9406869999999969
 31
0
  0
LINE
  5
5F8
330
22
100
AcDbEntity
  8
F.Mask
  6
CONTINUOUS
100
AcDbLine
 10
140.7503669999999829
 20
-32.9406869999999969
 30
0
 11
140.686600999999996
 21
-32.7867419999999967
 31
0
  0
LINE
  5
5F9
330
22
100
AcDbEntity
  8
F.Mask
  6
CONTINUOUS
100
AcDbLine
 10
140.686600999999996
 20
-32.7867419999999967
 30
0
 11
140.6540929999999889
 21
-32.6233149999999981
 31
0
  0
LINE
  5
5FA
330
22
100
AcDbEntity
  8
F.Mask
  6
CONTINUOUS
100
AcDbLine
 10
140.6540929999999889
 20
-32.6233149999999981
 30
0
 11
140.6540929999999889
 21
-32.4566850000000002
 31
0
  0
LINE
  5
5FB
330
22
100
AcDbEntity
  8
F.Mask
  6
CONTINUOUS
100
AcDbLine
 10
140.6540929999999889
 20
-32.4566850000000002
 30
0
 11
140.686600999999996
 21
-32.2932580000000016
 31
0
  0
LINE
  5
5FC
330
22
100
AcDbEntity
  8
F.Mask
  6
CONTINUOUS
100
AcDbLine
 10
140.686600999999996
 20
-32.2932580000000016
 30
0
 11
140.7503669999999829
 21
-32.1393130000000014
 31
0
  0
LINE
  5
5FD
330
22
100
AcDbEntity
  8
F.Mask
  6
CONTINUOUS
100
AcDbLine
 10
140.7503669999999829
 20
-32.1393130000000014
 30
0
 11
140.8429409999999962
 21
-32.0007659999999987
 31
0
  0
LINE
  5
5FE
330
22
100
AcDbEntity
  8
F.Mask
  6
CONTINUOUS
100
AcDbLine
 10
140.8429409999999962
 20
-32.0007659999999987
 30
0
 11
140.9607660000000067
 21
-31.8829409999999989
 31
0
  0
LINE
  5
5FF
330
22
100
AcDbEntity
  8
F.Mask
  6
CONTINUOUS
100
AcDbLine
 10
140.9607660000000067
 20
-31.8829409999999989
 30
0
 11
141.0993129999999951
 21
-31.7903669999999998
 31
0
  0
LINE
  5
600
330
22
100
AcDbEntity
  8
F.Mask
  6
CONTINUOUS
100
AcDbLine
 10
141.0993129999999951
 20
-31.7903669999999998
 30
0
 11
141.2532579999999882
 21
-31.7266009999999987
 31
0
  0
LINE
  5
601
330
22
100
AcDbEntity
  8
F.Mask
  6
CONTINUOUS
100
AcDbLine
 10
141.2532579999999882
 20
-31.7266009999999987
 30
0
 11
141.4166850000000011
 21
-31.6940929999999987
 31
0
  0
LINE
  5
602
330
22
100
AcDbEntity
  8
F.Mask
  6
CONTINUOUS
100
AcDbLine
 10
141.4166850000000011
 20
-31.6940929999999987
 30
0
 11
141.5833149999999989
 21
-31.6940929999999987
 31
0
  0
LINE
  5
603
330
22
100
AcDbEntity
  8
F.Mask
  6
CONTINUOUS
100
AcDbLine
 10
141.5833149999999989
 20
-31.6940929999999987
 30
0
 11
141.7467419999999834
 21
-31.7266009999999987
 31
0
  0
LINE
  5
604
330
22
100
AcDbEntity
  8
F.Mask
  6
CONTINUOUS
100
AcDbLine
 10
94.9067900000000009
 20
-29.4703929999999978
 30
0
 11
95.0709519999999912
 21
-29.523733
 31
0
  0
LINE
  5
605
330
22
100
AcDbEntity
  8
F.Mask
  6
CONTINUOUS
100
AcDbLine
 10
95.0709519999999912
 20
-29.523733
 30
0
 11
95.2247479999999911
 21
-29.6020959999999995
 31
0
  0
LINE
  5
606
330
22
100
AcDbEntity
  8
F.Mask
  6
CONTINUOUS
100
AcDbLine
 10
95.2247479999999911
 20
-29.6020959999999995
 30
0
 11
95.3643929999999926
 21
-29.7035529999999994
 31
0
  0
LINE
  5
607
330
22
100
AcDbEntity
  8
F.Mask
  6
CONTINUOUS
100
AcDbLine
 10
95.3643929999999926
 20
-29.7035529999999994
 30
0
 11
95.4864469999999983
 21
-29.825606999999998
 31
0
  0
LINE
  5
608
330
22
100
AcDbEntity
  8
F.Mask
  6
CONTINUOUS
100
AcDbLine
 10
95.4864469999999983
 20
-29.825606999999998
 30
0
 11
95.5879039999999947
 21
-29.9652519999999996
 31
0
  0
LINE
  5
609
330
22
100
AcDbEntity
  8
F.Mask
  6
CONTINUOUS
100
AcDbLine
 10
95.5879039999999947
 20
-29.9652519999999996
 30
0
 11
95.6662669999999906
 21
-30.1190479999999994
 31
0
  0
LINE
  5
60A
330
22
100
AcDbEntity
  8
F.Mask
  6
CONTINUOUS
100
AcDbLine
 10
95.6662669999999906
 20
-30.1190479999999994
 30
0
 11
95.7196069999999963
 21
-30.2832100000000004
 31
0
  0
LINE
  5
60B
330
22
100
AcDbEntity
  8
F.Mask
  6
CONTINUOUS
100
AcDbLine
 10
95.7196069999999963
 20
-30.2832100000000004
 30
0
 11
95.7466089999999923
 21
-30.4536949999999997
 31
0
  0
LINE
  5
60C
330
22
100
AcDbEntity
  8
F.Mask
  6
CONTINUOUS
100
AcDbLine
 10
95.7466089999999923
 20
-30.4536949999999997
 30
0
 11
95.7466089999999923
 21
-30.6263049999999986
 31
0
  0
LINE
  5
60D
330
22
100
AcDbEntity
  8
F.Mask
  6
CONTINUOUS
100
AcDbLine
 10
95.7466089999999923
 20
-30.6263049999999986
 30
0
 11
95.7196069999999963
 21
-30.7967899999999979
 31
0
  0
LINE
  5
60E
330
22
100
AcDbEntity
  8
F.Mask
  6
CONTINUOUS
100
AcDbLine
 10
95.7196069999999963
 20
-30.7967899999999979
 30
0
 11
95.6662669999999906
 21
-30.9609519999999989
 31
0
  0
LINE
  5
60F
330
22
100
AcDbEntity
  8
F.Mask
  6
CONTINUOUS
100
AcDbLine
 10
95.6662669999999906
 20
-30.9609519999999989
 30
0
 11
95.5879039999999947
 21
-31.1147479999999987
 31
0
  0
LINE
  5
610
330
22
100
AcDbEntity
  8
F.Mask
  6
CONTINUOUS
100
AcDbLine
 10
95.5879039999999947
 20
-31.1147479999999987
 30
0
 11
95.4864469999999983
 21
-31.2543930000000003
 31
0
  0
LINE
  5
611
330
22
100
AcDbEntity
  8
F.Mask
  6
CONTINUOUS
100
AcDbLine
 10
95.4864469999999983
 20
-31.2543930000000003
 30
0
 11
95.3643929999999926
 21
-31.3764469999999989
 31
0
  0
LINE
  5
612
330
22
100
AcDbEntity
  8
F.Mask
  6
CONTINUOUS
100
AcDbLine
 10
95.3643929999999926
 20
-31.3764469999999989
 30
0
 11
95.2247479999999911
 21
-31.4779039999999988
 31
0
  0
LINE
  5
613
330
22
100
AcDbEntity
  8
F.Mask
  6
CONTINUOUS
100
AcDbLine
 10
95.2247479999999911
 20
-31.4779039999999988
 30
0
 11
95.0709519999999912
 21
-31.5562669999999983
 31
0
  0
LINE
  5
614
330
22
100
AcDbEntity
  8
F.Mask
  6
CONTINUOUS
100
AcDbLine
 10
95.0709519999999912
 20
-31.5562669999999983
 30
0
 11
94.9067900000000009
 21
-31.6096069999999969
 31
0
  0
LINE
  5
615
330
22
100
AcDbEntity
  8
F.Mask
  6
CONTINUOUS
100
AcDbLine
 10
94.9067900000000009
 20
-31.6096069999999969
 30
0
 11
94.7363050000000015
 21
-31.636609
 31
0
  0
LINE
  5
616
330
22
100
AcDbEntity
  8
F.Mask
  6
CONTINUOUS
100
AcDbLine
 10
94.7363050000000015
 20
-31.636609
 30
0
 11
94.5636949999999956
 21
-31.636609
 31
0
  0
LINE
  5
617
330
22
100
AcDbEntity
  8
F.Mask
  6
CONTINUOUS
100
AcDbLine
 10
94.5636949999999956
 20
-31.636609
 30
0
 11
94.3932099999999963
 21
-31.6096069999999969
 31
0
  0
LINE
  5
618
330
22
100
AcDbEntity
  8
F.Mask
  6
CONTINUOUS
100
AcDbLine
 10
94.3932099999999963
 20
-31.6096069999999969
 30
0
 11
94.2290479999999917
 21
-31.5562669999999983
 31
0
  0
LINE
  5
619
330
22
100
AcDbEntity
  8
F.Mask
  6
CONTINUOUS
100
AcDbLine
 10
94.2290479999999917
 20
-31.5562669999999983
 30
0
 11
94.0752519999999919
 21
-31.4779039999999988
 31
0
  0
LINE
  5
61A
330
22
100
AcDbEntity
  8
F.Mask
  6
CONTINUOUS
100
AcDbLine
 10
94.0752519999999919
 20
-31.4779039999999988
 30
0
 11
93.9356069999999903
 21
-31.3764469999999989
 31
0
  0
LINE
  5
61B
330
22
100
AcDbEntity
  8
F.Mask
  6
CONTINUOUS
100
AcDbLine
 10
93.9356069999999903
 20
-31.3764469999999989
 30
0
 11
93.8135529999999989
 21
-31.2543930000000003
 31
0
  0
LINE
  5
61C
330
22
100
AcDbEntity
  8
F.Mask
  6
CONTINUOUS
100
AcDbLine
 10
93.8135529999999989
 20
-31.2543930000000003
 30
0
 11
93.7120960000000025
 21
-31.1147479999999987
 31
0
  0
LINE
  5
61D
330
22
100
AcDbEntity
  8
F.Mask
  6
CONTINUOUS
100
AcDbLine
 10
93.7120960000000025
 20
-31.1147479999999987
 30
0
 11
93.6337329999999923
 21
-30.9609519999999989
 31
0
  0
LINE
  5
61E
330
22
100
AcDbEntity
  8
F.Mask
  6
CONTINUOUS
100
AcDbLine
 10
93.6337329999999923
 20
-30.9609519999999989
 30
0
 11
93.5803930000000008
 21
-30.7967899999999979
 31
0
  0
LINE
  5
61F
330
22
100
AcDbEntity
  8
F.Mask
  6
CONTINUOUS
100
AcDbLine
 10
93.5803930000000008
 20
-30.7967899999999979
 30
0
 11
93.5533909999999906
 21
-30.6263049999999986
 31
0
  0
LINE
  5
620
330
22
100
AcDbEntity
  8
F.Mask
  6
CONTINUOUS
100
AcDbLine
 10
93.5533909999999906
 20
-30.6263049999999986
 30
0
 11
93.5533909999999906
 21
-30.4536949999999997
 31
0
  0
LINE
  5
621
330
22
100
AcDbEntity
  8
F.Mask
  6
CONTINUOUS
100
AcDbLine
 10
93.5533909999999906
 20
-30.4536949999999997
 30
0
 11
93.5803930000000008
 21
-30.2832100000000004
 31
0
  0
LINE
  5
622
330
22
100
AcDbEntity
  8
F.Mask
  6
CONTINUOUS
100
AcDbLine
 10
93.5803930000000008
 20
-30.2832100000000004
 30
0
 11
93.6337329999999923
 21
-30.1190479999999994
 31
0
  0
LINE
  5
623
330
22
100
AcDbEntity
  8
F.Mask
  6
CONTINUOUS
100
AcDbLine
 10
93.6337329999999923
 20
-30.1190479999999994
 30
0
 11
93.7120960000000025
 21
-29.9652519999999996
 31
0
  0
LINE
  5
624
330
22
100
AcDbEntity
  8
F.Mask
  6
CONTINUOUS
100
AcDbLine
 10
93.7120960000000025
 20
-29.9652519999999996
 30
0
 11
93.8135529999999989
 21
-29.825606999999998
 31
0
  0
LINE
  5
625
330
22
100
AcDbEntity
  8
F.Mask
  6
CONTINUOUS
100
AcDbLine
 10
93.8135529999999989
 20
-29.825606999999998
 30
0
 11
93.9356069999999903
 21
-29.7035529999999994
 31
0
  0
LINE
  5
626
330
22
100
AcDbEntity
  8
F.Mask
  6
CONTINUOUS
100
AcDbLine
 10
93.9356069999999903
 20
-29.7035529999999994
 30
0
 11
94.0752519999999919
 21
-29.6020959999999995
 31
0
  0
LINE
  5
627
330
22
100
AcDbEntity
  8
F.Mask
  6
CONTINUOUS
100
AcDbLine
 10
94.0752519999999919
 20
-29.6020959999999995
 30
0
 11
94.2290479999999917
 21
-29.523733
 31
0
  0
LINE
  5
628
330
22
100
AcDbEntity
  8
F.Mask
  6
CONTINUOUS
100
AcDbLine
 10
94.2290479999999917
 20
-29.523733
 30
0
 11
94.3932099999999963
 21
-29.4703929999999978
 31
0
  0
LINE
  5
629
330
22
100
AcDbEntity
  8
F.Mask
  6
CONTINUOUS
100
AcDbLine
 10
94.3932099999999963
 20
-29.4703929999999978
 30
0
 11
94.5636949999999956
 21
-29.4433909999999983
 31
0
  0
LINE
  5
62A
330
22
100
AcDbEntity
  8
F.Mask
  6
CONTINUOUS
100
AcDbLine
 10
94.5636949999999956
 20
-29.4433909999999983
 30
0
 11
94.7363050000000015
 21
-29.4433909999999983
 31
0
  0
LINE
  5
62B
330
22
100
AcDbEntity
  8
F.Mask
  6
CONTINUOUS
100
AcDbLine
 10
94.7363050000000015
 20
-29.4433909999999983
 30
0
 11
94.9067900000000009
 21
-29.4703929999999978
 31
0
  0
LINE
  5
62C
330
22
100
AcDbEntity
  8
F.Mask
  6
CONTINUOUS
100
AcDbLine
 10
142.3499999999999943
 20
-30.8499999999999979
 30
0
 11
140.6500000000000057
 21
-30.8499999999999979
 31
0
  0
LINE
  5
62D
330
22
100
AcDbEntity
  8
F.Mask
  6
CONTINUOUS
100
AcDbLine
 10
140.6500000000000057
 20
-30.8499999999999979
 30
0
 11
140.6500000000000057
 21
-29.1499999999999986
 31
0
  0
LINE
  5
62E
330
22
100
AcDbEntity
  8
F.Mask
  6
CONTINUOUS
100
AcDbLine
 10
140.6500000000000057
 20
-29.1499999999999986
 30
0
 11
142.3499999999999943
 21
-29.1499999999999986
 31
0
  0
LINE
  5
62F
330
22
100
AcDbEntity
  8
F.Mask
  6
CONTINUOUS
100
AcDbLine
 10
142.3499999999999943
 20
-29.1499999999999986
 30
0
 11
142.3499999999999943
 21
-30.8499999999999979
 31
0
  0
LINE
  5
630
330
22
100
AcDbEntity
  8
F.Mask
  6
CONTINUOUS
100
AcDbLine
 10
101.2567899999999952
 20
-26.9303929999999987
 30
0
 11
101.4209519999999998
 21
-26.9837329999999973
 31
0
  0
LINE
  5
631
330
22
100
AcDbEntity
  8
F.Mask
  6
CONTINUOUS
100
AcDbLine
 10
101.4209519999999998
 20
-26.9837329999999973
 30
0
 11
101.5747479999999996
 21
-27.0620960000000004
 31
0
  0
LINE
  5
632
330
22
100
AcDbEntity
  8
F.Mask
  6
CONTINUOUS
100
AcDbLine
 10
101.5747479999999996
 20
-27.0620960000000004
 30
0
 11
101.7143930000000012
 21
-27.1635530000000003
 31
0
  0
LINE
  5
633
330
22
100
AcDbEntity
  8
F.Mask
  6
CONTINUOUS
100
AcDbLine
 10
101.7143930000000012
 20
-27.1635530000000003
 30
0
 11
101.8364469999999926
 21
-27.2856069999999988
 31
0
  0
LINE
  5
634
330
22
100
AcDbEntity
  8
F.Mask
  6
CONTINUOUS
100
AcDbLine
 10
101.8364469999999926
 20
-27.2856069999999988
 30
0
 11
101.937903999999989
 21
-27.4252520000000004
 31
0
  0
LINE
  5
635
330
22
100
AcDbEntity
  8
F.Mask
  6
CONTINUOUS
100
AcDbLine
 10
101.937903999999989
 20
-27.4252520000000004
 30
0
 11
102.0162669999999991
 21
-27.5790480000000002
 31
0
  0
LINE
  5
636
330
22
100
AcDbEntity
  8
F.Mask
  6
CONTINUOUS
100
AcDbLine
 10
102.0162669999999991
 20
-27.5790480000000002
 30
0
 11
102.0696069999999906
 21
-27.7432099999999977
 31
0
  0
LINE
  5
637
330
22
100
AcDbEntity
  8
F.Mask
  6
CONTINUOUS
100
AcDbLine
 10
102.0696069999999906
 20
-27.7432099999999977
 30
0
 11
102.0966090000000008
 21
-27.913694999999997
 31
0
  0
LINE
  5
638
330
22
100
AcDbEntity
  8
F.Mask
  6
CONTINUOUS
100
AcDbLine
 10
102.0966090000000008
 20
-27.913694999999997
 30
0
 11
102.0966090000000008
 21
-28.0863049999999994
 31
0
  0
LINE
  5
639
330
22
100
AcDbEntity
  8
F.Mask
  6
CONTINUOUS
100
AcDbLine
 10
102.0966090000000008
 20
-28.0863049999999994
 30
0
 11
102.0696069999999906
 21
-28.2567899999999987
 31
0
  0
LINE
  5
63A
330
22
100
AcDbEntity
  8
F.Mask
  6
CONTINUOUS
100
AcDbLine
 10
102.0696069999999906
 20
-28.2567899999999987
 30
0
 11
102.0162669999999991
 21
-28.4209519999999998
 31
0
  0
LINE
  5
63B
330
22
100
AcDbEntity
  8
F.Mask
  6
CONTINUOUS
100
AcDbLine
 10
102.0162669999999991
 20
-28.4209519999999998
 30
0
 11
101.937903999999989
 21
-28.5747479999999996
 31
0
  0
LINE
  5
63C
330
22
100
AcDbEntity
  8
F.Mask
  6
CONTINUOUS
100
AcDbLine
 10
101.937903999999989
 20
-28.5747479999999996
 30
0
 11
101.8364469999999926
 21
-28.7143929999999976
 31
0
  0
LINE
  5
63D
330
22
100
AcDbEntity
  8
F.Mask
  6
CONTINUOUS
100
AcDbLine
 10
101.8364469999999926
 20
-28.7143929999999976
 30
0
 11
101.7143930000000012
 21
-28.8364469999999997
 31
0
  0
LINE
  5
63E
330
22
100
AcDbEntity
  8
F.Mask
  6
CONTINUOUS
100
AcDbLine
 10
101.7143930000000012
 20
-28.8364469999999997
 30
0
 11
101.5747479999999996
 21
-28.9379039999999996
 31
0
  0
LINE
  5
63F
330
22
100
AcDbEntity
  8
F.Mask
  6
CONTINUOUS
100
AcDbLine
 10
101.5747479999999996
 20
-28.9379039999999996
 30
0
 11
101.4209519999999998
 21
-29.0162669999999991
 31
0
  0
LINE
  5
640
330
22
100
AcDbEntity
  8
F.Mask
  6
CONTINUOUS
100
AcDbLine
 10
101.4209519999999998
 20
-29.0162669999999991
 30
0
 11
101.2567899999999952
 21
-29.0696069999999978
 31
0
  0
LINE
  5
641
330
22
100
AcDbEntity
  8
F.Mask
  6
CONTINUOUS
100
AcDbLine
 10
101.2567899999999952
 20
-29.0696069999999978
 30
0
 11
101.0863049999999959
 21
-29.0966089999999973
 31
0
  0
LINE
  5
642
330
22
100
AcDbEntity
  8
F.Mask
  6
CONTINUOUS
100
AcDbLine
 10
101.0863049999999959
 20
-29.0966089999999973
 30
0
 11
100.9136949999999899
 21
-29.0966089999999973
 31
0
  0
LINE
  5
643
330
22
100
AcDbEntity
  8
F.Mask
  6
CONTINUOUS
100
AcDbLine
 10
100.9136949999999899
 20
-29.0966089999999973
 30
0
 11
100.7432099999999906
 21
-29.0696069999999978
 31
0
  0
LINE
  5
644
330
22
100
AcDbEntity
  8
F.Mask
  6
CONTINUOUS
100
AcDbLine
 10
100.7432099999999906
 20
-29.0696069999999978
 30
0
 11
100.5790480000000002
 21
-29.0162669999999991
 31
0
  0
LINE
  5
645
330
22
100
AcDbEntity
  8
F.Mask
  6
CONTINUOUS
100
AcDbLine
 10
100.5790480000000002
 20
-29.0162669999999991
 30
0
 11
100.4252520000000004
 21
-28.9379039999999996
 31
0
  0
LINE
  5
646
330
22
100
AcDbEntity
  8
F.Mask
  6
CONTINUOUS
100
AcDbLine
 10
100.4252520000000004
 20
-28.9379039999999996
 30
0
 11
100.2856069999999988
 21
-28.8364469999999997
 31
0
  0
LINE
  5
647
330
22
100
AcDbEntity
  8
F.Mask
  6
CONTINUOUS
100
AcDbLine
 10
100.2856069999999988
 20
-28.8364469999999997
 30
0
 11
100.1635529999999932
 21
-28.7143929999999976
 31
0
  0
LINE
  5
648
330
22
100
AcDbEntity
  8
F.Mask
  6
CONTINUOUS
100
AcDbLine
 10
100.1635529999999932
 20
-28.7143929999999976
 30
0
 11
100.0620959999999968
 21
-28.5747479999999996
 31
0
  0
LINE
  5
649
330
22
100
AcDbEntity
  8
F.Mask
  6
CONTINUOUS
100
AcDbLine
 10
100.0620959999999968
 20
-28.5747479999999996
 30
0
 11
99.9837330000000009
 21
-28.4209519999999998
 31
0
  0
LINE
  5
64A
330
22
100
AcDbEntity
  8
F.Mask
  6
CONTINUOUS
100
AcDbLine
 10
99.9837330000000009
 20
-28.4209519999999998
 30
0
 11
99.9303929999999951
 21
-28.2567899999999987
 31
0
  0
LINE
  5
64B
330
22
100
AcDbEntity
  8
F.Mask
  6
CONTINUOUS
100
AcDbLine
 10
99.9303929999999951
 20
-28.2567899999999987
 30
0
 11
99.9033909999999992
 21
-28.0863049999999994
 31
0
  0
LINE
  5
64C
330
22
100
AcDbEntity
  8
F.Mask
  6
CONTINUOUS
100
AcDbLine
 10
99.9033909999999992
 20
-28.0863049999999994
 30
0
 11
99.9033909999999992
 21
-27.913694999999997
 31
0
  0
LINE
  5
64D
330
22
100
AcDbEntity
  8
F.Mask
  6
CONTINUOUS
100
AcDbLine
 10
99.9033909999999992
 20
-27.913694999999997
 30
0
 11
99.9303929999999951
 21
-27.7432099999999977
 31
0
  0
LINE
  5
64E
330
22
100
AcDbEntity
  8
F.Mask
  6
CONTINUOUS
100
AcDbLine
 10
99.9303929999999951
 20
-27.7432099999999977
 30
0
 11
99.9837330000000009
 21
-27.5790480000000002
 31
0
  0
LINE
  5
64F
330
22
100
AcDbEntity
  8
F.Mask
  6
CONTINUOUS
100
AcDbLine
 10
99.9837330000000009
 20
-27.5790480000000002
 30
0
 11
100.0620959999999968
 21
-27.4252520000000004
 31
0
  0
LINE
  5
650
330
22
100
AcDbEntity
  8
F.Mask
  6
CONTINUOUS
100
AcDbLine
 10
100.0620959999999968
 20
-27.4252520000000004
 30
0
 11
100.1635529999999932
 21
-27.2856069999999988
 31
0
  0
LINE
  5
651
330
22
100
AcDbEntity
  8
F.Mask
  6
CONTINUOUS
100
AcDbLine
 10
100.1635529999999932
 20
-27.2856069999999988
 30
0
 11
100.2856069999999988
 21
-27.1635530000000003
 31
0
  0
LINE
  5
652
330
22
100
AcDbEntity
  8
F.Mask
  6
CONTINUOUS
100
AcDbLine
 10
100.2856069999999988
 20
-27.1635530000000003
 30
0
 11
100.4252520000000004
 21
-27.0620960000000004
 31
0
  0
LINE
  5
653
330
22
100
AcDbEntity
  8
F.Mask
  6
CONTINUOUS
100
AcDbLine
 10
100.4252520000000004
 20
-27.0620960000000004
 30
0
 11
100.5790480000000002
 21
-26.9837329999999973
 31
0
  0
LINE
  5
654
330
22
100
AcDbEntity
  8
F.Mask
  6
CONTINUOUS
100
AcDbLine
 10
100.5790480000000002
 20
-26.9837329999999973
 30
0
 11
100.7432099999999906
 21
-26.9303929999999987
 31
0
  0
LINE
  5
655
330
22
100
AcDbEntity
  8
F.Mask
  6
CONTINUOUS
100
AcDbLine
 10
100.7432099999999906
 20
-26.9303929999999987
 30
0
 11
100.9136949999999899
 21
-26.9033909999999992
 31
0
  0
LINE
  5
656
330
22
100
AcDbEntity
  8
F.Mask
  6
CONTINUOUS
100
AcDbLine
 10
100.9136949999999899
 20
-26.9033909999999992
 30
0
 11
101.0863049999999959
 21
-26.9033909999999992
 31
0
  0
LINE
  5
657
330
22
100
AcDbEntity
  8
F.Mask
  6
CONTINUOUS
100
AcDbLine
 10
101.0863049999999959
 20
-26.9033909999999992
 30
0
 11
101.2567899999999952
 21
-26.9303929999999987
 31
0
  0
LINE
  5
658
330
22
100
AcDbEntity
  8
F.Mask
  6
CONTINUOUS
100
AcDbLine
 10
112.3511510000000015
 20
-23.0993010000000005
 30
0
 11
112.552622999999997
 21
-23.1647630000000007
 31
0
  0
LINE
  5
659
330
22
100
AcDbEntity
  8
F.Mask
  6
CONTINUOUS
100
AcDbLine
 10
112.552622999999997
 20
-23.1647630000000007
 30
0
 11
112.7413729999999958
 21
-23.2609359999999974
 31
0
  0
LINE
  5
65A
330
22
100
AcDbEntity
  8
F.Mask
  6
CONTINUOUS
100
AcDbLine
 10
112.7413729999999958
 20
-23.2609359999999974
 30
0
 11
112.91275499999999
 21
-23.3854519999999972
 31
0
  0
LINE
  5
65B
330
22
100
AcDbEntity
  8
F.Mask
  6
CONTINUOUS
100
AcDbLine
 10
112.91275499999999
 20
-23.3854519999999972
 30
0
 11
113.0625479999999925
 21
-23.5352449999999997
 31
0
  0
LINE
  5
65C
330
22
100
AcDbEntity
  8
F.Mask
  6
CONTINUOUS
100
AcDbLine
 10
113.0625479999999925
 20
-23.5352449999999997
 30
0
 11
113.1870639999999923
 21
-23.7066269999999975
 31
0
  0
LINE
  5
65D
330
22
100
AcDbEntity
  8
F.Mask
  6
CONTINUOUS
100
AcDbLine
 10
113.1870639999999923
 20
-23.7066269999999975
 30
0
 11
113.2832369999999997
 21
-23.8953769999999999
 31
0
  0
LINE
  5
65E
330
22
100
AcDbEntity
  8
F.Mask
  6
CONTINUOUS
100
AcDbLine
 10
113.2832369999999997
 20
-23.8953769999999999
 30
0
 11
113.3486989999999963
 21
-24.0968489999999989
 31
0
  0
LINE
  5
65F
330
22
100
AcDbEntity
  8
F.Mask
  6
CONTINUOUS
100
AcDbLine
 10
113.3486989999999963
 20
-24.0968489999999989
 30
0
 11
113.3818380000000019
 21
-24.3060799999999979
 31
0
  0
LINE
  5
660
330
22
100
AcDbEntity
  8
F.Mask
  6
CONTINUOUS
100
AcDbLine
 10
113.3818380000000019
 20
-24.3060799999999979
 30
0
 11
113.3818380000000019
 21
-24.5179200000000002
 31
0
  0
LINE
  5
661
330
22
100
AcDbEntity
  8
F.Mask
  6
CONTINUOUS
100
AcDbLine
 10
113.3818380000000019
 20
-24.5179200000000002
 30
0
 11
113.3486989999999963
 21
-24.7271509999999992
 31
0
  0
LINE
  5
662
330
22
100
AcDbEntity
  8
F.Mask
  6
CONTINUOUS
100
AcDbLine
 10
113.3486989999999963
 20
-24.7271509999999992
 30
0
 11
113.2832369999999997
 21
-24.9286229999999982
 31
0
  0
LINE
  5
663
330
22
100
AcDbEntity
  8
F.Mask
  6
CONTINUOUS
100
AcDbLine
 10
113.2832369999999997
 20
-24.9286229999999982
 30
0
 11
113.1870639999999923
 21
-25.1173730000000006
 31
0
  0
LINE
  5
664
330
22
100
AcDbEntity
  8
F.Mask
  6
CONTINUOUS
100
AcDbLine
 10
113.1870639999999923
 20
-25.1173730000000006
 30
0
 11
113.0625479999999925
 21
-25.2887549999999983
 31
0
  0
LINE
  5
665
330
22
100
AcDbEntity
  8
F.Mask
  6
CONTINUOUS
100
AcDbLine
 10
113.0625479999999925
 20
-25.2887549999999983
 30
0
 11
112.91275499999999
 21
-25.4385479999999973
 31
0
  0
LINE
  5
666
330
22
100
AcDbEntity
  8
F.Mask
  6
CONTINUOUS
100
AcDbLine
 10
112.91275499999999
 20
-25.4385479999999973
 30
0
 11
112.7413729999999958
 21
-25.5630639999999971
 31
0
  0
LINE
  5
667
330
22
100
AcDbEntity
  8
F.Mask
  6
CONTINUOUS
100
AcDbLine
 10
112.7413729999999958
 20
-25.5630639999999971
 30
0
 11
112.552622999999997
 21
-25.6592369999999974
 31
0
  0
LINE
  5
668
330
22
100
AcDbEntity
  8
F.Mask
  6
CONTINUOUS
100
AcDbLine
 10
112.552622999999997
 20
-25.6592369999999974
 30
0
 11
112.3511510000000015
 21
-25.7246989999999975
 31
0
  0
LINE
  5
669
330
22
100
AcDbEntity
  8
F.Mask
  6
CONTINUOUS
100
AcDbLine
 10
112.3511510000000015
 20
-25.7246989999999975
 30
0
 11
112.1419199999999989
 21
-25.7578379999999996
 31
0
  0
LINE
  5
66A
330
22
100
AcDbEntity
  8
F.Mask
  6
CONTINUOUS
100
AcDbLine
 10
112.1419199999999989
 20
-25.7578379999999996
 30
0
 11
111.9300799999999896
 21
-25.7578379999999996
 31
0
  0
LINE
  5
66B
330
22
100
AcDbEntity
  8
F.Mask
  6
CONTINUOUS
100
AcDbLine
 10
111.9300799999999896
 20
-25.7578379999999996
 30
0
 11
111.7208490000000012
 21
-25.7246989999999975
 31
0
  0
LINE
  5
66C
330
22
100
AcDbEntity
  8
F.Mask
  6
CONTINUOUS
100
AcDbLine
 10
111.7208490000000012
 20
-25.7246989999999975
 30
0
 11
111.5193769999999915
 21
-25.6592369999999974
 31
0
  0
LINE
  5
66D
330
22
100
AcDbEntity
  8
F.Mask
  6
CONTINUOUS
100
AcDbLine
 10
111.5193769999999915
 20
-25.6592369999999974
 30
0
 11
111.3306269999999927
 21
-25.5630639999999971
 31
0
  0
LINE
  5
66E
330
22
100
AcDbEntity
  8
F.Mask
  6
CONTINUOUS
100
AcDbLine
 10
111.3306269999999927
 20
-25.5630639999999971
 30
0
 11
111.1592449999999985
 21
-25.4385479999999973
 31
0
  0
LINE
  5
66F
330
22
100
AcDbEntity
  8
F.Mask
  6
CONTINUOUS
100
AcDbLine
 10
111.1592449999999985
 20
-25.4385479999999973
 30
0
 11
111.009451999999996
 21
-25.2887549999999983
 31
0
  0
LINE
  5
670
330
22
100
AcDbEntity
  8
F.Mask
  6
CONTINUOUS
100
AcDbLine
 10
111.009451999999996
 20
-25.2887549999999983
 30
0
 11
110.8849359999999962
 21
-25.1173730000000006
 31
0
  0
LINE
  5
671
330
22
100
AcDbEntity
  8
F.Mask
  6
CONTINUOUS
100
AcDbLine
 10
110.8849359999999962
 20
-25.1173730000000006
 30
0
 11
110.7887629999999888
 21
-24.9286229999999982
 31
0
  0
LINE
  5
672
330
22
100
AcDbEntity
  8
F.Mask
  6
CONTINUOUS
100
AcDbLine
 10
110.7887629999999888
 20
-24.9286229999999982
 30
0
 11
110.7233009999999922
 21
-24.7271509999999992
 31
0
  0
LINE
  5
673
330
22
100
AcDbEntity
  8
F.Mask
  6
CONTINUOUS
100
AcDbLine
 10
110.7233009999999922
 20
-24.7271509999999992
 30
0
 11
110.6901620000000008
 21
-24.5179200000000002
 31
0
  0
LINE
  5
674
330
22
100
AcDbEntity
  8
F.Mask
  6
CONTINUOUS
100
AcDbLine
 10
110.6901620000000008
 20
-24.5179200000000002
 30
0
 11
110.6901620000000008
 21
-24.3060799999999979
 31
0
  0
LINE
  5
675
330
22
100
AcDbEntity
  8
F.Mask
  6
CONTINUOUS
100
AcDbLine
 10
110.6901620000000008
 20
-24.3060799999999979
 30
0
 11
110.7233009999999922
 21
-24.0968489999999989
 31
0
  0
LINE
  5
676
330
22
100
AcDbEntity
  8
F.Mask
  6
CONTINUOUS
100
AcDbLine
 10
110.7233009999999922
 20
-24.0968489999999989
 30
0
 11
110.7887629999999888
 21
-23.8953769999999999
 31
0
  0
LINE
  5
677
330
22
100
AcDbEntity
  8
F.Mask
  6
CONTINUOUS
100
AcDbLine
 10
110.7887629999999888
 20
-23.8953769999999999
 30
0
 11
110.8849359999999962
 21
-23.7066269999999975
 31
0
  0
LINE
  5
678
330
22
100
AcDbEntity
  8
F.Mask
  6
CONTINUOUS
100
AcDbLine
 10
110.8849359999999962
 20
-23.7066269999999975
 30
0
 11
111.009451999999996
 21
-23.5352449999999997
 31
0
  0
LINE
  5
679
330
22
100
AcDbEntity
  8
F.Mask
  6
CONTINUOUS
100
AcDbLine
 10
111.009451999999996
 20
-23.5352449999999997
 30
0
 11
111.1592449999999985
 21
-23.3854519999999972
 31
0
  0
LINE
  5
67A
330
22
100
AcDbEntity
  8
F.Mask
  6
CONTINUOUS
100
AcDbLine
 10
111.1592449999999985
 20
-23.3854519999999972
 30
0
 11
111.3306269999999927
 21
-23.2609359999999974
 31
0
  0
LINE
  5
67B
330
22
100
AcDbEntity
  8
F.Mask
  6
CONTINUOUS
100
AcDbLine
 10
111.3306269999999927
 20
-23.2609359999999974
 30
0
 11
111.5193769999999915
 21
-23.1647630000000007
 31
0
  0
LINE
  5
67C
330
22
100
AcDbEntity
  8
F.Mask
  6
CONTINUOUS
100
AcDbLine
 10
111.5193769999999915
 20
-23.1647630000000007
 30
0
 11
111.7208490000000012
 21
-23.0993010000000005
 31
0
  0
LINE
  5
67D
330
22
100
AcDbEntity
  8
F.Mask
  6
CONTINUOUS
100
AcDbLine
 10
111.7208490000000012
 20
-23.0993010000000005
 30
0
 11
111.9300799999999896
 21
-23.0661619999999985
 31
0
  0
LINE
  5
67E
330
22
100
AcDbEntity
  8
F.Mask
  6
CONTINUOUS
100
AcDbLine
 10
111.9300799999999896
 20
-23.0661619999999985
 30
0
 11
112.1419199999999989
 21
-23.0661619999999985
 31
0
  0
LINE
  5
67F
330
22
100
AcDbEntity
  8
F.Mask
  6
CONTINUOUS
100
AcDbLine
 10
112.1419199999999989
 20
-23.0661619999999985
 30
0
 11
112.3511510000000015
 21
-23.0993010000000005
 31
0
  0
LINE
  5
680
330
22
100
AcDbEntity
  8
F.Mask
  6
CONTINUOUS
100
AcDbLine
 10
141.815150999999986
 20
-23.0993010000000005
 30
0
 11
142.0166229999999814
 21
-23.1647630000000007
 31
0
  0
LINE
  5
681
330
22
100
AcDbEntity
  8
F.Mask
  6
CONTINUOUS
100
AcDbLine
 10
142.0166229999999814
 20
-23.1647630000000007
 30
0
 11
142.2053729999999803
 21
-23.2609359999999974
 31
0
  0
LINE
  5
682
330
22
100
AcDbEntity
  8
F.Mask
  6
CONTINUOUS
100
AcDbLine
 10
142.2053729999999803
 20
-23.2609359999999974
 30
0
 11
142.3767550000000028
 21
-23.3854519999999972
 31
0
  0
LINE
  5
683
330
22
100
AcDbEntity
  8
F.Mask
  6
CONTINUOUS
100
AcDbLine
 10
142.3767550000000028
 20
-23.3854519999999972
 30
0
 11
142.5265479999999911
 21
-23.5352449999999997
 31
0
  0
LINE
  5
684
330
22
100
AcDbEntity
  8
F.Mask
  6
CONTINUOUS
100
AcDbLine
 10
142.5265479999999911
 20
-23.5352449999999997
 30
0
 11
142.651063999999991
 21
-23.7066269999999975
 31
0
  0
LINE
  5
685
330
22
100
AcDbEntity
  8
F.Mask
  6
CONTINUOUS
100
AcDbLine
 10
142.651063999999991
 20
-23.7066269999999975
 30
0
 11
142.7472369999999842
 21
-23.8953769999999999
 31
0
  0
LINE
  5
686
330
22
100
AcDbEntity
  8
F.Mask
  6
CONTINUOUS
100
AcDbLine
 10
142.7472369999999842
 20
-23.8953769999999999
 30
0
 11
142.8126989999999807
 21
-24.0968489999999989
 31
0
  0
LINE
  5
687
330
22
100
AcDbEntity
  8
F.Mask
  6
CONTINUOUS
100
AcDbLine
 10
142.8126989999999807
 20
-24.0968489999999989
 30
0
 11
142.8458379999999863
 21
-24.3060799999999979
 31
0
  0
LINE
  5
688
330
22
100
AcDbEntity
  8
F.Mask
  6
CONTINUOUS
100
AcDbLine
 10
142.8458379999999863
 20
-24.3060799999999979
 30
0
 11
142.8458379999999863
 21
-24.5179200000000002
 31
0
  0
LINE
  5
689
330
22
100
AcDbEntity
  8
F.Mask
  6
CONTINUOUS
100
AcDbLine
 10
142.8458379999999863
 20
-24.5179200000000002
 30
0
 11
142.8126989999999807
 21
-24.7271509999999992
 31
0
  0
LINE
  5
68A
330
22
100
AcDbEntity
  8
F.Mask
  6
CONTINUOUS
100
AcDbLine
 10
142.8126989999999807
 20
-24.7271509999999992
 30
0
 11
142.7472369999999842
 21
-24.9286229999999982
 31
0
  0
LINE
  5
68B
330
22
100
AcDbEntity
  8
F.Mask
  6
CONTINUOUS
100
AcDbLine
 10
142.7472369999999842
 20
-24.9286229999999982
 30
0
 11
142.651063999999991
 21
-25.1173730000000006
 31
0
  0
LINE
  5
68C
330
22
100
AcDbEntity
  8
F.Mask
  6
CONTINUOUS
100
AcDbLine
 10
142.651063999999991
 20
-25.1173730000000006
 30
0
 11
142.5265479999999911
 21
-25.2887549999999983
 31
0
  0
LINE
  5
68D
330
22
100
AcDbEntity
  8
F.Mask
  6
CONTINUOUS
100
AcDbLine
 10
142.5265479999999911
 20
-25.2887549999999983
 30
0
 11
142.3767550000000028
 21
-25.4385479999999973
 31
0
  0
LINE
  5
68E
330
22
100
AcDbEntity
  8
F.Mask
  6
CONTINUOUS
100
AcDbLine
 10
142.3767550000000028
 20
-25.4385479999999973
 30
0
 11
142.2053729999999803
 21
-25.5630639999999971
 31
0
  0
LINE
  5
68F
330
22
100
AcDbEntity
  8
F.Mask
  6
CONTINUOUS
100
AcDbLine
 10
142.2053729999999803
 20
-25.5630639999999971
 30
0
 11
142.0166229999999814
 21
-25.6592369999999974
 31
0
  0
LINE
  5
690
330
22
100
AcDbEntity
  8
F.Mask
  6
CONTINUOUS
100
AcDbLine
 10
142.0166229999999814
 20
-25.6592369999999974
 30
0
 11
141.815150999999986
 21
-25.7246989999999975
 31
0
  0
LINE
  5
691
330
22
100
AcDbEntity
  8
F.Mask
  6
CONTINUOUS
100
AcDbLine
 10
141.815150999999986
 20
-25.7246989999999975
 30
0
 11
141.6059199999999976
 21
-25.7578379999999996
 31
0
  0
LINE
  5
692
330
22
100
AcDbEntity
  8
F.Mask
  6
CONTINUOUS
100
AcDbLine
 10
141.6059199999999976
 20
-25.7578379999999996
 30
0
 11
141.3940800000000024
 21
-25.7578379999999996
 31
0
  0
LINE
  5
693
330
22
100
AcDbEntity
  8
F.Mask
  6
CONTINUOUS
100
AcDbLine
 10
141.3940800000000024
 20
-25.7578379999999996
 30
0
 11
141.1848489999999856
 21
-25.7246989999999975
 31
0
  0
LINE
  5
694
330
22
100
AcDbEntity
  8
F.Mask
  6
CONTINUOUS
100
AcDbLine
 10
141.1848489999999856
 20
-25.7246989999999975
 30
0
 11
140.9833769999999902
 21
-25.6592369999999974
 31
0
  0
LINE
  5
695
330
22
100
AcDbEntity
  8
F.Mask
  6
CONTINUOUS
100
AcDbLine
 10
140.9833769999999902
 20
-25.6592369999999974
 30
0
 11
140.7946269999999913
 21
-25.5630639999999971
 31
0
  0
LINE
  5
696
330
22
100
AcDbEntity
  8
F.Mask
  6
CONTINUOUS
100
AcDbLine
 10
140.7946269999999913
 20
-25.5630639999999971
 30
0
 11
140.6232449999999972
 21
-25.4385479999999973
 31
0
  0
LINE
  5
697
330
22
100
AcDbEntity
  8
F.Mask
  6
CONTINUOUS
100
AcDbLine
 10
140.6232449999999972
 20
-25.4385479999999973
 30
0
 11
140.4734519999999804
 21
-25.2887549999999983
 31
0
  0
LINE
  5
698
330
22
100
AcDbEntity
  8
F.Mask
  6
CONTINUOUS
100
AcDbLine
 10
140.4734519999999804
 20
-25.2887549999999983
 30
0
 11
140.3489359999999806
 21
-25.1173730000000006
 31
0
  0
LINE
  5
699
330
22
100
AcDbEntity
  8
F.Mask
  6
CONTINUOUS
100
AcDbLine
 10
140.3489359999999806
 20
-25.1173730000000006
 30
0
 11
140.2527629999999874
 21
-24.9286229999999982
 31
0
  0
LINE
  5
69A
330
22
100
AcDbEntity
  8
F.Mask
  6
CONTINUOUS
100
AcDbLine
 10
140.2527629999999874
 20
-24.9286229999999982
 30
0
 11
140.1873009999999908
 21
-24.7271509999999992
 31
0
  0
LINE
  5
69B
330
22
100
AcDbEntity
  8
F.Mask
  6
CONTINUOUS
100
AcDbLine
 10
140.1873009999999908
 20
-24.7271509999999992
 30
0
 11
140.1541619999999853
 21
-24.5179200000000002
 31
0
  0
LINE
  5
69C
330
22
100
AcDbEntity
  8
F.Mask
  6
CONTINUOUS
100
AcDbLine
 10
140.1541619999999853
 20
-24.5179200000000002
 30
0
 11
140.1541619999999853
 21
-24.3060799999999979
 31
0
  0
LINE
  5
69D
330
22
100
AcDbEntity
  8
F.Mask
  6
CONTINUOUS
100
AcDbLine
 10
140.1541619999999853
 20
-24.3060799999999979
 30
0
 11
140.1873009999999908
 21
-24.0968489999999989
 31
0
  0
LINE
  5
69E
330
22
100
AcDbEntity
  8
F.Mask
  6
CONTINUOUS
100
AcDbLine
 10
140.1873009999999908
 20
-24.0968489999999989
 30
0
 11
140.2527629999999874
 21
-23.8953769999999999
 31
0
  0
LINE
  5
69F
330
22
100
AcDbEntity
  8
F.Mask
  6
CONTINUOUS
100
AcDbLine
 10
140.2527629999999874
 20
-23.8953769999999999
 30
0
 11
140.3489359999999806
 21
-23.7066269999999975
 31
0
  0
LINE
  5
6A0
330
22
100
AcDbEntity
  8
F.Mask
  6
CONTINUOUS
100
AcDbLine
 10
140.3489359999999806
 20
-23.7066269999999975
 30
0
 11
140.4734519999999804
 21
-23.5352449999999997
 31
0
  0
LINE
  5
6A1
330
22
100
AcDbEntity
  8
F.Mask
  6
CONTINUOUS
100
AcDbLine
 10
140.4734519999999804
 20
-23.5352449999999997
 30
0
 11
140.6232449999999972
 21
-23.3854519999999972
 31
0
  0
LINE
  5
6A2
330
22
100
AcDbEntity
  8
F.Mask
  6
CONTINUOUS
100
AcDbLine
 10
140.6232449999999972
 20
-23.3854519999999972
 30
0
 11
140.7946269999999913
 21
-23.2609359999999974
 31
0
  0
LINE
  5
6A3
330
22
100
AcDbEntity
  8
F.Mask
  6
CONTINUOUS
100
AcDbLine
 10
140.7946269999999913
 20
-23.2609359999999974
 30
0
 11
140.9833769999999902
 21
-23.1647630000000007
 31
0
  0
LINE
  5
6A4
330
22
100
AcDbEntity
  8
F.Mask
  6
CONTINUOUS
100
AcDbLine
 10
140.9833769999999902
 20
-23.1647630000000007
 30
0
 11
141.1848489999999856
 21
-23.0993010000000005
 31
0
  0
LINE
  5
6A5
330
22
100
AcDbEntity
  8
F.Mask
  6
CONTINUOUS
100
AcDbLine
 10
141.1848489999999856
 20
-23.0993010000000005
 30
0
 11
141.3940800000000024
 21
-23.0661619999999985
 31
0
  0
LINE
  5
6A6
330
22
100
AcDbEntity
  8
F.Mask
  6
CONTINUOUS
100
AcDbLine
 10
141.3940800000000024
 20
-23.0661619999999985
 30
0
 11
141.6059199999999976
 21
-23.0661619999999985
 31
0
  0
LINE
  5
6A7
330
22
100
AcDbEntity
  8
F.Mask
  6
CONTINUOUS
100
AcDbLine
 10
141.6059199999999976
 20
-23.0661619999999985
 30
0
 11
141.815150999999986
 21
-23.0993010000000005
 31
0
  0
LINE
  5
6A8
330
22
100
AcDbEntity
  8
F.Mask
  6
CONTINUOUS
100
AcDbLine
 10
149.8735130000000026
 20
-18.4442079999999997
 30
0
 11
150.112292999999994
 21
-18.5217929999999988
 31
0
  0
LINE
  5
6A9
330
22
100
AcDbEntity
  8
F.Mask
  6
CONTINUOUS
100
AcDbLine
 10
150.112292999999994
 20
-18.5217929999999988
 30
0
 11
150.3359979999999894
 21
-18.6357759999999999
 31
0
  0
LINE
  5
6AA
330
22
100
AcDbEntity
  8
F.Mask
  6
CONTINUOUS
100
AcDbLine
 10
150.3359979999999894
 20
-18.6357759999999999
 30
0
 11
150.5391170000000045
 21
-18.7833499999999987
 31
0
  0
LINE
  5
6AB
330
22
100
AcDbEntity
  8
F.Mask
  6
CONTINUOUS
100
AcDbLine
 10
150.5391170000000045
 20
-18.7833499999999987
 30
0
 11
150.7166499999999871
 21
-18.960882999999999
 31
0
  0
LINE
  5
6AC
330
22
100
AcDbEntity
  8
F.Mask
  6
CONTINUOUS
100
AcDbLine
 10
150.7166499999999871
 20
-18.960882999999999
 30
0
 11
150.8642240000000072
 21
-19.164002
 31
0
  0
LINE
  5
6AD
330
22
100
AcDbEntity
  8
F.Mask
  6
CONTINUOUS
100
AcDbLine
 10
150.8642240000000072
 20
-19.164002
 30
0
 11
150.9782069999999976
 21
-19.3877069999999989
 31
0
  0
LINE
  5
6AE
330
22
100
AcDbEntity
  8
F.Mask
  6
CONTINUOUS
100
AcDbLine
 10
150.9782069999999976
 20
-19.3877069999999989
 30
0
 11
151.0557919999999967
 21
-19.6264869999999974
 31
0
  0
LINE
  5
6AF
330
22
100
AcDbEntity
  8
F.Mask
  6
CONTINUOUS
100
AcDbLine
 10
151.0557919999999967
 20
-19.6264869999999974
 30
0
 11
151.0950679999999977
 21
-19.8744650000000007
 31
0
  0
LINE
  5
6B0
330
22
100
AcDbEntity
  8
F.Mask
  6
CONTINUOUS
100
AcDbLine
 10
151.0950679999999977
 20
-19.8744650000000007
 30
0
 11
151.0950679999999977
 21
-20.1255349999999993
 31
0
  0
LINE
  5
6B1
330
22
100
AcDbEntity
  8
F.Mask
  6
CONTINUOUS
100
AcDbLine
 10
151.0950679999999977
 20
-20.1255349999999993
 30
0
 11
151.0557919999999967
 21
-20.3735129999999991
 31
0
  0
LINE
  5
6B2
330
22
100
AcDbEntity
  8
F.Mask
  6
CONTINUOUS
100
AcDbLine
 10
151.0557919999999967
 20
-20.3735129999999991
 30
0
 11
150.9782069999999976
 21
-20.6122929999999975
 31
0
  0
LINE
  5
6B3
330
22
100
AcDbEntity
  8
F.Mask
  6
CONTINUOUS
100
AcDbLine
 10
150.9782069999999976
 20
-20.6122929999999975
 30
0
 11
150.8642240000000072
 21
-20.835998
 31
0
  0
LINE
  5
6B4
330
22
100
AcDbEntity
  8
F.Mask
  6
CONTINUOUS
100
AcDbLine
 10
150.8642240000000072
 20
-20.835998
 30
0
 11
150.7166499999999871
 21
-21.0391169999999974
 31
0
  0
LINE
  5
6B5
330
22
100
AcDbEntity
  8
F.Mask
  6
CONTINUOUS
100
AcDbLine
 10
150.7166499999999871
 20
-21.0391169999999974
 30
0
 11
150.5391170000000045
 21
-21.2166499999999978
 31
0
  0
LINE
  5
6B6
330
22
100
AcDbEntity
  8
F.Mask
  6
CONTINUOUS
100
AcDbLine
 10
150.5391170000000045
 20
-21.2166499999999978
 30
0
 11
150.3359979999999894
 21
-21.3642240000000001
 31
0
  0
LINE
  5
6B7
330
22
100
AcDbEntity
  8
F.Mask
  6
CONTINUOUS
100
AcDbLine
 10
150.3359979999999894
 20
-21.3642240000000001
 30
0
 11
150.112292999999994
 21
-21.4782069999999976
 31
0
  0
LINE
  5
6B8
330
22
100
AcDbEntity
  8
F.Mask
  6
CONTINUOUS
100
AcDbLine
 10
150.112292999999994
 20
-21.4782069999999976
 30
0
 11
149.8735130000000026
 21
-21.5557920000000003
 31
0
  0
LINE
  5
6B9
330
22
100
AcDbEntity
  8
F.Mask
  6
CONTINUOUS
100
AcDbLine
 10
149.8735130000000026
 20
-21.5557920000000003
 30
0
 11
149.6255349999999851
 21
-21.5950679999999977
 31
0
  0
LINE
  5
6BA
330
22
100
AcDbEntity
  8
F.Mask
  6
CONTINUOUS
100
AcDbLine
 10
149.6255349999999851
 20
-21.5950679999999977
 30
0
 11
149.3744649999999865
 21
-21.5950679999999977
 31
0
  0
LINE
  5
6BB
330
22
100
AcDbEntity
  8
F.Mask
  6
CONTINUOUS
100
AcDbLine
 10
149.3744649999999865
 20
-21.5950679999999977
 30
0
 11
149.1264869999999974
 21
-21.5557920000000003
 31
0
  0
LINE
  5
6BC
330
22
100
AcDbEntity
  8
F.Mask
  6
CONTINUOUS
100
AcDbLine
 10
149.1264869999999974
 20
-21.5557920000000003
 30
0
 11
148.887707000000006
 21
-21.4782069999999976
 31
0
  0
LINE
  5
6BD
330
22
100
AcDbEntity
  8
F.Mask
  6
CONTINUOUS
100
AcDbLine
 10
148.887707000000006
 20
-21.4782069999999976
 30
0
 11
148.6640019999999822
 21
-21.3642240000000001
 31
0
  0
LINE
  5
6BE
330
22
100
AcDbEntity
  8
F.Mask
  6
CONTINUOUS
100
AcDbLine
 10
148.6640019999999822
 20
-21.3642240000000001
 30
0
 11
148.4608829999999955
 21
-21.2166499999999978
 31
0
  0
LINE
  5
6BF
330
22
100
AcDbEntity
  8
F.Mask
  6
CONTINUOUS
100
AcDbLine
 10
148.4608829999999955
 20
-21.2166499999999978
 30
0
 11
148.2833499999999844
 21
-21.0391169999999974
 31
0
  0
LINE
  5
6C0
330
22
100
AcDbEntity
  8
F.Mask
  6
CONTINUOUS
100
AcDbLine
 10
148.2833499999999844
 20
-21.0391169999999974
 30
0
 11
148.1357759999999928
 21
-20.835998
 31
0
  0
LINE
  5
6C1
330
22
100
AcDbEntity
  8
F.Mask
  6
CONTINUOUS
100
AcDbLine
 10
148.1357759999999928
 20
-20.835998
 30
0
 11
148.0217930000000024
 21
-20.6122929999999975
 31
0
  0
LINE
  5
6C2
330
22
100
AcDbEntity
  8
F.Mask
  6
CONTINUOUS
100
AcDbLine
 10
148.0217930000000024
 20
-20.6122929999999975
 30
0
 11
147.9442080000000033
 21
-20.3735129999999991
 31
0
  0
LINE
  5
6C3
330
22
100
AcDbEntity
  8
F.Mask
  6
CONTINUOUS
100
AcDbLine
 10
147.9442080000000033
 20
-20.3735129999999991
 30
0
 11
147.9049320000000023
 21
-20.1255349999999993
 31
0
  0
LINE
  5
6C4
330
22
100
AcDbEntity
  8
F.Mask
  6
CONTINUOUS
100
AcDbLine
 10
147.9049320000000023
 20
-20.1255349999999993
 30
0
 11
147.9049320000000023
 21
-19.8744650000000007
 31
0
  0
LINE
  5
6C5
330
22
100
AcDbEntity
  8
F.Mask
  6
CONTINUOUS
100
AcDbLine
 10
147.9049320000000023
 20
-19.8744650000000007
 30
0
 11
147.9442080000000033
 21
-19.6264869999999974
 31
0
  0
LINE
  5
6C6
330
22
100
AcDbEntity
  8
F.Mask
  6
CONTINUOUS
100
AcDbLine
 10
147.9442080000000033
 20
-19.6264869999999974
 30
0
 11
148.0217930000000024
 21
-19.3877069999999989
 31
0
  0
LINE
  5
6C7
330
22
100
AcDbEntity
  8
F.Mask
  6
CONTINUOUS
100
AcDbLine
 10
148.0217930000000024
 20
-19.3877069999999989
 30
0
 11
148.1357759999999928
 21
-19.164002
 31
0
  0
LINE
  5
6C8
330
22
100
AcDbEntity
  8
F.Mask
  6
CONTINUOUS
100
AcDbLine
 10
148.1357759999999928
 20
-19.164002
 30
0
 11
148.2833499999999844
 21
-18.960882999999999
 31
0
  0
LINE
  5
6C9
330
22
100
AcDbEntity
  8
F.Mask
  6
CONTINUOUS
100
AcDbLine
 10
148.2833499999999844
 20
-18.960882999999999
 30
0
 11
148.4608829999999955
 21
-18.7833499999999987
 31
0
  0
LINE
  5
6CA
330
22
100
AcDbEntity
  8
F.Mask
  6
CONTINUOUS
100
AcDbLine
 10
148.4608829999999955
 20
-18.7833499999999987
 30
0
 11
148.6640019999999822
 21
-18.6357759999999999
 31
0
  0
LINE
  5
6CB
330
22
100
AcDbEntity
  8
F.Mask
  6
CONTINUOUS
100
AcDbLine
 10
148.6640019999999822
 20
-18.6357759999999999
 30
0
 11
148.887707000000006
 21
-18.5217929999999988
 31
0
  0
LINE
  5
6CC
330
22
100
AcDbEntity
  8
F.Mask
  6
CONTINUOUS
100
AcDbLine
 10
148.887707000000006
 20
-18.5217929999999988
 30
0
 11
149.1264869999999974
 21
-18.4442079999999997
 31
0
  0
LINE
  5
6CD
330
22
100
AcDbEntity
  8
F.Mask
  6
CONTINUOUS
100
AcDbLine
 10
149.1264869999999974
 20
-18.4442079999999997
 30
0
 11
149.3744649999999865
 21
-18.4049319999999987
 31
0
  0
LINE
  5
6CE
330
22
100
AcDbEntity
  8
F.Mask
  6
CONTINUOUS
100
AcDbLine
 10
149.3744649999999865
 20
-18.4049319999999987
 30
0
 11
149.6255349999999851
 21
-18.4049319999999987
 31
0
  0
LINE
  5
6CF
330
22
100
AcDbEntity
  8
F.Mask
  6
CONTINUOUS
100
AcDbLine
 10
149.6255349999999851
 20
-18.4049319999999987
 30
0
 11
149.8735130000000026
 21
-18.4442079999999997
 31
0
  0
LINE
  5
6D0
330
22
100
AcDbEntity
  8
F.Mask
  6
CONTINUOUS
100
AcDbLine
 10
86.8735130000000026
 20
-17.9442079999999997
 30
0
 11
87.112292999999994
 21
-18.0217929999999988
 31
0
  0
LINE
  5
6D1
330
22
100
AcDbEntity
  8
F.Mask
  6
CONTINUOUS
100
AcDbLine
 10
87.112292999999994
 20
-18.0217929999999988
 30
0
 11
87.3359979999999894
 21
-18.1357759999999999
 31
0
  0
LINE
  5
6D2
330
22
100
AcDbEntity
  8
F.Mask
  6
CONTINUOUS
100
AcDbLine
 10
87.3359979999999894
 20
-18.1357759999999999
 30
0
 11
87.5391169999999903
 21
-18.2833499999999987
 31
0
  0
LINE
  5
6D3
330
22
100
AcDbEntity
  8
F.Mask
  6
CONTINUOUS
100
AcDbLine
 10
87.5391169999999903
 20
-18.2833499999999987
 30
0
 11
87.7166500000000013
 21
-18.460882999999999
 31
0
  0
LINE
  5
6D4
330
22
100
AcDbEntity
  8
F.Mask
  6
CONTINUOUS
100
AcDbLine
 10
87.7166500000000013
 20
-18.460882999999999
 30
0
 11
87.864223999999993
 21
-18.664002
 31
0
  0
LINE
  5
6D5
330
22
100
AcDbEntity
  8
F.Mask
  6
CONTINUOUS
100
AcDbLine
 10
87.864223999999993
 20
-18.664002
 30
0
 11
87.9782069999999976
 21
-18.8877069999999989
 31
0
  0
LINE
  5
6D6
330
22
100
AcDbEntity
  8
F.Mask
  6
CONTINUOUS
100
AcDbLine
 10
87.9782069999999976
 20
-18.8877069999999989
 30
0
 11
88.0557919999999967
 21
-19.1264870000000009
 31
0
  0
LINE
  5
6D7
330
22
100
AcDbEntity
  8
F.Mask
  6
CONTINUOUS
100
AcDbLine
 10
88.0557919999999967
 20
-19.1264870000000009
 30
0
 11
88.0950679999999977
 21
-19.3744650000000007
 31
0
  0
LINE
  5
6D8
330
22
100
AcDbEntity
  8
F.Mask
  6
CONTINUOUS
100
AcDbLine
 10
88.0950679999999977
 20
-19.3744650000000007
 30
0
 11
88.0950679999999977
 21
-19.6255349999999993
 31
0
  0
LINE
  5
6D9
330
22
100
AcDbEntity
  8
F.Mask
  6
CONTINUOUS
100
AcDbLine
 10
88.0950679999999977
 20
-19.6255349999999993
 30
0
 11
88.0557919999999967
 21
-19.8735129999999991
 31
0
  0
LINE
  5
6DA
330
22
100
AcDbEntity
  8
F.Mask
  6
CONTINUOUS
100
AcDbLine
 10
88.0557919999999967
 20
-19.8735129999999991
 30
0
 11
87.9782069999999976
 21
-20.1122929999999975
 31
0
  0
LINE
  5
6DB
330
22
100
AcDbEntity
  8
F.Mask
  6
CONTINUOUS
100
AcDbLine
 10
87.9782069999999976
 20
-20.1122929999999975
 30
0
 11
87.864223999999993
 21
-20.335998
 31
0
  0
LINE
  5
6DC
330
22
100
AcDbEntity
  8
F.Mask
  6
CONTINUOUS
100
AcDbLine
 10
87.864223999999993
 20
-20.335998
 30
0
 11
87.7166500000000013
 21
-20.5391169999999974
 31
0
  0
LINE
  5
6DD
330
22
100
AcDbEntity
  8
F.Mask
  6
CONTINUOUS
100
AcDbLine
 10
87.7166500000000013
 20
-20.5391169999999974
 30
0
 11
87.5391169999999903
 21
-20.7166499999999978
 31
0
  0
LINE
  5
6DE
330
22
100
AcDbEntity
  8
F.Mask
  6
CONTINUOUS
100
AcDbLine
 10
87.5391169999999903
 20
-20.7166499999999978
 30
0
 11
87.3359979999999894
 21
-20.8642240000000001
 31
0
  0
LINE
  5
6DF
330
22
100
AcDbEntity
  8
F.Mask
  6
CONTINUOUS
100
AcDbLine
 10
87.3359979999999894
 20
-20.8642240000000001
 30
0
 11
87.112292999999994
 21
-20.9782069999999976
 31
0
  0
LINE
  5
6E0
330
22
100
AcDbEntity
  8
F.Mask
  6
CONTINUOUS
100
AcDbLine
 10
87.112292999999994
 20
-20.9782069999999976
 30
0
 11
86.8735130000000026
 21
-21.0557920000000003
 31
0
  0
LINE
  5
6E1
330
22
100
AcDbEntity
  8
F.Mask
  6
CONTINUOUS
100
AcDbLine
 10
86.8735130000000026
 20
-21.0557920000000003
 30
0
 11
86.6255349999999993
 21
-21.0950679999999977
 31
0
  0
LINE
  5
6E2
330
22
100
AcDbEntity
  8
F.Mask
  6
CONTINUOUS
100
AcDbLine
 10
86.6255349999999993
 20
-21.0950679999999977
 30
0
 11
86.3744650000000007
 21
-21.0950679999999977
 31
0
  0
LINE
  5
6E3
330
22
100
AcDbEntity
  8
F.Mask
  6
CONTINUOUS
100
AcDbLine
 10
86.3744650000000007
 20
-21.0950679999999977
 30
0
 11
86.1264869999999974
 21
-21.0557920000000003
 31
0
  0
LINE
  5
6E4
330
22
100
AcDbEntity
  8
F.Mask
  6
CONTINUOUS
100
AcDbLine
 10
86.1264869999999974
 20
-21.0557920000000003
 30
0
 11
85.8877069999999918
 21
-20.9782069999999976
 31
0
  0
LINE
  5
6E5
330
22
100
AcDbEntity
  8
F.Mask
  6
CONTINUOUS
100
AcDbLine
 10
85.8877069999999918
 20
-20.9782069999999976
 30
0
 11
85.6640019999999964
 21
-20.8642240000000001
 31
0
  0
LINE
  5
6E6
330
22
100
AcDbEntity
  8
F.Mask
  6
CONTINUOUS
100
AcDbLine
 10
85.6640019999999964
 20
-20.8642240000000001
 30
0
 11
85.4608829999999955
 21
-20.7166499999999978
 31
0
  0
LINE
  5
6E7
330
22
100
AcDbEntity
  8
F.Mask
  6
CONTINUOUS
100
AcDbLine
 10
85.4608829999999955
 20
-20.7166499999999978
 30
0
 11
85.2833499999999987
 21
-20.5391169999999974
 31
0
  0
LINE
  5
6E8
330
22
100
AcDbEntity
  8
F.Mask
  6
CONTINUOUS
100
AcDbLine
 10
85.2833499999999987
 20
-20.5391169999999974
 30
0
 11
85.1357759999999928
 21
-20.335998
 31
0
  0
LINE
  5
6E9
330
22
100
AcDbEntity
  8
F.Mask
  6
CONTINUOUS
100
AcDbLine
 10
85.1357759999999928
 20
-20.335998
 30
0
 11
85.0217930000000024
 21
-20.1122929999999975
 31
0
  0
LINE
  5
6EA
330
22
100
AcDbEntity
  8
F.Mask
  6
CONTINUOUS
100
AcDbLine
 10
85.0217930000000024
 20
-20.1122929999999975
 30
0
 11
84.9442079999999891
 21
-19.8735129999999991
 31
0
  0
LINE
  5
6EB
330
22
100
AcDbEntity
  8
F.Mask
  6
CONTINUOUS
100
AcDbLine
 10
84.9442079999999891
 20
-19.8735129999999991
 30
0
 11
84.9049320000000023
 21
-19.6255349999999993
 31
0
  0
LINE
  5
6EC
330
22
100
AcDbEntity
  8
F.Mask
  6
CONTINUOUS
100
AcDbLine
 10
84.9049320000000023
 20
-19.6255349999999993
 30
0
 11
84.9049320000000023
 21
-19.3744650000000007
 31
0
  0
LINE
  5
6ED
330
22
100
AcDbEntity
  8
F.Mask
  6
CONTINUOUS
100
AcDbLine
 10
84.9049320000000023
 20
-19.3744650000000007
 30
0
 11
84.9442079999999891
 21
-19.1264870000000009
 31
0
  0
LINE
  5
6EE
330
22
100
AcDbEntity
  8
F.Mask
  6
CONTINUOUS
100
AcDbLine
 10
84.9442079999999891
 20
-19.1264870000000009
 30
0
 11
85.0217930000000024
 21
-18.8877069999999989
 31
0
  0
LINE
  5
6EF
330
22
100
AcDbEntity
  8
F.Mask
  6
CONTINUOUS
100
AcDbLine
 10
85.0217930000000024
 20
-18.8877069999999989
 30
0
 11
85.1357759999999928
 21
-18.664002
 31
0
  0
LINE
  5
6F0
330
22
100
AcDbEntity
  8
F.Mask
  6
CONTINUOUS
100
AcDbLine
 10
85.1357759999999928
 20
-18.664002
 30
0
 11
85.2833499999999987
 21
-18.460882999999999
 31
0
  0
LINE
  5
6F1
330
22
100
AcDbEntity
  8
F.Mask
  6
CONTINUOUS
100
AcDbLine
 10
85.2833499999999987
 20
-18.460882999999999
 30
0
 11
85.4608829999999955
 21
-18.2833499999999987
 31
0
  0
LINE
  5
6F2
330
22
100
AcDbEntity
  8
F.Mask
  6
CONTINUOUS
100
AcDbLine
 10
85.4608829999999955
 20
-18.2833499999999987
 30
0
 11
85.6640019999999964
 21
-18.1357759999999999
 31
0
  0
LINE
  5
6F3
330
22
100
AcDbEntity
  8
F.Mask
  6
CONTINUOUS
100
AcDbLine
 10
85.6640019999999964
 20
-18.1357759999999999
 30
0
 11
85.8877069999999918
 21
-18.0217929999999988
 31
0
  0
LINE
  5
6F4
330
22
100
AcDbEntity
  8
F.Mask
  6
CONTINUOUS
100
AcDbLine
 10
85.8877069999999918
 20
-18.0217929999999988
 30
0
 11
86.1264869999999974
 21
-17.9442079999999997
 31
0
  0
LINE
  5
6F5
330
22
100
AcDbEntity
  8
F.Mask
  6
CONTINUOUS
100
AcDbLine
 10
86.1264869999999974
 20
-17.9442079999999997
 30
0
 11
86.3744650000000007
 21
-17.9049319999999987
 31
0
  0
LINE
  5
6F6
330
22
100
AcDbEntity
  8
F.Mask
  6
CONTINUOUS
100
AcDbLine
 10
86.3744650000000007
 20
-17.9049319999999987
 30
0
 11
86.6255349999999993
 21
-17.9049319999999987
 31
0
  0
LINE
  5
6F7
330
22
100
AcDbEntity
  8
F.Mask
  6
CONTINUOUS
100
AcDbLine
 10
86.6255349999999993
 20
-17.9049319999999987
 30
0
 11
86.8735130000000026
 21
-17.9442079999999997
 31
0
  0
ENDSEC
  0
SECTION
  2
OBJECTS
  0
DICTIONARY
  5
28
330
0
100
AcDbDictionary
281
1
  3
ACAD_GROUP
350
6F8
  3
ACAD_LAYOUT
350
29
  3
ACAD_PLOTSTYLENAME
350
11
  0
DICTIONARY
  5
6F8
330
28
100
AcDbDictionary
281
1
  0
ACDBDICTIONARYWDFLT
  5
11
330
28
100
AcDbDictionary
281
1
  3
Normal
350
10
100
AcDbDictionaryWithDefault
340
10
  0
ACDBPLACEHOLDER
  5
10
330
11
  0
DICTIONARY
  5
29
330
28
100
AcDbDictionary
281
1
  3
Model
350
25
  3
Layout1
350
26
  3
Layout2
350
27
  0
LAYOUT
  5
25
330
29
100
AcDbPlotSettings
  1

  2
none_device
  4
A3
  6

 40
0.0
 41
0.0
 42
0.0
 43
0.0
 44
420.0
 45
297.0
 46
0.0
 47
0.0
 48
0.0
 49
0.0
140
0.0
141
0.0
142
1.0
143
1.0
 70
1024
 72
1
 73
0
 74
5
  7

 75
16
 76
0
 77
2
 78
300
147
1.0
148
0.0
149
0.0
100
AcDbLayout
  1
Model
 70
1
 71
0
 10
0.0
 20
0.0
 11
420.0
 21
297.0
 12
0.0
 22
0.0
 32
0.0
 14
1e+20
 24
1e+20
 34
1e+20
 15
-1e+20
 25
-1e+20
 35
-1e+20
146
0.0
 13
0.0
 23
0.0
 33
0.0
 16
1.0
 26
0.0
 36
0.0
 17
0.0
 27
1.0
 37
0.0
 76
0
330
22
  0
LAYOUT
  5
26
330
29
100
AcDbPlotSettings
  1

  2
none_device
  4
A3
  6

 40
0.0
 41
0.0
 42
0.0
 43
0.0
 44
420.0
 45
297.0
 46
0.0
 47
0.0
 48
0.0
 49
0.0
140
0.0
141
0.0
142
1.0
143
1.0
 70
0
 72
1
 73
0
 74
5
  7

 75
16
 76
0
 77
2
 78
300
147
1.0
148
0.0
149
0.0
100
AcDbLayout
  1
Layout1
 70
1
 71
1
 10
0.0
 20
0.0
 11
420.0
 21
297.0
 12
0.0
 22
0.0
 32
0.0
 14
1e+20
 24
1e+20
 34
1e+20
 15
-1e+20
 25
-1e+20
 35
-1e+20
146
0.0
 13
0.0
 23
0.0
 33
0.0
 16
1.0
 26
0.0
 36
0.0
 17
0.0
 27
1.0
 37
0.0
 76
0
330
23
  0
LAYOUT
  5
27
330
29
100
AcDbPlotSettings
  1

  2
none_device
  4
A3
  6

 40
0.0
 41
0.0
 42
0.0
 43
0.0
 44
420.0
 45
297.0
 46
0.0
 47
0.0
 48
0.0
 49
0.0
140
0.0
141
0.0
142
1.0
143
1.0
 70
0
 72
1
 73
0
 74
5
  7

 75
16
 76
0
 77
2
 78
300
147
1.0
148
0.0
149
0.0
100
AcDbLayout
  1
Layout2
 70
1
 71
2
 10
0.0
 20
0.0
 11
420.0
 21
297.0
 12
0.0
 22
0.0
 32
0.0
 14
1e+20
 24
1e+20
 34
1e+20
 15
-1e+20
 25
-1e+20
 35
-1e+20
146
0.0
 13
0.0
 23
0.0
 33
0.0
 16
1.0
 26
0.0
 36
0.0
 17
0.0
 27
1.0
 37
0.0
 76
0
330
24
  0
ENDSEC
  0
EOF
