  0
SECTION
  2
HEADER
  9
$ACADVER
  1
AC1018
  9
$HANDSEED
  5
FFFFFFFF
  9
$ANGBASE
  50
0.0
  9
$ANGDIR
  70
1
  9
$MEASUREMENT
  70
1
  9
$INSUNITS
  70
4
  0
ENDSEC
  0
SECTION
  2
TABLES
  0
TABLE
  2
APPID
  5
1
330
0
100
AcDbSymbolTable
 70
1
  0
APPID
  5
2
330
1
100
AcDbSymbolTableRecord
100
AcDbRegAppTableRecord
  2
ACAD
 70
0
  0
ENDTAB
  0
TABLE
  2
LTYPE
  5
3
330
0
100
AcDbSymbolTable
 70
6
  0
LTYPE
  5
4
330
3
100
AcDbSymbolTableRecord
100
AcDbLinetypeTableRecord
  2
ByBlock
 70
0
  3

 72
65
 73
0
 40
0
  0
LTYPE
  5
5
330
3
100
AcDbSymbolTableRecord
100
AcDbLinetypeTableRecord
  2
ByLayer
 70
0
  3

 72
65
 73
0
 40
0
  0
LTYPE
  5
6
330
3
100
AcDbSymbolTableRecord
100
AcDbLinetypeTableRecord
  2
CONTINUOUS
 70
0
  3
Solid line
 72
65
 73
0
 40
0
  0
LTYPE
  5
7
330
3
100
AcDbSymbolTableRecord
100
AcDbLinetypeTableRecord
  2
DASHDOT
 70
0
  3
Dash Dot ____ _ ____ _
 72
65
 73
4
 40
2
 49
1.25
 74
0
 49
-0.25
 74
0
 49
0.25
 74
0
 49
-0.25
 74
0
  0
LTYPE
  5
8
330
3
100
AcDbSymbolTableRecord
100
AcDbLinetypeTableRecord
  2
DASHED
 70
0
  3
Dashed __ __ __ __ __
 72
65
 73
2
 40
0.75
 49
0.5
 74
0
 49
-0.25
 74
0
  0
LTYPE
  5
9
330
3
100
AcDbSymbolTableRecord
100
AcDbLinetypeTableRecord
  2
DOTTED
 70
0
  3
Dotted .  .  .  .
 72
65
 73
2
 40
0.2
 49
0.0
 74
0
 49
-0.2
 74
0
  0
ENDTAB
  0
TABLE
  2
STYLE
  5
A
330
0
100
AcDbSymbolTable
 70
4
  0
STYLE
  5
B
330
A
100
AcDbSymbolTableRecord
100
AcDbTextStyleTableRecord
  2
KICAD
 70
0
 40
0
 41
1
 42
1
 50
0
 71
0
  3
isocp.shx
  0
STYLE
  5
C
330
A
100
AcDbSymbolTableRecord
100
AcDbTextStyleTableRecord
  2
KICADB
 70
0
 40
0
 41
1
 42
1
 50
0
 71
0
  3
isocp.shx
  0
STYLE
  5
D
330
A
100
AcDbSymbolTableRecord
100
AcDbTextStyleTableRecord
  2
KICADI
 70
0
 40
0
 41
1
 42
1
 50
15
 71
0
  3
isocp.shx
  0
STYLE
  5
E
330
A
100
AcDbSymbolTableRecord
100
AcDbTextStyleTableRecord
  2
KICADBI
 70
0
 40
0
 41
1
 42
1
 50
15
 71
0
  3
isocp.shx
  0
ENDTAB
  0
TABLE
  2
LAYER
  5
F
330
0
100
AcDbSymbolTable
 70
10
  0
LAYER
  5
12
330
F
100
AcDbSymbolTableRecord
100
AcDbLayerTableRecord
  2
0
 70
0
 62
7
  6
CONTINUOUS
390
10
  0
LAYER
  5
13
330
F
100
AcDbSymbolTableRecord
100
AcDbLayerTableRecord
  2
F.Cu
 70
0
 62
13
420
13120564
  6
CONTINUOUS
390
10
  0
LAYER
  5
14
330
F
100
AcDbSymbolTableRecord
100
AcDbLayerTableRecord
  2
B.Cu
 70
0
 62
153
420
5078980
  6
CONTINUOUS
390
10
  0
LAYER
  5
15
330
F
100
AcDbSymbolTableRecord
100
AcDbLayerTableRecord
  2
F.Paste
 70
0
 62
253
420
11837594
  6
CONTINUOUS
390
10
  0
LAYER
  5
16
330
F
100
AcDbSymbolTableRecord
100
AcDbLayerTableRecord
  2
B.Paste
 70
0
 62
132
420
49858
  6
CONTINUOUS
390
10
  0
LAYER
  5
17
330
F
100
AcDbSymbolTableRecord
100
AcDbLayerTableRecord
  2
F.Silkscreen
 70
0
 62
41
420
15920545
  6
CONTINUOUS
390
10
  0
LAYER
  5
18
330
F
100
AcDbSymbolTableRecord
100
AcDbLayerTableRecord
  2
B.Silkscreen
 70
0
 62
31
420
15250087
  6
CONTINUOUS
390
10
  0
LAYER
  5
19
330
F
100
AcDbSymbolTableRecord
100
AcDbLayerTableRecord
  2
F.Mask
 70
0
 62
201
420
14181631
  6
CONTINUOUS
390
10
  0
LAYER
  5
1A
330
F
100
AcDbSymbolTableRecord
100
AcDbLayerTableRecord
  2
B.Mask
 70
0
 62
4
420
196590
  6
CONTINUOUS
390
10
  0
LAYER
  5
1B
330
F
100
AcDbSymbolTableRecord
100
AcDbLayerTableRecord
  2
Edge.Cuts
 70
0
 62
254
420
13685453
  6
CONTINUOUS
390
10
  0
ENDTAB
  0
TABLE
  2
VPORT
  5
1C
330
0
100
AcDbSymbolTable
 70
0
  0
ENDTAB
  0
TABLE
  2
VIEW
  5
1D
330
0
100
AcDbSymbolTable
 70
0
  0
ENDTAB
  0
TABLE
  2
UCS
  5
1E
330
0
100
AcDbSymbolTable
 70
0
  0
ENDTAB
  0
TABLE
  2
DIMSTYLE
  5
1F
330
0
100
AcDbSymbolTable
 70
1
100
AcDbDimStyleTable
 71
0
  0
DIMSTYLE
105
20
330
1F
100
AcDbSymbolTableRecord
100
AcDbDimStyleTableRecord
  2
Standard
 70
0
  0
ENDTAB
  0
TABLE
  2
BLOCK_RECORD
  5
21
330
0
100
AcDbSymbolTable
 70
3
  0
BLOCK_RECORD
  5
22
330
21
100
AcDbSymbolTableRecord
100
AcDbBlockTableRecord
  2
*Model_Space
340
25
 70
0
280
1
281
0
  0
BLOCK_RECORD
  5
23
330
21
100
AcDbSymbolTableRecord
100
AcDbBlockTableRecord
  2
*Paper_Space
340
26
 70
0
280
1
281
0
  0
BLOCK_RECORD
  5
24
330
21
100
AcDbSymbolTableRecord
100
AcDbBlockTableRecord
  2
*Paper_Space0
340
27
 70
0
280
1
281
0
  0
ENDTAB
  0
ENDSEC
  0
SECTION
  2
BLOCKS
  0
BLOCK
  5
2B
330
22
100
AcDbEntity
  8
0
100
AcDbBlockBegin
  2
*Model_Space
 70
0
 10
0.0
 20
0.0
 30
0.0
  3
*Model_Space
  1

  0
ENDBLK
  5
2A
330
22
100
AcDbEntity
  8
0
100
AcDbBlockEnd
  0
BLOCK
  5
2D
330
23
100
AcDbEntity
 67
1
  8
0
100
AcDbBlockBegin
  2
*Paper_Space
 70
0
 10
0.0
 20
0.0
 30
0.0
  3
*Paper_Space
  1

  0
ENDBLK
  5
2C
330
23
100
AcDbEntity
 67
1
  8
0
100
AcDbBlockEnd
  0
BLOCK
  5
2F
330
24
100
AcDbEntity
 67
1
  8
0
100
AcDbBlockBegin
  2
*Paper_Space0
 70
0
 10
0.0
 20
0.0
 30
0.0
  3
*Paper_Space0
  1

  0
ENDBLK
  5
2E
330
24
100
AcDbEntity
 67
1
  8
0
100
AcDbBlockEnd
  0
ENDSEC
  0
SECTION
  2
ENTITIES
  0
LINE
  5
30
330
22
100
AcDbEntity
  8
B.Cu
  6
CONTINUOUS
100
AcDbLine
 10
129.9083149999999875
 20
-76.7740929999999935
 30
0
 11
130.0717420000000004
 21
-76.8066010000000006
 31
0
  0
LINE
  5
31
330
22
100
AcDbEntity
  8
B.Cu
  6
CONTINUOUS
100
AcDbLine
 10
130.0717420000000004
 20
-76.8066010000000006
 30
0
 11
130.2256869999999935
 21
-76.8703670000000017
 31
0
  0
LINE
  5
32
330
22
100
AcDbEntity
  8
B.Cu
  6
CONTINUOUS
100
AcDbLine
 10
130.2256869999999935
 20
-76.8703670000000017
 30
0
 11
130.364233999999982
 21
-76.9629410000000007
 31
0
  0
LINE
  5
33
330
22
100
AcDbEntity
  8
B.Cu
  6
CONTINUOUS
100
AcDbLine
 10
130.364233999999982
 20
-76.9629410000000007
 30
0
 11
130.4820589999999925
 21
-77.080765999999997
 31
0
  0
LINE
  5
34
330
22
100
AcDbEntity
  8
B.Cu
  6
CONTINUOUS
100
AcDbLine
 10
130.4820589999999925
 20
-77.080765999999997
 30
0
 11
130.5746330000000057
 21
-77.2193129999999996
 31
0
  0
LINE
  5
35
330
22
100
AcDbEntity
  8
B.Cu
  6
CONTINUOUS
100
AcDbLine
 10
130.5746330000000057
 20
-77.2193129999999996
 30
0
 11
130.6383989999999926
 21
-77.3732579999999928
 31
0
  0
LINE
  5
36
330
22
100
AcDbEntity
  8
B.Cu
  6
CONTINUOUS
100
AcDbLine
 10
130.6383989999999926
 20
-77.3732579999999928
 30
0
 11
130.6709069999999997
 21
-77.5366849999999914
 31
0
  0
LINE
  5
37
330
22
100
AcDbEntity
  8
B.Cu
  6
CONTINUOUS
100
AcDbLine
 10
130.6709069999999997
 20
-77.5366849999999914
 30
0
 11
130.6709069999999997
 21
-77.7033150000000035
 31
0
  0
LINE
  5
38
330
22
100
AcDbEntity
  8
B.Cu
  6
CONTINUOUS
100
AcDbLine
 10
130.6709069999999997
 20
-77.7033150000000035
 30
0
 11
130.6383989999999926
 21
-77.8667420000000021
 31
0
  0
LINE
  5
39
330
22
100
AcDbEntity
  8
B.Cu
  6
CONTINUOUS
100
AcDbLine
 10
130.6383989999999926
 20
-77.8667420000000021
 30
0
 11
130.5746330000000057
 21
-78.0206869999999952
 31
0
  0
LINE
  5
3A
330
22
100
AcDbEntity
  8
B.Cu
  6
CONTINUOUS
100
AcDbLine
 10
130.5746330000000057
 20
-78.0206869999999952
 30
0
 11
130.4820589999999925
 21
-78.1592339999999979
 31
0
  0
LINE
  5
3B
330
22
100
AcDbEntity
  8
B.Cu
  6
CONTINUOUS
100
AcDbLine
 10
130.4820589999999925
 20
-78.1592339999999979
 30
0
 11
130.364233999999982
 21
-78.2770589999999942
 31
0
  0
LINE
  5
3C
330
22
100
AcDbEntity
  8
B.Cu
  6
CONTINUOUS
100
AcDbLine
 10
130.364233999999982
 20
-78.2770589999999942
 30
0
 11
130.2256869999999935
 21
-78.3696329999999932
 31
0
  0
LINE
  5
3D
330
22
100
AcDbEntity
  8
B.Cu
  6
CONTINUOUS
100
AcDbLine
 10
130.2256869999999935
 20
-78.3696329999999932
 30
0
 11
130.0717420000000004
 21
-78.4333989999999943
 31
0
  0
LINE
  5
3E
330
22
100
AcDbEntity
  8
B.Cu
  6
CONTINUOUS
100
AcDbLine
 10
130.0717420000000004
 20
-78.4333989999999943
 30
0
 11
129.9083149999999875
 21
-78.4659070000000014
 31
0
  0
LINE
  5
3F
330
22
100
AcDbEntity
  8
B.Cu
  6
CONTINUOUS
100
AcDbLine
 10
129.9083149999999875
 20
-78.4659070000000014
 30
0
 11
129.8249999999999886
 21
-78.4699999999999989
 31
0
  0
LINE
  5
40
330
22
100
AcDbEntity
  8
B.Cu
  6
CONTINUOUS
100
AcDbLine
 10
129.8249999999999886
 20
-78.4699999999999989
 30
0
 11
127.9249999999999972
 21
-78.4699999999999989
 31
0
  0
LINE
  5
41
330
22
100
AcDbEntity
  8
B.Cu
  6
CONTINUOUS
100
AcDbLine
 10
127.9249999999999972
 20
-78.4699999999999989
 30
0
 11
127.8416849999999982
 21
-78.4659070000000014
 31
0
  0
LINE
  5
42
330
22
100
AcDbEntity
  8
B.Cu
  6
CONTINUOUS
100
AcDbLine
 10
127.8416849999999982
 20
-78.4659070000000014
 30
0
 11
127.6782579999999996
 21
-78.4333989999999943
 31
0
  0
LINE
  5
43
330
22
100
AcDbEntity
  8
B.Cu
  6
CONTINUOUS
100
AcDbLine
 10
127.6782579999999996
 20
-78.4333989999999943
 30
0
 11
127.5243129999999923
 21
-78.3696329999999932
 31
0
  0
LINE
  5
44
330
22
100
AcDbEntity
  8
B.Cu
  6
CONTINUOUS
100
AcDbLine
 10
127.5243129999999923
 20
-78.3696329999999932
 30
0
 11
127.3857659999999896
 21
-78.2770589999999942
 31
0
  0
LINE
  5
45
330
22
100
AcDbEntity
  8
B.Cu
  6
CONTINUOUS
100
AcDbLine
 10
127.3857659999999896
 20
-78.2770589999999942
 30
0
 11
127.2679409999999933
 21
-78.1592339999999979
 31
0
  0
LINE
  5
46
330
22
100
AcDbEntity
  8
B.Cu
  6
CONTINUOUS
100
AcDbLine
 10
127.2679409999999933
 20
-78.1592339999999979
 30
0
 11
127.1753669999999943
 21
-78.0206869999999952
 31
0
  0
LINE
  5
47
330
22
100
AcDbEntity
  8
B.Cu
  6
CONTINUOUS
100
AcDbLine
 10
127.1753669999999943
 20
-78.0206869999999952
 30
0
 11
127.1116009999999932
 21
-77.8667420000000021
 31
0
  0
LINE
  5
48
330
22
100
AcDbEntity
  8
B.Cu
  6
CONTINUOUS
100
AcDbLine
 10
127.1116009999999932
 20
-77.8667420000000021
 30
0
 11
127.0790930000000003
 21
-77.7033150000000035
 31
0
  0
LINE
  5
49
330
22
100
AcDbEntity
  8
B.Cu
  6
CONTINUOUS
100
AcDbLine
 10
127.0790930000000003
 20
-77.7033150000000035
 30
0
 11
127.0790930000000003
 21
-77.5366849999999914
 31
0
  0
LINE
  5
4A
330
22
100
AcDbEntity
  8
B.Cu
  6
CONTINUOUS
100
AcDbLine
 10
127.0790930000000003
 20
-77.5366849999999914
 30
0
 11
127.1116009999999932
 21
-77.3732579999999928
 31
0
  0
LINE
  5
4B
330
22
100
AcDbEntity
  8
B.Cu
  6
CONTINUOUS
100
AcDbLine
 10
127.1116009999999932
 20
-77.3732579999999928
 30
0
 11
127.1753669999999943
 21
-77.2193129999999996
 31
0
  0
LINE
  5
4C
330
22
100
AcDbEntity
  8
B.Cu
  6
CONTINUOUS
100
AcDbLine
 10
127.1753669999999943
 20
-77.2193129999999996
 30
0
 11
127.2679409999999933
 21
-77.080765999999997
 31
0
  0
LINE
  5
4D
330
22
100
AcDbEntity
  8
B.Cu
  6
CONTINUOUS
100
AcDbLine
 10
127.2679409999999933
 20
-77.080765999999997
 30
0
 11
127.3857659999999896
 21
-76.9629410000000007
 31
0
  0
LINE
  5
4E
330
22
100
AcDbEntity
  8
B.Cu
  6
CONTINUOUS
100
AcDbLine
 10
127.3857659999999896
 20
-76.9629410000000007
 30
0
 11
127.5243129999999923
 21
-76.8703670000000017
 31
0
  0
LINE
  5
4F
330
22
100
AcDbEntity
  8
B.Cu
  6
CONTINUOUS
100
AcDbLine
 10
127.5243129999999923
 20
-76.8703670000000017
 30
0
 11
127.6782579999999996
 21
-76.8066010000000006
 31
0
  0
LINE
  5
50
330
22
100
AcDbEntity
  8
B.Cu
  6
CONTINUOUS
100
AcDbLine
 10
127.6782579999999996
 20
-76.8066010000000006
 30
0
 11
127.8416849999999982
 21
-76.7740929999999935
 31
0
  0
LINE
  5
51
330
22
100
AcDbEntity
  8
B.Cu
  6
CONTINUOUS
100
AcDbLine
 10
127.8416849999999982
 20
-76.7740929999999935
 30
0
 11
127.9249999999999972
 21
-76.769999999999996
 31
0
  0
LINE
  5
52
330
22
100
AcDbEntity
  8
B.Cu
  6
CONTINUOUS
100
AcDbLine
 10
127.9249999999999972
 20
-76.769999999999996
 30
0
 11
129.8249999999999886
 21
-76.769999999999996
 31
0
  0
LINE
  5
53
330
22
100
AcDbEntity
  8
B.Cu
  6
CONTINUOUS
100
AcDbLine
 10
129.8249999999999886
 20
-76.769999999999996
 30
0
 11
129.9083149999999875
 21
-76.7740929999999935
 31
0
  0
LINE
  5
54
330
22
100
AcDbEntity
  8
B.Cu
  6
CONTINUOUS
100
AcDbLine
 10
129.9083149999999875
 20
-74.2340930000000014
 30
0
 11
130.0717420000000004
 21
-74.2666009999999943
 31
0
  0
LINE
  5
55
330
22
100
AcDbEntity
  8
B.Cu
  6
CONTINUOUS
100
AcDbLine
 10
130.0717420000000004
 20
-74.2666009999999943
 30
0
 11
130.2256869999999935
 21
-74.3303669999999954
 31
0
  0
LINE
  5
56
330
22
100
AcDbEntity
  8
B.Cu
  6
CONTINUOUS
100
AcDbLine
 10
130.2256869999999935
 20
-74.3303669999999954
 30
0
 11
130.364233999999982
 21
-74.4229409999999945
 31
0
  0
LINE
  5
57
330
22
100
AcDbEntity
  8
B.Cu
  6
CONTINUOUS
100
AcDbLine
 10
130.364233999999982
 20
-74.4229409999999945
 30
0
 11
130.4820589999999925
 21
-74.5407659999999908
 31
0
  0
LINE
  5
58
330
22
100
AcDbEntity
  8
B.Cu
  6
CONTINUOUS
100
AcDbLine
 10
130.4820589999999925
 20
-74.5407659999999908
 30
0
 11
130.5746330000000057
 21
-74.6793129999999934
 31
0
  0
LINE
  5
59
330
22
100
AcDbEntity
  8
B.Cu
  6
CONTINUOUS
100
AcDbLine
 10
130.5746330000000057
 20
-74.6793129999999934
 30
0
 11
130.6383989999999926
 21
-74.8332580000000007
 31
0
  0
LINE
  5
5A
330
22
100
AcDbEntity
  8
B.Cu
  6
CONTINUOUS
100
AcDbLine
 10
130.6383989999999926
 20
-74.8332580000000007
 30
0
 11
130.6709069999999997
 21
-74.9966849999999994
 31
0
  0
LINE
  5
5B
330
22
100
AcDbEntity
  8
B.Cu
  6
CONTINUOUS
100
AcDbLine
 10
130.6709069999999997
 20
-74.9966849999999994
 30
0
 11
130.6709069999999997
 21
-75.1633149999999972
 31
0
  0
LINE
  5
5C
330
22
100
AcDbEntity
  8
B.Cu
  6
CONTINUOUS
100
AcDbLine
 10
130.6709069999999997
 20
-75.1633149999999972
 30
0
 11
130.6383989999999926
 21
-75.3267419999999959
 31
0
  0
LINE
  5
5D
330
22
100
AcDbEntity
  8
B.Cu
  6
CONTINUOUS
100
AcDbLine
 10
130.6383989999999926
 20
-75.3267419999999959
 30
0
 11
130.5746330000000057
 21
-75.4806870000000032
 31
0
  0
LINE
  5
5E
330
22
100
AcDbEntity
  8
B.Cu
  6
CONTINUOUS
100
AcDbLine
 10
130.5746330000000057
 20
-75.4806870000000032
 30
0
 11
130.4820589999999925
 21
-75.6192339999999916
 31
0
  0
LINE
  5
5F
330
22
100
AcDbEntity
  8
B.Cu
  6
CONTINUOUS
100
AcDbLine
 10
130.4820589999999925
 20
-75.6192339999999916
 30
0
 11
130.364233999999982
 21
-75.7370590000000021
 31
0
  0
LINE
  5
60
330
22
100
AcDbEntity
  8
B.Cu
  6
CONTINUOUS
100
AcDbLine
 10
130.364233999999982
 20
-75.7370590000000021
 30
0
 11
130.2256869999999935
 21
-75.8296330000000012
 31
0
  0
LINE
  5
61
330
22
100
AcDbEntity
  8
B.Cu
  6
CONTINUOUS
100
AcDbLine
 10
130.2256869999999935
 20
-75.8296330000000012
 30
0
 11
130.0717420000000004
 21
-75.8933990000000023
 31
0
  0
LINE
  5
62
330
22
100
AcDbEntity
  8
B.Cu
  6
CONTINUOUS
100
AcDbLine
 10
130.0717420000000004
 20
-75.8933990000000023
 30
0
 11
129.9083149999999875
 21
-75.9259069999999952
 31
0
  0
LINE
  5
63
330
22
100
AcDbEntity
  8
B.Cu
  6
CONTINUOUS
100
AcDbLine
 10
129.9083149999999875
 20
-75.9259069999999952
 30
0
 11
129.8249999999999886
 21
-75.9299999999999926
 31
0
  0
LINE
  5
64
330
22
100
AcDbEntity
  8
B.Cu
  6
CONTINUOUS
100
AcDbLine
 10
129.8249999999999886
 20
-75.9299999999999926
 30
0
 11
127.9249999999999972
 21
-75.9299999999999926
 31
0
  0
LINE
  5
65
330
22
100
AcDbEntity
  8
B.Cu
  6
CONTINUOUS
100
AcDbLine
 10
127.9249999999999972
 20
-75.9299999999999926
 30
0
 11
127.8416849999999982
 21
-75.9259069999999952
 31
0
  0
LINE
  5
66
330
22
100
AcDbEntity
  8
B.Cu
  6
CONTINUOUS
100
AcDbLine
 10
127.8416849999999982
 20
-75.9259069999999952
 30
0
 11
127.6782579999999996
 21
-75.8933990000000023
 31
0
  0
LINE
  5
67
330
22
100
AcDbEntity
  8
B.Cu
  6
CONTINUOUS
100
AcDbLine
 10
127.6782579999999996
 20
-75.8933990000000023
 30
0
 11
127.5243129999999923
 21
-75.8296330000000012
 31
0
  0
LINE
  5
68
330
22
100
AcDbEntity
  8
B.Cu
  6
CONTINUOUS
100
AcDbLine
 10
127.5243129999999923
 20
-75.8296330000000012
 30
0
 11
127.3857659999999896
 21
-75.7370590000000021
 31
0
  0
LINE
  5
69
330
22
100
AcDbEntity
  8
B.Cu
  6
CONTINUOUS
100
AcDbLine
 10
127.3857659999999896
 20
-75.7370590000000021
 30
0
 11
127.2679409999999933
 21
-75.6192339999999916
 31
0
  0
LINE
  5
6A
330
22
100
AcDbEntity
  8
B.Cu
  6
CONTINUOUS
100
AcDbLine
 10
127.2679409999999933
 20
-75.6192339999999916
 30
0
 11
127.1753669999999943
 21
-75.4806870000000032
 31
0
  0
LINE
  5
6B
330
22
100
AcDbEntity
  8
B.Cu
  6
CONTINUOUS
100
AcDbLine
 10
127.1753669999999943
 20
-75.4806870000000032
 30
0
 11
127.1116009999999932
 21
-75.3267419999999959
 31
0
  0
LINE
  5
6C
330
22
100
AcDbEntity
  8
B.Cu
  6
CONTINUOUS
100
AcDbLine
 10
127.1116009999999932
 20
-75.3267419999999959
 30
0
 11
127.0790930000000003
 21
-75.1633149999999972
 31
0
  0
LINE
  5
6D
330
22
100
AcDbEntity
  8
B.Cu
  6
CONTINUOUS
100
AcDbLine
 10
127.0790930000000003
 20
-75.1633149999999972
 30
0
 11
127.0790930000000003
 21
-74.9966849999999994
 31
0
  0
LINE
  5
6E
330
22
100
AcDbEntity
  8
B.Cu
  6
CONTINUOUS
100
AcDbLine
 10
127.0790930000000003
 20
-74.9966849999999994
 30
0
 11
127.1116009999999932
 21
-74.8332580000000007
 31
0
  0
LINE
  5
6F
330
22
100
AcDbEntity
  8
B.Cu
  6
CONTINUOUS
100
AcDbLine
 10
127.1116009999999932
 20
-74.8332580000000007
 30
0
 11
127.1753669999999943
 21
-74.6793129999999934
 31
0
  0
LINE
  5
70
330
22
100
AcDbEntity
  8
B.Cu
  6
CONTINUOUS
100
AcDbLine
 10
127.1753669999999943
 20
-74.6793129999999934
 30
0
 11
127.2679409999999933
 21
-74.5407659999999908
 31
0
  0
LINE
  5
71
330
22
100
AcDbEntity
  8
B.Cu
  6
CONTINUOUS
100
AcDbLine
 10
127.2679409999999933
 20
-74.5407659999999908
 30
0
 11
127.3857659999999896
 21
-74.4229409999999945
 31
0
  0
LINE
  5
72
330
22
100
AcDbEntity
  8
B.Cu
  6
CONTINUOUS
100
AcDbLine
 10
127.3857659999999896
 20
-74.4229409999999945
 30
0
 11
127.5243129999999923
 21
-74.3303669999999954
 31
0
  0
LINE
  5
73
330
22
100
AcDbEntity
  8
B.Cu
  6
CONTINUOUS
100
AcDbLine
 10
127.5243129999999923
 20
-74.3303669999999954
 30
0
 11
127.6782579999999996
 21
-74.2666009999999943
 31
0
  0
LINE
  5
74
330
22
100
AcDbEntity
  8
B.Cu
  6
CONTINUOUS
100
AcDbLine
 10
127.6782579999999996
 20
-74.2666009999999943
 30
0
 11
127.8416849999999982
 21
-74.2340930000000014
 31
0
  0
LINE
  5
75
330
22
100
AcDbEntity
  8
B.Cu
  6
CONTINUOUS
100
AcDbLine
 10
127.8416849999999982
 20
-74.2340930000000014
 30
0
 11
127.9249999999999972
 21
-74.2299999999999898
 31
0
  0
LINE
  5
76
330
22
100
AcDbEntity
  8
B.Cu
  6
CONTINUOUS
100
AcDbLine
 10
127.9249999999999972
 20
-74.2299999999999898
 30
0
 11
129.8249999999999886
 21
-74.2299999999999898
 31
0
  0
LINE
  5
77
330
22
100
AcDbEntity
  8
B.Cu
  6
CONTINUOUS
100
AcDbLine
 10
129.8249999999999886
 20
-74.2299999999999898
 30
0
 11
129.9083149999999875
 21
-74.2340930000000014
 31
0
  0
LINE
  5
78
330
22
100
AcDbEntity
  8
B.Cu
  6
CONTINUOUS
100
AcDbLine
 10
141.7467419999999834
 20
-36.8066010000000006
 30
0
 11
141.9006870000000049
 21
-36.8703670000000017
 31
0
  0
LINE
  5
79
330
22
100
AcDbEntity
  8
B.Cu
  6
CONTINUOUS
100
AcDbLine
 10
141.9006870000000049
 20
-36.8703670000000017
 30
0
 11
142.0392339999999933
 21
-36.9629410000000007
 31
0
  0
LINE
  5
7A
330
22
100
AcDbEntity
  8
B.Cu
  6
CONTINUOUS
100
AcDbLine
 10
142.0392339999999933
 20
-36.9629410000000007
 30
0
 11
142.1570590000000038
 21
-37.080765999999997
 31
0
  0
LINE
  5
7B
330
22
100
AcDbEntity
  8
B.Cu
  6
CONTINUOUS
100
AcDbLine
 10
142.1570590000000038
 20
-37.080765999999997
 30
0
 11
142.2496329999999887
 21
-37.2193129999999996
 31
0
  0
LINE
  5
7C
330
22
100
AcDbEntity
  8
B.Cu
  6
CONTINUOUS
100
AcDbLine
 10
142.2496329999999887
 20
-37.2193129999999996
 30
0
 11
142.313399000000004
 21
-37.3732579999999999
 31
0
  0
LINE
  5
7D
330
22
100
AcDbEntity
  8
B.Cu
  6
CONTINUOUS
100
AcDbLine
 10
142.313399000000004
 20
-37.3732579999999999
 30
0
 11
142.3459069999999826
 21
-37.5366849999999985
 31
0
  0
LINE
  5
7E
330
22
100
AcDbEntity
  8
B.Cu
  6
CONTINUOUS
100
AcDbLine
 10
142.3459069999999826
 20
-37.5366849999999985
 30
0
 11
142.3459069999999826
 21
-37.7033149999999964
 31
0
  0
LINE
  5
7F
330
22
100
AcDbEntity
  8
B.Cu
  6
CONTINUOUS
100
AcDbLine
 10
142.3459069999999826
 20
-37.7033149999999964
 30
0
 11
142.313399000000004
 21
-37.866741999999995
 31
0
  0
LINE
  5
80
330
22
100
AcDbEntity
  8
B.Cu
  6
CONTINUOUS
100
AcDbLine
 10
142.313399000000004
 20
-37.866741999999995
 30
0
 11
142.2496329999999887
 21
-38.0206869999999952
 31
0
  0
LINE
  5
81
330
22
100
AcDbEntity
  8
B.Cu
  6
CONTINUOUS
100
AcDbLine
 10
142.2496329999999887
 20
-38.0206869999999952
 30
0
 11
142.1665099999999882
 21
-38.1450880000000012
 31
0
  0
LINE
  5
82
330
22
100
AcDbEntity
  8
B.Cu
  6
CONTINUOUS
100
AcDbLine
 10
142.1665099999999882
 20
-38.1450880000000012
 30
0
 11
143.7607109999999864
 21
-39.7392899999999969
 31
0
  0
LINE
  5
83
330
22
100
AcDbEntity
  8
B.Cu
  6
CONTINUOUS
100
AcDbLine
 10
143.7607109999999864
 20
-39.7392899999999969
 30
0
 11
143.7731469999999945
 21
-39.7544429999999949
 31
0
  0
LINE
  5
84
330
22
100
AcDbEntity
  8
B.Cu
  6
CONTINUOUS
100
AcDbLine
 10
143.7731469999999945
 20
-39.7544429999999949
 30
0
 11
143.788078999999982
 21
-39.7904909999999958
 31
0
  0
LINE
  5
85
330
22
100
AcDbEntity
  8
B.Cu
  6
CONTINUOUS
100
AcDbLine
 10
143.788078999999982
 20
-39.7904909999999958
 30
0
 11
143.789999999999992
 21
-39.8099999999999952
 31
0
  0
LINE
  5
86
330
22
100
AcDbEntity
  8
B.Cu
  6
CONTINUOUS
100
AcDbLine
 10
143.789999999999992
 20
-39.8099999999999952
 30
0
 11
143.789999999999992
 21
-58.7249999999999943
 31
0
  0
LINE
  5
87
330
22
100
AcDbEntity
  8
B.Cu
  6
CONTINUOUS
100
AcDbLine
 10
143.789999999999992
 20
-58.7249999999999943
 30
0
 11
143.788078999999982
 21
-58.7445090000000008
 31
0
  0
LINE
  5
88
330
22
100
AcDbEntity
  8
B.Cu
  6
CONTINUOUS
100
AcDbLine
 10
143.788078999999982
 20
-58.7445090000000008
 30
0
 11
143.7775199999999813
 21
-58.7699989999999985
 31
0
  0
LINE
  5
89
330
22
100
AcDbEntity
  8
B.Cu
  6
CONTINUOUS
100
AcDbLine
 10
143.7775199999999813
 20
-58.7699989999999985
 30
0
 11
143.7731469999999945
 21
-58.7805579999999992
 31
0
  0
LINE
  5
8A
330
22
100
AcDbEntity
  8
B.Cu
  6
CONTINUOUS
100
AcDbLine
 10
143.7731469999999945
 20
-58.7805579999999992
 30
0
 11
143.7607099999999889
 21
-58.7957109999999972
 31
0
  0
LINE
  5
8B
330
22
100
AcDbEntity
  8
B.Cu
  6
CONTINUOUS
100
AcDbLine
 10
143.7607099999999889
 20
-58.7957109999999972
 30
0
 11
130.5115370000000041
 21
-72.0448839999999961
 31
0
  0
LINE
  5
8C
330
22
100
AcDbEntity
  8
B.Cu
  6
CONTINUOUS
100
AcDbLine
 10
130.5115370000000041
 20
-72.0448839999999961
 30
0
 11
130.5746330000000057
 21
-72.1393130000000014
 31
0
  0
LINE
  5
8D
330
22
100
AcDbEntity
  8
B.Cu
  6
CONTINUOUS
100
AcDbLine
 10
130.5746330000000057
 20
-72.1393130000000014
 30
0
 11
130.6383989999999926
 21
-72.2932579999999945
 31
0
  0
LINE
  5
8E
330
22
100
AcDbEntity
  8
B.Cu
  6
CONTINUOUS
100
AcDbLine
 10
130.6383989999999926
 20
-72.2932579999999945
 30
0
 11
130.6709069999999997
 21
-72.4566849999999931
 31
0
  0
LINE
  5
8F
330
22
100
AcDbEntity
  8
B.Cu
  6
CONTINUOUS
100
AcDbLine
 10
130.6709069999999997
 20
-72.4566849999999931
 30
0
 11
130.6709069999999997
 21
-72.623314999999991
 31
0
  0
LINE
  5
90
330
22
100
AcDbEntity
  8
B.Cu
  6
CONTINUOUS
100
AcDbLine
 10
130.6709069999999997
 20
-72.623314999999991
 30
0
 11
130.6383989999999926
 21
-72.7867419999999896
 31
0
  0
LINE
  5
91
330
22
100
AcDbEntity
  8
B.Cu
  6
CONTINUOUS
100
AcDbLine
 10
130.6383989999999926
 20
-72.7867419999999896
 30
0
 11
130.5746330000000057
 21
-72.9406869999999969
 31
0
  0
LINE
  5
92
330
22
100
AcDbEntity
  8
B.Cu
  6
CONTINUOUS
100
AcDbLine
 10
130.5746330000000057
 20
-72.9406869999999969
 30
0
 11
130.4820589999999925
 21
-73.0792339999999996
 31
0
  0
LINE
  5
93
330
22
100
AcDbEntity
  8
B.Cu
  6
CONTINUOUS
100
AcDbLine
 10
130.4820589999999925
 20
-73.0792339999999996
 30
0
 11
130.364233999999982
 21
-73.1970589999999959
 31
0
  0
LINE
  5
94
330
22
100
AcDbEntity
  8
B.Cu
  6
CONTINUOUS
100
AcDbLine
 10
130.364233999999982
 20
-73.1970589999999959
 30
0
 11
130.2256869999999935
 21
-73.2896329999999949
 31
0
  0
LINE
  5
95
330
22
100
AcDbEntity
  8
B.Cu
  6
CONTINUOUS
100
AcDbLine
 10
130.2256869999999935
 20
-73.2896329999999949
 30
0
 11
130.0717420000000004
 21
-73.353398999999996
 31
0
  0
LINE
  5
96
330
22
100
AcDbEntity
  8
B.Cu
  6
CONTINUOUS
100
AcDbLine
 10
130.0717420000000004
 20
-73.353398999999996
 30
0
 11
129.9083149999999875
 21
-73.3859070000000031
 31
0
  0
LINE
  5
97
330
22
100
AcDbEntity
  8
B.Cu
  6
CONTINUOUS
100
AcDbLine
 10
129.9083149999999875
 20
-73.3859070000000031
 30
0
 11
129.8249999999999886
 21
-73.3900000000000006
 31
0
  0
LINE
  5
98
330
22
100
AcDbEntity
  8
B.Cu
  6
CONTINUOUS
100
AcDbLine
 10
129.8249999999999886
 20
-73.3900000000000006
 30
0
 11
127.9249999999999972
 21
-73.3900000000000006
 31
0
  0
LINE
  5
99
330
22
100
AcDbEntity
  8
B.Cu
  6
CONTINUOUS
100
AcDbLine
 10
127.9249999999999972
 20
-73.3900000000000006
 30
0
 11
127.8416849999999982
 21
-73.3859070000000031
 31
0
  0
LINE
  5
9A
330
22
100
AcDbEntity
  8
B.Cu
  6
CONTINUOUS
100
AcDbLine
 10
127.8416849999999982
 20
-73.3859070000000031
 30
0
 11
127.6782579999999996
 21
-73.353398999999996
 31
0
  0
LINE
  5
9B
330
22
100
AcDbEntity
  8
B.Cu
  6
CONTINUOUS
100
AcDbLine
 10
127.6782579999999996
 20
-73.353398999999996
 30
0
 11
127.5243129999999923
 21
-73.2896329999999949
 31
0
  0
LINE
  5
9C
330
22
100
AcDbEntity
  8
B.Cu
  6
CONTINUOUS
100
AcDbLine
 10
127.5243129999999923
 20
-73.2896329999999949
 30
0
 11
127.3857659999999896
 21
-73.1970589999999959
 31
0
  0
LINE
  5
9D
330
22
100
AcDbEntity
  8
B.Cu
  6
CONTINUOUS
100
AcDbLine
 10
127.3857659999999896
 20
-73.1970589999999959
 30
0
 11
127.2679409999999933
 21
-73.0792339999999996
 31
0
  0
LINE
  5
9E
330
22
100
AcDbEntity
  8
B.Cu
  6
CONTINUOUS
100
AcDbLine
 10
127.2679409999999933
 20
-73.0792339999999996
 30
0
 11
127.1753669999999943
 21
-72.9406869999999969
 31
0
  0
LINE
  5
9F
330
22
100
AcDbEntity
  8
B.Cu
  6
CONTINUOUS
100
AcDbLine
 10
127.1753669999999943
 20
-72.9406869999999969
 30
0
 11
127.1116009999999932
 21
-72.7867419999999896
 31
0
  0
LINE
  5
A0
330
22
100
AcDbEntity
  8
B.Cu
  6
CONTINUOUS
100
AcDbLine
 10
127.1116009999999932
 20
-72.7867419999999896
 30
0
 11
127.0790930000000003
 21
-72.623314999999991
 31
0
  0
LINE
  5
A1
330
22
100
AcDbEntity
  8
B.Cu
  6
CONTINUOUS
100
AcDbLine
 10
127.0790930000000003
 20
-72.623314999999991
 30
0
 11
127.0790930000000003
 21
-72.4566849999999931
 31
0
  0
LINE
  5
A2
330
22
100
AcDbEntity
  8
B.Cu
  6
CONTINUOUS
100
AcDbLine
 10
127.0790930000000003
 20
-72.4566849999999931
 30
0
 11
127.1116009999999932
 21
-72.2932579999999945
 31
0
  0
LINE
  5
A3
330
22
100
AcDbEntity
  8
B.Cu
  6
CONTINUOUS
100
AcDbLine
 10
127.1116009999999932
 20
-72.2932579999999945
 30
0
 11
127.1753669999999943
 21
-72.1393130000000014
 31
0
  0
LINE
  5
A4
330
22
100
AcDbEntity
  8
B.Cu
  6
CONTINUOUS
100
AcDbLine
 10
127.1753669999999943
 20
-72.1393130000000014
 30
0
 11
127.2679409999999933
 21
-72.0007659999999987
 31
0
  0
LINE
  5
A5
330
22
100
AcDbEntity
  8
B.Cu
  6
CONTINUOUS
100
AcDbLine
 10
127.2679409999999933
 20
-72.0007659999999987
 30
0
 11
127.3857659999999896
 21
-71.8829410000000024
 31
0
  0
LINE
  5
A6
330
22
100
AcDbEntity
  8
B.Cu
  6
CONTINUOUS
100
AcDbLine
 10
127.3857659999999896
 20
-71.8829410000000024
 30
0
 11
127.5243129999999923
 21
-71.7903670000000034
 31
0
  0
LINE
  5
A7
330
22
100
AcDbEntity
  8
B.Cu
  6
CONTINUOUS
100
AcDbLine
 10
127.5243129999999923
 20
-71.7903670000000034
 30
0
 11
127.6782579999999996
 21
-71.7266010000000023
 31
0
  0
LINE
  5
A8
330
22
100
AcDbEntity
  8
B.Cu
  6
CONTINUOUS
100
AcDbLine
 10
127.6782579999999996
 20
-71.7266010000000023
 30
0
 11
127.8416849999999982
 21
-71.6940929999999952
 31
0
  0
LINE
  5
A9
330
22
100
AcDbEntity
  8
B.Cu
  6
CONTINUOUS
100
AcDbLine
 10
127.8416849999999982
 20
-71.6940929999999952
 30
0
 11
127.9249999999999972
 21
-71.6899999999999977
 31
0
  0
LINE
  5
AA
330
22
100
AcDbEntity
  8
B.Cu
  6
CONTINUOUS
100
AcDbLine
 10
127.9249999999999972
 20
-71.6899999999999977
 30
0
 11
129.8249999999999886
 21
-71.6899999999999977
 31
0
  0
LINE
  5
AB
330
22
100
AcDbEntity
  8
B.Cu
  6
CONTINUOUS
100
AcDbLine
 10
129.8249999999999886
 20
-71.6899999999999977
 30
0
 11
129.9083149999999875
 21
-71.6940929999999952
 31
0
  0
LINE
  5
AC
330
22
100
AcDbEntity
  8
B.Cu
  6
CONTINUOUS
100
AcDbLine
 10
129.9083149999999875
 20
-71.6940929999999952
 30
0
 11
130.0717420000000004
 21
-71.7266010000000023
 31
0
  0
LINE
  5
AD
330
22
100
AcDbEntity
  8
B.Cu
  6
CONTINUOUS
100
AcDbLine
 10
130.0717420000000004
 20
-71.7266010000000023
 30
0
 11
130.2256869999999935
 21
-71.7903670000000034
 31
0
  0
LINE
  5
AE
330
22
100
AcDbEntity
  8
B.Cu
  6
CONTINUOUS
100
AcDbLine
 10
130.2256869999999935
 20
-71.7903670000000034
 30
0
 11
130.364233999999982
 21
-71.8829410000000024
 31
0
  0
LINE
  5
AF
330
22
100
AcDbEntity
  8
B.Cu
  6
CONTINUOUS
100
AcDbLine
 10
130.364233999999982
 20
-71.8829410000000024
 30
0
 11
130.3774349999999913
 21
-71.8961419999999976
 31
0
  0
LINE
  5
B0
330
22
100
AcDbEntity
  8
B.Cu
  6
CONTINUOUS
100
AcDbLine
 10
130.3774349999999913
 20
-71.8961419999999976
 30
0
 11
143.5900000000000034
 21
-58.6835779999999971
 31
0
  0
LINE
  5
B1
330
22
100
AcDbEntity
  8
B.Cu
  6
CONTINUOUS
100
AcDbLine
 10
143.5900000000000034
 20
-58.6835779999999971
 30
0
 11
143.5900000000000034
 21
-39.8514209999999949
 31
0
  0
LINE
  5
B2
330
22
100
AcDbEntity
  8
B.Cu
  6
CONTINUOUS
100
AcDbLine
 10
143.5900000000000034
 20
-39.8514209999999949
 30
0
 11
142.0250879999999825
 21
-38.2865099999999998
 31
0
  0
LINE
  5
B3
330
22
100
AcDbEntity
  8
B.Cu
  6
CONTINUOUS
100
AcDbLine
 10
142.0250879999999825
 20
-38.2865099999999998
 30
0
 11
141.9006870000000049
 21
-38.3696330000000003
 31
0
  0
LINE
  5
B4
330
22
100
AcDbEntity
  8
B.Cu
  6
CONTINUOUS
100
AcDbLine
 10
141.9006870000000049
 20
-38.3696330000000003
 30
0
 11
141.7467419999999834
 21
-38.4333990000000014
 31
0
  0
LINE
  5
B5
330
22
100
AcDbEntity
  8
B.Cu
  6
CONTINUOUS
100
AcDbLine
 10
141.7467419999999834
 20
-38.4333990000000014
 30
0
 11
141.5833149999999989
 21
-38.4659070000000014
 31
0
  0
LINE
  5
B6
330
22
100
AcDbEntity
  8
B.Cu
  6
CONTINUOUS
100
AcDbLine
 10
141.5833149999999989
 20
-38.4659070000000014
 30
0
 11
141.4166850000000011
 21
-38.4659070000000014
 31
0
  0
LINE
  5
B7
330
22
100
AcDbEntity
  8
B.Cu
  6
CONTINUOUS
100
AcDbLine
 10
141.4166850000000011
 20
-38.4659070000000014
 30
0
 11
141.2532579999999882
 21
-38.4333990000000014
 31
0
  0
LINE
  5
B8
330
22
100
AcDbEntity
  8
B.Cu
  6
CONTINUOUS
100
AcDbLine
 10
141.2532579999999882
 20
-38.4333990000000014
 30
0
 11
141.0993129999999951
 21
-38.3696330000000003
 31
0
  0
LINE
  5
B9
330
22
100
AcDbEntity
  8
B.Cu
  6
CONTINUOUS
100
AcDbLine
 10
141.0993129999999951
 20
-38.3696330000000003
 30
0
 11
140.9607660000000067
 21
-38.2770590000000013
 31
0
  0
LINE
  5
BA
330
22
100
AcDbEntity
  8
B.Cu
  6
CONTINUOUS
100
AcDbLine
 10
140.9607660000000067
 20
-38.2770590000000013
 30
0
 11
140.8429409999999962
 21
-38.1592339999999979
 31
0
  0
LINE
  5
BB
330
22
100
AcDbEntity
  8
B.Cu
  6
CONTINUOUS
100
AcDbLine
 10
140.8429409999999962
 20
-38.1592339999999979
 30
0
 11
140.7503669999999829
 21
-38.0206869999999952
 31
0
  0
LINE
  5
BC
330
22
100
AcDbEntity
  8
B.Cu
  6
CONTINUOUS
100
AcDbLine
 10
140.7503669999999829
 20
-38.0206869999999952
 30
0
 11
140.686600999999996
 21
-37.866741999999995
 31
0
  0
LINE
  5
BD
330
22
100
AcDbEntity
  8
B.Cu
  6
CONTINUOUS
100
AcDbLine
 10
140.686600999999996
 20
-37.866741999999995
 30
0
 11
140.6540929999999889
 21
-37.7033149999999964
 31
0
  0
LINE
  5
BE
330
22
100
AcDbEntity
  8
B.Cu
  6
CONTINUOUS
100
AcDbLine
 10
140.6540929999999889
 20
-37.7033149999999964
 30
0
 11
140.6540929999999889
 21
-37.5366849999999985
 31
0
  0
LINE
  5
BF
330
22
100
AcDbEntity
  8
B.Cu
  6
CONTINUOUS
100
AcDbLine
 10
140.6540929999999889
 20
-37.5366849999999985
 30
0
 11
140.686600999999996
 21
-37.3732579999999999
 31
0
  0
LINE
  5
C0
330
22
100
AcDbEntity
  8
B.Cu
  6
CONTINUOUS
100
AcDbLine
 10
140.686600999999996
 20
-37.3732579999999999
 30
0
 11
140.7503669999999829
 21
-37.2193129999999996
 31
0
  0
LINE
  5
C1
330
22
100
AcDbEntity
  8
B.Cu
  6
CONTINUOUS
100
AcDbLine
 10
140.7503669999999829
 20
-37.2193129999999996
 30
0
 11
140.8429409999999962
 21
-37.080765999999997
 31
0
  0
LINE
  5
C2
330
22
100
AcDbEntity
  8
B.Cu
  6
CONTINUOUS
100
AcDbLine
 10
140.8429409999999962
 20
-37.080765999999997
 30
0
 11
140.9607660000000067
 21
-36.9629410000000007
 31
0
  0
LINE
  5
C3
330
22
100
AcDbEntity
  8
B.Cu
  6
CONTINUOUS
100
AcDbLine
 10
140.9607660000000067
 20
-36.9629410000000007
 30
0
 11
141.0993129999999951
 21
-36.8703670000000017
 31
0
  0
LINE
  5
C4
330
22
100
AcDbEntity
  8
B.Cu
  6
CONTINUOUS
100
AcDbLine
 10
141.0993129999999951
 20
-36.8703670000000017
 30
0
 11
141.2532579999999882
 21
-36.8066010000000006
 31
0
  0
LINE
  5
C5
330
22
100
AcDbEntity
  8
B.Cu
  6
CONTINUOUS
100
AcDbLine
 10
141.2532579999999882
 20
-36.8066010000000006
 30
0
 11
141.4166850000000011
 21
-36.7740930000000006
 31
0
  0
LINE
  5
C6
330
22
100
AcDbEntity
  8
B.Cu
  6
CONTINUOUS
100
AcDbLine
 10
141.4166850000000011
 20
-36.7740930000000006
 30
0
 11
141.5833149999999989
 21
-36.7740930000000006
 31
0
  0
LINE
  5
C7
330
22
100
AcDbEntity
  8
B.Cu
  6
CONTINUOUS
100
AcDbLine
 10
141.5833149999999989
 20
-36.7740930000000006
 30
0
 11
141.7467419999999834
 21
-36.8066010000000006
 31
0
  0
LINE
  5
C8
330
22
100
AcDbEntity
  8
B.Cu
  6
CONTINUOUS
100
AcDbLine
 10
125.2902849999999972
 20
-71.043059999999997
 30
0
 11
125.4713969999999961
 21
-71.1180789999999945
 31
0
  0
LINE
  5
C9
330
22
100
AcDbEntity
  8
B.Cu
  6
CONTINUOUS
100
AcDbLine
 10
125.4713969999999961
 20
-71.1180789999999945
 30
0
 11
125.6343929999999887
 21
-71.2269900000000007
 31
0
  0
LINE
  5
CA
330
22
100
AcDbEntity
  8
B.Cu
  6
CONTINUOUS
100
AcDbLine
 10
125.6343929999999887
 20
-71.2269900000000007
 30
0
 11
125.7730099999999993
 21
-71.3656069999999971
 31
0
  0
LINE
  5
CB
330
22
100
AcDbEntity
  8
B.Cu
  6
CONTINUOUS
100
AcDbLine
 10
125.7730099999999993
 20
-71.3656069999999971
 30
0
 11
125.8819209999999913
 21
-71.5286029999999897
 31
0
  0
LINE
  5
CC
330
22
100
AcDbEntity
  8
B.Cu
  6
CONTINUOUS
100
AcDbLine
 10
125.8819209999999913
 20
-71.5286029999999897
 30
0
 11
125.9569399999999888
 21
-71.7097150000000028
 31
0
  0
LINE
  5
CD
330
22
100
AcDbEntity
  8
B.Cu
  6
CONTINUOUS
100
AcDbLine
 10
125.9569399999999888
 20
-71.7097150000000028
 30
0
 11
125.9951849999999922
 21
-71.9019830000000013
 31
0
  0
LINE
  5
CE
330
22
100
AcDbEntity
  8
B.Cu
  6
CONTINUOUS
100
AcDbLine
 10
125.9951849999999922
 20
-71.9019830000000013
 30
0
 11
125.9951849999999922
 21
-72.0980169999999987
 31
0
  0
LINE
  5
CF
330
22
100
AcDbEntity
  8
B.Cu
  6
CONTINUOUS
100
AcDbLine
 10
125.9951849999999922
 20
-72.0980169999999987
 30
0
 11
125.9569399999999888
 21
-72.2902849999999972
 31
0
  0
LINE
  5
D0
330
22
100
AcDbEntity
  8
B.Cu
  6
CONTINUOUS
100
AcDbLine
 10
125.9569399999999888
 20
-72.2902849999999972
 30
0
 11
125.8819209999999913
 21
-72.4713969999999961
 31
0
  0
LINE
  5
D1
330
22
100
AcDbEntity
  8
B.Cu
  6
CONTINUOUS
100
AcDbLine
 10
125.8819209999999913
 20
-72.4713969999999961
 30
0
 11
125.7730099999999993
 21
-72.6343930000000029
 31
0
  0
LINE
  5
D2
330
22
100
AcDbEntity
  8
B.Cu
  6
CONTINUOUS
100
AcDbLine
 10
125.7730099999999993
 20
-72.6343930000000029
 30
0
 11
125.6343929999999887
 21
-72.7730099999999993
 31
0
  0
LINE
  5
D3
330
22
100
AcDbEntity
  8
B.Cu
  6
CONTINUOUS
100
AcDbLine
 10
125.6343929999999887
 20
-72.7730099999999993
 30
0
 11
125.4713969999999961
 21
-72.8819209999999913
 31
0
  0
LINE
  5
D4
330
22
100
AcDbEntity
  8
B.Cu
  6
CONTINUOUS
100
AcDbLine
 10
125.4713969999999961
 20
-72.8819209999999913
 30
0
 11
125.2902849999999972
 21
-72.956940000000003
 31
0
  0
LINE
  5
D5
330
22
100
AcDbEntity
  8
B.Cu
  6
CONTINUOUS
100
AcDbLine
 10
125.2902849999999972
 20
-72.956940000000003
 30
0
 11
125.0980169999999987
 21
-72.9951849999999922
 31
0
  0
LINE
  5
D6
330
22
100
AcDbEntity
  8
B.Cu
  6
CONTINUOUS
100
AcDbLine
 10
125.0980169999999987
 20
-72.9951849999999922
 30
0
 11
124.9019830000000013
 21
-72.9951849999999922
 31
0
  0
LINE
  5
D7
330
22
100
AcDbEntity
  8
B.Cu
  6
CONTINUOUS
100
AcDbLine
 10
124.9019830000000013
 20
-72.9951849999999922
 30
0
 11
124.7097149999999885
 21
-72.956940000000003
 31
0
  0
LINE
  5
D8
330
22
100
AcDbEntity
  8
B.Cu
  6
CONTINUOUS
100
AcDbLine
 10
124.7097149999999885
 20
-72.956940000000003
 30
0
 11
124.5286029999999897
 21
-72.8819209999999913
 31
0
  0
LINE
  5
D9
330
22
100
AcDbEntity
  8
B.Cu
  6
CONTINUOUS
100
AcDbLine
 10
124.5286029999999897
 20
-72.8819209999999913
 30
0
 11
124.3656069999999971
 21
-72.7730099999999993
 31
0
  0
LINE
  5
DA
330
22
100
AcDbEntity
  8
B.Cu
  6
CONTINUOUS
100
AcDbLine
 10
124.3656069999999971
 20
-72.7730099999999993
 30
0
 11
124.2269900000000007
 21
-72.6343930000000029
 31
0
  0
LINE
  5
DB
330
22
100
AcDbEntity
  8
B.Cu
  6
CONTINUOUS
100
AcDbLine
 10
124.2269900000000007
 20
-72.6343930000000029
 30
0
 11
124.1180789999999945
 21
-72.4713969999999961
 31
0
  0
LINE
  5
DC
330
22
100
AcDbEntity
  8
B.Cu
  6
CONTINUOUS
100
AcDbLine
 10
124.1180789999999945
 20
-72.4713969999999961
 30
0
 11
124.043059999999997
 21
-72.2902849999999972
 31
0
  0
LINE
  5
DD
330
22
100
AcDbEntity
  8
B.Cu
  6
CONTINUOUS
100
AcDbLine
 10
124.043059999999997
 20
-72.2902849999999972
 30
0
 11
124.0048149999999936
 21
-72.0980169999999987
 31
0
  0
LINE
  5
DE
330
22
100
AcDbEntity
  8
B.Cu
  6
CONTINUOUS
100
AcDbLine
 10
124.0048149999999936
 20
-72.0980169999999987
 30
0
 11
124.0048149999999936
 21
-71.9019830000000013
 31
0
  0
LINE
  5
DF
330
22
100
AcDbEntity
  8
B.Cu
  6
CONTINUOUS
100
AcDbLine
 10
124.0048149999999936
 20
-71.9019830000000013
 30
0
 11
124.043059999999997
 21
-71.7097150000000028
 31
0
  0
LINE
  5
E0
330
22
100
AcDbEntity
  8
B.Cu
  6
CONTINUOUS
100
AcDbLine
 10
124.043059999999997
 20
-71.7097150000000028
 30
0
 11
124.1180789999999945
 21
-71.5286029999999897
 31
0
  0
LINE
  5
E1
330
22
100
AcDbEntity
  8
B.Cu
  6
CONTINUOUS
100
AcDbLine
 10
124.1180789999999945
 20
-71.5286029999999897
 30
0
 11
124.2269900000000007
 21
-71.3656069999999971
 31
0
  0
LINE
  5
E2
330
22
100
AcDbEntity
  8
B.Cu
  6
CONTINUOUS
100
AcDbLine
 10
124.2269900000000007
 20
-71.3656069999999971
 30
0
 11
124.3656069999999971
 21
-71.2269900000000007
 31
0
  0
LINE
  5
E3
330
22
100
AcDbEntity
  8
B.Cu
  6
CONTINUOUS
100
AcDbLine
 10
124.3656069999999971
 20
-71.2269900000000007
 30
0
 11
124.5286029999999897
 21
-71.1180789999999945
 31
0
  0
LINE
  5
E4
330
22
100
AcDbEntity
  8
B.Cu
  6
CONTINUOUS
100
AcDbLine
 10
124.5286029999999897
 20
-71.1180789999999945
 30
0
 11
124.7097149999999885
 21
-71.043059999999997
 31
0
  0
LINE
  5
E5
330
22
100
AcDbEntity
  8
B.Cu
  6
CONTINUOUS
100
AcDbLine
 10
124.7097149999999885
 20
-71.043059999999997
 30
0
 11
124.9019830000000013
 21
-71.0048149999999936
 31
0
  0
LINE
  5
E6
330
22
100
AcDbEntity
  8
B.Cu
  6
CONTINUOUS
100
AcDbLine
 10
124.9019830000000013
 20
-71.0048149999999936
 30
0
 11
125.0980169999999987
 21
-71.0048149999999936
 31
0
  0
LINE
  5
E7
330
22
100
AcDbEntity
  8
B.Cu
  6
CONTINUOUS
100
AcDbLine
 10
125.0980169999999987
 20
-71.0048149999999936
 30
0
 11
125.2902849999999972
 21
-71.043059999999997
 31
0
  0
LINE
  5
E8
330
22
100
AcDbEntity
  8
B.Cu
  6
CONTINUOUS
100
AcDbLine
 10
129.9083149999999875
 20
-69.1540930000000031
 30
0
 11
130.0717420000000004
 21
-69.186600999999996
 31
0
  0
LINE
  5
E9
330
22
100
AcDbEntity
  8
B.Cu
  6
CONTINUOUS
100
AcDbLine
 10
130.0717420000000004
 20
-69.186600999999996
 30
0
 11
130.2256869999999935
 21
-69.2503669999999971
 31
0
  0
LINE
  5
EA
330
22
100
AcDbEntity
  8
B.Cu
  6
CONTINUOUS
100
AcDbLine
 10
130.2256869999999935
 20
-69.2503669999999971
 30
0
 11
130.364233999999982
 21
-69.3429409999999962
 31
0
  0
LINE
  5
EB
330
22
100
AcDbEntity
  8
B.Cu
  6
CONTINUOUS
100
AcDbLine
 10
130.364233999999982
 20
-69.3429409999999962
 30
0
 11
130.4820589999999925
 21
-69.4607659999999925
 31
0
  0
LINE
  5
EC
330
22
100
AcDbEntity
  8
B.Cu
  6
CONTINUOUS
100
AcDbLine
 10
130.4820589999999925
 20
-69.4607659999999925
 30
0
 11
130.5746330000000057
 21
-69.5993129999999951
 31
0
  0
LINE
  5
ED
330
22
100
AcDbEntity
  8
B.Cu
  6
CONTINUOUS
100
AcDbLine
 10
130.5746330000000057
 20
-69.5993129999999951
 30
0
 11
130.6383989999999926
 21
-69.7532580000000024
 31
0
  0
LINE
  5
EE
330
22
100
AcDbEntity
  8
B.Cu
  6
CONTINUOUS
100
AcDbLine
 10
130.6383989999999926
 20
-69.7532580000000024
 30
0
 11
130.6709069999999997
 21
-69.9166850000000011
 31
0
  0
LINE
  5
EF
330
22
100
AcDbEntity
  8
B.Cu
  6
CONTINUOUS
100
AcDbLine
 10
130.6709069999999997
 20
-69.9166850000000011
 30
0
 11
130.6709069999999997
 21
-70.0833149999999989
 31
0
  0
LINE
  5
F0
330
22
100
AcDbEntity
  8
B.Cu
  6
CONTINUOUS
100
AcDbLine
 10
130.6709069999999997
 20
-70.0833149999999989
 30
0
 11
130.6383989999999926
 21
-70.2467419999999976
 31
0
  0
LINE
  5
F1
330
22
100
AcDbEntity
  8
B.Cu
  6
CONTINUOUS
100
AcDbLine
 10
130.6383989999999926
 20
-70.2467419999999976
 30
0
 11
130.5746330000000057
 21
-70.4006869999999907
 31
0
  0
LINE
  5
F2
330
22
100
AcDbEntity
  8
B.Cu
  6
CONTINUOUS
100
AcDbLine
 10
130.5746330000000057
 20
-70.4006869999999907
 30
0
 11
130.4820589999999925
 21
-70.5392339999999933
 31
0
  0
LINE
  5
F3
330
22
100
AcDbEntity
  8
B.Cu
  6
CONTINUOUS
100
AcDbLine
 10
130.4820589999999925
 20
-70.5392339999999933
 30
0
 11
130.364233999999982
 21
-70.6570590000000038
 31
0
  0
LINE
  5
F4
330
22
100
AcDbEntity
  8
B.Cu
  6
CONTINUOUS
100
AcDbLine
 10
130.364233999999982
 20
-70.6570590000000038
 30
0
 11
130.2256869999999935
 21
-70.7496330000000029
 31
0
  0
LINE
  5
F5
330
22
100
AcDbEntity
  8
B.Cu
  6
CONTINUOUS
100
AcDbLine
 10
130.2256869999999935
 20
-70.7496330000000029
 30
0
 11
130.0717420000000004
 21
-70.8133989999999898
 31
0
  0
LINE
  5
F6
330
22
100
AcDbEntity
  8
B.Cu
  6
CONTINUOUS
100
AcDbLine
 10
130.0717420000000004
 20
-70.8133989999999898
 30
0
 11
129.9083149999999875
 21
-70.8459069999999969
 31
0
  0
LINE
  5
F7
330
22
100
AcDbEntity
  8
B.Cu
  6
CONTINUOUS
100
AcDbLine
 10
129.9083149999999875
 20
-70.8459069999999969
 30
0
 11
129.8249999999999886
 21
-70.8499999999999943
 31
0
  0
LINE
  5
F8
330
22
100
AcDbEntity
  8
B.Cu
  6
CONTINUOUS
100
AcDbLine
 10
129.8249999999999886
 20
-70.8499999999999943
 30
0
 11
127.9249999999999972
 21
-70.8499999999999943
 31
0
  0
LINE
  5
F9
330
22
100
AcDbEntity
  8
B.Cu
  6
CONTINUOUS
100
AcDbLine
 10
127.9249999999999972
 20
-70.8499999999999943
 30
0
 11
127.8416849999999982
 21
-70.8459069999999969
 31
0
  0
LINE
  5
FA
330
22
100
AcDbEntity
  8
B.Cu
  6
CONTINUOUS
100
AcDbLine
 10
127.8416849999999982
 20
-70.8459069999999969
 30
0
 11
127.6782579999999996
 21
-70.8133989999999898
 31
0
  0
LINE
  5
FB
330
22
100
AcDbEntity
  8
B.Cu
  6
CONTINUOUS
100
AcDbLine
 10
127.6782579999999996
 20
-70.8133989999999898
 30
0
 11
127.5243129999999923
 21
-70.7496330000000029
 31
0
  0
LINE
  5
FC
330
22
100
AcDbEntity
  8
B.Cu
  6
CONTINUOUS
100
AcDbLine
 10
127.5243129999999923
 20
-70.7496330000000029
 30
0
 11
127.3857659999999896
 21
-70.6570590000000038
 31
0
  0
LINE
  5
FD
330
22
100
AcDbEntity
  8
B.Cu
  6
CONTINUOUS
100
AcDbLine
 10
127.3857659999999896
 20
-70.6570590000000038
 30
0
 11
127.2679409999999933
 21
-70.5392339999999933
 31
0
  0
LINE
  5
FE
330
22
100
AcDbEntity
  8
B.Cu
  6
CONTINUOUS
100
AcDbLine
 10
127.2679409999999933
 20
-70.5392339999999933
 30
0
 11
127.1753669999999943
 21
-70.4006869999999907
 31
0
  0
LINE
  5
FF
330
22
100
AcDbEntity
  8
B.Cu
  6
CONTINUOUS
100
AcDbLine
 10
127.1753669999999943
 20
-70.4006869999999907
 30
0
 11
127.1116009999999932
 21
-70.2467419999999976
 31
0
  0
LINE
  5
100
330
22
100
AcDbEntity
  8
B.Cu
  6
CONTINUOUS
100
AcDbLine
 10
127.1116009999999932
 20
-70.2467419999999976
 30
0
 11
127.0790930000000003
 21
-70.0833149999999989
 31
0
  0
LINE
  5
101
330
22
100
AcDbEntity
  8
B.Cu
  6
CONTINUOUS
100
AcDbLine
 10
127.0790930000000003
 20
-70.0833149999999989
 30
0
 11
127.0790930000000003
 21
-69.9166850000000011
 31
0
  0
LINE
  5
102
330
22
100
AcDbEntity
  8
B.Cu
  6
CONTINUOUS
100
AcDbLine
 10
127.0790930000000003
 20
-69.9166850000000011
 30
0
 11
127.1116009999999932
 21
-69.7532580000000024
 31
0
  0
LINE
  5
103
330
22
100
AcDbEntity
  8
B.Cu
  6
CONTINUOUS
100
AcDbLine
 10
127.1116009999999932
 20
-69.7532580000000024
 30
0
 11
127.1753669999999943
 21
-69.5993129999999951
 31
0
  0
LINE
  5
104
330
22
100
AcDbEntity
  8
B.Cu
  6
CONTINUOUS
100
AcDbLine
 10
127.1753669999999943
 20
-69.5993129999999951
 30
0
 11
127.2679409999999933
 21
-69.4607659999999925
 31
0
  0
LINE
  5
105
330
22
100
AcDbEntity
  8
B.Cu
  6
CONTINUOUS
100
AcDbLine
 10
127.2679409999999933
 20
-69.4607659999999925
 30
0
 11
127.3857659999999896
 21
-69.3429409999999962
 31
0
  0
LINE
  5
106
330
22
100
AcDbEntity
  8
B.Cu
  6
CONTINUOUS
100
AcDbLine
 10
127.3857659999999896
 20
-69.3429409999999962
 30
0
 11
127.5243129999999923
 21
-69.2503669999999971
 31
0
  0
LINE
  5
107
330
22
100
AcDbEntity
  8
B.Cu
  6
CONTINUOUS
100
AcDbLine
 10
127.5243129999999923
 20
-69.2503669999999971
 30
0
 11
127.6782579999999996
 21
-69.186600999999996
 31
0
  0
LINE
  5
108
330
22
100
AcDbEntity
  8
B.Cu
  6
CONTINUOUS
100
AcDbLine
 10
127.6782579999999996
 20
-69.186600999999996
 30
0
 11
127.8416849999999982
 21
-69.1540930000000031
 31
0
  0
LINE
  5
109
330
22
100
AcDbEntity
  8
B.Cu
  6
CONTINUOUS
100
AcDbLine
 10
127.8416849999999982
 20
-69.1540930000000031
 30
0
 11
127.9249999999999972
 21
-69.1499999999999915
 31
0
  0
LINE
  5
10A
330
22
100
AcDbEntity
  8
B.Cu
  6
CONTINUOUS
100
AcDbLine
 10
127.9249999999999972
 20
-69.1499999999999915
 30
0
 11
129.8249999999999886
 21
-69.1499999999999915
 31
0
  0
LINE
  5
10B
330
22
100
AcDbEntity
  8
B.Cu
  6
CONTINUOUS
100
AcDbLine
 10
129.8249999999999886
 20
-69.1499999999999915
 30
0
 11
129.9083149999999875
 21
-69.1540930000000031
 31
0
  0
LINE
  5
10C
330
22
100
AcDbEntity
  8
B.Cu
  6
CONTINUOUS
100
AcDbLine
 10
129.9083149999999875
 20
-66.6140929999999969
 30
0
 11
130.0717420000000004
 21
-66.646601000000004
 31
0
  0
LINE
  5
10D
330
22
100
AcDbEntity
  8
B.Cu
  6
CONTINUOUS
100
AcDbLine
 10
130.0717420000000004
 20
-66.646601000000004
 30
0
 11
130.2256869999999935
 21
-66.7103669999999909
 31
0
  0
LINE
  5
10E
330
22
100
AcDbEntity
  8
B.Cu
  6
CONTINUOUS
100
AcDbLine
 10
130.2256869999999935
 20
-66.7103669999999909
 30
0
 11
130.364233999999982
 21
-66.8029409999999899
 31
0
  0
LINE
  5
10F
330
22
100
AcDbEntity
  8
B.Cu
  6
CONTINUOUS
100
AcDbLine
 10
130.364233999999982
 20
-66.8029409999999899
 30
0
 11
130.4820589999999925
 21
-66.9207660000000004
 31
0
  0
LINE
  5
110
330
22
100
AcDbEntity
  8
B.Cu
  6
CONTINUOUS
100
AcDbLine
 10
130.4820589999999925
 20
-66.9207660000000004
 30
0
 11
130.5746330000000057
 21
-67.0593130000000031
 31
0
  0
LINE
  5
111
330
22
100
AcDbEntity
  8
B.Cu
  6
CONTINUOUS
100
AcDbLine
 10
130.5746330000000057
 20
-67.0593130000000031
 30
0
 11
130.6383989999999926
 21
-67.2132579999999962
 31
0
  0
LINE
  5
112
330
22
100
AcDbEntity
  8
B.Cu
  6
CONTINUOUS
100
AcDbLine
 10
130.6383989999999926
 20
-67.2132579999999962
 30
0
 11
130.6709069999999997
 21
-67.3766849999999948
 31
0
  0
LINE
  5
113
330
22
100
AcDbEntity
  8
B.Cu
  6
CONTINUOUS
100
AcDbLine
 10
130.6709069999999997
 20
-67.3766849999999948
 30
0
 11
130.6709069999999997
 21
-67.5433149999999927
 31
0
  0
LINE
  5
114
330
22
100
AcDbEntity
  8
B.Cu
  6
CONTINUOUS
100
AcDbLine
 10
130.6709069999999997
 20
-67.5433149999999927
 30
0
 11
130.6383989999999926
 21
-67.7067419999999913
 31
0
  0
LINE
  5
115
330
22
100
AcDbEntity
  8
B.Cu
  6
CONTINUOUS
100
AcDbLine
 10
130.6383989999999926
 20
-67.7067419999999913
 30
0
 11
130.5746330000000057
 21
-67.8606869999999986
 31
0
  0
LINE
  5
116
330
22
100
AcDbEntity
  8
B.Cu
  6
CONTINUOUS
100
AcDbLine
 10
130.5746330000000057
 20
-67.8606869999999986
 30
0
 11
130.4820589999999925
 21
-67.9992340000000013
 31
0
  0
LINE
  5
117
330
22
100
AcDbEntity
  8
B.Cu
  6
CONTINUOUS
100
AcDbLine
 10
130.4820589999999925
 20
-67.9992340000000013
 30
0
 11
130.364233999999982
 21
-68.1170589999999976
 31
0
  0
LINE
  5
118
330
22
100
AcDbEntity
  8
B.Cu
  6
CONTINUOUS
100
AcDbLine
 10
130.364233999999982
 20
-68.1170589999999976
 30
0
 11
130.2256869999999935
 21
-68.2096329999999966
 31
0
  0
LINE
  5
119
330
22
100
AcDbEntity
  8
B.Cu
  6
CONTINUOUS
100
AcDbLine
 10
130.2256869999999935
 20
-68.2096329999999966
 30
0
 11
130.0717420000000004
 21
-68.2733989999999977
 31
0
  0
LINE
  5
11A
330
22
100
AcDbEntity
  8
B.Cu
  6
CONTINUOUS
100
AcDbLine
 10
130.0717420000000004
 20
-68.2733989999999977
 30
0
 11
129.9083149999999875
 21
-68.3059069999999906
 31
0
  0
LINE
  5
11B
330
22
100
AcDbEntity
  8
B.Cu
  6
CONTINUOUS
100
AcDbLine
 10
129.9083149999999875
 20
-68.3059069999999906
 30
0
 11
129.8249999999999886
 21
-68.3100000000000023
 31
0
  0
LINE
  5
11C
330
22
100
AcDbEntity
  8
B.Cu
  6
CONTINUOUS
100
AcDbLine
 10
129.8249999999999886
 20
-68.3100000000000023
 30
0
 11
127.9249999999999972
 21
-68.3100000000000023
 31
0
  0
LINE
  5
11D
330
22
100
AcDbEntity
  8
B.Cu
  6
CONTINUOUS
100
AcDbLine
 10
127.9249999999999972
 20
-68.3100000000000023
 30
0
 11
127.8416849999999982
 21
-68.3059069999999906
 31
0
  0
LINE
  5
11E
330
22
100
AcDbEntity
  8
B.Cu
  6
CONTINUOUS
100
AcDbLine
 10
127.8416849999999982
 20
-68.3059069999999906
 30
0
 11
127.6782579999999996
 21
-68.2733989999999977
 31
0
  0
LINE
  5
11F
330
22
100
AcDbEntity
  8
B.Cu
  6
CONTINUOUS
100
AcDbLine
 10
127.6782579999999996
 20
-68.2733989999999977
 30
0
 11
127.5243129999999923
 21
-68.2096329999999966
 31
0
  0
LINE
  5
120
330
22
100
AcDbEntity
  8
B.Cu
  6
CONTINUOUS
100
AcDbLine
 10
127.5243129999999923
 20
-68.2096329999999966
 30
0
 11
127.3857659999999896
 21
-68.1170589999999976
 31
0
  0
LINE
  5
121
330
22
100
AcDbEntity
  8
B.Cu
  6
CONTINUOUS
100
AcDbLine
 10
127.3857659999999896
 20
-68.1170589999999976
 30
0
 11
127.2679409999999933
 21
-67.9992340000000013
 31
0
  0
LINE
  5
122
330
22
100
AcDbEntity
  8
B.Cu
  6
CONTINUOUS
100
AcDbLine
 10
127.2679409999999933
 20
-67.9992340000000013
 30
0
 11
127.1753669999999943
 21
-67.8606869999999986
 31
0
  0
LINE
  5
123
330
22
100
AcDbEntity
  8
B.Cu
  6
CONTINUOUS
100
AcDbLine
 10
127.1753669999999943
 20
-67.8606869999999986
 30
0
 11
127.1116009999999932
 21
-67.7067419999999913
 31
0
  0
LINE
  5
124
330
22
100
AcDbEntity
  8
B.Cu
  6
CONTINUOUS
100
AcDbLine
 10
127.1116009999999932
 20
-67.7067419999999913
 30
0
 11
127.0790930000000003
 21
-67.5433149999999927
 31
0
  0
LINE
  5
125
330
22
100
AcDbEntity
  8
B.Cu
  6
CONTINUOUS
100
AcDbLine
 10
127.0790930000000003
 20
-67.5433149999999927
 30
0
 11
127.0790930000000003
 21
-67.3766849999999948
 31
0
  0
LINE
  5
126
330
22
100
AcDbEntity
  8
B.Cu
  6
CONTINUOUS
100
AcDbLine
 10
127.0790930000000003
 20
-67.3766849999999948
 30
0
 11
127.1116009999999932
 21
-67.2132579999999962
 31
0
  0
LINE
  5
127
330
22
100
AcDbEntity
  8
B.Cu
  6
CONTINUOUS
100
AcDbLine
 10
127.1116009999999932
 20
-67.2132579999999962
 30
0
 11
127.1753669999999943
 21
-67.0593130000000031
 31
0
  0
LINE
  5
128
330
22
100
AcDbEntity
  8
B.Cu
  6
CONTINUOUS
100
AcDbLine
 10
127.1753669999999943
 20
-67.0593130000000031
 30
0
 11
127.2679409999999933
 21
-66.9207660000000004
 31
0
  0
LINE
  5
129
330
22
100
AcDbEntity
  8
B.Cu
  6
CONTINUOUS
100
AcDbLine
 10
127.2679409999999933
 20
-66.9207660000000004
 30
0
 11
127.3857659999999896
 21
-66.8029409999999899
 31
0
  0
LINE
  5
12A
330
22
100
AcDbEntity
  8
B.Cu
  6
CONTINUOUS
100
AcDbLine
 10
127.3857659999999896
 20
-66.8029409999999899
 30
0
 11
127.5243129999999923
 21
-66.7103669999999909
 31
0
  0
LINE
  5
12B
330
22
100
AcDbEntity
  8
B.Cu
  6
CONTINUOUS
100
AcDbLine
 10
127.5243129999999923
 20
-66.7103669999999909
 30
0
 11
127.6782579999999996
 21
-66.646601000000004
 31
0
  0
LINE
  5
12C
330
22
100
AcDbEntity
  8
B.Cu
  6
CONTINUOUS
100
AcDbLine
 10
127.6782579999999996
 20
-66.646601000000004
 30
0
 11
127.8416849999999982
 21
-66.6140929999999969
 31
0
  0
LINE
  5
12D
330
22
100
AcDbEntity
  8
B.Cu
  6
CONTINUOUS
100
AcDbLine
 10
127.8416849999999982
 20
-66.6140929999999969
 30
0
 11
127.9249999999999972
 21
-66.6099999999999994
 31
0
  0
LINE
  5
12E
330
22
100
AcDbEntity
  8
B.Cu
  6
CONTINUOUS
100
AcDbLine
 10
127.9249999999999972
 20
-66.6099999999999994
 30
0
 11
129.8249999999999886
 21
-66.6099999999999994
 31
0
  0
LINE
  5
12F
330
22
100
AcDbEntity
  8
B.Cu
  6
CONTINUOUS
100
AcDbLine
 10
129.8249999999999886
 20
-66.6099999999999994
 30
0
 11
129.9083149999999875
 21
-66.6140929999999969
 31
0
  0
LINE
  5
130
330
22
100
AcDbEntity
  8
B.Cu
  6
CONTINUOUS
100
AcDbLine
 10
129.9083149999999875
 20
-64.0740929999999906
 30
0
 11
130.0717420000000004
 21
-64.1066009999999977
 31
0
  0
LINE
  5
131
330
22
100
AcDbEntity
  8
B.Cu
  6
CONTINUOUS
100
AcDbLine
 10
130.0717420000000004
 20
-64.1066009999999977
 30
0
 11
130.2256869999999935
 21
-64.1703669999999988
 31
0
  0
LINE
  5
132
330
22
100
AcDbEntity
  8
B.Cu
  6
CONTINUOUS
100
AcDbLine
 10
130.2256869999999935
 20
-64.1703669999999988
 30
0
 11
130.364233999999982
 21
-64.2629409999999979
 31
0
  0
LINE
  5
133
330
22
100
AcDbEntity
  8
B.Cu
  6
CONTINUOUS
100
AcDbLine
 10
130.364233999999982
 20
-64.2629409999999979
 30
0
 11
130.4820589999999925
 21
-64.3807659999999942
 31
0
  0
LINE
  5
134
330
22
100
AcDbEntity
  8
B.Cu
  6
CONTINUOUS
100
AcDbLine
 10
130.4820589999999925
 20
-64.3807659999999942
 30
0
 11
130.5746330000000057
 21
-64.5193129999999968
 31
0
  0
LINE
  5
135
330
22
100
AcDbEntity
  8
B.Cu
  6
CONTINUOUS
100
AcDbLine
 10
130.5746330000000057
 20
-64.5193129999999968
 30
0
 11
130.6383989999999926
 21
-64.6732580000000041
 31
0
  0
LINE
  5
136
330
22
100
AcDbEntity
  8
B.Cu
  6
CONTINUOUS
100
AcDbLine
 10
130.6383989999999926
 20
-64.6732580000000041
 30
0
 11
130.6709069999999997
 21
-64.8366850000000028
 31
0
  0
LINE
  5
137
330
22
100
AcDbEntity
  8
B.Cu
  6
CONTINUOUS
100
AcDbLine
 10
130.6709069999999997
 20
-64.8366850000000028
 30
0
 11
130.6709069999999997
 21
-65.0033150000000006
 31
0
  0
LINE
  5
138
330
22
100
AcDbEntity
  8
B.Cu
  6
CONTINUOUS
100
AcDbLine
 10
130.6709069999999997
 20
-65.0033150000000006
 30
0
 11
130.6383989999999926
 21
-65.1667419999999993
 31
0
  0
LINE
  5
139
330
22
100
AcDbEntity
  8
B.Cu
  6
CONTINUOUS
100
AcDbLine
 10
130.6383989999999926
 20
-65.1667419999999993
 30
0
 11
130.5746330000000057
 21
-65.3206869999999924
 31
0
  0
LINE
  5
13A
330
22
100
AcDbEntity
  8
B.Cu
  6
CONTINUOUS
100
AcDbLine
 10
130.5746330000000057
 20
-65.3206869999999924
 30
0
 11
130.4820589999999925
 21
-65.459233999999995
 31
0
  0
LINE
  5
13B
330
22
100
AcDbEntity
  8
B.Cu
  6
CONTINUOUS
100
AcDbLine
 10
130.4820589999999925
 20
-65.459233999999995
 30
0
 11
130.364233999999982
 21
-65.5770589999999913
 31
0
  0
LINE
  5
13C
330
22
100
AcDbEntity
  8
B.Cu
  6
CONTINUOUS
100
AcDbLine
 10
130.364233999999982
 20
-65.5770589999999913
 30
0
 11
130.2256869999999935
 21
-65.6696329999999904
 31
0
  0
LINE
  5
13D
330
22
100
AcDbEntity
  8
B.Cu
  6
CONTINUOUS
100
AcDbLine
 10
130.2256869999999935
 20
-65.6696329999999904
 30
0
 11
130.0717420000000004
 21
-65.7333989999999915
 31
0
  0
LINE
  5
13E
330
22
100
AcDbEntity
  8
B.Cu
  6
CONTINUOUS
100
AcDbLine
 10
130.0717420000000004
 20
-65.7333989999999915
 30
0
 11
129.9083149999999875
 21
-65.7659069999999986
 31
0
  0
LINE
  5
13F
330
22
100
AcDbEntity
  8
B.Cu
  6
CONTINUOUS
100
AcDbLine
 10
129.9083149999999875
 20
-65.7659069999999986
 30
0
 11
129.8249999999999886
 21
-65.769999999999996
 31
0
  0
LINE
  5
140
330
22
100
AcDbEntity
  8
B.Cu
  6
CONTINUOUS
100
AcDbLine
 10
129.8249999999999886
 20
-65.769999999999996
 30
0
 11
127.9249999999999972
 21
-65.769999999999996
 31
0
  0
LINE
  5
141
330
22
100
AcDbEntity
  8
B.Cu
  6
CONTINUOUS
100
AcDbLine
 10
127.9249999999999972
 20
-65.769999999999996
 30
0
 11
127.8416849999999982
 21
-65.7659069999999986
 31
0
  0
LINE
  5
142
330
22
100
AcDbEntity
  8
B.Cu
  6
CONTINUOUS
100
AcDbLine
 10
127.8416849999999982
 20
-65.7659069999999986
 30
0
 11
127.6782579999999996
 21
-65.7333989999999915
 31
0
  0
LINE
  5
143
330
22
100
AcDbEntity
  8
B.Cu
  6
CONTINUOUS
100
AcDbLine
 10
127.6782579999999996
 20
-65.7333989999999915
 30
0
 11
127.5243129999999923
 21
-65.6696329999999904
 31
0
  0
LINE
  5
144
330
22
100
AcDbEntity
  8
B.Cu
  6
CONTINUOUS
100
AcDbLine
 10
127.5243129999999923
 20
-65.6696329999999904
 30
0
 11
127.3857659999999896
 21
-65.5770589999999913
 31
0
  0
LINE
  5
145
330
22
100
AcDbEntity
  8
B.Cu
  6
CONTINUOUS
100
AcDbLine
 10
127.3857659999999896
 20
-65.5770589999999913
 30
0
 11
127.2679409999999933
 21
-65.459233999999995
 31
0
  0
LINE
  5
146
330
22
100
AcDbEntity
  8
B.Cu
  6
CONTINUOUS
100
AcDbLine
 10
127.2679409999999933
 20
-65.459233999999995
 30
0
 11
127.1753669999999943
 21
-65.3206869999999924
 31
0
  0
LINE
  5
147
330
22
100
AcDbEntity
  8
B.Cu
  6
CONTINUOUS
100
AcDbLine
 10
127.1753669999999943
 20
-65.3206869999999924
 30
0
 11
127.1116009999999932
 21
-65.1667419999999993
 31
0
  0
LINE
  5
148
330
22
100
AcDbEntity
  8
B.Cu
  6
CONTINUOUS
100
AcDbLine
 10
127.1116009999999932
 20
-65.1667419999999993
 30
0
 11
127.0790930000000003
 21
-65.0033150000000006
 31
0
  0
LINE
  5
149
330
22
100
AcDbEntity
  8
B.Cu
  6
CONTINUOUS
100
AcDbLine
 10
127.0790930000000003
 20
-65.0033150000000006
 30
0
 11
127.0790930000000003
 21
-64.8366850000000028
 31
0
  0
LINE
  5
14A
330
22
100
AcDbEntity
  8
B.Cu
  6
CONTINUOUS
100
AcDbLine
 10
127.0790930000000003
 20
-64.8366850000000028
 30
0
 11
127.1116009999999932
 21
-64.6732580000000041
 31
0
  0
LINE
  5
14B
330
22
100
AcDbEntity
  8
B.Cu
  6
CONTINUOUS
100
AcDbLine
 10
127.1116009999999932
 20
-64.6732580000000041
 30
0
 11
127.1753669999999943
 21
-64.5193129999999968
 31
0
  0
LINE
  5
14C
330
22
100
AcDbEntity
  8
B.Cu
  6
CONTINUOUS
100
AcDbLine
 10
127.1753669999999943
 20
-64.5193129999999968
 30
0
 11
127.2679409999999933
 21
-64.3807659999999942
 31
0
  0
LINE
  5
14D
330
22
100
AcDbEntity
  8
B.Cu
  6
CONTINUOUS
100
AcDbLine
 10
127.2679409999999933
 20
-64.3807659999999942
 30
0
 11
127.3857659999999896
 21
-64.2629409999999979
 31
0
  0
LINE
  5
14E
330
22
100
AcDbEntity
  8
B.Cu
  6
CONTINUOUS
100
AcDbLine
 10
127.3857659999999896
 20
-64.2629409999999979
 30
0
 11
127.5243129999999923
 21
-64.1703669999999988
 31
0
  0
LINE
  5
14F
330
22
100
AcDbEntity
  8
B.Cu
  6
CONTINUOUS
100
AcDbLine
 10
127.5243129999999923
 20
-64.1703669999999988
 30
0
 11
127.6782579999999996
 21
-64.1066009999999977
 31
0
  0
LINE
  5
150
330
22
100
AcDbEntity
  8
B.Cu
  6
CONTINUOUS
100
AcDbLine
 10
127.6782579999999996
 20
-64.1066009999999977
 30
0
 11
127.8416849999999982
 21
-64.0740929999999906
 31
0
  0
LINE
  5
151
330
22
100
AcDbEntity
  8
B.Cu
  6
CONTINUOUS
100
AcDbLine
 10
127.8416849999999982
 20
-64.0740929999999906
 30
0
 11
127.9249999999999972
 21
-64.0699999999999932
 31
0
  0
LINE
  5
152
330
22
100
AcDbEntity
  8
B.Cu
  6
CONTINUOUS
100
AcDbLine
 10
127.9249999999999972
 20
-64.0699999999999932
 30
0
 11
129.8249999999999886
 21
-64.0699999999999932
 31
0
  0
LINE
  5
153
330
22
100
AcDbEntity
  8
B.Cu
  6
CONTINUOUS
100
AcDbLine
 10
129.8249999999999886
 20
-64.0699999999999932
 30
0
 11
129.9083149999999875
 21
-64.0740929999999906
 31
0
  0
LINE
  5
154
330
22
100
AcDbEntity
  8
B.Cu
  6
CONTINUOUS
100
AcDbLine
 10
130.625
 20
-63.2299999999999969
 30
0
 11
127.125
 21
-63.2299999999999969
 31
0
  0
LINE
  5
155
330
22
100
AcDbEntity
  8
B.Cu
  6
CONTINUOUS
100
AcDbLine
 10
127.125
 20
-63.2299999999999969
 30
0
 11
127.125
 21
-61.529999999999994
 31
0
  0
LINE
  5
156
330
22
100
AcDbEntity
  8
B.Cu
  6
CONTINUOUS
100
AcDbLine
 10
127.125
 20
-61.529999999999994
 30
0
 11
130.625
 21
-61.529999999999994
 31
0
  0
LINE
  5
157
330
22
100
AcDbEntity
  8
B.Cu
  6
CONTINUOUS
100
AcDbLine
 10
130.625
 20
-61.529999999999994
 30
0
 11
130.625
 21
-63.2299999999999969
 31
0
  0
LINE
  5
158
330
22
100
AcDbEntity
  8
B.Cu
  6
CONTINUOUS
100
AcDbLine
 10
141.7467419999999834
 20
-46.9666009999999972
 30
0
 11
141.9006870000000049
 21
-47.0303669999999983
 31
0
  0
LINE
  5
159
330
22
100
AcDbEntity
  8
B.Cu
  6
CONTINUOUS
100
AcDbLine
 10
141.9006870000000049
 20
-47.0303669999999983
 30
0
 11
142.0392339999999933
 21
-47.1229409999999973
 31
0
  0
LINE
  5
15A
330
22
100
AcDbEntity
  8
B.Cu
  6
CONTINUOUS
100
AcDbLine
 10
142.0392339999999933
 20
-47.1229409999999973
 30
0
 11
142.1570590000000038
 21
-47.2407660000000007
 31
0
  0
LINE
  5
15B
330
22
100
AcDbEntity
  8
B.Cu
  6
CONTINUOUS
100
AcDbLine
 10
142.1570590000000038
 20
-47.2407660000000007
 30
0
 11
142.2496329999999887
 21
-47.3793129999999962
 31
0
  0
LINE
  5
15C
330
22
100
AcDbEntity
  8
B.Cu
  6
CONTINUOUS
100
AcDbLine
 10
142.2496329999999887
 20
-47.3793129999999962
 30
0
 11
142.313399000000004
 21
-47.5332579999999965
 31
0
  0
LINE
  5
15D
330
22
100
AcDbEntity
  8
B.Cu
  6
CONTINUOUS
100
AcDbLine
 10
142.313399000000004
 20
-47.5332579999999965
 30
0
 11
142.3459069999999826
 21
-47.6966849999999951
 31
0
  0
LINE
  5
15E
330
22
100
AcDbEntity
  8
B.Cu
  6
CONTINUOUS
100
AcDbLine
 10
142.3459069999999826
 20
-47.6966849999999951
 30
0
 11
142.3459069999999826
 21
-47.8633150000000001
 31
0
  0
LINE
  5
15F
330
22
100
AcDbEntity
  8
B.Cu
  6
CONTINUOUS
100
AcDbLine
 10
142.3459069999999826
 20
-47.8633150000000001
 30
0
 11
142.313399000000004
 21
-48.0267419999999987
 31
0
  0
LINE
  5
160
330
22
100
AcDbEntity
  8
B.Cu
  6
CONTINUOUS
100
AcDbLine
 10
142.313399000000004
 20
-48.0267419999999987
 30
0
 11
142.2496329999999887
 21
-48.1806869999999989
 31
0
  0
LINE
  5
161
330
22
100
AcDbEntity
  8
B.Cu
  6
CONTINUOUS
100
AcDbLine
 10
142.2496329999999887
 20
-48.1806869999999989
 30
0
 11
142.1570590000000038
 21
-48.3192339999999945
 31
0
  0
LINE
  5
162
330
22
100
AcDbEntity
  8
B.Cu
  6
CONTINUOUS
100
AcDbLine
 10
142.1570590000000038
 20
-48.3192339999999945
 30
0
 11
142.0392339999999933
 21
-48.4370589999999979
 31
0
  0
LINE
  5
163
330
22
100
AcDbEntity
  8
B.Cu
  6
CONTINUOUS
100
AcDbLine
 10
142.0392339999999933
 20
-48.4370589999999979
 30
0
 11
141.9006870000000049
 21
-48.5296329999999969
 31
0
  0
LINE
  5
164
330
22
100
AcDbEntity
  8
B.Cu
  6
CONTINUOUS
100
AcDbLine
 10
141.9006870000000049
 20
-48.5296329999999969
 30
0
 11
141.7467419999999834
 21
-48.593398999999998
 31
0
  0
LINE
  5
165
330
22
100
AcDbEntity
  8
B.Cu
  6
CONTINUOUS
100
AcDbLine
 10
141.7467419999999834
 20
-48.593398999999998
 30
0
 11
141.5833149999999989
 21
-48.625906999999998
 31
0
  0
LINE
  5
166
330
22
100
AcDbEntity
  8
B.Cu
  6
CONTINUOUS
100
AcDbLine
 10
141.5833149999999989
 20
-48.625906999999998
 30
0
 11
141.4166850000000011
 21
-48.625906999999998
 31
0
  0
LINE
  5
167
330
22
100
AcDbEntity
  8
B.Cu
  6
CONTINUOUS
100
AcDbLine
 10
141.4166850000000011
 20
-48.625906999999998
 30
0
 11
141.2532579999999882
 21
-48.593398999999998
 31
0
  0
LINE
  5
168
330
22
100
AcDbEntity
  8
B.Cu
  6
CONTINUOUS
100
AcDbLine
 10
141.2532579999999882
 20
-48.593398999999998
 30
0
 11
141.0993129999999951
 21
-48.5296329999999969
 31
0
  0
LINE
  5
169
330
22
100
AcDbEntity
  8
B.Cu
  6
CONTINUOUS
100
AcDbLine
 10
141.0993129999999951
 20
-48.5296329999999969
 30
0
 11
140.9607660000000067
 21
-48.4370589999999979
 31
0
  0
LINE
  5
16A
330
22
100
AcDbEntity
  8
B.Cu
  6
CONTINUOUS
100
AcDbLine
 10
140.9607660000000067
 20
-48.4370589999999979
 30
0
 11
140.8429409999999962
 21
-48.3192339999999945
 31
0
  0
LINE
  5
16B
330
22
100
AcDbEntity
  8
B.Cu
  6
CONTINUOUS
100
AcDbLine
 10
140.8429409999999962
 20
-48.3192339999999945
 30
0
 11
140.7503669999999829
 21
-48.1806869999999989
 31
0
  0
LINE
  5
16C
330
22
100
AcDbEntity
  8
B.Cu
  6
CONTINUOUS
100
AcDbLine
 10
140.7503669999999829
 20
-48.1806869999999989
 30
0
 11
140.686600999999996
 21
-48.0267419999999987
 31
0
  0
LINE
  5
16D
330
22
100
AcDbEntity
  8
B.Cu
  6
CONTINUOUS
100
AcDbLine
 10
140.686600999999996
 20
-48.0267419999999987
 30
0
 11
140.6540929999999889
 21
-47.8633150000000001
 31
0
  0
LINE
  5
16E
330
22
100
AcDbEntity
  8
B.Cu
  6
CONTINUOUS
100
AcDbLine
 10
140.6540929999999889
 20
-47.8633150000000001
 30
0
 11
140.6540929999999889
 21
-47.6966849999999951
 31
0
  0
LINE
  5
16F
330
22
100
AcDbEntity
  8
B.Cu
  6
CONTINUOUS
100
AcDbLine
 10
140.6540929999999889
 20
-47.6966849999999951
 30
0
 11
140.686600999999996
 21
-47.5332579999999965
 31
0
  0
LINE
  5
170
330
22
100
AcDbEntity
  8
B.Cu
  6
CONTINUOUS
100
AcDbLine
 10
140.686600999999996
 20
-47.5332579999999965
 30
0
 11
140.7503669999999829
 21
-47.3793129999999962
 31
0
  0
LINE
  5
171
330
22
100
AcDbEntity
  8
B.Cu
  6
CONTINUOUS
100
AcDbLine
 10
140.7503669999999829
 20
-47.3793129999999962
 30
0
 11
140.8429409999999962
 21
-47.2407660000000007
 31
0
  0
LINE
  5
172
330
22
100
AcDbEntity
  8
B.Cu
  6
CONTINUOUS
100
AcDbLine
 10
140.8429409999999962
 20
-47.2407660000000007
 30
0
 11
140.9607660000000067
 21
-47.1229409999999973
 31
0
  0
LINE
  5
173
330
22
100
AcDbEntity
  8
B.Cu
  6
CONTINUOUS
100
AcDbLine
 10
140.9607660000000067
 20
-47.1229409999999973
 30
0
 11
141.0993129999999951
 21
-47.0303669999999983
 31
0
  0
LINE
  5
174
330
22
100
AcDbEntity
  8
B.Cu
  6
CONTINUOUS
100
AcDbLine
 10
141.0993129999999951
 20
-47.0303669999999983
 30
0
 11
141.2532579999999882
 21
-46.9666009999999972
 31
0
  0
LINE
  5
175
330
22
100
AcDbEntity
  8
B.Cu
  6
CONTINUOUS
100
AcDbLine
 10
141.2532579999999882
 20
-46.9666009999999972
 30
0
 11
141.4166850000000011
 21
-46.9340929999999972
 31
0
  0
LINE
  5
176
330
22
100
AcDbEntity
  8
B.Cu
  6
CONTINUOUS
100
AcDbLine
 10
141.4166850000000011
 20
-46.9340929999999972
 30
0
 11
141.5833149999999989
 21
-46.9340929999999972
 31
0
  0
LINE
  5
177
330
22
100
AcDbEntity
  8
B.Cu
  6
CONTINUOUS
100
AcDbLine
 10
141.5833149999999989
 20
-46.9340929999999972
 30
0
 11
141.7467419999999834
 21
-46.9666009999999972
 31
0
  0
LINE
  5
178
330
22
100
AcDbEntity
  8
B.Cu
  6
CONTINUOUS
100
AcDbLine
 10
141.7467419999999834
 20
-44.426600999999998
 30
0
 11
141.9006870000000049
 21
-44.4903669999999991
 31
0
  0
LINE
  5
179
330
22
100
AcDbEntity
  8
B.Cu
  6
CONTINUOUS
100
AcDbLine
 10
141.9006870000000049
 20
-44.4903669999999991
 30
0
 11
142.0392339999999933
 21
-44.5829409999999982
 31
0
  0
LINE
  5
17A
330
22
100
AcDbEntity
  8
B.Cu
  6
CONTINUOUS
100
AcDbLine
 10
142.0392339999999933
 20
-44.5829409999999982
 30
0
 11
142.1570590000000038
 21
-44.7007659999999944
 31
0
  0
LINE
  5
17B
330
22
100
AcDbEntity
  8
B.Cu
  6
CONTINUOUS
100
AcDbLine
 10
142.1570590000000038
 20
-44.7007659999999944
 30
0
 11
142.2496329999999887
 21
-44.8393129999999971
 31
0
  0
LINE
  5
17C
330
22
100
AcDbEntity
  8
B.Cu
  6
CONTINUOUS
100
AcDbLine
 10
142.2496329999999887
 20
-44.8393129999999971
 30
0
 11
142.313399000000004
 21
-44.9932579999999973
 31
0
  0
LINE
  5
17D
330
22
100
AcDbEntity
  8
B.Cu
  6
CONTINUOUS
100
AcDbLine
 10
142.313399000000004
 20
-44.9932579999999973
 30
0
 11
142.3459069999999826
 21
-45.156684999999996
 31
0
  0
LINE
  5
17E
330
22
100
AcDbEntity
  8
B.Cu
  6
CONTINUOUS
100
AcDbLine
 10
142.3459069999999826
 20
-45.156684999999996
 30
0
 11
142.3459069999999826
 21
-45.3233150000000009
 31
0
  0
LINE
  5
17F
330
22
100
AcDbEntity
  8
B.Cu
  6
CONTINUOUS
100
AcDbLine
 10
142.3459069999999826
 20
-45.3233150000000009
 30
0
 11
142.313399000000004
 21
-45.4867419999999996
 31
0
  0
LINE
  5
180
330
22
100
AcDbEntity
  8
B.Cu
  6
CONTINUOUS
100
AcDbLine
 10
142.313399000000004
 20
-45.4867419999999996
 30
0
 11
142.2496329999999887
 21
-45.6406869999999998
 31
0
  0
LINE
  5
181
330
22
100
AcDbEntity
  8
B.Cu
  6
CONTINUOUS
100
AcDbLine
 10
142.2496329999999887
 20
-45.6406869999999998
 30
0
 11
142.1570590000000038
 21
-45.7792339999999953
 31
0
  0
LINE
  5
182
330
22
100
AcDbEntity
  8
B.Cu
  6
CONTINUOUS
100
AcDbLine
 10
142.1570590000000038
 20
-45.7792339999999953
 30
0
 11
142.0392339999999933
 21
-45.8970589999999987
 31
0
  0
LINE
  5
183
330
22
100
AcDbEntity
  8
B.Cu
  6
CONTINUOUS
100
AcDbLine
 10
142.0392339999999933
 20
-45.8970589999999987
 30
0
 11
141.9006870000000049
 21
-45.9896329999999978
 31
0
  0
LINE
  5
184
330
22
100
AcDbEntity
  8
B.Cu
  6
CONTINUOUS
100
AcDbLine
 10
141.9006870000000049
 20
-45.9896329999999978
 30
0
 11
141.7467419999999834
 21
-46.0533989999999989
 31
0
  0
LINE
  5
185
330
22
100
AcDbEntity
  8
B.Cu
  6
CONTINUOUS
100
AcDbLine
 10
141.7467419999999834
 20
-46.0533989999999989
 30
0
 11
141.5833149999999989
 21
-46.0859069999999988
 31
0
  0
LINE
  5
186
330
22
100
AcDbEntity
  8
B.Cu
  6
CONTINUOUS
100
AcDbLine
 10
141.5833149999999989
 20
-46.0859069999999988
 30
0
 11
141.4166850000000011
 21
-46.0859069999999988
 31
0
  0
LINE
  5
187
330
22
100
AcDbEntity
  8
B.Cu
  6
CONTINUOUS
100
AcDbLine
 10
141.4166850000000011
 20
-46.0859069999999988
 30
0
 11
141.2532579999999882
 21
-46.0533989999999989
 31
0
  0
LINE
  5
188
330
22
100
AcDbEntity
  8
B.Cu
  6
CONTINUOUS
100
AcDbLine
 10
141.2532579999999882
 20
-46.0533989999999989
 30
0
 11
141.0993129999999951
 21
-45.9896329999999978
 31
0
  0
LINE
  5
189
330
22
100
AcDbEntity
  8
B.Cu
  6
CONTINUOUS
100
AcDbLine
 10
141.0993129999999951
 20
-45.9896329999999978
 30
0
 11
140.9607660000000067
 21
-45.8970589999999987
 31
0
  0
LINE
  5
18A
330
22
100
AcDbEntity
  8
B.Cu
  6
CONTINUOUS
100
AcDbLine
 10
140.9607660000000067
 20
-45.8970589999999987
 30
0
 11
140.8429409999999962
 21
-45.7792339999999953
 31
0
  0
LINE
  5
18B
330
22
100
AcDbEntity
  8
B.Cu
  6
CONTINUOUS
100
AcDbLine
 10
140.8429409999999962
 20
-45.7792339999999953
 30
0
 11
140.7503669999999829
 21
-45.6406869999999998
 31
0
  0
LINE
  5
18C
330
22
100
AcDbEntity
  8
B.Cu
  6
CONTINUOUS
100
AcDbLine
 10
140.7503669999999829
 20
-45.6406869999999998
 30
0
 11
140.686600999999996
 21
-45.4867419999999996
 31
0
  0
LINE
  5
18D
330
22
100
AcDbEntity
  8
B.Cu
  6
CONTINUOUS
100
AcDbLine
 10
140.686600999999996
 20
-45.4867419999999996
 30
0
 11
140.6540929999999889
 21
-45.3233150000000009
 31
0
  0
LINE
  5
18E
330
22
100
AcDbEntity
  8
B.Cu
  6
CONTINUOUS
100
AcDbLine
 10
140.6540929999999889
 20
-45.3233150000000009
 30
0
 11
140.6540929999999889
 21
-45.156684999999996
 31
0
  0
LINE
  5
18F
330
22
100
AcDbEntity
  8
B.Cu
  6
CONTINUOUS
100
AcDbLine
 10
140.6540929999999889
 20
-45.156684999999996
 30
0
 11
140.686600999999996
 21
-44.9932579999999973
 31
0
  0
LINE
  5
190
330
22
100
AcDbEntity
  8
B.Cu
  6
CONTINUOUS
100
AcDbLine
 10
140.686600999999996
 20
-44.9932579999999973
 30
0
 11
140.7503669999999829
 21
-44.8393129999999971
 31
0
  0
LINE
  5
191
330
22
100
AcDbEntity
  8
B.Cu
  6
CONTINUOUS
100
AcDbLine
 10
140.7503669999999829
 20
-44.8393129999999971
 30
0
 11
140.8429409999999962
 21
-44.7007659999999944
 31
0
  0
LINE
  5
192
330
22
100
AcDbEntity
  8
B.Cu
  6
CONTINUOUS
100
AcDbLine
 10
140.8429409999999962
 20
-44.7007659999999944
 30
0
 11
140.9607660000000067
 21
-44.5829409999999982
 31
0
  0
LINE
  5
193
330
22
100
AcDbEntity
  8
B.Cu
  6
CONTINUOUS
100
AcDbLine
 10
140.9607660000000067
 20
-44.5829409999999982
 30
0
 11
141.0993129999999951
 21
-44.4903669999999991
 31
0
  0
LINE
  5
194
330
22
100
AcDbEntity
  8
B.Cu
  6
CONTINUOUS
100
AcDbLine
 10
141.0993129999999951
 20
-44.4903669999999991
 30
0
 11
141.2532579999999882
 21
-44.426600999999998
 31
0
  0
LINE
  5
195
330
22
100
AcDbEntity
  8
B.Cu
  6
CONTINUOUS
100
AcDbLine
 10
141.2532579999999882
 20
-44.426600999999998
 30
0
 11
141.4166850000000011
 21
-44.394092999999998
 31
0
  0
LINE
  5
196
330
22
100
AcDbEntity
  8
B.Cu
  6
CONTINUOUS
100
AcDbLine
 10
141.4166850000000011
 20
-44.394092999999998
 30
0
 11
141.5833149999999989
 21
-44.394092999999998
 31
0
  0
LINE
  5
197
330
22
100
AcDbEntity
  8
B.Cu
  6
CONTINUOUS
100
AcDbLine
 10
141.5833149999999989
 20
-44.394092999999998
 30
0
 11
141.7467419999999834
 21
-44.426600999999998
 31
0
  0
LINE
  5
198
330
22
100
AcDbEntity
  8
B.Cu
  6
CONTINUOUS
100
AcDbLine
 10
141.7467419999999834
 20
-41.8866009999999989
 30
0
 11
141.9006870000000049
 21
-41.950367
 31
0
  0
LINE
  5
199
330
22
100
AcDbEntity
  8
B.Cu
  6
CONTINUOUS
100
AcDbLine
 10
141.9006870000000049
 20
-41.950367
 30
0
 11
142.0392339999999933
 21
-42.042940999999999
 31
0
  0
LINE
  5
19A
330
22
100
AcDbEntity
  8
B.Cu
  6
CONTINUOUS
100
AcDbLine
 10
142.0392339999999933
 20
-42.042940999999999
 30
0
 11
142.1570590000000038
 21
-42.1607659999999953
 31
0
  0
LINE
  5
19B
330
22
100
AcDbEntity
  8
B.Cu
  6
CONTINUOUS
100
AcDbLine
 10
142.1570590000000038
 20
-42.1607659999999953
 30
0
 11
142.2496329999999887
 21
-42.2993129999999979
 31
0
  0
LINE
  5
19C
330
22
100
AcDbEntity
  8
B.Cu
  6
CONTINUOUS
100
AcDbLine
 10
142.2496329999999887
 20
-42.2993129999999979
 30
0
 11
142.313399000000004
 21
-42.4532579999999982
 31
0
  0
LINE
  5
19D
330
22
100
AcDbEntity
  8
B.Cu
  6
CONTINUOUS
100
AcDbLine
 10
142.313399000000004
 20
-42.4532579999999982
 30
0
 11
142.3459069999999826
 21
-42.6166849999999968
 31
0
  0
LINE
  5
19E
330
22
100
AcDbEntity
  8
B.Cu
  6
CONTINUOUS
100
AcDbLine
 10
142.3459069999999826
 20
-42.6166849999999968
 30
0
 11
142.3459069999999826
 21
-42.7833149999999947
 31
0
  0
LINE
  5
19F
330
22
100
AcDbEntity
  8
B.Cu
  6
CONTINUOUS
100
AcDbLine
 10
142.3459069999999826
 20
-42.7833149999999947
 30
0
 11
142.313399000000004
 21
-42.9467420000000004
 31
0
  0
LINE
  5
1A0
330
22
100
AcDbEntity
  8
B.Cu
  6
CONTINUOUS
100
AcDbLine
 10
142.313399000000004
 20
-42.9467420000000004
 30
0
 11
142.2496329999999887
 21
-43.1006870000000006
 31
0
  0
LINE
  5
1A1
330
22
100
AcDbEntity
  8
B.Cu
  6
CONTINUOUS
100
AcDbLine
 10
142.2496329999999887
 20
-43.1006870000000006
 30
0
 11
142.1570590000000038
 21
-43.2392339999999962
 31
0
  0
LINE
  5
1A2
330
22
100
AcDbEntity
  8
B.Cu
  6
CONTINUOUS
100
AcDbLine
 10
142.1570590000000038
 20
-43.2392339999999962
 30
0
 11
142.0392339999999933
 21
-43.3570589999999996
 31
0
  0
LINE
  5
1A3
330
22
100
AcDbEntity
  8
B.Cu
  6
CONTINUOUS
100
AcDbLine
 10
142.0392339999999933
 20
-43.3570589999999996
 30
0
 11
141.9006870000000049
 21
-43.4496329999999986
 31
0
  0
LINE
  5
1A4
330
22
100
AcDbEntity
  8
B.Cu
  6
CONTINUOUS
100
AcDbLine
 10
141.9006870000000049
 20
-43.4496329999999986
 30
0
 11
141.7467419999999834
 21
-43.5133989999999997
 31
0
  0
LINE
  5
1A5
330
22
100
AcDbEntity
  8
B.Cu
  6
CONTINUOUS
100
AcDbLine
 10
141.7467419999999834
 20
-43.5133989999999997
 30
0
 11
141.5833149999999989
 21
-43.5459069999999997
 31
0
  0
LINE
  5
1A6
330
22
100
AcDbEntity
  8
B.Cu
  6
CONTINUOUS
100
AcDbLine
 10
141.5833149999999989
 20
-43.5459069999999997
 30
0
 11
141.4166850000000011
 21
-43.5459069999999997
 31
0
  0
LINE
  5
1A7
330
22
100
AcDbEntity
  8
B.Cu
  6
CONTINUOUS
100
AcDbLine
 10
141.4166850000000011
 20
-43.5459069999999997
 30
0
 11
141.2532579999999882
 21
-43.5133989999999997
 31
0
  0
LINE
  5
1A8
330
22
100
AcDbEntity
  8
B.Cu
  6
CONTINUOUS
100
AcDbLine
 10
141.2532579999999882
 20
-43.5133989999999997
 30
0
 11
141.0993129999999951
 21
-43.4496329999999986
 31
0
  0
LINE
  5
1A9
330
22
100
AcDbEntity
  8
B.Cu
  6
CONTINUOUS
100
AcDbLine
 10
141.0993129999999951
 20
-43.4496329999999986
 30
0
 11
140.9607660000000067
 21
-43.3570589999999996
 31
0
  0
LINE
  5
1AA
330
22
100
AcDbEntity
  8
B.Cu
  6
CONTINUOUS
100
AcDbLine
 10
140.9607660000000067
 20
-43.3570589999999996
 30
0
 11
140.8429409999999962
 21
-43.2392339999999962
 31
0
  0
LINE
  5
1AB
330
22
100
AcDbEntity
  8
B.Cu
  6
CONTINUOUS
100
AcDbLine
 10
140.8429409999999962
 20
-43.2392339999999962
 30
0
 11
140.7503669999999829
 21
-43.1006870000000006
 31
0
  0
LINE
  5
1AC
330
22
100
AcDbEntity
  8
B.Cu
  6
CONTINUOUS
100
AcDbLine
 10
140.7503669999999829
 20
-43.1006870000000006
 30
0
 11
140.686600999999996
 21
-42.9467420000000004
 31
0
  0
LINE
  5
1AD
330
22
100
AcDbEntity
  8
B.Cu
  6
CONTINUOUS
100
AcDbLine
 10
140.686600999999996
 20
-42.9467420000000004
 30
0
 11
140.6540929999999889
 21
-42.7833149999999947
 31
0
  0
LINE
  5
1AE
330
22
100
AcDbEntity
  8
B.Cu
  6
CONTINUOUS
100
AcDbLine
 10
140.6540929999999889
 20
-42.7833149999999947
 30
0
 11
140.6540929999999889
 21
-42.6166849999999968
 31
0
  0
LINE
  5
1AF
330
22
100
AcDbEntity
  8
B.Cu
  6
CONTINUOUS
100
AcDbLine
 10
140.6540929999999889
 20
-42.6166849999999968
 30
0
 11
140.686600999999996
 21
-42.4532579999999982
 31
0
  0
LINE
  5
1B0
330
22
100
AcDbEntity
  8
B.Cu
  6
CONTINUOUS
100
AcDbLine
 10
140.686600999999996
 20
-42.4532579999999982
 30
0
 11
140.7503669999999829
 21
-42.2993129999999979
 31
0
  0
LINE
  5
1B1
330
22
100
AcDbEntity
  8
B.Cu
  6
CONTINUOUS
100
AcDbLine
 10
140.7503669999999829
 20
-42.2993129999999979
 30
0
 11
140.8429409999999962
 21
-42.1607659999999953
 31
0
  0
LINE
  5
1B2
330
22
100
AcDbEntity
  8
B.Cu
  6
CONTINUOUS
100
AcDbLine
 10
140.8429409999999962
 20
-42.1607659999999953
 30
0
 11
140.9607660000000067
 21
-42.042940999999999
 31
0
  0
LINE
  5
1B3
330
22
100
AcDbEntity
  8
B.Cu
  6
CONTINUOUS
100
AcDbLine
 10
140.9607660000000067
 20
-42.042940999999999
 30
0
 11
141.0993129999999951
 21
-41.950367
 31
0
  0
LINE
  5
1B4
330
22
100
AcDbEntity
  8
B.Cu
  6
CONTINUOUS
100
AcDbLine
 10
141.0993129999999951
 20
-41.950367
 30
0
 11
141.2532579999999882
 21
-41.8866009999999989
 31
0
  0
LINE
  5
1B5
330
22
100
AcDbEntity
  8
B.Cu
  6
CONTINUOUS
100
AcDbLine
 10
141.2532579999999882
 20
-41.8866009999999989
 30
0
 11
141.4166850000000011
 21
-41.8540929999999989
 31
0
  0
LINE
  5
1B6
330
22
100
AcDbEntity
  8
B.Cu
  6
CONTINUOUS
100
AcDbLine
 10
141.4166850000000011
 20
-41.8540929999999989
 30
0
 11
141.5833149999999989
 21
-41.8540929999999989
 31
0
  0
LINE
  5
1B7
330
22
100
AcDbEntity
  8
B.Cu
  6
CONTINUOUS
100
AcDbLine
 10
141.5833149999999989
 20
-41.8540929999999989
 30
0
 11
141.7467419999999834
 21
-41.8866009999999989
 31
0
  0
LINE
  5
1B8
330
22
100
AcDbEntity
  8
B.Cu
  6
CONTINUOUS
100
AcDbLine
 10
141.7467419999999834
 20
-39.3466009999999997
 30
0
 11
141.9006870000000049
 21
-39.4103670000000008
 31
0
  0
LINE
  5
1B9
330
22
100
AcDbEntity
  8
B.Cu
  6
CONTINUOUS
100
AcDbLine
 10
141.9006870000000049
 20
-39.4103670000000008
 30
0
 11
142.0392339999999933
 21
-39.5029409999999999
 31
0
  0
LINE
  5
1BA
330
22
100
AcDbEntity
  8
B.Cu
  6
CONTINUOUS
100
AcDbLine
 10
142.0392339999999933
 20
-39.5029409999999999
 30
0
 11
142.1570590000000038
 21
-39.6207659999999962
 31
0
  0
LINE
  5
1BB
330
22
100
AcDbEntity
  8
B.Cu
  6
CONTINUOUS
100
AcDbLine
 10
142.1570590000000038
 20
-39.6207659999999962
 30
0
 11
142.2496329999999887
 21
-39.7593129999999988
 31
0
  0
LINE
  5
1BC
330
22
100
AcDbEntity
  8
B.Cu
  6
CONTINUOUS
100
AcDbLine
 10
142.2496329999999887
 20
-39.7593129999999988
 30
0
 11
142.313399000000004
 21
-39.913257999999999
 31
0
  0
LINE
  5
1BD
330
22
100
AcDbEntity
  8
B.Cu
  6
CONTINUOUS
100
AcDbLine
 10
142.313399000000004
 20
-39.913257999999999
 30
0
 11
142.3459069999999826
 21
-40.0766849999999977
 31
0
  0
LINE
  5
1BE
330
22
100
AcDbEntity
  8
B.Cu
  6
CONTINUOUS
100
AcDbLine
 10
142.3459069999999826
 20
-40.0766849999999977
 30
0
 11
142.3459069999999826
 21
-40.2433149999999955
 31
0
  0
LINE
  5
1BF
330
22
100
AcDbEntity
  8
B.Cu
  6
CONTINUOUS
100
AcDbLine
 10
142.3459069999999826
 20
-40.2433149999999955
 30
0
 11
142.313399000000004
 21
-40.4067420000000013
 31
0
  0
LINE
  5
1C0
330
22
100
AcDbEntity
  8
B.Cu
  6
CONTINUOUS
100
AcDbLine
 10
142.313399000000004
 20
-40.4067420000000013
 30
0
 11
142.2496329999999887
 21
-40.5606870000000015
 31
0
  0
LINE
  5
1C1
330
22
100
AcDbEntity
  8
B.Cu
  6
CONTINUOUS
100
AcDbLine
 10
142.2496329999999887
 20
-40.5606870000000015
 30
0
 11
142.1570590000000038
 21
-40.699233999999997
 31
0
  0
LINE
  5
1C2
330
22
100
AcDbEntity
  8
B.Cu
  6
CONTINUOUS
100
AcDbLine
 10
142.1570590000000038
 20
-40.699233999999997
 30
0
 11
142.0392339999999933
 21
-40.8170590000000004
 31
0
  0
LINE
  5
1C3
330
22
100
AcDbEntity
  8
B.Cu
  6
CONTINUOUS
100
AcDbLine
 10
142.0392339999999933
 20
-40.8170590000000004
 30
0
 11
141.9006870000000049
 21
-40.9096329999999995
 31
0
  0
LINE
  5
1C4
330
22
100
AcDbEntity
  8
B.Cu
  6
CONTINUOUS
100
AcDbLine
 10
141.9006870000000049
 20
-40.9096329999999995
 30
0
 11
141.7467419999999834
 21
-40.9733990000000006
 31
0
  0
LINE
  5
1C5
330
22
100
AcDbEntity
  8
B.Cu
  6
CONTINUOUS
100
AcDbLine
 10
141.7467419999999834
 20
-40.9733990000000006
 30
0
 11
141.5833149999999989
 21
-41.0059070000000006
 31
0
  0
LINE
  5
1C6
330
22
100
AcDbEntity
  8
B.Cu
  6
CONTINUOUS
100
AcDbLine
 10
141.5833149999999989
 20
-41.0059070000000006
 30
0
 11
141.4166850000000011
 21
-41.0059070000000006
 31
0
  0
LINE
  5
1C7
330
22
100
AcDbEntity
  8
B.Cu
  6
CONTINUOUS
100
AcDbLine
 10
141.4166850000000011
 20
-41.0059070000000006
 30
0
 11
141.2532579999999882
 21
-40.9733990000000006
 31
0
  0
LINE
  5
1C8
330
22
100
AcDbEntity
  8
B.Cu
  6
CONTINUOUS
100
AcDbLine
 10
141.2532579999999882
 20
-40.9733990000000006
 30
0
 11
141.0993129999999951
 21
-40.9096329999999995
 31
0
  0
LINE
  5
1C9
330
22
100
AcDbEntity
  8
B.Cu
  6
CONTINUOUS
100
AcDbLine
 10
141.0993129999999951
 20
-40.9096329999999995
 30
0
 11
140.9607660000000067
 21
-40.8170590000000004
 31
0
  0
LINE
  5
1CA
330
22
100
AcDbEntity
  8
B.Cu
  6
CONTINUOUS
100
AcDbLine
 10
140.9607660000000067
 20
-40.8170590000000004
 30
0
 11
140.8429409999999962
 21
-40.699233999999997
 31
0
  0
LINE
  5
1CB
330
22
100
AcDbEntity
  8
B.Cu
  6
CONTINUOUS
100
AcDbLine
 10
140.8429409999999962
 20
-40.699233999999997
 30
0
 11
140.7503669999999829
 21
-40.5606870000000015
 31
0
  0
LINE
  5
1CC
330
22
100
AcDbEntity
  8
B.Cu
  6
CONTINUOUS
100
AcDbLine
 10
140.7503669999999829
 20
-40.5606870000000015
 30
0
 11
140.686600999999996
 21
-40.4067420000000013
 31
0
  0
LINE
  5
1CD
330
22
100
AcDbEntity
  8
B.Cu
  6
CONTINUOUS
100
AcDbLine
 10
140.686600999999996
 20
-40.4067420000000013
 30
0
 11
140.6540929999999889
 21
-40.2433149999999955
 31
0
  0
LINE
  5
1CE
330
22
100
AcDbEntity
  8
B.Cu
  6
CONTINUOUS
100
AcDbLine
 10
140.6540929999999889
 20
-40.2433149999999955
 30
0
 11
140.6540929999999889
 21
-40.0766849999999977
 31
0
  0
LINE
  5
1CF
330
22
100
AcDbEntity
  8
B.Cu
  6
CONTINUOUS
100
AcDbLine
 10
140.6540929999999889
 20
-40.0766849999999977
 30
0
 11
140.686600999999996
 21
-39.913257999999999
 31
0
  0
LINE
  5
1D0
330
22
100
AcDbEntity
  8
B.Cu
  6
CONTINUOUS
100
AcDbLine
 10
140.686600999999996
 20
-39.913257999999999
 30
0
 11
140.7503669999999829
 21
-39.7593129999999988
 31
0
  0
LINE
  5
1D1
330
22
100
AcDbEntity
  8
B.Cu
  6
CONTINUOUS
100
AcDbLine
 10
140.7503669999999829
 20
-39.7593129999999988
 30
0
 11
140.8429409999999962
 21
-39.6207659999999962
 31
0
  0
LINE
  5
1D2
330
22
100
AcDbEntity
  8
B.Cu
  6
CONTINUOUS
100
AcDbLine
 10
140.8429409999999962
 20
-39.6207659999999962
 30
0
 11
140.9607660000000067
 21
-39.5029409999999999
 31
0
  0
LINE
  5
1D3
330
22
100
AcDbEntity
  8
B.Cu
  6
CONTINUOUS
100
AcDbLine
 10
140.9607660000000067
 20
-39.5029409999999999
 30
0
 11
141.0993129999999951
 21
-39.4103670000000008
 31
0
  0
LINE
  5
1D4
330
22
100
AcDbEntity
  8
B.Cu
  6
CONTINUOUS
100
AcDbLine
 10
141.0993129999999951
 20
-39.4103670000000008
 30
0
 11
141.2532579999999882
 21
-39.3466009999999997
 31
0
  0
LINE
  5
1D5
330
22
100
AcDbEntity
  8
B.Cu
  6
CONTINUOUS
100
AcDbLine
 10
141.2532579999999882
 20
-39.3466009999999997
 30
0
 11
141.4166850000000011
 21
-39.3140929999999997
 31
0
  0
LINE
  5
1D6
330
22
100
AcDbEntity
  8
B.Cu
  6
CONTINUOUS
100
AcDbLine
 10
141.4166850000000011
 20
-39.3140929999999997
 30
0
 11
141.5833149999999989
 21
-39.3140929999999997
 31
0
  0
LINE
  5
1D7
330
22
100
AcDbEntity
  8
B.Cu
  6
CONTINUOUS
100
AcDbLine
 10
141.5833149999999989
 20
-39.3140929999999997
 30
0
 11
141.7467419999999834
 21
-39.3466009999999997
 31
0
  0
LINE
  5
1D8
330
22
100
AcDbEntity
  8
B.Cu
  6
CONTINUOUS
100
AcDbLine
 10
141.7467419999999834
 20
-34.2666010000000014
 30
0
 11
141.9006870000000049
 21
-34.3303669999999954
 31
0
  0
LINE
  5
1D9
330
22
100
AcDbEntity
  8
B.Cu
  6
CONTINUOUS
100
AcDbLine
 10
141.9006870000000049
 20
-34.3303669999999954
 30
0
 11
142.0392339999999933
 21
-34.4229410000000016
 31
0
  0
LINE
  5
1DA
330
22
100
AcDbEntity
  8
B.Cu
  6
CONTINUOUS
100
AcDbLine
 10
142.0392339999999933
 20
-34.4229410000000016
 30
0
 11
142.1570590000000038
 21
-34.5407659999999979
 31
0
  0
LINE
  5
1DB
330
22
100
AcDbEntity
  8
B.Cu
  6
CONTINUOUS
100
AcDbLine
 10
142.1570590000000038
 20
-34.5407659999999979
 30
0
 11
142.2496329999999887
 21
-34.6793130000000005
 31
0
  0
LINE
  5
1DC
330
22
100
AcDbEntity
  8
B.Cu
  6
CONTINUOUS
100
AcDbLine
 10
142.2496329999999887
 20
-34.6793130000000005
 30
0
 11
142.313399000000004
 21
-34.8332580000000007
 31
0
  0
LINE
  5
1DD
330
22
100
AcDbEntity
  8
B.Cu
  6
CONTINUOUS
100
AcDbLine
 10
142.313399000000004
 20
-34.8332580000000007
 30
0
 11
142.3459069999999826
 21
-34.9966849999999994
 31
0
  0
LINE
  5
1DE
330
22
100
AcDbEntity
  8
B.Cu
  6
CONTINUOUS
100
AcDbLine
 10
142.3459069999999826
 20
-34.9966849999999994
 30
0
 11
142.3459069999999826
 21
-35.1633149999999972
 31
0
  0
LINE
  5
1DF
330
22
100
AcDbEntity
  8
B.Cu
  6
CONTINUOUS
100
AcDbLine
 10
142.3459069999999826
 20
-35.1633149999999972
 30
0
 11
142.313399000000004
 21
-35.3267419999999959
 31
0
  0
LINE
  5
1E0
330
22
100
AcDbEntity
  8
B.Cu
  6
CONTINUOUS
100
AcDbLine
 10
142.313399000000004
 20
-35.3267419999999959
 30
0
 11
142.2496329999999887
 21
-35.4806869999999961
 31
0
  0
LINE
  5
1E1
330
22
100
AcDbEntity
  8
B.Cu
  6
CONTINUOUS
100
AcDbLine
 10
142.2496329999999887
 20
-35.4806869999999961
 30
0
 11
142.1570590000000038
 21
-35.6192339999999987
 31
0
  0
LINE
  5
1E2
330
22
100
AcDbEntity
  8
B.Cu
  6
CONTINUOUS
100
AcDbLine
 10
142.1570590000000038
 20
-35.6192339999999987
 30
0
 11
142.0392339999999933
 21
-35.737058999999995
 31
0
  0
LINE
  5
1E3
330
22
100
AcDbEntity
  8
B.Cu
  6
CONTINUOUS
100
AcDbLine
 10
142.0392339999999933
 20
-35.737058999999995
 30
0
 11
141.9006870000000049
 21
-35.8296330000000012
 31
0
  0
LINE
  5
1E4
330
22
100
AcDbEntity
  8
B.Cu
  6
CONTINUOUS
100
AcDbLine
 10
141.9006870000000049
 20
-35.8296330000000012
 30
0
 11
141.7467419999999834
 21
-35.8933989999999952
 31
0
  0
LINE
  5
1E5
330
22
100
AcDbEntity
  8
B.Cu
  6
CONTINUOUS
100
AcDbLine
 10
141.7467419999999834
 20
-35.8933989999999952
 30
0
 11
141.5833149999999989
 21
-35.9259069999999952
 31
0
  0
LINE
  5
1E6
330
22
100
AcDbEntity
  8
B.Cu
  6
CONTINUOUS
100
AcDbLine
 10
141.5833149999999989
 20
-35.9259069999999952
 30
0
 11
141.4166850000000011
 21
-35.9259069999999952
 31
0
  0
LINE
  5
1E7
330
22
100
AcDbEntity
  8
B.Cu
  6
CONTINUOUS
100
AcDbLine
 10
141.4166850000000011
 20
-35.9259069999999952
 30
0
 11
141.2532579999999882
 21
-35.8933989999999952
 31
0
  0
LINE
  5
1E8
330
22
100
AcDbEntity
  8
B.Cu
  6
CONTINUOUS
100
AcDbLine
 10
141.2532579999999882
 20
-35.8933989999999952
 30
0
 11
141.0993129999999951
 21
-35.8296330000000012
 31
0
  0
LINE
  5
1E9
330
22
100
AcDbEntity
  8
B.Cu
  6
CONTINUOUS
100
AcDbLine
 10
141.0993129999999951
 20
-35.8296330000000012
 30
0
 11
140.9607660000000067
 21
-35.737058999999995
 31
0
  0
LINE
  5
1EA
330
22
100
AcDbEntity
  8
B.Cu
  6
CONTINUOUS
100
AcDbLine
 10
140.9607660000000067
 20
-35.737058999999995
 30
0
 11
140.8429409999999962
 21
-35.6192339999999987
 31
0
  0
LINE
  5
1EB
330
22
100
AcDbEntity
  8
B.Cu
  6
CONTINUOUS
100
AcDbLine
 10
140.8429409999999962
 20
-35.6192339999999987
 30
0
 11
140.7503669999999829
 21
-35.4806869999999961
 31
0
  0
LINE
  5
1EC
330
22
100
AcDbEntity
  8
B.Cu
  6
CONTINUOUS
100
AcDbLine
 10
140.7503669999999829
 20
-35.4806869999999961
 30
0
 11
140.686600999999996
 21
-35.3267419999999959
 31
0
  0
LINE
  5
1ED
330
22
100
AcDbEntity
  8
B.Cu
  6
CONTINUOUS
100
AcDbLine
 10
140.686600999999996
 20
-35.3267419999999959
 30
0
 11
140.6540929999999889
 21
-35.1633149999999972
 31
0
  0
LINE
  5
1EE
330
22
100
AcDbEntity
  8
B.Cu
  6
CONTINUOUS
100
AcDbLine
 10
140.6540929999999889
 20
-35.1633149999999972
 30
0
 11
140.6540929999999889
 21
-34.9966849999999994
 31
0
  0
LINE
  5
1EF
330
22
100
AcDbEntity
  8
B.Cu
  6
CONTINUOUS
100
AcDbLine
 10
140.6540929999999889
 20
-34.9966849999999994
 30
0
 11
140.686600999999996
 21
-34.8332580000000007
 31
0
  0
LINE
  5
1F0
330
22
100
AcDbEntity
  8
B.Cu
  6
CONTINUOUS
100
AcDbLine
 10
140.686600999999996
 20
-34.8332580000000007
 30
0
 11
140.7503669999999829
 21
-34.6793130000000005
 31
0
  0
LINE
  5
1F1
330
22
100
AcDbEntity
  8
B.Cu
  6
CONTINUOUS
100
AcDbLine
 10
140.7503669999999829
 20
-34.6793130000000005
 30
0
 11
140.8429409999999962
 21
-34.5407659999999979
 31
0
  0
LINE
  5
1F2
330
22
100
AcDbEntity
  8
B.Cu
  6
CONTINUOUS
100
AcDbLine
 10
140.8429409999999962
 20
-34.5407659999999979
 30
0
 11
140.9607660000000067
 21
-34.4229410000000016
 31
0
  0
LINE
  5
1F3
330
22
100
AcDbEntity
  8
B.Cu
  6
CONTINUOUS
100
AcDbLine
 10
140.9607660000000067
 20
-34.4229410000000016
 30
0
 11
141.0993129999999951
 21
-34.3303669999999954
 31
0
  0
LINE
  5
1F4
330
22
100
AcDbEntity
  8
B.Cu
  6
CONTINUOUS
100
AcDbLine
 10
141.0993129999999951
 20
-34.3303669999999954
 30
0
 11
141.2532579999999882
 21
-34.2666010000000014
 31
0
  0
LINE
  5
1F5
330
22
100
AcDbEntity
  8
B.Cu
  6
CONTINUOUS
100
AcDbLine
 10
141.2532579999999882
 20
-34.2666010000000014
 30
0
 11
141.4166850000000011
 21
-34.2340930000000014
 31
0
  0
LINE
  5
1F6
330
22
100
AcDbEntity
  8
B.Cu
  6
CONTINUOUS
100
AcDbLine
 10
141.4166850000000011
 20
-34.2340930000000014
 30
0
 11
141.5833149999999989
 21
-34.2340930000000014
 31
0
  0
LINE
  5
1F7
330
22
100
AcDbEntity
  8
B.Cu
  6
CONTINUOUS
100
AcDbLine
 10
141.5833149999999989
 20
-34.2340930000000014
 30
0
 11
141.7467419999999834
 21
-34.2666010000000014
 31
0
  0
LINE
  5
1F8
330
22
100
AcDbEntity
  8
B.Cu
  6
CONTINUOUS
100
AcDbLine
 10
141.7467419999999834
 20
-31.7266009999999987
 30
0
 11
141.9006870000000049
 21
-31.7903669999999998
 31
0
  0
LINE
  5
1F9
330
22
100
AcDbEntity
  8
B.Cu
  6
CONTINUOUS
100
AcDbLine
 10
141.9006870000000049
 20
-31.7903669999999998
 30
0
 11
142.0392339999999933
 21
-31.8829409999999989
 31
0
  0
LINE
  5
1FA
330
22
100
AcDbEntity
  8
B.Cu
  6
CONTINUOUS
100
AcDbLine
 10
142.0392339999999933
 20
-31.8829409999999989
 30
0
 11
142.1570590000000038
 21
-32.0007659999999987
 31
0
  0
LINE
  5
1FB
330
22
100
AcDbEntity
  8
B.Cu
  6
CONTINUOUS
100
AcDbLine
 10
142.1570590000000038
 20
-32.0007659999999987
 30
0
 11
142.2496329999999887
 21
-32.1393130000000014
 31
0
  0
LINE
  5
1FC
330
22
100
AcDbEntity
  8
B.Cu
  6
CONTINUOUS
100
AcDbLine
 10
142.2496329999999887
 20
-32.1393130000000014
 30
0
 11
142.313399000000004
 21
-32.2932580000000016
 31
0
  0
LINE
  5
1FD
330
22
100
AcDbEntity
  8
B.Cu
  6
CONTINUOUS
100
AcDbLine
 10
142.313399000000004
 20
-32.2932580000000016
 30
0
 11
142.3459069999999826
 21
-32.4566850000000002
 31
0
  0
LINE
  5
1FE
330
22
100
AcDbEntity
  8
B.Cu
  6
CONTINUOUS
100
AcDbLine
 10
142.3459069999999826
 20
-32.4566850000000002
 30
0
 11
142.3459069999999826
 21
-32.6233149999999981
 31
0
  0
LINE
  5
1FF
330
22
100
AcDbEntity
  8
B.Cu
  6
CONTINUOUS
100
AcDbLine
 10
142.3459069999999826
 20
-32.6233149999999981
 30
0
 11
142.313399000000004
 21
-32.7867419999999967
 31
0
  0
LINE
  5
200
330
22
100
AcDbEntity
  8
B.Cu
  6
CONTINUOUS
100
AcDbLine
 10
142.313399000000004
 20
-32.7867419999999967
 30
0
 11
142.2496329999999887
 21
-32.9406869999999969
 31
0
  0
LINE
  5
201
330
22
100
AcDbEntity
  8
B.Cu
  6
CONTINUOUS
100
AcDbLine
 10
142.2496329999999887
 20
-32.9406869999999969
 30
0
 11
142.1570590000000038
 21
-33.0792339999999996
 31
0
  0
LINE
  5
202
330
22
100
AcDbEntity
  8
B.Cu
  6
CONTINUOUS
100
AcDbLine
 10
142.1570590000000038
 20
-33.0792339999999996
 30
0
 11
142.0392339999999933
 21
-33.1970589999999959
 31
0
  0
LINE
  5
203
330
22
100
AcDbEntity
  8
B.Cu
  6
CONTINUOUS
100
AcDbLine
 10
142.0392339999999933
 20
-33.1970589999999959
 30
0
 11
141.9006870000000049
 21
-33.289633000000002
 31
0
  0
LINE
  5
204
330
22
100
AcDbEntity
  8
B.Cu
  6
CONTINUOUS
100
AcDbLine
 10
141.9006870000000049
 20
-33.289633000000002
 30
0
 11
141.7467419999999834
 21
-33.353398999999996
 31
0
  0
LINE
  5
205
330
22
100
AcDbEntity
  8
B.Cu
  6
CONTINUOUS
100
AcDbLine
 10
141.7467419999999834
 20
-33.353398999999996
 30
0
 11
141.5833149999999989
 21
-33.385906999999996
 31
0
  0
LINE
  5
206
330
22
100
AcDbEntity
  8
B.Cu
  6
CONTINUOUS
100
AcDbLine
 10
141.5833149999999989
 20
-33.385906999999996
 30
0
 11
141.4166850000000011
 21
-33.385906999999996
 31
0
  0
LINE
  5
207
330
22
100
AcDbEntity
  8
B.Cu
  6
CONTINUOUS
100
AcDbLine
 10
141.4166850000000011
 20
-33.385906999999996
 30
0
 11
141.2532579999999882
 21
-33.353398999999996
 31
0
  0
LINE
  5
208
330
22
100
AcDbEntity
  8
B.Cu
  6
CONTINUOUS
100
AcDbLine
 10
141.2532579999999882
 20
-33.353398999999996
 30
0
 11
141.0993129999999951
 21
-33.289633000000002
 31
0
  0
LINE
  5
209
330
22
100
AcDbEntity
  8
B.Cu
  6
CONTINUOUS
100
AcDbLine
 10
141.0993129999999951
 20
-33.289633000000002
 30
0
 11
140.9607660000000067
 21
-33.1970589999999959
 31
0
  0
LINE
  5
20A
330
22
100
AcDbEntity
  8
B.Cu
  6
CONTINUOUS
100
AcDbLine
 10
140.9607660000000067
 20
-33.1970589999999959
 30
0
 11
140.8429409999999962
 21
-33.0792339999999996
 31
0
  0
LINE
  5
20B
330
22
100
AcDbEntity
  8
B.Cu
  6
CONTINUOUS
100
AcDbLine
 10
140.8429409999999962
 20
-33.0792339999999996
 30
0
 11
140.7503669999999829
 21
-32.9406869999999969
 31
0
  0
LINE
  5
20C
330
22
100
AcDbEntity
  8
B.Cu
  6
CONTINUOUS
100
AcDbLine
 10
140.7503669999999829
 20
-32.9406869999999969
 30
0
 11
140.686600999999996
 21
-32.7867419999999967
 31
0
  0
LINE
  5
20D
330
22
100
AcDbEntity
  8
B.Cu
  6
CONTINUOUS
100
AcDbLine
 10
140.686600999999996
 20
-32.7867419999999967
 30
0
 11
140.6540929999999889
 21
-32.6233149999999981
 31
0
  0
LINE
  5
20E
330
22
100
AcDbEntity
  8
B.Cu
  6
CONTINUOUS
100
AcDbLine
 10
140.6540929999999889
 20
-32.6233149999999981
 30
0
 11
140.6540929999999889
 21
-32.4566850000000002
 31
0
  0
LINE
  5
20F
330
22
100
AcDbEntity
  8
B.Cu
  6
CONTINUOUS
100
AcDbLine
 10
140.6540929999999889
 20
-32.4566850000000002
 30
0
 11
140.686600999999996
 21
-32.2932580000000016
 31
0
  0
LINE
  5
210
330
22
100
AcDbEntity
  8
B.Cu
  6
CONTINUOUS
100
AcDbLine
 10
140.686600999999996
 20
-32.2932580000000016
 30
0
 11
140.7503669999999829
 21
-32.1393130000000014
 31
0
  0
LINE
  5
211
330
22
100
AcDbEntity
  8
B.Cu
  6
CONTINUOUS
100
AcDbLine
 10
140.7503669999999829
 20
-32.1393130000000014
 30
0
 11
140.8429409999999962
 21
-32.0007659999999987
 31
0
  0
LINE
  5
212
330
22
100
AcDbEntity
  8
B.Cu
  6
CONTINUOUS
100
AcDbLine
 10
140.8429409999999962
 20
-32.0007659999999987
 30
0
 11
140.9607660000000067
 21
-31.8829409999999989
 31
0
  0
LINE
  5
213
330
22
100
AcDbEntity
  8
B.Cu
  6
CONTINUOUS
100
AcDbLine
 10
140.9607660000000067
 20
-31.8829409999999989
 30
0
 11
141.0993129999999951
 21
-31.7903669999999998
 31
0
  0
LINE
  5
214
330
22
100
AcDbEntity
  8
B.Cu
  6
CONTINUOUS
100
AcDbLine
 10
141.0993129999999951
 20
-31.7903669999999998
 30
0
 11
141.2532579999999882
 21
-31.7266009999999987
 31
0
  0
LINE
  5
215
330
22
100
AcDbEntity
  8
B.Cu
  6
CONTINUOUS
100
AcDbLine
 10
141.2532579999999882
 20
-31.7266009999999987
 30
0
 11
141.4166850000000011
 21
-31.6940929999999987
 31
0
  0
LINE
  5
216
330
22
100
AcDbEntity
  8
B.Cu
  6
CONTINUOUS
100
AcDbLine
 10
141.4166850000000011
 20
-31.6940929999999987
 30
0
 11
141.5833149999999989
 21
-31.6940929999999987
 31
0
  0
LINE
  5
217
330
22
100
AcDbEntity
  8
B.Cu
  6
CONTINUOUS
100
AcDbLine
 10
141.5833149999999989
 20
-31.6940929999999987
 30
0
 11
141.7467419999999834
 21
-31.7266009999999987
 31
0
  0
LINE
  5
218
330
22
100
AcDbEntity
  8
B.Cu
  6
CONTINUOUS
100
AcDbLine
 10
147.1583149999999875
 20
-76.7740929999999935
 30
0
 11
147.3217420000000004
 21
-76.8066010000000006
 31
0
  0
LINE
  5
219
330
22
100
AcDbEntity
  8
B.Cu
  6
CONTINUOUS
100
AcDbLine
 10
147.3217420000000004
 20
-76.8066010000000006
 30
0
 11
147.4756869999999935
 21
-76.8703670000000017
 31
0
  0
LINE
  5
21A
330
22
100
AcDbEntity
  8
B.Cu
  6
CONTINUOUS
100
AcDbLine
 10
147.4756869999999935
 20
-76.8703670000000017
 30
0
 11
147.614233999999982
 21
-76.9629410000000007
 31
0
  0
LINE
  5
21B
330
22
100
AcDbEntity
  8
B.Cu
  6
CONTINUOUS
100
AcDbLine
 10
147.614233999999982
 20
-76.9629410000000007
 30
0
 11
147.7320589999999925
 21
-77.080765999999997
 31
0
  0
LINE
  5
21C
330
22
100
AcDbEntity
  8
B.Cu
  6
CONTINUOUS
100
AcDbLine
 10
147.7320589999999925
 20
-77.080765999999997
 30
0
 11
147.8246330000000057
 21
-77.2193129999999996
 31
0
  0
LINE
  5
21D
330
22
100
AcDbEntity
  8
B.Cu
  6
CONTINUOUS
100
AcDbLine
 10
147.8246330000000057
 20
-77.2193129999999996
 30
0
 11
147.8883989999999926
 21
-77.3732579999999928
 31
0
  0
LINE
  5
21E
330
22
100
AcDbEntity
  8
B.Cu
  6
CONTINUOUS
100
AcDbLine
 10
147.8883989999999926
 20
-77.3732579999999928
 30
0
 11
147.9209069999999997
 21
-77.5366849999999914
 31
0
  0
LINE
  5
21F
330
22
100
AcDbEntity
  8
B.Cu
  6
CONTINUOUS
100
AcDbLine
 10
147.9209069999999997
 20
-77.5366849999999914
 30
0
 11
147.9209069999999997
 21
-77.7033150000000035
 31
0
  0
LINE
  5
220
330
22
100
AcDbEntity
  8
B.Cu
  6
CONTINUOUS
100
AcDbLine
 10
147.9209069999999997
 20
-77.7033150000000035
 30
0
 11
147.8883989999999926
 21
-77.8667420000000021
 31
0
  0
LINE
  5
221
330
22
100
AcDbEntity
  8
B.Cu
  6
CONTINUOUS
100
AcDbLine
 10
147.8883989999999926
 20
-77.8667420000000021
 30
0
 11
147.8246330000000057
 21
-78.0206869999999952
 31
0
  0
LINE
  5
222
330
22
100
AcDbEntity
  8
B.Cu
  6
CONTINUOUS
100
AcDbLine
 10
147.8246330000000057
 20
-78.0206869999999952
 30
0
 11
147.7320589999999925
 21
-78.1592339999999979
 31
0
  0
LINE
  5
223
330
22
100
AcDbEntity
  8
B.Cu
  6
CONTINUOUS
100
AcDbLine
 10
147.7320589999999925
 20
-78.1592339999999979
 30
0
 11
147.614233999999982
 21
-78.2770589999999942
 31
0
  0
LINE
  5
224
330
22
100
AcDbEntity
  8
B.Cu
  6
CONTINUOUS
100
AcDbLine
 10
147.614233999999982
 20
-78.2770589999999942
 30
0
 11
147.4756869999999935
 21
-78.3696329999999932
 31
0
  0
LINE
  5
225
330
22
100
AcDbEntity
  8
B.Cu
  6
CONTINUOUS
100
AcDbLine
 10
147.4756869999999935
 20
-78.3696329999999932
 30
0
 11
147.3217420000000004
 21
-78.4333989999999943
 31
0
  0
LINE
  5
226
330
22
100
AcDbEntity
  8
B.Cu
  6
CONTINUOUS
100
AcDbLine
 10
147.3217420000000004
 20
-78.4333989999999943
 30
0
 11
147.1583149999999875
 21
-78.4659070000000014
 31
0
  0
LINE
  5
227
330
22
100
AcDbEntity
  8
B.Cu
  6
CONTINUOUS
100
AcDbLine
 10
147.1583149999999875
 20
-78.4659070000000014
 30
0
 11
147.0749999999999886
 21
-78.4699999999999989
 31
0
  0
LINE
  5
228
330
22
100
AcDbEntity
  8
B.Cu
  6
CONTINUOUS
100
AcDbLine
 10
147.0749999999999886
 20
-78.4699999999999989
 30
0
 11
145.1749999999999829
 21
-78.4699999999999989
 31
0
  0
LINE
  5
229
330
22
100
AcDbEntity
  8
B.Cu
  6
CONTINUOUS
100
AcDbLine
 10
145.1749999999999829
 20
-78.4699999999999989
 30
0
 11
145.091684999999984
 21
-78.4659070000000014
 31
0
  0
LINE
  5
22A
330
22
100
AcDbEntity
  8
B.Cu
  6
CONTINUOUS
100
AcDbLine
 10
145.091684999999984
 20
-78.4659070000000014
 30
0
 11
144.9282579999999996
 21
-78.4333989999999943
 31
0
  0
LINE
  5
22B
330
22
100
AcDbEntity
  8
B.Cu
  6
CONTINUOUS
100
AcDbLine
 10
144.9282579999999996
 20
-78.4333989999999943
 30
0
 11
144.7743130000000065
 21
-78.3696329999999932
 31
0
  0
LINE
  5
22C
330
22
100
AcDbEntity
  8
B.Cu
  6
CONTINUOUS
100
AcDbLine
 10
144.7743130000000065
 20
-78.3696329999999932
 30
0
 11
144.6357659999999896
 21
-78.2770589999999942
 31
0
  0
LINE
  5
22D
330
22
100
AcDbEntity
  8
B.Cu
  6
CONTINUOUS
100
AcDbLine
 10
144.6357659999999896
 20
-78.2770589999999942
 30
0
 11
144.5179410000000075
 21
-78.1592339999999979
 31
0
  0
LINE
  5
22E
330
22
100
AcDbEntity
  8
B.Cu
  6
CONTINUOUS
100
AcDbLine
 10
144.5179410000000075
 20
-78.1592339999999979
 30
0
 11
144.4253669999999943
 21
-78.0206869999999952
 31
0
  0
LINE
  5
22F
330
22
100
AcDbEntity
  8
B.Cu
  6
CONTINUOUS
100
AcDbLine
 10
144.4253669999999943
 20
-78.0206869999999952
 30
0
 11
144.3616010000000074
 21
-77.8667420000000021
 31
0
  0
LINE
  5
230
330
22
100
AcDbEntity
  8
B.Cu
  6
CONTINUOUS
100
AcDbLine
 10
144.3616010000000074
 20
-77.8667420000000021
 30
0
 11
144.3290930000000003
 21
-77.7033150000000035
 31
0
  0
LINE
  5
231
330
22
100
AcDbEntity
  8
B.Cu
  6
CONTINUOUS
100
AcDbLine
 10
144.3290930000000003
 20
-77.7033150000000035
 30
0
 11
144.3290930000000003
 21
-77.5366849999999914
 31
0
  0
LINE
  5
232
330
22
100
AcDbEntity
  8
B.Cu
  6
CONTINUOUS
100
AcDbLine
 10
144.3290930000000003
 20
-77.5366849999999914
 30
0
 11
144.3616010000000074
 21
-77.3732579999999928
 31
0
  0
LINE
  5
233
330
22
100
AcDbEntity
  8
B.Cu
  6
CONTINUOUS
100
AcDbLine
 10
144.3616010000000074
 20
-77.3732579999999928
 30
0
 11
144.4253669999999943
 21
-77.2193129999999996
 31
0
  0
LINE
  5
234
330
22
100
AcDbEntity
  8
B.Cu
  6
CONTINUOUS
100
AcDbLine
 10
144.4253669999999943
 20
-77.2193129999999996
 30
0
 11
144.5179410000000075
 21
-77.080765999999997
 31
0
  0
LINE
  5
235
330
22
100
AcDbEntity
  8
B.Cu
  6
CONTINUOUS
100
AcDbLine
 10
144.5179410000000075
 20
-77.080765999999997
 30
0
 11
144.6357659999999896
 21
-76.9629410000000007
 31
0
  0
LINE
  5
236
330
22
100
AcDbEntity
  8
B.Cu
  6
CONTINUOUS
100
AcDbLine
 10
144.6357659999999896
 20
-76.9629410000000007
 30
0
 11
144.7743130000000065
 21
-76.8703670000000017
 31
0
  0
LINE
  5
237
330
22
100
AcDbEntity
  8
B.Cu
  6
CONTINUOUS
100
AcDbLine
 10
144.7743130000000065
 20
-76.8703670000000017
 30
0
 11
144.9282579999999996
 21
-76.8066010000000006
 31
0
  0
LINE
  5
238
330
22
100
AcDbEntity
  8
B.Cu
  6
CONTINUOUS
100
AcDbLine
 10
144.9282579999999996
 20
-76.8066010000000006
 30
0
 11
145.091684999999984
 21
-76.7740929999999935
 31
0
  0
LINE
  5
239
330
22
100
AcDbEntity
  8
B.Cu
  6
CONTINUOUS
100
AcDbLine
 10
145.091684999999984
 20
-76.7740929999999935
 30
0
 11
145.1749999999999829
 21
-76.769999999999996
 31
0
  0
LINE
  5
23A
330
22
100
AcDbEntity
  8
B.Cu
  6
CONTINUOUS
100
AcDbLine
 10
145.1749999999999829
 20
-76.769999999999996
 30
0
 11
147.0749999999999886
 21
-76.769999999999996
 31
0
  0
LINE
  5
23B
330
22
100
AcDbEntity
  8
B.Cu
  6
CONTINUOUS
100
AcDbLine
 10
147.0749999999999886
 20
-76.769999999999996
 30
0
 11
147.1583149999999875
 21
-76.7740929999999935
 31
0
  0
LINE
  5
23C
330
22
100
AcDbEntity
  8
B.Cu
  6
CONTINUOUS
100
AcDbLine
 10
147.1583149999999875
 20
-74.2340930000000014
 30
0
 11
147.3217420000000004
 21
-74.2666009999999943
 31
0
  0
LINE
  5
23D
330
22
100
AcDbEntity
  8
B.Cu
  6
CONTINUOUS
100
AcDbLine
 10
147.3217420000000004
 20
-74.2666009999999943
 30
0
 11
147.4756869999999935
 21
-74.3303669999999954
 31
0
  0
LINE
  5
23E
330
22
100
AcDbEntity
  8
B.Cu
  6
CONTINUOUS
100
AcDbLine
 10
147.4756869999999935
 20
-74.3303669999999954
 30
0
 11
147.614233999999982
 21
-74.4229409999999945
 31
0
  0
LINE
  5
23F
330
22
100
AcDbEntity
  8
B.Cu
  6
CONTINUOUS
100
AcDbLine
 10
147.614233999999982
 20
-74.4229409999999945
 30
0
 11
147.7320589999999925
 21
-74.5407659999999908
 31
0
  0
LINE
  5
240
330
22
100
AcDbEntity
  8
B.Cu
  6
CONTINUOUS
100
AcDbLine
 10
147.7320589999999925
 20
-74.5407659999999908
 30
0
 11
147.8246330000000057
 21
-74.6793129999999934
 31
0
  0
LINE
  5
241
330
22
100
AcDbEntity
  8
B.Cu
  6
CONTINUOUS
100
AcDbLine
 10
147.8246330000000057
 20
-74.6793129999999934
 30
0
 11
147.8883989999999926
 21
-74.8332580000000007
 31
0
  0
LINE
  5
242
330
22
100
AcDbEntity
  8
B.Cu
  6
CONTINUOUS
100
AcDbLine
 10
147.8883989999999926
 20
-74.8332580000000007
 30
0
 11
147.9209069999999997
 21
-74.9966849999999994
 31
0
  0
LINE
  5
243
330
22
100
AcDbEntity
  8
B.Cu
  6
CONTINUOUS
100
AcDbLine
 10
147.9209069999999997
 20
-74.9966849999999994
 30
0
 11
147.9209069999999997
 21
-75.1633149999999972
 31
0
  0
LINE
  5
244
330
22
100
AcDbEntity
  8
B.Cu
  6
CONTINUOUS
100
AcDbLine
 10
147.9209069999999997
 20
-75.1633149999999972
 30
0
 11
147.8883989999999926
 21
-75.3267419999999959
 31
0
  0
LINE
  5
245
330
22
100
AcDbEntity
  8
B.Cu
  6
CONTINUOUS
100
AcDbLine
 10
147.8883989999999926
 20
-75.3267419999999959
 30
0
 11
147.8246330000000057
 21
-75.4806870000000032
 31
0
  0
LINE
  5
246
330
22
100
AcDbEntity
  8
B.Cu
  6
CONTINUOUS
100
AcDbLine
 10
147.8246330000000057
 20
-75.4806870000000032
 30
0
 11
147.7320589999999925
 21
-75.6192339999999916
 31
0
  0
LINE
  5
247
330
22
100
AcDbEntity
  8
B.Cu
  6
CONTINUOUS
100
AcDbLine
 10
147.7320589999999925
 20
-75.6192339999999916
 30
0
 11
147.614233999999982
 21
-75.7370590000000021
 31
0
  0
LINE
  5
248
330
22
100
AcDbEntity
  8
B.Cu
  6
CONTINUOUS
100
AcDbLine
 10
147.614233999999982
 20
-75.7370590000000021
 30
0
 11
147.4756869999999935
 21
-75.8296330000000012
 31
0
  0
LINE
  5
249
330
22
100
AcDbEntity
  8
B.Cu
  6
CONTINUOUS
100
AcDbLine
 10
147.4756869999999935
 20
-75.8296330000000012
 30
0
 11
147.3217420000000004
 21
-75.8933990000000023
 31
0
  0
LINE
  5
24A
330
22
100
AcDbEntity
  8
B.Cu
  6
CONTINUOUS
100
AcDbLine
 10
147.3217420000000004
 20
-75.8933990000000023
 30
0
 11
147.1583149999999875
 21
-75.9259069999999952
 31
0
  0
LINE
  5
24B
330
22
100
AcDbEntity
  8
B.Cu
  6
CONTINUOUS
100
AcDbLine
 10
147.1583149999999875
 20
-75.9259069999999952
 30
0
 11
147.0749999999999886
 21
-75.9299999999999926
 31
0
  0
LINE
  5
24C
330
22
100
AcDbEntity
  8
B.Cu
  6
CONTINUOUS
100
AcDbLine
 10
147.0749999999999886
 20
-75.9299999999999926
 30
0
 11
145.1749999999999829
 21
-75.9299999999999926
 31
0
  0
LINE
  5
24D
330
22
100
AcDbEntity
  8
B.Cu
  6
CONTINUOUS
100
AcDbLine
 10
145.1749999999999829
 20
-75.9299999999999926
 30
0
 11
145.091684999999984
 21
-75.9259069999999952
 31
0
  0
LINE
  5
24E
330
22
100
AcDbEntity
  8
B.Cu
  6
CONTINUOUS
100
AcDbLine
 10
145.091684999999984
 20
-75.9259069999999952
 30
0
 11
144.9282579999999996
 21
-75.8933990000000023
 31
0
  0
LINE
  5
24F
330
22
100
AcDbEntity
  8
B.Cu
  6
CONTINUOUS
100
AcDbLine
 10
144.9282579999999996
 20
-75.8933990000000023
 30
0
 11
144.7743130000000065
 21
-75.8296330000000012
 31
0
  0
LINE
  5
250
330
22
100
AcDbEntity
  8
B.Cu
  6
CONTINUOUS
100
AcDbLine
 10
144.7743130000000065
 20
-75.8296330000000012
 30
0
 11
144.6357659999999896
 21
-75.7370590000000021
 31
0
  0
LINE
  5
251
330
22
100
AcDbEntity
  8
B.Cu
  6
CONTINUOUS
100
AcDbLine
 10
144.6357659999999896
 20
-75.7370590000000021
 30
0
 11
144.5179410000000075
 21
-75.6192339999999916
 31
0
  0
LINE
  5
252
330
22
100
AcDbEntity
  8
B.Cu
  6
CONTINUOUS
100
AcDbLine
 10
144.5179410000000075
 20
-75.6192339999999916
 30
0
 11
144.4253669999999943
 21
-75.4806870000000032
 31
0
  0
LINE
  5
253
330
22
100
AcDbEntity
  8
B.Cu
  6
CONTINUOUS
100
AcDbLine
 10
144.4253669999999943
 20
-75.4806870000000032
 30
0
 11
144.3616010000000074
 21
-75.3267419999999959
 31
0
  0
LINE
  5
254
330
22
100
AcDbEntity
  8
B.Cu
  6
CONTINUOUS
100
AcDbLine
 10
144.3616010000000074
 20
-75.3267419999999959
 30
0
 11
144.3290930000000003
 21
-75.1633149999999972
 31
0
  0
LINE
  5
255
330
22
100
AcDbEntity
  8
B.Cu
  6
CONTINUOUS
100
AcDbLine
 10
144.3290930000000003
 20
-75.1633149999999972
 30
0
 11
144.3290930000000003
 21
-74.9966849999999994
 31
0
  0
LINE
  5
256
330
22
100
AcDbEntity
  8
B.Cu
  6
CONTINUOUS
100
AcDbLine
 10
144.3290930000000003
 20
-74.9966849999999994
 30
0
 11
144.3616010000000074
 21
-74.8332580000000007
 31
0
  0
LINE
  5
257
330
22
100
AcDbEntity
  8
B.Cu
  6
CONTINUOUS
100
AcDbLine
 10
144.3616010000000074
 20
-74.8332580000000007
 30
0
 11
144.4253669999999943
 21
-74.6793129999999934
 31
0
  0
LINE
  5
258
330
22
100
AcDbEntity
  8
B.Cu
  6
CONTINUOUS
100
AcDbLine
 10
144.4253669999999943
 20
-74.6793129999999934
 30
0
 11
144.5179410000000075
 21
-74.5407659999999908
 31
0
  0
LINE
  5
259
330
22
100
AcDbEntity
  8
B.Cu
  6
CONTINUOUS
100
AcDbLine
 10
144.5179410000000075
 20
-74.5407659999999908
 30
0
 11
144.6357659999999896
 21
-74.4229409999999945
 31
0
  0
LINE
  5
25A
330
22
100
AcDbEntity
  8
B.Cu
  6
CONTINUOUS
100
AcDbLine
 10
144.6357659999999896
 20
-74.4229409999999945
 30
0
 11
144.7743130000000065
 21
-74.3303669999999954
 31
0
  0
LINE
  5
25B
330
22
100
AcDbEntity
  8
B.Cu
  6
CONTINUOUS
100
AcDbLine
 10
144.7743130000000065
 20
-74.3303669999999954
 30
0
 11
144.9282579999999996
 21
-74.2666009999999943
 31
0
  0
LINE
  5
25C
330
22
100
AcDbEntity
  8
B.Cu
  6
CONTINUOUS
100
AcDbLine
 10
144.9282579999999996
 20
-74.2666009999999943
 30
0
 11
145.091684999999984
 21
-74.2340930000000014
 31
0
  0
LINE
  5
25D
330
22
100
AcDbEntity
  8
B.Cu
  6
CONTINUOUS
100
AcDbLine
 10
145.091684999999984
 20
-74.2340930000000014
 30
0
 11
145.1749999999999829
 21
-74.2299999999999898
 31
0
  0
LINE
  5
25E
330
22
100
AcDbEntity
  8
B.Cu
  6
CONTINUOUS
100
AcDbLine
 10
145.1749999999999829
 20
-74.2299999999999898
 30
0
 11
147.0749999999999886
 21
-74.2299999999999898
 31
0
  0
LINE
  5
25F
330
22
100
AcDbEntity
  8
B.Cu
  6
CONTINUOUS
100
AcDbLine
 10
147.0749999999999886
 20
-74.2299999999999898
 30
0
 11
147.1583149999999875
 21
-74.2340930000000014
 31
0
  0
LINE
  5
260
330
22
100
AcDbEntity
  8
B.Cu
  6
CONTINUOUS
100
AcDbLine
 10
147.1583149999999875
 20
-71.6940929999999952
 30
0
 11
147.3217420000000004
 21
-71.7266010000000023
 31
0
  0
LINE
  5
261
330
22
100
AcDbEntity
  8
B.Cu
  6
CONTINUOUS
100
AcDbLine
 10
147.3217420000000004
 20
-71.7266010000000023
 30
0
 11
147.4756869999999935
 21
-71.7903670000000034
 31
0
  0
LINE
  5
262
330
22
100
AcDbEntity
  8
B.Cu
  6
CONTINUOUS
100
AcDbLine
 10
147.4756869999999935
 20
-71.7903670000000034
 30
0
 11
147.614233999999982
 21
-71.8829410000000024
 31
0
  0
LINE
  5
263
330
22
100
AcDbEntity
  8
B.Cu
  6
CONTINUOUS
100
AcDbLine
 10
147.614233999999982
 20
-71.8829410000000024
 30
0
 11
147.7320589999999925
 21
-72.0007659999999987
 31
0
  0
LINE
  5
264
330
22
100
AcDbEntity
  8
B.Cu
  6
CONTINUOUS
100
AcDbLine
 10
147.7320589999999925
 20
-72.0007659999999987
 30
0
 11
147.8246330000000057
 21
-72.1393130000000014
 31
0
  0
LINE
  5
265
330
22
100
AcDbEntity
  8
B.Cu
  6
CONTINUOUS
100
AcDbLine
 10
147.8246330000000057
 20
-72.1393130000000014
 30
0
 11
147.8883989999999926
 21
-72.2932579999999945
 31
0
  0
LINE
  5
266
330
22
100
AcDbEntity
  8
B.Cu
  6
CONTINUOUS
100
AcDbLine
 10
147.8883989999999926
 20
-72.2932579999999945
 30
0
 11
147.9209069999999997
 21
-72.4566849999999931
 31
0
  0
LINE
  5
267
330
22
100
AcDbEntity
  8
B.Cu
  6
CONTINUOUS
100
AcDbLine
 10
147.9209069999999997
 20
-72.4566849999999931
 30
0
 11
147.9209069999999997
 21
-72.623314999999991
 31
0
  0
LINE
  5
268
330
22
100
AcDbEntity
  8
B.Cu
  6
CONTINUOUS
100
AcDbLine
 10
147.9209069999999997
 20
-72.623314999999991
 30
0
 11
147.8883989999999926
 21
-72.7867419999999896
 31
0
  0
LINE
  5
269
330
22
100
AcDbEntity
  8
B.Cu
  6
CONTINUOUS
100
AcDbLine
 10
147.8883989999999926
 20
-72.7867419999999896
 30
0
 11
147.8246330000000057
 21
-72.9406869999999969
 31
0
  0
LINE
  5
26A
330
22
100
AcDbEntity
  8
B.Cu
  6
CONTINUOUS
100
AcDbLine
 10
147.8246330000000057
 20
-72.9406869999999969
 30
0
 11
147.7320589999999925
 21
-73.0792339999999996
 31
0
  0
LINE
  5
26B
330
22
100
AcDbEntity
  8
B.Cu
  6
CONTINUOUS
100
AcDbLine
 10
147.7320589999999925
 20
-73.0792339999999996
 30
0
 11
147.614233999999982
 21
-73.1970589999999959
 31
0
  0
LINE
  5
26C
330
22
100
AcDbEntity
  8
B.Cu
  6
CONTINUOUS
100
AcDbLine
 10
147.614233999999982
 20
-73.1970589999999959
 30
0
 11
147.4756869999999935
 21
-73.2896329999999949
 31
0
  0
LINE
  5
26D
330
22
100
AcDbEntity
  8
B.Cu
  6
CONTINUOUS
100
AcDbLine
 10
147.4756869999999935
 20
-73.2896329999999949
 30
0
 11
147.3217420000000004
 21
-73.353398999999996
 31
0
  0
LINE
  5
26E
330
22
100
AcDbEntity
  8
B.Cu
  6
CONTINUOUS
100
AcDbLine
 10
147.3217420000000004
 20
-73.353398999999996
 30
0
 11
147.1583149999999875
 21
-73.3859070000000031
 31
0
  0
LINE
  5
26F
330
22
100
AcDbEntity
  8
B.Cu
  6
CONTINUOUS
100
AcDbLine
 10
147.1583149999999875
 20
-73.3859070000000031
 30
0
 11
147.0749999999999886
 21
-73.3900000000000006
 31
0
  0
LINE
  5
270
330
22
100
AcDbEntity
  8
B.Cu
  6
CONTINUOUS
100
AcDbLine
 10
147.0749999999999886
 20
-73.3900000000000006
 30
0
 11
145.1749999999999829
 21
-73.3900000000000006
 31
0
  0
LINE
  5
271
330
22
100
AcDbEntity
  8
B.Cu
  6
CONTINUOUS
100
AcDbLine
 10
145.1749999999999829
 20
-73.3900000000000006
 30
0
 11
145.091684999999984
 21
-73.3859070000000031
 31
0
  0
LINE
  5
272
330
22
100
AcDbEntity
  8
B.Cu
  6
CONTINUOUS
100
AcDbLine
 10
145.091684999999984
 20
-73.3859070000000031
 30
0
 11
144.9282579999999996
 21
-73.353398999999996
 31
0
  0
LINE
  5
273
330
22
100
AcDbEntity
  8
B.Cu
  6
CONTINUOUS
100
AcDbLine
 10
144.9282579999999996
 20
-73.353398999999996
 30
0
 11
144.7743130000000065
 21
-73.2896329999999949
 31
0
  0
LINE
  5
274
330
22
100
AcDbEntity
  8
B.Cu
  6
CONTINUOUS
100
AcDbLine
 10
144.7743130000000065
 20
-73.2896329999999949
 30
0
 11
144.6357659999999896
 21
-73.1970589999999959
 31
0
  0
LINE
  5
275
330
22
100
AcDbEntity
  8
B.Cu
  6
CONTINUOUS
100
AcDbLine
 10
144.6357659999999896
 20
-73.1970589999999959
 30
0
 11
144.5179410000000075
 21
-73.0792339999999996
 31
0
  0
LINE
  5
276
330
22
100
AcDbEntity
  8
B.Cu
  6
CONTINUOUS
100
AcDbLine
 10
144.5179410000000075
 20
-73.0792339999999996
 30
0
 11
144.4253669999999943
 21
-72.9406869999999969
 31
0
  0
LINE
  5
277
330
22
100
AcDbEntity
  8
B.Cu
  6
CONTINUOUS
100
AcDbLine
 10
144.4253669999999943
 20
-72.9406869999999969
 30
0
 11
144.3616010000000074
 21
-72.7867419999999896
 31
0
  0
LINE
  5
278
330
22
100
AcDbEntity
  8
B.Cu
  6
CONTINUOUS
100
AcDbLine
 10
144.3616010000000074
 20
-72.7867419999999896
 30
0
 11
144.3290930000000003
 21
-72.623314999999991
 31
0
  0
LINE
  5
279
330
22
100
AcDbEntity
  8
B.Cu
  6
CONTINUOUS
100
AcDbLine
 10
144.3290930000000003
 20
-72.623314999999991
 30
0
 11
144.3290930000000003
 21
-72.4566849999999931
 31
0
  0
LINE
  5
27A
330
22
100
AcDbEntity
  8
B.Cu
  6
CONTINUOUS
100
AcDbLine
 10
144.3290930000000003
 20
-72.4566849999999931
 30
0
 11
144.3616010000000074
 21
-72.2932579999999945
 31
0
  0
LINE
  5
27B
330
22
100
AcDbEntity
  8
B.Cu
  6
CONTINUOUS
100
AcDbLine
 10
144.3616010000000074
 20
-72.2932579999999945
 30
0
 11
144.4253669999999943
 21
-72.1393130000000014
 31
0
  0
LINE
  5
27C
330
22
100
AcDbEntity
  8
B.Cu
  6
CONTINUOUS
100
AcDbLine
 10
144.4253669999999943
 20
-72.1393130000000014
 30
0
 11
144.5179410000000075
 21
-72.0007659999999987
 31
0
  0
LINE
  5
27D
330
22
100
AcDbEntity
  8
B.Cu
  6
CONTINUOUS
100
AcDbLine
 10
144.5179410000000075
 20
-72.0007659999999987
 30
0
 11
144.6357659999999896
 21
-71.8829410000000024
 31
0
  0
LINE
  5
27E
330
22
100
AcDbEntity
  8
B.Cu
  6
CONTINUOUS
100
AcDbLine
 10
144.6357659999999896
 20
-71.8829410000000024
 30
0
 11
144.7743130000000065
 21
-71.7903670000000034
 31
0
  0
LINE
  5
27F
330
22
100
AcDbEntity
  8
B.Cu
  6
CONTINUOUS
100
AcDbLine
 10
144.7743130000000065
 20
-71.7903670000000034
 30
0
 11
144.9282579999999996
 21
-71.7266010000000023
 31
0
  0
LINE
  5
280
330
22
100
AcDbEntity
  8
B.Cu
  6
CONTINUOUS
100
AcDbLine
 10
144.9282579999999996
 20
-71.7266010000000023
 30
0
 11
145.091684999999984
 21
-71.6940929999999952
 31
0
  0
LINE
  5
281
330
22
100
AcDbEntity
  8
B.Cu
  6
CONTINUOUS
100
AcDbLine
 10
145.091684999999984
 20
-71.6940929999999952
 30
0
 11
145.1749999999999829
 21
-71.6899999999999977
 31
0
  0
LINE
  5
282
330
22
100
AcDbEntity
  8
B.Cu
  6
CONTINUOUS
100
AcDbLine
 10
145.1749999999999829
 20
-71.6899999999999977
 30
0
 11
147.0749999999999886
 21
-71.6899999999999977
 31
0
  0
LINE
  5
283
330
22
100
AcDbEntity
  8
B.Cu
  6
CONTINUOUS
100
AcDbLine
 10
147.0749999999999886
 20
-71.6899999999999977
 30
0
 11
147.1583149999999875
 21
-71.6940929999999952
 31
0
  0
LINE
  5
284
330
22
100
AcDbEntity
  8
B.Cu
  6
CONTINUOUS
100
AcDbLine
 10
147.2083149999999989
 20
-69.1540930000000031
 30
0
 11
147.3717419999999834
 21
-69.186600999999996
 31
0
  0
LINE
  5
285
330
22
100
AcDbEntity
  8
B.Cu
  6
CONTINUOUS
100
AcDbLine
 10
147.3717419999999834
 20
-69.186600999999996
 30
0
 11
147.5256870000000049
 21
-69.2503669999999971
 31
0
  0
LINE
  5
286
330
22
100
AcDbEntity
  8
B.Cu
  6
CONTINUOUS
100
AcDbLine
 10
147.5256870000000049
 20
-69.2503669999999971
 30
0
 11
147.6642339999999933
 21
-69.3429409999999962
 31
0
  0
LINE
  5
287
330
22
100
AcDbEntity
  8
B.Cu
  6
CONTINUOUS
100
AcDbLine
 10
147.6642339999999933
 20
-69.3429409999999962
 30
0
 11
147.7820590000000038
 21
-69.4607659999999925
 31
0
  0
LINE
  5
288
330
22
100
AcDbEntity
  8
B.Cu
  6
CONTINUOUS
100
AcDbLine
 10
147.7820590000000038
 20
-69.4607659999999925
 30
0
 11
147.8746329999999887
 21
-69.5993129999999951
 31
0
  0
LINE
  5
289
330
22
100
AcDbEntity
  8
B.Cu
  6
CONTINUOUS
100
AcDbLine
 10
147.8746329999999887
 20
-69.5993129999999951
 30
0
 11
147.938399000000004
 21
-69.7532580000000024
 31
0
  0
LINE
  5
28A
330
22
100
AcDbEntity
  8
B.Cu
  6
CONTINUOUS
100
AcDbLine
 10
147.938399000000004
 20
-69.7532580000000024
 30
0
 11
147.9709069999999826
 21
-69.9166850000000011
 31
0
  0
LINE
  5
28B
330
22
100
AcDbEntity
  8
B.Cu
  6
CONTINUOUS
100
AcDbLine
 10
147.9709069999999826
 20
-69.9166850000000011
 30
0
 11
147.9709069999999826
 21
-70.0833149999999989
 31
0
  0
LINE
  5
28C
330
22
100
AcDbEntity
  8
B.Cu
  6
CONTINUOUS
100
AcDbLine
 10
147.9709069999999826
 20
-70.0833149999999989
 30
0
 11
147.938399000000004
 21
-70.2467419999999976
 31
0
  0
LINE
  5
28D
330
22
100
AcDbEntity
  8
B.Cu
  6
CONTINUOUS
100
AcDbLine
 10
147.938399000000004
 20
-70.2467419999999976
 30
0
 11
147.8746329999999887
 21
-70.4006869999999907
 31
0
  0
LINE
  5
28E
330
22
100
AcDbEntity
  8
B.Cu
  6
CONTINUOUS
100
AcDbLine
 10
147.8746329999999887
 20
-70.4006869999999907
 30
0
 11
147.7820590000000038
 21
-70.5392339999999933
 31
0
  0
LINE
  5
28F
330
22
100
AcDbEntity
  8
B.Cu
  6
CONTINUOUS
100
AcDbLine
 10
147.7820590000000038
 20
-70.5392339999999933
 30
0
 11
147.6642339999999933
 21
-70.6570590000000038
 31
0
  0
LINE
  5
290
330
22
100
AcDbEntity
  8
B.Cu
  6
CONTINUOUS
100
AcDbLine
 10
147.6642339999999933
 20
-70.6570590000000038
 30
0
 11
147.5256870000000049
 21
-70.7496330000000029
 31
0
  0
LINE
  5
291
330
22
100
AcDbEntity
  8
B.Cu
  6
CONTINUOUS
100
AcDbLine
 10
147.5256870000000049
 20
-70.7496330000000029
 30
0
 11
147.3717419999999834
 21
-70.8133989999999898
 31
0
  0
LINE
  5
292
330
22
100
AcDbEntity
  8
B.Cu
  6
CONTINUOUS
100
AcDbLine
 10
147.3717419999999834
 20
-70.8133989999999898
 30
0
 11
147.2083149999999989
 21
-70.8459069999999969
 31
0
  0
LINE
  5
293
330
22
100
AcDbEntity
  8
B.Cu
  6
CONTINUOUS
100
AcDbLine
 10
147.2083149999999989
 20
-70.8459069999999969
 30
0
 11
147.125
 21
-70.8499999999999943
 31
0
  0
LINE
  5
294
330
22
100
AcDbEntity
  8
B.Cu
  6
CONTINUOUS
100
AcDbLine
 10
147.125
 20
-70.8499999999999943
 30
0
 11
145.125
 21
-70.8499999999999943
 31
0
  0
LINE
  5
295
330
22
100
AcDbEntity
  8
B.Cu
  6
CONTINUOUS
100
AcDbLine
 10
145.125
 20
-70.8499999999999943
 30
0
 11
145.0416850000000011
 21
-70.8459069999999969
 31
0
  0
LINE
  5
296
330
22
100
AcDbEntity
  8
B.Cu
  6
CONTINUOUS
100
AcDbLine
 10
145.0416850000000011
 20
-70.8459069999999969
 30
0
 11
144.8782579999999882
 21
-70.8133989999999898
 31
0
  0
LINE
  5
297
330
22
100
AcDbEntity
  8
B.Cu
  6
CONTINUOUS
100
AcDbLine
 10
144.8782579999999882
 20
-70.8133989999999898
 30
0
 11
144.7243129999999951
 21
-70.7496330000000029
 31
0
  0
LINE
  5
298
330
22
100
AcDbEntity
  8
B.Cu
  6
CONTINUOUS
100
AcDbLine
 10
144.7243129999999951
 20
-70.7496330000000029
 30
0
 11
144.5857660000000067
 21
-70.6570590000000038
 31
0
  0
LINE
  5
299
330
22
100
AcDbEntity
  8
B.Cu
  6
CONTINUOUS
100
AcDbLine
 10
144.5857660000000067
 20
-70.6570590000000038
 30
0
 11
144.4679409999999962
 21
-70.5392339999999933
 31
0
  0
LINE
  5
29A
330
22
100
AcDbEntity
  8
B.Cu
  6
CONTINUOUS
100
AcDbLine
 10
144.4679409999999962
 20
-70.5392339999999933
 30
0
 11
144.3753669999999829
 21
-70.4006869999999907
 31
0
  0
LINE
  5
29B
330
22
100
AcDbEntity
  8
B.Cu
  6
CONTINUOUS
100
AcDbLine
 10
144.3753669999999829
 20
-70.4006869999999907
 30
0
 11
144.311600999999996
 21
-70.2467419999999976
 31
0
  0
LINE
  5
29C
330
22
100
AcDbEntity
  8
B.Cu
  6
CONTINUOUS
100
AcDbLine
 10
144.311600999999996
 20
-70.2467419999999976
 30
0
 11
144.2790929999999889
 21
-70.0833149999999989
 31
0
  0
LINE
  5
29D
330
22
100
AcDbEntity
  8
B.Cu
  6
CONTINUOUS
100
AcDbLine
 10
144.2790929999999889
 20
-70.0833149999999989
 30
0
 11
144.2790929999999889
 21
-69.9166850000000011
 31
0
  0
LINE
  5
29E
330
22
100
AcDbEntity
  8
B.Cu
  6
CONTINUOUS
100
AcDbLine
 10
144.2790929999999889
 20
-69.9166850000000011
 30
0
 11
144.311600999999996
 21
-69.7532580000000024
 31
0
  0
LINE
  5
29F
330
22
100
AcDbEntity
  8
B.Cu
  6
CONTINUOUS
100
AcDbLine
 10
144.311600999999996
 20
-69.7532580000000024
 30
0
 11
144.3753669999999829
 21
-69.5993129999999951
 31
0
  0
LINE
  5
2A0
330
22
100
AcDbEntity
  8
B.Cu
  6
CONTINUOUS
100
AcDbLine
 10
144.3753669999999829
 20
-69.5993129999999951
 30
0
 11
144.4679409999999962
 21
-69.4607659999999925
 31
0
  0
LINE
  5
2A1
330
22
100
AcDbEntity
  8
B.Cu
  6
CONTINUOUS
100
AcDbLine
 10
144.4679409999999962
 20
-69.4607659999999925
 30
0
 11
144.5857660000000067
 21
-69.3429409999999962
 31
0
  0
LINE
  5
2A2
330
22
100
AcDbEntity
  8
B.Cu
  6
CONTINUOUS
100
AcDbLine
 10
144.5857660000000067
 20
-69.3429409999999962
 30
0
 11
144.7243129999999951
 21
-69.2503669999999971
 31
0
  0
LINE
  5
2A3
330
22
100
AcDbEntity
  8
B.Cu
  6
CONTINUOUS
100
AcDbLine
 10
144.7243129999999951
 20
-69.2503669999999971
 30
0
 11
144.8782579999999882
 21
-69.186600999999996
 31
0
  0
LINE
  5
2A4
330
22
100
AcDbEntity
  8
B.Cu
  6
CONTINUOUS
100
AcDbLine
 10
144.8782579999999882
 20
-69.186600999999996
 30
0
 11
145.0416850000000011
 21
-69.1540930000000031
 31
0
  0
LINE
  5
2A5
330
22
100
AcDbEntity
  8
B.Cu
  6
CONTINUOUS
100
AcDbLine
 10
145.0416850000000011
 20
-69.1540930000000031
 30
0
 11
145.125
 21
-69.1499999999999915
 31
0
  0
LINE
  5
2A6
330
22
100
AcDbEntity
  8
B.Cu
  6
CONTINUOUS
100
AcDbLine
 10
145.125
 20
-69.1499999999999915
 30
0
 11
147.125
 21
-69.1499999999999915
 31
0
  0
LINE
  5
2A7
330
22
100
AcDbEntity
  8
B.Cu
  6
CONTINUOUS
100
AcDbLine
 10
147.125
 20
-69.1499999999999915
 30
0
 11
147.2083149999999989
 21
-69.1540930000000031
 31
0
  0
LINE
  5
2A8
330
22
100
AcDbEntity
  8
B.Cu
  6
CONTINUOUS
100
AcDbLine
 10
147.2083149999999989
 20
-66.6140929999999969
 30
0
 11
147.3717419999999834
 21
-66.646601000000004
 31
0
  0
LINE
  5
2A9
330
22
100
AcDbEntity
  8
B.Cu
  6
CONTINUOUS
100
AcDbLine
 10
147.3717419999999834
 20
-66.646601000000004
 30
0
 11
147.5256870000000049
 21
-66.7103669999999909
 31
0
  0
LINE
  5
2AA
330
22
100
AcDbEntity
  8
B.Cu
  6
CONTINUOUS
100
AcDbLine
 10
147.5256870000000049
 20
-66.7103669999999909
 30
0
 11
147.6642339999999933
 21
-66.8029409999999899
 31
0
  0
LINE
  5
2AB
330
22
100
AcDbEntity
  8
B.Cu
  6
CONTINUOUS
100
AcDbLine
 10
147.6642339999999933
 20
-66.8029409999999899
 30
0
 11
147.7820590000000038
 21
-66.9207660000000004
 31
0
  0
LINE
  5
2AC
330
22
100
AcDbEntity
  8
B.Cu
  6
CONTINUOUS
100
AcDbLine
 10
147.7820590000000038
 20
-66.9207660000000004
 30
0
 11
147.8746329999999887
 21
-67.0593130000000031
 31
0
  0
LINE
  5
2AD
330
22
100
AcDbEntity
  8
B.Cu
  6
CONTINUOUS
100
AcDbLine
 10
147.8746329999999887
 20
-67.0593130000000031
 30
0
 11
147.938399000000004
 21
-67.2132579999999962
 31
0
  0
LINE
  5
2AE
330
22
100
AcDbEntity
  8
B.Cu
  6
CONTINUOUS
100
AcDbLine
 10
147.938399000000004
 20
-67.2132579999999962
 30
0
 11
147.9709069999999826
 21
-67.3766849999999948
 31
0
  0
LINE
  5
2AF
330
22
100
AcDbEntity
  8
B.Cu
  6
CONTINUOUS
100
AcDbLine
 10
147.9709069999999826
 20
-67.3766849999999948
 30
0
 11
147.9709069999999826
 21
-67.5433149999999927
 31
0
  0
LINE
  5
2B0
330
22
100
AcDbEntity
  8
B.Cu
  6
CONTINUOUS
100
AcDbLine
 10
147.9709069999999826
 20
-67.5433149999999927
 30
0
 11
147.938399000000004
 21
-67.7067419999999913
 31
0
  0
LINE
  5
2B1
330
22
100
AcDbEntity
  8
B.Cu
  6
CONTINUOUS
100
AcDbLine
 10
147.938399000000004
 20
-67.7067419999999913
 30
0
 11
147.8746329999999887
 21
-67.8606869999999986
 31
0
  0
LINE
  5
2B2
330
22
100
AcDbEntity
  8
B.Cu
  6
CONTINUOUS
100
AcDbLine
 10
147.8746329999999887
 20
-67.8606869999999986
 30
0
 11
147.7820590000000038
 21
-67.9992340000000013
 31
0
  0
LINE
  5
2B3
330
22
100
AcDbEntity
  8
B.Cu
  6
CONTINUOUS
100
AcDbLine
 10
147.7820590000000038
 20
-67.9992340000000013
 30
0
 11
147.6642339999999933
 21
-68.1170589999999976
 31
0
  0
LINE
  5
2B4
330
22
100
AcDbEntity
  8
B.Cu
  6
CONTINUOUS
100
AcDbLine
 10
147.6642339999999933
 20
-68.1170589999999976
 30
0
 11
147.5256870000000049
 21
-68.2096329999999966
 31
0
  0
LINE
  5
2B5
330
22
100
AcDbEntity
  8
B.Cu
  6
CONTINUOUS
100
AcDbLine
 10
147.5256870000000049
 20
-68.2096329999999966
 30
0
 11
147.3717419999999834
 21
-68.2733989999999977
 31
0
  0
LINE
  5
2B6
330
22
100
AcDbEntity
  8
B.Cu
  6
CONTINUOUS
100
AcDbLine
 10
147.3717419999999834
 20
-68.2733989999999977
 30
0
 11
147.2083149999999989
 21
-68.3059069999999906
 31
0
  0
LINE
  5
2B7
330
22
100
AcDbEntity
  8
B.Cu
  6
CONTINUOUS
100
AcDbLine
 10
147.2083149999999989
 20
-68.3059069999999906
 30
0
 11
147.125
 21
-68.3100000000000023
 31
0
  0
LINE
  5
2B8
330
22
100
AcDbEntity
  8
B.Cu
  6
CONTINUOUS
100
AcDbLine
 10
147.125
 20
-68.3100000000000023
 30
0
 11
145.125
 21
-68.3100000000000023
 31
0
  0
LINE
  5
2B9
330
22
100
AcDbEntity
  8
B.Cu
  6
CONTINUOUS
100
AcDbLine
 10
145.125
 20
-68.3100000000000023
 30
0
 11
145.0416850000000011
 21
-68.3059069999999906
 31
0
  0
LINE
  5
2BA
330
22
100
AcDbEntity
  8
B.Cu
  6
CONTINUOUS
100
AcDbLine
 10
145.0416850000000011
 20
-68.3059069999999906
 30
0
 11
144.8782579999999882
 21
-68.2733989999999977
 31
0
  0
LINE
  5
2BB
330
22
100
AcDbEntity
  8
B.Cu
  6
CONTINUOUS
100
AcDbLine
 10
144.8782579999999882
 20
-68.2733989999999977
 30
0
 11
144.7243129999999951
 21
-68.2096329999999966
 31
0
  0
LINE
  5
2BC
330
22
100
AcDbEntity
  8
B.Cu
  6
CONTINUOUS
100
AcDbLine
 10
144.7243129999999951
 20
-68.2096329999999966
 30
0
 11
144.5857660000000067
 21
-68.1170589999999976
 31
0
  0
LINE
  5
2BD
330
22
100
AcDbEntity
  8
B.Cu
  6
CONTINUOUS
100
AcDbLine
 10
144.5857660000000067
 20
-68.1170589999999976
 30
0
 11
144.4679409999999962
 21
-67.9992340000000013
 31
0
  0
LINE
  5
2BE
330
22
100
AcDbEntity
  8
B.Cu
  6
CONTINUOUS
100
AcDbLine
 10
144.4679409999999962
 20
-67.9992340000000013
 30
0
 11
144.3753669999999829
 21
-67.8606869999999986
 31
0
  0
LINE
  5
2BF
330
22
100
AcDbEntity
  8
B.Cu
  6
CONTINUOUS
100
AcDbLine
 10
144.3753669999999829
 20
-67.8606869999999986
 30
0
 11
144.311600999999996
 21
-67.7067419999999913
 31
0
  0
LINE
  5
2C0
330
22
100
AcDbEntity
  8
B.Cu
  6
CONTINUOUS
100
AcDbLine
 10
144.311600999999996
 20
-67.7067419999999913
 30
0
 11
144.2790929999999889
 21
-67.5433149999999927
 31
0
  0
LINE
  5
2C1
330
22
100
AcDbEntity
  8
B.Cu
  6
CONTINUOUS
100
AcDbLine
 10
144.2790929999999889
 20
-67.5433149999999927
 30
0
 11
144.2790929999999889
 21
-67.3766849999999948
 31
0
  0
LINE
  5
2C2
330
22
100
AcDbEntity
  8
B.Cu
  6
CONTINUOUS
100
AcDbLine
 10
144.2790929999999889
 20
-67.3766849999999948
 30
0
 11
144.311600999999996
 21
-67.2132579999999962
 31
0
  0
LINE
  5
2C3
330
22
100
AcDbEntity
  8
B.Cu
  6
CONTINUOUS
100
AcDbLine
 10
144.311600999999996
 20
-67.2132579999999962
 30
0
 11
144.3753669999999829
 21
-67.0593130000000031
 31
0
  0
LINE
  5
2C4
330
22
100
AcDbEntity
  8
B.Cu
  6
CONTINUOUS
100
AcDbLine
 10
144.3753669999999829
 20
-67.0593130000000031
 30
0
 11
144.4679409999999962
 21
-66.9207660000000004
 31
0
  0
LINE
  5
2C5
330
22
100
AcDbEntity
  8
B.Cu
  6
CONTINUOUS
100
AcDbLine
 10
144.4679409999999962
 20
-66.9207660000000004
 30
0
 11
144.5857660000000067
 21
-66.8029409999999899
 31
0
  0
LINE
  5
2C6
330
22
100
AcDbEntity
  8
B.Cu
  6
CONTINUOUS
100
AcDbLine
 10
144.5857660000000067
 20
-66.8029409999999899
 30
0
 11
144.7243129999999951
 21
-66.7103669999999909
 31
0
  0
LINE
  5
2C7
330
22
100
AcDbEntity
  8
B.Cu
  6
CONTINUOUS
100
AcDbLine
 10
144.7243129999999951
 20
-66.7103669999999909
 30
0
 11
144.8782579999999882
 21
-66.646601000000004
 31
0
  0
LINE
  5
2C8
330
22
100
AcDbEntity
  8
B.Cu
  6
CONTINUOUS
100
AcDbLine
 10
144.8782579999999882
 20
-66.646601000000004
 30
0
 11
145.0416850000000011
 21
-66.6140929999999969
 31
0
  0
LINE
  5
2C9
330
22
100
AcDbEntity
  8
B.Cu
  6
CONTINUOUS
100
AcDbLine
 10
145.0416850000000011
 20
-66.6140929999999969
 30
0
 11
145.125
 21
-66.6099999999999994
 31
0
  0
LINE
  5
2CA
330
22
100
AcDbEntity
  8
B.Cu
  6
CONTINUOUS
100
AcDbLine
 10
145.125
 20
-66.6099999999999994
 30
0
 11
147.125
 21
-66.6099999999999994
 31
0
  0
LINE
  5
2CB
330
22
100
AcDbEntity
  8
B.Cu
  6
CONTINUOUS
100
AcDbLine
 10
147.125
 20
-66.6099999999999994
 30
0
 11
147.2083149999999989
 21
-66.6140929999999969
 31
0
  0
LINE
  5
2CC
330
22
100
AcDbEntity
  8
B.Cu
  6
CONTINUOUS
100
AcDbLine
 10
119.5999999999999943
 20
-76.0999999999999943
 30
0
 11
116.3999999999999915
 21
-76.0999999999999943
 31
0
  0
LINE
  5
2CD
330
22
100
AcDbEntity
  8
B.Cu
  6
CONTINUOUS
100
AcDbLine
 10
116.3999999999999915
 20
-76.0999999999999943
 30
0
 11
116.3999999999999915
 21
-74.0999999999999943
 31
0
  0
LINE
  5
2CE
330
22
100
AcDbEntity
  8
B.Cu
  6
CONTINUOUS
100
AcDbLine
 10
116.3999999999999915
 20
-74.0999999999999943
 30
0
 11
119.5999999999999943
 21
-74.0999999999999943
 31
0
  0
LINE
  5
2CF
330
22
100
AcDbEntity
  8
B.Cu
  6
CONTINUOUS
100
AcDbLine
 10
119.5999999999999943
 20
-74.0999999999999943
 30
0
 11
119.5999999999999943
 21
-76.0999999999999943
 31
0
  0
LINE
  5
2D0
330
22
100
AcDbEntity
  8
B.Cu
  6
CONTINUOUS
100
AcDbLine
 10
110.7902849999999972
 20
-71.043059999999997
 30
0
 11
110.9713969999999961
 21
-71.1180789999999945
 31
0
  0
LINE
  5
2D1
330
22
100
AcDbEntity
  8
B.Cu
  6
CONTINUOUS
100
AcDbLine
 10
110.9713969999999961
 20
-71.1180789999999945
 30
0
 11
111.1343929999999887
 21
-71.2269900000000007
 31
0
  0
LINE
  5
2D2
330
22
100
AcDbEntity
  8
B.Cu
  6
CONTINUOUS
100
AcDbLine
 10
111.1343929999999887
 20
-71.2269900000000007
 30
0
 11
111.2730099999999993
 21
-71.3656069999999971
 31
0
  0
LINE
  5
2D3
330
22
100
AcDbEntity
  8
B.Cu
  6
CONTINUOUS
100
AcDbLine
 10
111.2730099999999993
 20
-71.3656069999999971
 30
0
 11
111.3819209999999913
 21
-71.5286029999999897
 31
0
  0
LINE
  5
2D4
330
22
100
AcDbEntity
  8
B.Cu
  6
CONTINUOUS
100
AcDbLine
 10
111.3819209999999913
 20
-71.5286029999999897
 30
0
 11
111.4569399999999888
 21
-71.7097150000000028
 31
0
  0
LINE
  5
2D5
330
22
100
AcDbEntity
  8
B.Cu
  6
CONTINUOUS
100
AcDbLine
 10
111.4569399999999888
 20
-71.7097150000000028
 30
0
 11
111.4951849999999922
 21
-71.9019830000000013
 31
0
  0
LINE
  5
2D6
330
22
100
AcDbEntity
  8
B.Cu
  6
CONTINUOUS
100
AcDbLine
 10
111.4951849999999922
 20
-71.9019830000000013
 30
0
 11
111.4951849999999922
 21
-72.0980169999999987
 31
0
  0
LINE
  5
2D7
330
22
100
AcDbEntity
  8
B.Cu
  6
CONTINUOUS
100
AcDbLine
 10
111.4951849999999922
 20
-72.0980169999999987
 30
0
 11
111.4569399999999888
 21
-72.2902849999999972
 31
0
  0
LINE
  5
2D8
330
22
100
AcDbEntity
  8
B.Cu
  6
CONTINUOUS
100
AcDbLine
 10
111.4569399999999888
 20
-72.2902849999999972
 30
0
 11
111.3819209999999913
 21
-72.4713969999999961
 31
0
  0
LINE
  5
2D9
330
22
100
AcDbEntity
  8
B.Cu
  6
CONTINUOUS
100
AcDbLine
 10
111.3819209999999913
 20
-72.4713969999999961
 30
0
 11
111.2730099999999993
 21
-72.6343930000000029
 31
0
  0
LINE
  5
2DA
330
22
100
AcDbEntity
  8
B.Cu
  6
CONTINUOUS
100
AcDbLine
 10
111.2730099999999993
 20
-72.6343930000000029
 30
0
 11
111.1343929999999887
 21
-72.7730099999999993
 31
0
  0
LINE
  5
2DB
330
22
100
AcDbEntity
  8
B.Cu
  6
CONTINUOUS
100
AcDbLine
 10
111.1343929999999887
 20
-72.7730099999999993
 30
0
 11
110.9713969999999961
 21
-72.8819209999999913
 31
0
  0
LINE
  5
2DC
330
22
100
AcDbEntity
  8
B.Cu
  6
CONTINUOUS
100
AcDbLine
 10
110.9713969999999961
 20
-72.8819209999999913
 30
0
 11
110.7902849999999972
 21
-72.956940000000003
 31
0
  0
LINE
  5
2DD
330
22
100
AcDbEntity
  8
B.Cu
  6
CONTINUOUS
100
AcDbLine
 10
110.7902849999999972
 20
-72.956940000000003
 30
0
 11
110.5980169999999987
 21
-72.9951849999999922
 31
0
  0
LINE
  5
2DE
330
22
100
AcDbEntity
  8
B.Cu
  6
CONTINUOUS
100
AcDbLine
 10
110.5980169999999987
 20
-72.9951849999999922
 30
0
 11
110.4019830000000013
 21
-72.9951849999999922
 31
0
  0
LINE
  5
2DF
330
22
100
AcDbEntity
  8
B.Cu
  6
CONTINUOUS
100
AcDbLine
 10
110.4019830000000013
 20
-72.9951849999999922
 30
0
 11
110.2097149999999885
 21
-72.956940000000003
 31
0
  0
LINE
  5
2E0
330
22
100
AcDbEntity
  8
B.Cu
  6
CONTINUOUS
100
AcDbLine
 10
110.2097149999999885
 20
-72.956940000000003
 30
0
 11
110.0286029999999897
 21
-72.8819209999999913
 31
0
  0
LINE
  5
2E1
330
22
100
AcDbEntity
  8
B.Cu
  6
CONTINUOUS
100
AcDbLine
 10
110.0286029999999897
 20
-72.8819209999999913
 30
0
 11
109.8656069999999971
 21
-72.7730099999999993
 31
0
  0
LINE
  5
2E2
330
22
100
AcDbEntity
  8
B.Cu
  6
CONTINUOUS
100
AcDbLine
 10
109.8656069999999971
 20
-72.7730099999999993
 30
0
 11
109.7269900000000007
 21
-72.6343930000000029
 31
0
  0
LINE
  5
2E3
330
22
100
AcDbEntity
  8
B.Cu
  6
CONTINUOUS
100
AcDbLine
 10
109.7269900000000007
 20
-72.6343930000000029
 30
0
 11
109.6180789999999945
 21
-72.4713969999999961
 31
0
  0
LINE
  5
2E4
330
22
100
AcDbEntity
  8
B.Cu
  6
CONTINUOUS
100
AcDbLine
 10
109.6180789999999945
 20
-72.4713969999999961
 30
0
 11
109.543059999999997
 21
-72.2902849999999972
 31
0
  0
LINE
  5
2E5
330
22
100
AcDbEntity
  8
B.Cu
  6
CONTINUOUS
100
AcDbLine
 10
109.543059999999997
 20
-72.2902849999999972
 30
0
 11
109.5048149999999936
 21
-72.0980169999999987
 31
0
  0
LINE
  5
2E6
330
22
100
AcDbEntity
  8
B.Cu
  6
CONTINUOUS
100
AcDbLine
 10
109.5048149999999936
 20
-72.0980169999999987
 30
0
 11
109.5048149999999936
 21
-71.9019830000000013
 31
0
  0
LINE
  5
2E7
330
22
100
AcDbEntity
  8
B.Cu
  6
CONTINUOUS
100
AcDbLine
 10
109.5048149999999936
 20
-71.9019830000000013
 30
0
 11
109.543059999999997
 21
-71.7097150000000028
 31
0
  0
LINE
  5
2E8
330
22
100
AcDbEntity
  8
B.Cu
  6
CONTINUOUS
100
AcDbLine
 10
109.543059999999997
 20
-71.7097150000000028
 30
0
 11
109.6180789999999945
 21
-71.5286029999999897
 31
0
  0
LINE
  5
2E9
330
22
100
AcDbEntity
  8
B.Cu
  6
CONTINUOUS
100
AcDbLine
 10
109.6180789999999945
 20
-71.5286029999999897
 30
0
 11
109.7269900000000007
 21
-71.3656069999999971
 31
0
  0
LINE
  5
2EA
330
22
100
AcDbEntity
  8
B.Cu
  6
CONTINUOUS
100
AcDbLine
 10
109.7269900000000007
 20
-71.3656069999999971
 30
0
 11
109.8656069999999971
 21
-71.2269900000000007
 31
0
  0
LINE
  5
2EB
330
22
100
AcDbEntity
  8
B.Cu
  6
CONTINUOUS
100
AcDbLine
 10
109.8656069999999971
 20
-71.2269900000000007
 30
0
 11
110.0286029999999897
 21
-71.1180789999999945
 31
0
  0
LINE
  5
2EC
330
22
100
AcDbEntity
  8
B.Cu
  6
CONTINUOUS
100
AcDbLine
 10
110.0286029999999897
 20
-71.1180789999999945
 30
0
 11
110.2097149999999885
 21
-71.043059999999997
 31
0
  0
LINE
  5
2ED
330
22
100
AcDbEntity
  8
B.Cu
  6
CONTINUOUS
100
AcDbLine
 10
110.2097149999999885
 20
-71.043059999999997
 30
0
 11
110.4019830000000013
 21
-71.0048149999999936
 31
0
  0
LINE
  5
2EE
330
22
100
AcDbEntity
  8
B.Cu
  6
CONTINUOUS
100
AcDbLine
 10
110.4019830000000013
 20
-71.0048149999999936
 30
0
 11
110.5980169999999987
 21
-71.0048149999999936
 31
0
  0
LINE
  5
2EF
330
22
100
AcDbEntity
  8
B.Cu
  6
CONTINUOUS
100
AcDbLine
 10
110.5980169999999987
 20
-71.0048149999999936
 30
0
 11
110.7902849999999972
 21
-71.043059999999997
 31
0
  0
LINE
  5
2F0
330
22
100
AcDbEntity
  8
B.Cu
  6
CONTINUOUS
100
AcDbLine
 10
94.9067900000000009
 20
-67.5703929999999957
 30
0
 11
95.0709519999999912
 21
-67.6237330000000014
 31
0
  0
LINE
  5
2F1
330
22
100
AcDbEntity
  8
B.Cu
  6
CONTINUOUS
100
AcDbLine
 10
95.0709519999999912
 20
-67.6237330000000014
 30
0
 11
95.2247479999999911
 21
-67.7020959999999974
 31
0
  0
LINE
  5
2F2
330
22
100
AcDbEntity
  8
B.Cu
  6
CONTINUOUS
100
AcDbLine
 10
95.2247479999999911
 20
-67.7020959999999974
 30
0
 11
95.3643929999999926
 21
-67.8035529999999937
 31
0
  0
LINE
  5
2F3
330
22
100
AcDbEntity
  8
B.Cu
  6
CONTINUOUS
100
AcDbLine
 10
95.3643929999999926
 20
-67.8035529999999937
 30
0
 11
95.4864469999999983
 21
-67.9256069999999994
 31
0
  0
LINE
  5
2F4
330
22
100
AcDbEntity
  8
B.Cu
  6
CONTINUOUS
100
AcDbLine
 10
95.4864469999999983
 20
-67.9256069999999994
 30
0
 11
95.5879039999999947
 21
-68.065252000000001
 31
0
  0
LINE
  5
2F5
330
22
100
AcDbEntity
  8
B.Cu
  6
CONTINUOUS
100
AcDbLine
 10
95.5879039999999947
 20
-68.065252000000001
 30
0
 11
95.6662669999999906
 21
-68.2190480000000008
 31
0
  0
LINE
  5
2F6
330
22
100
AcDbEntity
  8
B.Cu
  6
CONTINUOUS
100
AcDbLine
 10
95.6662669999999906
 20
-68.2190480000000008
 30
0
 11
95.7196069999999963
 21
-68.3832099999999912
 31
0
  0
LINE
  5
2F7
330
22
100
AcDbEntity
  8
B.Cu
  6
CONTINUOUS
100
AcDbLine
 10
95.7196069999999963
 20
-68.3832099999999912
 30
0
 11
95.7466089999999923
 21
-68.5536949999999905
 31
0
  0
LINE
  5
2F8
330
22
100
AcDbEntity
  8
B.Cu
  6
CONTINUOUS
100
AcDbLine
 10
95.7466089999999923
 20
-68.5536949999999905
 30
0
 11
95.7466089999999923
 21
-68.7263049999999964
 31
0
  0
LINE
  5
2F9
330
22
100
AcDbEntity
  8
B.Cu
  6
CONTINUOUS
100
AcDbLine
 10
95.7466089999999923
 20
-68.7263049999999964
 30
0
 11
95.7196069999999963
 21
-68.8967899999999958
 31
0
  0
LINE
  5
2FA
330
22
100
AcDbEntity
  8
B.Cu
  6
CONTINUOUS
100
AcDbLine
 10
95.7196069999999963
 20
-68.8967899999999958
 30
0
 11
95.6662669999999906
 21
-69.0609520000000003
 31
0
  0
LINE
  5
2FB
330
22
100
AcDbEntity
  8
B.Cu
  6
CONTINUOUS
100
AcDbLine
 10
95.6662669999999906
 20
-69.0609520000000003
 30
0
 11
95.5879039999999947
 21
-69.2147480000000002
 31
0
  0
LINE
  5
2FC
330
22
100
AcDbEntity
  8
B.Cu
  6
CONTINUOUS
100
AcDbLine
 10
95.5879039999999947
 20
-69.2147480000000002
 30
0
 11
95.4864469999999983
 21
-69.3543930000000017
 31
0
  0
LINE
  5
2FD
330
22
100
AcDbEntity
  8
B.Cu
  6
CONTINUOUS
100
AcDbLine
 10
95.4864469999999983
 20
-69.3543930000000017
 30
0
 11
95.3643929999999926
 21
-69.4764469999999932
 31
0
  0
LINE
  5
2FE
330
22
100
AcDbEntity
  8
B.Cu
  6
CONTINUOUS
100
AcDbLine
 10
95.3643929999999926
 20
-69.4764469999999932
 30
0
 11
95.2247479999999911
 21
-69.5779040000000037
 31
0
  0
LINE
  5
2FF
330
22
100
AcDbEntity
  8
B.Cu
  6
CONTINUOUS
100
AcDbLine
 10
95.2247479999999911
 20
-69.5779040000000037
 30
0
 11
95.0709519999999912
 21
-69.6562669999999997
 31
0
  0
LINE
  5
300
330
22
100
AcDbEntity
  8
B.Cu
  6
CONTINUOUS
100
AcDbLine
 10
95.0709519999999912
 20
-69.6562669999999997
 30
0
 11
94.9067900000000009
 21
-69.7096069999999912
 31
0
  0
LINE
  5
301
330
22
100
AcDbEntity
  8
B.Cu
  6
CONTINUOUS
100
AcDbLine
 10
94.9067900000000009
 20
-69.7096069999999912
 30
0
 11
94.7363050000000015
 21
-69.7366090000000014
 31
0
  0
LINE
  5
302
330
22
100
AcDbEntity
  8
B.Cu
  6
CONTINUOUS
100
AcDbLine
 10
94.7363050000000015
 20
-69.7366090000000014
 30
0
 11
94.5636949999999956
 21
-69.7366090000000014
 31
0
  0
LINE
  5
303
330
22
100
AcDbEntity
  8
B.Cu
  6
CONTINUOUS
100
AcDbLine
 10
94.5636949999999956
 20
-69.7366090000000014
 30
0
 11
94.3932099999999963
 21
-69.7096069999999912
 31
0
  0
LINE
  5
304
330
22
100
AcDbEntity
  8
B.Cu
  6
CONTINUOUS
100
AcDbLine
 10
94.3932099999999963
 20
-69.7096069999999912
 30
0
 11
94.2290479999999917
 21
-69.6562669999999997
 31
0
  0
LINE
  5
305
330
22
100
AcDbEntity
  8
B.Cu
  6
CONTINUOUS
100
AcDbLine
 10
94.2290479999999917
 20
-69.6562669999999997
 30
0
 11
94.0752519999999919
 21
-69.5779040000000037
 31
0
  0
LINE
  5
306
330
22
100
AcDbEntity
  8
B.Cu
  6
CONTINUOUS
100
AcDbLine
 10
94.0752519999999919
 20
-69.5779040000000037
 30
0
 11
93.9356069999999903
 21
-69.4764469999999932
 31
0
  0
LINE
  5
307
330
22
100
AcDbEntity
  8
B.Cu
  6
CONTINUOUS
100
AcDbLine
 10
93.9356069999999903
 20
-69.4764469999999932
 30
0
 11
93.8135529999999989
 21
-69.3543930000000017
 31
0
  0
LINE
  5
308
330
22
100
AcDbEntity
  8
B.Cu
  6
CONTINUOUS
100
AcDbLine
 10
93.8135529999999989
 20
-69.3543930000000017
 30
0
 11
93.7120960000000025
 21
-69.2147480000000002
 31
0
  0
LINE
  5
309
330
22
100
AcDbEntity
  8
B.Cu
  6
CONTINUOUS
100
AcDbLine
 10
93.7120960000000025
 20
-69.2147480000000002
 30
0
 11
93.6337329999999923
 21
-69.0609520000000003
 31
0
  0
LINE
  5
30A
330
22
100
AcDbEntity
  8
B.Cu
  6
CONTINUOUS
100
AcDbLine
 10
93.6337329999999923
 20
-69.0609520000000003
 30
0
 11
93.5803930000000008
 21
-68.8967899999999958
 31
0
  0
LINE
  5
30B
330
22
100
AcDbEntity
  8
B.Cu
  6
CONTINUOUS
100
AcDbLine
 10
93.5803930000000008
 20
-68.8967899999999958
 30
0
 11
93.5533909999999906
 21
-68.7263049999999964
 31
0
  0
LINE
  5
30C
330
22
100
AcDbEntity
  8
B.Cu
  6
CONTINUOUS
100
AcDbLine
 10
93.5533909999999906
 20
-68.7263049999999964
 30
0
 11
93.5533909999999906
 21
-68.5536949999999905
 31
0
  0
LINE
  5
30D
330
22
100
AcDbEntity
  8
B.Cu
  6
CONTINUOUS
100
AcDbLine
 10
93.5533909999999906
 20
-68.5536949999999905
 30
0
 11
93.5803930000000008
 21
-68.3832099999999912
 31
0
  0
LINE
  5
30E
330
22
100
AcDbEntity
  8
B.Cu
  6
CONTINUOUS
100
AcDbLine
 10
93.5803930000000008
 20
-68.3832099999999912
 30
0
 11
93.6337329999999923
 21
-68.2190480000000008
 31
0
  0
LINE
  5
30F
330
22
100
AcDbEntity
  8
B.Cu
  6
CONTINUOUS
100
AcDbLine
 10
93.6337329999999923
 20
-68.2190480000000008
 30
0
 11
93.7120960000000025
 21
-68.065252000000001
 31
0
  0
LINE
  5
310
330
22
100
AcDbEntity
  8
B.Cu
  6
CONTINUOUS
100
AcDbLine
 10
93.7120960000000025
 20
-68.065252000000001
 30
0
 11
93.8135529999999989
 21
-67.9256069999999994
 31
0
  0
LINE
  5
311
330
22
100
AcDbEntity
  8
B.Cu
  6
CONTINUOUS
100
AcDbLine
 10
93.8135529999999989
 20
-67.9256069999999994
 30
0
 11
93.9356069999999903
 21
-67.8035529999999937
 31
0
  0
LINE
  5
312
330
22
100
AcDbEntity
  8
B.Cu
  6
CONTINUOUS
100
AcDbLine
 10
93.9356069999999903
 20
-67.8035529999999937
 30
0
 11
94.0752519999999919
 21
-67.7020959999999974
 31
0
  0
LINE
  5
313
330
22
100
AcDbEntity
  8
B.Cu
  6
CONTINUOUS
100
AcDbLine
 10
94.0752519999999919
 20
-67.7020959999999974
 30
0
 11
94.2290479999999917
 21
-67.6237330000000014
 31
0
  0
LINE
  5
314
330
22
100
AcDbEntity
  8
B.Cu
  6
CONTINUOUS
100
AcDbLine
 10
94.2290479999999917
 20
-67.6237330000000014
 30
0
 11
94.3932099999999963
 21
-67.5703929999999957
 31
0
  0
LINE
  5
315
330
22
100
AcDbEntity
  8
B.Cu
  6
CONTINUOUS
100
AcDbLine
 10
94.3932099999999963
 20
-67.5703929999999957
 30
0
 11
94.5636949999999956
 21
-67.5433909999999997
 31
0
  0
LINE
  5
316
330
22
100
AcDbEntity
  8
B.Cu
  6
CONTINUOUS
100
AcDbLine
 10
94.5636949999999956
 20
-67.5433909999999997
 30
0
 11
94.7363050000000015
 21
-67.5433909999999997
 31
0
  0
LINE
  5
317
330
22
100
AcDbEntity
  8
B.Cu
  6
CONTINUOUS
100
AcDbLine
 10
94.7363050000000015
 20
-67.5433909999999997
 30
0
 11
94.9067900000000009
 21
-67.5703929999999957
 31
0
  0
LINE
  5
318
330
22
100
AcDbEntity
  8
B.Cu
  6
CONTINUOUS
100
AcDbLine
 10
111.5
 20
-68.
 30
0
 11
109.5
 21
-68.
 31
0
  0
LINE
  5
319
330
22
100
AcDbEntity
  8
B.Cu
  6
CONTINUOUS
100
AcDbLine
 10
109.5
 20
-68.
 30
0
 11
109.5
 21
-66.
 31
0
  0
LINE
  5
31A
330
22
100
AcDbEntity
  8
B.Cu
  6
CONTINUOUS
100
AcDbLine
 10
109.5
 20
-66.
 30
0
 11
111.5
 21
-66.
 31
0
  0
LINE
  5
31B
330
22
100
AcDbEntity
  8
B.Cu
  6
CONTINUOUS
100
AcDbLine
 10
111.5
 20
-66.
 30
0
 11
111.5
 21
-68.
 31
0
  0
LINE
  5
31C
330
22
100
AcDbEntity
  8
B.Cu
  6
CONTINUOUS
100
AcDbLine
 10
119.5999999999999943
 20
-64.8999999999999915
 30
0
 11
116.3999999999999915
 21
-64.8999999999999915
 31
0
  0
LINE
  5
31D
330
22
100
AcDbEntity
  8
B.Cu
  6
CONTINUOUS
100
AcDbLine
 10
116.3999999999999915
 20
-64.8999999999999915
 30
0
 11
116.3999999999999915
 21
-62.8999999999999986
 31
0
  0
LINE
  5
31E
330
22
100
AcDbEntity
  8
B.Cu
  6
CONTINUOUS
100
AcDbLine
 10
116.3999999999999915
 20
-62.8999999999999986
 30
0
 11
119.5999999999999943
 21
-62.8999999999999986
 31
0
  0
LINE
  5
31F
330
22
100
AcDbEntity
  8
B.Cu
  6
CONTINUOUS
100
AcDbLine
 10
119.5999999999999943
 20
-62.8999999999999986
 30
0
 11
119.5999999999999943
 21
-64.8999999999999915
 31
0
  0
LINE
  5
320
330
22
100
AcDbEntity
  8
B.Cu
  6
CONTINUOUS
100
AcDbLine
 10
147.2083149999999989
 20
-61.5340929999999986
 30
0
 11
147.3717419999999834
 21
-61.5666009999999986
 31
0
  0
LINE
  5
321
330
22
100
AcDbEntity
  8
B.Cu
  6
CONTINUOUS
100
AcDbLine
 10
147.3717419999999834
 20
-61.5666009999999986
 30
0
 11
147.5256870000000049
 21
-61.6303669999999997
 31
0
  0
LINE
  5
322
330
22
100
AcDbEntity
  8
B.Cu
  6
CONTINUOUS
100
AcDbLine
 10
147.5256870000000049
 20
-61.6303669999999997
 30
0
 11
147.6642339999999933
 21
-61.7229409999999987
 31
0
  0
LINE
  5
323
330
22
100
AcDbEntity
  8
B.Cu
  6
CONTINUOUS
100
AcDbLine
 10
147.6642339999999933
 20
-61.7229409999999987
 30
0
 11
147.7820590000000038
 21
-61.840765999999995
 31
0
  0
LINE
  5
324
330
22
100
AcDbEntity
  8
B.Cu
  6
CONTINUOUS
100
AcDbLine
 10
147.7820590000000038
 20
-61.840765999999995
 30
0
 11
147.8746329999999887
 21
-61.9793129999999977
 31
0
  0
LINE
  5
325
330
22
100
AcDbEntity
  8
B.Cu
  6
CONTINUOUS
100
AcDbLine
 10
147.8746329999999887
 20
-61.9793129999999977
 30
0
 11
147.938399000000004
 21
-62.1332579999999979
 31
0
  0
LINE
  5
326
330
22
100
AcDbEntity
  8
B.Cu
  6
CONTINUOUS
100
AcDbLine
 10
147.938399000000004
 20
-62.1332579999999979
 30
0
 11
147.9709069999999826
 21
-62.2966849999999965
 31
0
  0
LINE
  5
327
330
22
100
AcDbEntity
  8
B.Cu
  6
CONTINUOUS
100
AcDbLine
 10
147.9709069999999826
 20
-62.2966849999999965
 30
0
 11
147.9709069999999826
 21
-62.4633149999999944
 31
0
  0
LINE
  5
328
330
22
100
AcDbEntity
  8
B.Cu
  6
CONTINUOUS
100
AcDbLine
 10
147.9709069999999826
 20
-62.4633149999999944
 30
0
 11
147.938399000000004
 21
-62.6267420000000001
 31
0
  0
LINE
  5
329
330
22
100
AcDbEntity
  8
B.Cu
  6
CONTINUOUS
100
AcDbLine
 10
147.938399000000004
 20
-62.6267420000000001
 30
0
 11
147.8746329999999887
 21
-62.7806870000000004
 31
0
  0
LINE
  5
32A
330
22
100
AcDbEntity
  8
B.Cu
  6
CONTINUOUS
100
AcDbLine
 10
147.8746329999999887
 20
-62.7806870000000004
 30
0
 11
147.7820590000000038
 21
-62.9192339999999959
 31
0
  0
LINE
  5
32B
330
22
100
AcDbEntity
  8
B.Cu
  6
CONTINUOUS
100
AcDbLine
 10
147.7820590000000038
 20
-62.9192339999999959
 30
0
 11
147.6642339999999933
 21
-63.0370589999999993
 31
0
  0
LINE
  5
32C
330
22
100
AcDbEntity
  8
B.Cu
  6
CONTINUOUS
100
AcDbLine
 10
147.6642339999999933
 20
-63.0370589999999993
 30
0
 11
147.5256870000000049
 21
-63.1296329999999983
 31
0
  0
LINE
  5
32D
330
22
100
AcDbEntity
  8
B.Cu
  6
CONTINUOUS
100
AcDbLine
 10
147.5256870000000049
 20
-63.1296329999999983
 30
0
 11
147.3717419999999834
 21
-63.1933989999999994
 31
0
  0
LINE
  5
32E
330
22
100
AcDbEntity
  8
B.Cu
  6
CONTINUOUS
100
AcDbLine
 10
147.3717419999999834
 20
-63.1933989999999994
 30
0
 11
147.2083149999999989
 21
-63.2259069999999994
 31
0
  0
LINE
  5
32F
330
22
100
AcDbEntity
  8
B.Cu
  6
CONTINUOUS
100
AcDbLine
 10
147.2083149999999989
 20
-63.2259069999999994
 30
0
 11
147.125
 21
-63.2299999999999969
 31
0
  0
LINE
  5
330
330
22
100
AcDbEntity
  8
B.Cu
  6
CONTINUOUS
100
AcDbLine
 10
147.125
 20
-63.2299999999999969
 30
0
 11
145.125
 21
-63.2299999999999969
 31
0
  0
LINE
  5
331
330
22
100
AcDbEntity
  8
B.Cu
  6
CONTINUOUS
100
AcDbLine
 10
145.125
 20
-63.2299999999999969
 30
0
 11
145.0416850000000011
 21
-63.2259069999999994
 31
0
  0
LINE
  5
332
330
22
100
AcDbEntity
  8
B.Cu
  6
CONTINUOUS
100
AcDbLine
 10
145.0416850000000011
 20
-63.2259069999999994
 30
0
 11
144.8782579999999882
 21
-63.1933989999999994
 31
0
  0
LINE
  5
333
330
22
100
AcDbEntity
  8
B.Cu
  6
CONTINUOUS
100
AcDbLine
 10
144.8782579999999882
 20
-63.1933989999999994
 30
0
 11
144.7243129999999951
 21
-63.1296329999999983
 31
0
  0
LINE
  5
334
330
22
100
AcDbEntity
  8
B.Cu
  6
CONTINUOUS
100
AcDbLine
 10
144.7243129999999951
 20
-63.1296329999999983
 30
0
 11
144.5857660000000067
 21
-63.0370589999999993
 31
0
  0
LINE
  5
335
330
22
100
AcDbEntity
  8
B.Cu
  6
CONTINUOUS
100
AcDbLine
 10
144.5857660000000067
 20
-63.0370589999999993
 30
0
 11
144.4679409999999962
 21
-62.9192339999999959
 31
0
  0
LINE
  5
336
330
22
100
AcDbEntity
  8
B.Cu
  6
CONTINUOUS
100
AcDbLine
 10
144.4679409999999962
 20
-62.9192339999999959
 30
0
 11
144.3753669999999829
 21
-62.7806870000000004
 31
0
  0
LINE
  5
337
330
22
100
AcDbEntity
  8
B.Cu
  6
CONTINUOUS
100
AcDbLine
 10
144.3753669999999829
 20
-62.7806870000000004
 30
0
 11
144.311600999999996
 21
-62.6267420000000001
 31
0
  0
LINE
  5
338
330
22
100
AcDbEntity
  8
B.Cu
  6
CONTINUOUS
100
AcDbLine
 10
144.311600999999996
 20
-62.6267420000000001
 30
0
 11
144.2790929999999889
 21
-62.4633149999999944
 31
0
  0
LINE
  5
339
330
22
100
AcDbEntity
  8
B.Cu
  6
CONTINUOUS
100
AcDbLine
 10
144.2790929999999889
 20
-62.4633149999999944
 30
0
 11
144.2790929999999889
 21
-62.2966849999999965
 31
0
  0
LINE
  5
33A
330
22
100
AcDbEntity
  8
B.Cu
  6
CONTINUOUS
100
AcDbLine
 10
144.2790929999999889
 20
-62.2966849999999965
 30
0
 11
144.311600999999996
 21
-62.1332579999999979
 31
0
  0
LINE
  5
33B
330
22
100
AcDbEntity
  8
B.Cu
  6
CONTINUOUS
100
AcDbLine
 10
144.311600999999996
 20
-62.1332579999999979
 30
0
 11
144.3753669999999829
 21
-61.9793129999999977
 31
0
  0
LINE
  5
33C
330
22
100
AcDbEntity
  8
B.Cu
  6
CONTINUOUS
100
AcDbLine
 10
144.3753669999999829
 20
-61.9793129999999977
 30
0
 11
144.4679409999999962
 21
-61.840765999999995
 31
0
  0
LINE
  5
33D
330
22
100
AcDbEntity
  8
B.Cu
  6
CONTINUOUS
100
AcDbLine
 10
144.4679409999999962
 20
-61.840765999999995
 30
0
 11
144.5857660000000067
 21
-61.7229409999999987
 31
0
  0
LINE
  5
33E
330
22
100
AcDbEntity
  8
B.Cu
  6
CONTINUOUS
100
AcDbLine
 10
144.5857660000000067
 20
-61.7229409999999987
 30
0
 11
144.7243129999999951
 21
-61.6303669999999997
 31
0
  0
LINE
  5
33F
330
22
100
AcDbEntity
  8
B.Cu
  6
CONTINUOUS
100
AcDbLine
 10
144.7243129999999951
 20
-61.6303669999999997
 30
0
 11
144.8782579999999882
 21
-61.5666009999999986
 31
0
  0
LINE
  5
340
330
22
100
AcDbEntity
  8
B.Cu
  6
CONTINUOUS
100
AcDbLine
 10
144.8782579999999882
 20
-61.5666009999999986
 30
0
 11
145.0416850000000011
 21
-61.5340929999999986
 31
0
  0
LINE
  5
341
330
22
100
AcDbEntity
  8
B.Cu
  6
CONTINUOUS
100
AcDbLine
 10
145.0416850000000011
 20
-61.5340929999999986
 30
0
 11
145.125
 21
-61.529999999999994
 31
0
  0
LINE
  5
342
330
22
100
AcDbEntity
  8
B.Cu
  6
CONTINUOUS
100
AcDbLine
 10
145.125
 20
-61.529999999999994
 30
0
 11
147.125
 21
-61.529999999999994
 31
0
  0
LINE
  5
343
330
22
100
AcDbEntity
  8
B.Cu
  6
CONTINUOUS
100
AcDbLine
 10
147.125
 20
-61.529999999999994
 30
0
 11
147.2083149999999989
 21
-61.5340929999999986
 31
0
  0
LINE
  5
344
330
22
100
AcDbEntity
  8
B.Cu
  6
CONTINUOUS
100
AcDbLine
 10
94.9067900000000009
 20
-48.5203929999999986
 30
0
 11
95.0709519999999912
 21
-48.5737329999999972
 31
0
  0
LINE
  5
345
330
22
100
AcDbEntity
  8
B.Cu
  6
CONTINUOUS
100
AcDbLine
 10
95.0709519999999912
 20
-48.5737329999999972
 30
0
 11
95.2247479999999911
 21
-48.6520960000000002
 31
0
  0
LINE
  5
346
330
22
100
AcDbEntity
  8
B.Cu
  6
CONTINUOUS
100
AcDbLine
 10
95.2247479999999911
 20
-48.6520960000000002
 30
0
 11
95.3643929999999926
 21
-48.7535529999999966
 31
0
  0
LINE
  5
347
330
22
100
AcDbEntity
  8
B.Cu
  6
CONTINUOUS
100
AcDbLine
 10
95.3643929999999926
 20
-48.7535529999999966
 30
0
 11
95.4864469999999983
 21
-48.8756069999999951
 31
0
  0
LINE
  5
348
330
22
100
AcDbEntity
  8
B.Cu
  6
CONTINUOUS
100
AcDbLine
 10
95.4864469999999983
 20
-48.8756069999999951
 30
0
 11
95.5879039999999947
 21
-49.0152519999999967
 31
0
  0
LINE
  5
349
330
22
100
AcDbEntity
  8
B.Cu
  6
CONTINUOUS
100
AcDbLine
 10
95.5879039999999947
 20
-49.0152519999999967
 30
0
 11
95.6662669999999906
 21
-49.1690479999999965
 31
0
  0
LINE
  5
34A
330
22
100
AcDbEntity
  8
B.Cu
  6
CONTINUOUS
100
AcDbLine
 10
95.6662669999999906
 20
-49.1690479999999965
 30
0
 11
95.7196069999999963
 21
-49.3332100000000011
 31
0
  0
LINE
  5
34B
330
22
100
AcDbEntity
  8
B.Cu
  6
CONTINUOUS
100
AcDbLine
 10
95.7196069999999963
 20
-49.3332100000000011
 30
0
 11
95.7466089999999923
 21
-49.5036950000000004
 31
0
  0
LINE
  5
34C
330
22
100
AcDbEntity
  8
B.Cu
  6
CONTINUOUS
100
AcDbLine
 10
95.7466089999999923
 20
-49.5036950000000004
 30
0
 11
95.7466089999999923
 21
-49.6763049999999993
 31
0
  0
LINE
  5
34D
330
22
100
AcDbEntity
  8
B.Cu
  6
CONTINUOUS
100
AcDbLine
 10
95.7466089999999923
 20
-49.6763049999999993
 30
0
 11
95.7196069999999963
 21
-49.8467899999999986
 31
0
  0
LINE
  5
34E
330
22
100
AcDbEntity
  8
B.Cu
  6
CONTINUOUS
100
AcDbLine
 10
95.7196069999999963
 20
-49.8467899999999986
 30
0
 11
95.6662669999999906
 21
-50.0109519999999961
 31
0
  0
LINE
  5
34F
330
22
100
AcDbEntity
  8
B.Cu
  6
CONTINUOUS
100
AcDbLine
 10
95.6662669999999906
 20
-50.0109519999999961
 30
0
 11
95.5879039999999947
 21
-50.1647479999999959
 31
0
  0
LINE
  5
350
330
22
100
AcDbEntity
  8
B.Cu
  6
CONTINUOUS
100
AcDbLine
 10
95.5879039999999947
 20
-50.1647479999999959
 30
0
 11
95.4864469999999983
 21
-50.3043929999999975
 31
0
  0
LINE
  5
351
330
22
100
AcDbEntity
  8
B.Cu
  6
CONTINUOUS
100
AcDbLine
 10
95.4864469999999983
 20
-50.3043929999999975
 30
0
 11
95.3643929999999926
 21
-50.426446999999996
 31
0
  0
LINE
  5
352
330
22
100
AcDbEntity
  8
B.Cu
  6
CONTINUOUS
100
AcDbLine
 10
95.3643929999999926
 20
-50.426446999999996
 30
0
 11
95.2247479999999911
 21
-50.5279039999999995
 31
0
  0
LINE
  5
353
330
22
100
AcDbEntity
  8
B.Cu
  6
CONTINUOUS
100
AcDbLine
 10
95.2247479999999911
 20
-50.5279039999999995
 30
0
 11
95.0709519999999912
 21
-50.6062669999999954
 31
0
  0
LINE
  5
354
330
22
100
AcDbEntity
  8
B.Cu
  6
CONTINUOUS
100
AcDbLine
 10
95.0709519999999912
 20
-50.6062669999999954
 30
0
 11
94.9067900000000009
 21
-50.6596070000000012
 31
0
  0
LINE
  5
355
330
22
100
AcDbEntity
  8
B.Cu
  6
CONTINUOUS
100
AcDbLine
 10
94.9067900000000009
 20
-50.6596070000000012
 30
0
 11
94.7363050000000015
 21
-50.6866089999999971
 31
0
  0
LINE
  5
356
330
22
100
AcDbEntity
  8
B.Cu
  6
CONTINUOUS
100
AcDbLine
 10
94.7363050000000015
 20
-50.6866089999999971
 30
0
 11
94.5636949999999956
 21
-50.6866089999999971
 31
0
  0
LINE
  5
357
330
22
100
AcDbEntity
  8
B.Cu
  6
CONTINUOUS
100
AcDbLine
 10
94.5636949999999956
 20
-50.6866089999999971
 30
0
 11
94.3932099999999963
 21
-50.6596070000000012
 31
0
  0
LINE
  5
358
330
22
100
AcDbEntity
  8
B.Cu
  6
CONTINUOUS
100
AcDbLine
 10
94.3932099999999963
 20
-50.6596070000000012
 30
0
 11
94.2290479999999917
 21
-50.6062669999999954
 31
0
  0
LINE
  5
359
330
22
100
AcDbEntity
  8
B.Cu
  6
CONTINUOUS
100
AcDbLine
 10
94.2290479999999917
 20
-50.6062669999999954
 30
0
 11
94.0752519999999919
 21
-50.5279039999999995
 31
0
  0
LINE
  5
35A
330
22
100
AcDbEntity
  8
B.Cu
  6
CONTINUOUS
100
AcDbLine
 10
94.0752519999999919
 20
-50.5279039999999995
 30
0
 11
93.9356069999999903
 21
-50.426446999999996
 31
0
  0
LINE
  5
35B
330
22
100
AcDbEntity
  8
B.Cu
  6
CONTINUOUS
100
AcDbLine
 10
93.9356069999999903
 20
-50.426446999999996
 30
0
 11
93.8135529999999989
 21
-50.3043929999999975
 31
0
  0
LINE
  5
35C
330
22
100
AcDbEntity
  8
B.Cu
  6
CONTINUOUS
100
AcDbLine
 10
93.8135529999999989
 20
-50.3043929999999975
 30
0
 11
93.7120960000000025
 21
-50.1647479999999959
 31
0
  0
LINE
  5
35D
330
22
100
AcDbEntity
  8
B.Cu
  6
CONTINUOUS
100
AcDbLine
 10
93.7120960000000025
 20
-50.1647479999999959
 30
0
 11
93.6337329999999923
 21
-50.0109519999999961
 31
0
  0
LINE
  5
35E
330
22
100
AcDbEntity
  8
B.Cu
  6
CONTINUOUS
100
AcDbLine
 10
93.6337329999999923
 20
-50.0109519999999961
 30
0
 11
93.5803930000000008
 21
-49.8467899999999986
 31
0
  0
LINE
  5
35F
330
22
100
AcDbEntity
  8
B.Cu
  6
CONTINUOUS
100
AcDbLine
 10
93.5803930000000008
 20
-49.8467899999999986
 30
0
 11
93.5533909999999906
 21
-49.6763049999999993
 31
0
  0
LINE
  5
360
330
22
100
AcDbEntity
  8
B.Cu
  6
CONTINUOUS
100
AcDbLine
 10
93.5533909999999906
 20
-49.6763049999999993
 30
0
 11
93.5533909999999906
 21
-49.5036950000000004
 31
0
  0
LINE
  5
361
330
22
100
AcDbEntity
  8
B.Cu
  6
CONTINUOUS
100
AcDbLine
 10
93.5533909999999906
 20
-49.5036950000000004
 30
0
 11
93.5803930000000008
 21
-49.3332100000000011
 31
0
  0
LINE
  5
362
330
22
100
AcDbEntity
  8
B.Cu
  6
CONTINUOUS
100
AcDbLine
 10
93.5803930000000008
 20
-49.3332100000000011
 30
0
 11
93.6337329999999923
 21
-49.1690479999999965
 31
0
  0
LINE
  5
363
330
22
100
AcDbEntity
  8
B.Cu
  6
CONTINUOUS
100
AcDbLine
 10
93.6337329999999923
 20
-49.1690479999999965
 30
0
 11
93.7120960000000025
 21
-49.0152519999999967
 31
0
  0
LINE
  5
364
330
22
100
AcDbEntity
  8
B.Cu
  6
CONTINUOUS
100
AcDbLine
 10
93.7120960000000025
 20
-49.0152519999999967
 30
0
 11
93.8135529999999989
 21
-48.8756069999999951
 31
0
  0
LINE
  5
365
330
22
100
AcDbEntity
  8
B.Cu
  6
CONTINUOUS
100
AcDbLine
 10
93.8135529999999989
 20
-48.8756069999999951
 30
0
 11
93.9356069999999903
 21
-48.7535529999999966
 31
0
  0
LINE
  5
366
330
22
100
AcDbEntity
  8
B.Cu
  6
CONTINUOUS
100
AcDbLine
 10
93.9356069999999903
 20
-48.7535529999999966
 30
0
 11
94.0752519999999919
 21
-48.6520960000000002
 31
0
  0
LINE
  5
367
330
22
100
AcDbEntity
  8
B.Cu
  6
CONTINUOUS
100
AcDbLine
 10
94.0752519999999919
 20
-48.6520960000000002
 30
0
 11
94.2290479999999917
 21
-48.5737329999999972
 31
0
  0
LINE
  5
368
330
22
100
AcDbEntity
  8
B.Cu
  6
CONTINUOUS
100
AcDbLine
 10
94.2290479999999917
 20
-48.5737329999999972
 30
0
 11
94.3932099999999963
 21
-48.5203929999999986
 31
0
  0
LINE
  5
369
330
22
100
AcDbEntity
  8
B.Cu
  6
CONTINUOUS
100
AcDbLine
 10
94.3932099999999963
 20
-48.5203929999999986
 30
0
 11
94.5636949999999956
 21
-48.4933909999999955
 31
0
  0
LINE
  5
36A
330
22
100
AcDbEntity
  8
B.Cu
  6
CONTINUOUS
100
AcDbLine
 10
94.5636949999999956
 20
-48.4933909999999955
 30
0
 11
94.7363050000000015
 21
-48.4933909999999955
 31
0
  0
LINE
  5
36B
330
22
100
AcDbEntity
  8
B.Cu
  6
CONTINUOUS
100
AcDbLine
 10
94.7363050000000015
 20
-48.4933909999999955
 30
0
 11
94.9067900000000009
 21
-48.5203929999999986
 31
0
  0
LINE
  5
36C
330
22
100
AcDbEntity
  8
B.Cu
  6
CONTINUOUS
100
AcDbLine
 10
94.9067900000000009
 20
-29.4703929999999978
 30
0
 11
95.0709519999999912
 21
-29.523733
 31
0
  0
LINE
  5
36D
330
22
100
AcDbEntity
  8
B.Cu
  6
CONTINUOUS
100
AcDbLine
 10
95.0709519999999912
 20
-29.523733
 30
0
 11
95.2247479999999911
 21
-29.6020959999999995
 31
0
  0
LINE
  5
36E
330
22
100
AcDbEntity
  8
B.Cu
  6
CONTINUOUS
100
AcDbLine
 10
95.2247479999999911
 20
-29.6020959999999995
 30
0
 11
95.3643929999999926
 21
-29.7035529999999994
 31
0
  0
LINE
  5
36F
330
22
100
AcDbEntity
  8
B.Cu
  6
CONTINUOUS
100
AcDbLine
 10
95.3643929999999926
 20
-29.7035529999999994
 30
0
 11
95.4864469999999983
 21
-29.825606999999998
 31
0
  0
LINE
  5
370
330
22
100
AcDbEntity
  8
B.Cu
  6
CONTINUOUS
100
AcDbLine
 10
95.4864469999999983
 20
-29.825606999999998
 30
0
 11
95.5879039999999947
 21
-29.9652519999999996
 31
0
  0
LINE
  5
371
330
22
100
AcDbEntity
  8
B.Cu
  6
CONTINUOUS
100
AcDbLine
 10
95.5879039999999947
 20
-29.9652519999999996
 30
0
 11
95.6662669999999906
 21
-30.1190479999999994
 31
0
  0
LINE
  5
372
330
22
100
AcDbEntity
  8
B.Cu
  6
CONTINUOUS
100
AcDbLine
 10
95.6662669999999906
 20
-30.1190479999999994
 30
0
 11
95.7196069999999963
 21
-30.2832100000000004
 31
0
  0
LINE
  5
373
330
22
100
AcDbEntity
  8
B.Cu
  6
CONTINUOUS
100
AcDbLine
 10
95.7196069999999963
 20
-30.2832100000000004
 30
0
 11
95.7466089999999923
 21
-30.4536949999999997
 31
0
  0
LINE
  5
374
330
22
100
AcDbEntity
  8
B.Cu
  6
CONTINUOUS
100
AcDbLine
 10
95.7466089999999923
 20
-30.4536949999999997
 30
0
 11
95.7466089999999923
 21
-30.6263049999999986
 31
0
  0
LINE
  5
375
330
22
100
AcDbEntity
  8
B.Cu
  6
CONTINUOUS
100
AcDbLine
 10
95.7466089999999923
 20
-30.6263049999999986
 30
0
 11
95.7196069999999963
 21
-30.7967899999999979
 31
0
  0
LINE
  5
376
330
22
100
AcDbEntity
  8
B.Cu
  6
CONTINUOUS
100
AcDbLine
 10
95.7196069999999963
 20
-30.7967899999999979
 30
0
 11
95.6662669999999906
 21
-30.9609519999999989
 31
0
  0
LINE
  5
377
330
22
100
AcDbEntity
  8
B.Cu
  6
CONTINUOUS
100
AcDbLine
 10
95.6662669999999906
 20
-30.9609519999999989
 30
0
 11
95.5879039999999947
 21
-31.1147479999999987
 31
0
  0
LINE
  5
378
330
22
100
AcDbEntity
  8
B.Cu
  6
CONTINUOUS
100
AcDbLine
 10
95.5879039999999947
 20
-31.1147479999999987
 30
0
 11
95.4864469999999983
 21
-31.2543930000000003
 31
0
  0
LINE
  5
379
330
22
100
AcDbEntity
  8
B.Cu
  6
CONTINUOUS
100
AcDbLine
 10
95.4864469999999983
 20
-31.2543930000000003
 30
0
 11
95.3643929999999926
 21
-31.3764469999999989
 31
0
  0
LINE
  5
37A
330
22
100
AcDbEntity
  8
B.Cu
  6
CONTINUOUS
100
AcDbLine
 10
95.3643929999999926
 20
-31.3764469999999989
 30
0
 11
95.2247479999999911
 21
-31.4779039999999988
 31
0
  0
LINE
  5
37B
330
22
100
AcDbEntity
  8
B.Cu
  6
CONTINUOUS
100
AcDbLine
 10
95.2247479999999911
 20
-31.4779039999999988
 30
0
 11
95.0709519999999912
 21
-31.5562669999999983
 31
0
  0
LINE
  5
37C
330
22
100
AcDbEntity
  8
B.Cu
  6
CONTINUOUS
100
AcDbLine
 10
95.0709519999999912
 20
-31.5562669999999983
 30
0
 11
94.9067900000000009
 21
-31.6096069999999969
 31
0
  0
LINE
  5
37D
330
22
100
AcDbEntity
  8
B.Cu
  6
CONTINUOUS
100
AcDbLine
 10
94.9067900000000009
 20
-31.6096069999999969
 30
0
 11
94.7363050000000015
 21
-31.636609
 31
0
  0
LINE
  5
37E
330
22
100
AcDbEntity
  8
B.Cu
  6
CONTINUOUS
100
AcDbLine
 10
94.7363050000000015
 20
-31.636609
 30
0
 11
94.5636949999999956
 21
-31.636609
 31
0
  0
LINE
  5
37F
330
22
100
AcDbEntity
  8
B.Cu
  6
CONTINUOUS
100
AcDbLine
 10
94.5636949999999956
 20
-31.636609
 30
0
 11
94.3932099999999963
 21
-31.6096069999999969
 31
0
  0
LINE
  5
380
330
22
100
AcDbEntity
  8
B.Cu
  6
CONTINUOUS
100
AcDbLine
 10
94.3932099999999963
 20
-31.6096069999999969
 30
0
 11
94.2290479999999917
 21
-31.5562669999999983
 31
0
  0
LINE
  5
381
330
22
100
AcDbEntity
  8
B.Cu
  6
CONTINUOUS
100
AcDbLine
 10
94.2290479999999917
 20
-31.5562669999999983
 30
0
 11
94.0752519999999919
 21
-31.4779039999999988
 31
0
  0
LINE
  5
382
330
22
100
AcDbEntity
  8
B.Cu
  6
CONTINUOUS
100
AcDbLine
 10
94.0752519999999919
 20
-31.4779039999999988
 30
0
 11
93.9356069999999903
 21
-31.3764469999999989
 31
0
  0
LINE
  5
383
330
22
100
AcDbEntity
  8
B.Cu
  6
CONTINUOUS
100
AcDbLine
 10
93.9356069999999903
 20
-31.3764469999999989
 30
0
 11
93.8135529999999989
 21
-31.2543930000000003
 31
0
  0
LINE
  5
384
330
22
100
AcDbEntity
  8
B.Cu
  6
CONTINUOUS
100
AcDbLine
 10
93.8135529999999989
 20
-31.2543930000000003
 30
0
 11
93.7120960000000025
 21
-31.1147479999999987
 31
0
  0
LINE
  5
385
330
22
100
AcDbEntity
  8
B.Cu
  6
CONTINUOUS
100
AcDbLine
 10
93.7120960000000025
 20
-31.1147479999999987
 30
0
 11
93.6337329999999923
 21
-30.9609519999999989
 31
0
  0
LINE
  5
386
330
22
100
AcDbEntity
  8
B.Cu
  6
CONTINUOUS
100
AcDbLine
 10
93.6337329999999923
 20
-30.9609519999999989
 30
0
 11
93.5803930000000008
 21
-30.7967899999999979
 31
0
  0
LINE
  5
387
330
22
100
AcDbEntity
  8
B.Cu
  6
CONTINUOUS
100
AcDbLine
 10
93.5803930000000008
 20
-30.7967899999999979
 30
0
 11
93.5533909999999906
 21
-30.6263049999999986
 31
0
  0
LINE
  5
388
330
22
100
AcDbEntity
  8
B.Cu
  6
CONTINUOUS
100
AcDbLine
 10
93.5533909999999906
 20
-30.6263049999999986
 30
0
 11
93.5533909999999906
 21
-30.4536949999999997
 31
0
  0
LINE
  5
389
330
22
100
AcDbEntity
  8
B.Cu
  6
CONTINUOUS
100
AcDbLine
 10
93.5533909999999906
 20
-30.4536949999999997
 30
0
 11
93.5803930000000008
 21
-30.2832100000000004
 31
0
  0
LINE
  5
38A
330
22
100
AcDbEntity
  8
B.Cu
  6
CONTINUOUS
100
AcDbLine
 10
93.5803930000000008
 20
-30.2832100000000004
 30
0
 11
93.6337329999999923
 21
-30.1190479999999994
 31
0
  0
LINE
  5
38B
330
22
100
AcDbEntity
  8
B.Cu
  6
CONTINUOUS
100
AcDbLine
 10
93.6337329999999923
 20
-30.1190479999999994
 30
0
 11
93.7120960000000025
 21
-29.9652519999999996
 31
0
  0
LINE
  5
38C
330
22
100
AcDbEntity
  8
B.Cu
  6
CONTINUOUS
100
AcDbLine
 10
93.7120960000000025
 20
-29.9652519999999996
 30
0
 11
93.8135529999999989
 21
-29.825606999999998
 31
0
  0
LINE
  5
38D
330
22
100
AcDbEntity
  8
B.Cu
  6
CONTINUOUS
100
AcDbLine
 10
93.8135529999999989
 20
-29.825606999999998
 30
0
 11
93.9356069999999903
 21
-29.7035529999999994
 31
0
  0
LINE
  5
38E
330
22
100
AcDbEntity
  8
B.Cu
  6
CONTINUOUS
100
AcDbLine
 10
93.9356069999999903
 20
-29.7035529999999994
 30
0
 11
94.0752519999999919
 21
-29.6020959999999995
 31
0
  0
LINE
  5
38F
330
22
100
AcDbEntity
  8
B.Cu
  6
CONTINUOUS
100
AcDbLine
 10
94.0752519999999919
 20
-29.6020959999999995
 30
0
 11
94.2290479999999917
 21
-29.523733
 31
0
  0
LINE
  5
390
330
22
100
AcDbEntity
  8
B.Cu
  6
CONTINUOUS
100
AcDbLine
 10
94.2290479999999917
 20
-29.523733
 30
0
 11
94.3932099999999963
 21
-29.4703929999999978
 31
0
  0
LINE
  5
391
330
22
100
AcDbEntity
  8
B.Cu
  6
CONTINUOUS
100
AcDbLine
 10
94.3932099999999963
 20
-29.4703929999999978
 30
0
 11
94.5636949999999956
 21
-29.4433909999999983
 31
0
  0
LINE
  5
392
330
22
100
AcDbEntity
  8
B.Cu
  6
CONTINUOUS
100
AcDbLine
 10
94.5636949999999956
 20
-29.4433909999999983
 30
0
 11
94.7363050000000015
 21
-29.4433909999999983
 31
0
  0
LINE
  5
393
330
22
100
AcDbEntity
  8
B.Cu
  6
CONTINUOUS
100
AcDbLine
 10
94.7363050000000015
 20
-29.4433909999999983
 30
0
 11
94.9067900000000009
 21
-29.4703929999999978
 31
0
  0
LINE
  5
394
330
22
100
AcDbEntity
  8
B.Cu
  6
CONTINUOUS
100
AcDbLine
 10
154.4430389999999989
 20
-16.0196849999999991
 30
0
 11
154.4887939999999844
 21
-16.0724890000000009
 31
0
  0
LINE
  5
395
330
22
100
AcDbEntity
  8
B.Cu
  6
CONTINUOUS
100
AcDbLine
 10
154.4887939999999844
 20
-16.0724890000000009
 30
0
 11
154.5
 21
-16.1239999999999988
 31
0
  0
LINE
  5
396
330
22
100
AcDbEntity
  8
B.Cu
  6
CONTINUOUS
100
AcDbLine
 10
154.5
 20
-16.1239999999999988
 30
0
 11
154.5
 21
-88.874252999999996
 31
0
  0
LINE
  5
397
330
22
100
AcDbEntity
  8
B.Cu
  6
CONTINUOUS
100
AcDbLine
 10
154.5
 20
-88.874252999999996
 30
0
 11
154.4803149999999903
 21
-88.94129199999999
 31
0
  0
LINE
  5
398
330
22
100
AcDbEntity
  8
B.Cu
  6
CONTINUOUS
100
AcDbLine
 10
154.4803149999999903
 20
-88.94129199999999
 30
0
 11
154.4275109999999813
 21
-88.9870469999999898
 31
0
  0
LINE
  5
399
330
22
100
AcDbEntity
  8
B.Cu
  6
CONTINUOUS
100
AcDbLine
 10
154.4275109999999813
 20
-88.9870469999999898
 30
0
 11
154.3742660000000058
 21
-88.9982409999999931
 31
0
  0
LINE
  5
39A
330
22
100
AcDbEntity
  8
B.Cu
  6
CONTINUOUS
100
AcDbLine
 10
154.3742660000000058
 20
-88.9982409999999931
 30
0
 11
83.6222659999999962
 21
-88.0087019999999995
 31
0
  0
LINE
  5
39B
330
22
100
AcDbEntity
  8
B.Cu
  6
CONTINUOUS
100
AcDbLine
 10
83.6222659999999962
 20
-88.0087019999999995
 30
0
 11
83.5555080000000032
 21
-87.9880819999999915
 31
0
  0
LINE
  5
39C
330
22
100
AcDbEntity
  8
B.Cu
  6
CONTINUOUS
100
AcDbLine
 10
83.5555080000000032
 20
-87.9880819999999915
 30
0
 11
83.5104959999999892
 21
-87.9346429999999941
 31
0
  0
LINE
  5
39D
330
22
100
AcDbEntity
  8
B.Cu
  6
CONTINUOUS
100
AcDbLine
 10
83.5104959999999892
 20
-87.9346429999999941
 30
0
 11
83.5
 21
-87.8847140000000024
 31
0
  0
LINE
  5
39E
330
22
100
AcDbEntity
  8
B.Cu
  6
CONTINUOUS
100
AcDbLine
 10
83.5
 20
-87.8847140000000024
 30
0
 11
83.5
 21
-83.3787109999999956
 31
0
  0
LINE
  5
39F
330
22
100
AcDbEntity
  8
B.Cu
  6
CONTINUOUS
100
AcDbLine
 10
83.5
 20
-83.3787109999999956
 30
0
 11
83.5
 21
-74.0521349999999927
 31
0
  0
LINE
  5
3A0
330
22
100
AcDbEntity
  8
B.Cu
  6
CONTINUOUS
100
AcDbLine
 10
83.5
 20
-74.0521349999999927
 30
0
 11
83.5
 21
-71.0933890000000019
 31
0
  0
LINE
  5
3A1
330
22
100
AcDbEntity
  8
B.Cu
  6
CONTINUOUS
100
AcDbLine
 10
83.5
 20
-71.0933890000000019
 30
0
 11
83.5
 21
-65.9521349999999984
 31
0
  0
LINE
  5
3A2
330
22
100
AcDbEntity
  8
B.Cu
  6
CONTINUOUS
100
AcDbLine
 10
83.5
 20
-65.9521349999999984
 30
0
 11
83.5
 21
-62.852134999999997
 31
0
  0
LINE
  5
3A3
330
22
100
AcDbEntity
  8
B.Cu
  6
CONTINUOUS
100
AcDbLine
 10
83.5
 20
-62.852134999999997
 30
0
 11
83.5
 21
-52.0433889999999977
 31
0
  0
LINE
  5
3A4
330
22
100
AcDbEntity
  8
B.Cu
  6
CONTINUOUS
100
AcDbLine
 10
83.5
 20
-52.0433889999999977
 30
0
 11
83.5
 21
-32.9933890000000005
 31
0
  0
LINE
  5
3A5
330
22
100
AcDbEntity
  8
B.Cu
  6
CONTINUOUS
100
AcDbLine
 10
83.5
 20
-32.9933890000000005
 30
0
 11
83.5
 21
-24.2860379999999978
 31
0
  0
LINE
  5
3A6
330
22
100
AcDbEntity
  8
B.Cu
  6
CONTINUOUS
100
AcDbLine
 10
83.5
 20
-24.2860379999999978
 30
0
 11
83.5
 21
-19.3787109999999991
 31
0
  0
LINE
  5
3A7
330
22
100
AcDbEntity
  8
B.Cu
  6
CONTINUOUS
100
AcDbLine
 10
83.5
 20
-19.3787109999999991
 30
0
 11
83.5
 21
-16.1239999999999988
 31
0
  0
LINE
  5
3A8
330
22
100
AcDbEntity
  8
B.Cu
  6
CONTINUOUS
100
AcDbLine
 10
83.5
 20
-16.1239999999999988
 30
0
 11
83.5196849999999955
 21
-16.0569609999999976
 31
0
  0
LINE
  5
3A9
330
22
100
AcDbEntity
  8
B.Cu
  6
CONTINUOUS
100
AcDbLine
 10
83.5196849999999955
 20
-16.0569609999999976
 30
0
 11
83.5724889999999903
 21
-16.0112059999999978
 31
0
  0
LINE
  5
3AA
330
22
100
AcDbEntity
  8
B.Cu
  6
CONTINUOUS
100
AcDbLine
 10
83.5724889999999903
 20
-16.0112059999999978
 30
0
 11
83.6239999999999952
 21
-16.
 31
0
  0
LINE
  5
3AB
330
22
100
AcDbEntity
  8
B.Cu
  6
CONTINUOUS
100
AcDbLine
 10
83.6239999999999952
 20
-16.
 30
0
 11
154.3760000000000048
 21
-16.
 31
0
  0
LINE
  5
3AC
330
22
100
AcDbEntity
  8
B.Cu
  6
CONTINUOUS
100
AcDbLine
 10
154.3760000000000048
 20
-16.
 30
0
 11
154.4430389999999989
 21
-16.0196849999999991
 31
0
  0
LINE
  5
3AD
330
22
100
AcDbEntity
  8
B.Cu
  6
CONTINUOUS
100
AcDbLine
 10
123.4994999999999976
 20
-72.1180969999999917
 30
0
 11
123.536445999999998
 21
-72.3513679999999937
 31
0
  0
LINE
  5
3AE
330
22
100
AcDbEntity
  8
B.Cu
  6
CONTINUOUS
100
AcDbLine
 10
123.536445999999998
 20
-72.3513679999999937
 30
0
 11
123.6094329999999957
 21
-72.5759960000000035
 31
0
  0
LINE
  5
3AF
330
22
100
AcDbEntity
  8
B.Cu
  6
CONTINUOUS
100
AcDbLine
 10
123.6094329999999957
 20
-72.5759960000000035
 30
0
 11
123.6696669999999898
 21
-72.6942099999999982
 31
0
  0
LINE
  5
3B0
330
22
100
AcDbEntity
  8
B.Cu
  6
CONTINUOUS
100
AcDbLine
 10
123.6696669999999898
 20
-72.6942099999999982
 30
0
 11
123.7166569999999979
 21
-72.7864330000000024
 31
0
  0
LINE
  5
3B1
330
22
100
AcDbEntity
  8
B.Cu
  6
CONTINUOUS
100
AcDbLine
 10
123.7166569999999979
 20
-72.7864330000000024
 30
0
 11
123.8554829999999924
 21
-72.9775099999999952
 31
0
  0
LINE
  5
3B2
330
22
100
AcDbEntity
  8
B.Cu
  6
CONTINUOUS
100
AcDbLine
 10
123.8554829999999924
 20
-72.9775099999999952
 30
0
 11
124.0224899999999906
 21
-73.1445169999999933
 31
0
  0
LINE
  5
3B3
330
22
100
AcDbEntity
  8
B.Cu
  6
CONTINUOUS
100
AcDbLine
 10
124.0224899999999906
 20
-73.1445169999999933
 30
0
 11
124.2135669999999976
 21
-73.2833430000000021
 31
0
  0
LINE
  5
3B4
330
22
100
AcDbEntity
  8
B.Cu
  6
CONTINUOUS
100
AcDbLine
 10
124.2135669999999976
 20
-73.2833430000000021
 30
0
 11
124.3129909999999967
 21
-73.3340019999999981
 31
0
  0
LINE
  5
3B5
330
22
100
AcDbEntity
  8
B.Cu
  6
CONTINUOUS
100
AcDbLine
 10
124.3129909999999967
 20
-73.3340019999999981
 30
0
 11
124.424002999999999
 21
-73.3905659999999926
 31
0
  0
LINE
  5
3B6
330
22
100
AcDbEntity
  8
B.Cu
  6
CONTINUOUS
100
AcDbLine
 10
124.424002999999999
 20
-73.3905659999999926
 30
0
 11
124.424004999999994
 21
-73.3905659999999926
 31
0
  0
LINE
  5
3B7
330
22
100
AcDbEntity
  8
B.Cu
  6
CONTINUOUS
100
AcDbLine
 10
124.424004999999994
 20
-73.3905659999999926
 30
0
 11
124.4240080000000006
 21
-73.3905680000000018
 31
0
  0
LINE
  5
3B8
330
22
100
AcDbEntity
  8
B.Cu
  6
CONTINUOUS
100
AcDbLine
 10
124.4240080000000006
 20
-73.3905680000000018
 30
0
 11
124.5139499999999941
 21
-73.4197920000000011
 31
0
  0
LINE
  5
3B9
330
22
100
AcDbEntity
  8
B.Cu
  6
CONTINUOUS
100
AcDbLine
 10
124.5139499999999941
 20
-73.4197920000000011
 30
0
 11
124.6486309999999946
 21
-73.4635529999999903
 31
0
  0
LINE
  5
3BA
330
22
100
AcDbEntity
  8
B.Cu
  6
CONTINUOUS
100
AcDbLine
 10
124.6486309999999946
 20
-73.4635529999999903
 30
0
 11
124.8819029999999941
 21
-73.5005000000000024
 31
0
  0
LINE
  5
3BB
330
22
100
AcDbEntity
  8
B.Cu
  6
CONTINUOUS
100
AcDbLine
 10
124.8819029999999941
 20
-73.5005000000000024
 30
0
 11
124.8819079999999957
 21
-73.5005000000000024
 31
0
  0
LINE
  5
3BC
330
22
100
AcDbEntity
  8
B.Cu
  6
CONTINUOUS
100
AcDbLine
 10
124.8819079999999957
 20
-73.5005000000000024
 30
0
 11
125.1180969999999917
 21
-73.5005000000000024
 31
0
  0
LINE
  5
3BD
330
22
100
AcDbEntity
  8
B.Cu
  6
CONTINUOUS
100
AcDbLine
 10
125.1180969999999917
 20
-73.5005000000000024
 30
0
 11
125.3513679999999937
 21
-73.4635529999999903
 31
0
  0
LINE
  5
3BE
330
22
100
AcDbEntity
  8
B.Cu
  6
CONTINUOUS
100
AcDbLine
 10
125.3513679999999937
 20
-73.4635529999999903
 30
0
 11
125.5759919999999994
 21
-73.3905680000000018
 31
0
  0
LINE
  5
3BF
330
22
100
AcDbEntity
  8
B.Cu
  6
CONTINUOUS
100
AcDbLine
 10
125.5759919999999994
 20
-73.3905680000000018
 30
0
 11
125.7864329999999882
 21
-73.2833430000000021
 31
0
  0
LINE
  5
3C0
330
22
100
AcDbEntity
  8
B.Cu
  6
CONTINUOUS
100
AcDbLine
 10
125.7864329999999882
 20
-73.2833430000000021
 30
0
 11
125.9775099999999952
 21
-73.1445169999999933
 31
0
  0
LINE
  5
3C1
330
22
100
AcDbEntity
  8
B.Cu
  6
CONTINUOUS
100
AcDbLine
 10
125.9775099999999952
 20
-73.1445169999999933
 30
0
 11
126.1445169999999933
 21
-72.9775099999999952
 31
0
  0
LINE
  5
3C2
330
22
100
AcDbEntity
  8
B.Cu
  6
CONTINUOUS
100
AcDbLine
 10
126.1445169999999933
 20
-72.9775099999999952
 30
0
 11
126.2833429999999879
 21
-72.7864330000000024
 31
0
  0
LINE
  5
3C3
330
22
100
AcDbEntity
  8
B.Cu
  6
CONTINUOUS
100
AcDbLine
 10
126.2833429999999879
 20
-72.7864330000000024
 30
0
 11
126.3491319999999973
 21
-72.657313000000002
 31
0
  0
LINE
  5
3C4
330
22
100
AcDbEntity
  8
B.Cu
  6
CONTINUOUS
100
AcDbLine
 10
126.3491319999999973
 20
-72.657313000000002
 30
0
 11
126.3971059999999937
 21
-72.6065169999999966
 31
0
  0
LINE
  5
3C5
330
22
100
AcDbEntity
  8
B.Cu
  6
CONTINUOUS
100
AcDbLine
 10
126.3971059999999937
 20
-72.6065169999999966
 30
0
 11
126.4649269999999888
 21
-72.5897219999999948
 31
0
  0
LINE
  5
3C6
330
22
100
AcDbEntity
  8
B.Cu
  6
CONTINUOUS
100
AcDbLine
 10
126.4649269999999888
 20
-72.5897219999999948
 30
0
 11
126.5310619999999915
 21
-72.6122589999999946
 31
0
  0
LINE
  5
3C7
330
22
100
AcDbEntity
  8
B.Cu
  6
CONTINUOUS
100
AcDbLine
 10
126.5310619999999915
 20
-72.6122589999999946
 30
0
 11
126.5745139999999935
 21
-72.6669739999999962
 31
0
  0
LINE
  5
3C8
330
22
100
AcDbEntity
  8
B.Cu
  6
CONTINUOUS
100
AcDbLine
 10
126.5745139999999935
 20
-72.6669739999999962
 30
0
 11
126.5820899999999938
 21
-72.6942099999999982
 31
0
  0
LINE
  5
3C9
330
22
100
AcDbEntity
  8
B.Cu
  6
CONTINUOUS
100
AcDbLine
 10
126.5820899999999938
 20
-72.6942099999999982
 30
0
 11
126.5966959999999943
 21
-72.7864309999999932
 31
0
  0
LINE
  5
3CA
330
22
100
AcDbEntity
  8
B.Cu
  6
CONTINUOUS
100
AcDbLine
 10
126.5966959999999943
 20
-72.7864309999999932
 30
0
 11
126.6077539999999999
 21
-72.8562429999999921
 31
0
  0
LINE
  5
3CB
330
22
100
AcDbEntity
  8
B.Cu
  6
CONTINUOUS
100
AcDbLine
 10
126.6077539999999999
 20
-72.8562429999999921
 30
0
 11
126.6471559999999954
 21
-72.9775099999999952
 31
0
  0
LINE
  5
3CC
330
22
100
AcDbEntity
  8
B.Cu
  6
CONTINUOUS
100
AcDbLine
 10
126.6471559999999954
 20
-72.9775099999999952
 30
0
 11
126.6734439999999893
 21
-73.0584139999999991
 31
0
  0
LINE
  5
3CD
330
22
100
AcDbEntity
  8
B.Cu
  6
CONTINUOUS
100
AcDbLine
 10
126.6734439999999893
 20
-73.0584139999999991
 30
0
 11
126.7699509999999918
 21
-73.2478199999999902
 31
0
  0
LINE
  5
3CE
330
22
100
AcDbEntity
  8
B.Cu
  6
CONTINUOUS
100
AcDbLine
 10
126.7699509999999918
 20
-73.2478199999999902
 30
0
 11
126.8948899999999895
 21
-73.419786000000002
 31
0
  0
LINE
  5
3CF
330
22
100
AcDbEntity
  8
B.Cu
  6
CONTINUOUS
100
AcDbLine
 10
126.8948899999999895
 20
-73.419786000000002
 30
0
 11
127.0452129999999897
 21
-73.5701090000000022
 31
0
  0
LINE
  5
3D0
330
22
100
AcDbEntity
  8
B.Cu
  6
CONTINUOUS
100
AcDbLine
 10
127.0452129999999897
 20
-73.5701090000000022
 30
0
 11
127.217181999999994
 21
-73.6950499999999948
 31
0
  0
LINE
  5
3D1
330
22
100
AcDbEntity
  8
B.Cu
  6
CONTINUOUS
100
AcDbLine
 10
127.217181999999994
 20
-73.6950499999999948
 30
0
 11
127.2259459999999933
 21
-73.6995160000000027
 31
0
  0
LINE
  5
3D2
330
22
100
AcDbEntity
  8
B.Cu
  6
CONTINUOUS
100
AcDbLine
 10
127.2259459999999933
 20
-73.6995160000000027
 30
0
 11
127.2767419999999987
 21
-73.7474909999999966
 31
0
  0
LINE
  5
3D3
330
22
100
AcDbEntity
  8
B.Cu
  6
CONTINUOUS
100
AcDbLine
 10
127.2767419999999987
 20
-73.7474909999999966
 30
0
 11
127.2935359999999889
 21
-73.8153119999999916
 31
0
  0
LINE
  5
3D4
330
22
100
AcDbEntity
  8
B.Cu
  6
CONTINUOUS
100
AcDbLine
 10
127.2935359999999889
 20
-73.8153119999999916
 30
0
 11
127.2709979999999916
 21
-73.8814469999999943
 31
0
  0
LINE
  5
3D5
330
22
100
AcDbEntity
  8
B.Cu
  6
CONTINUOUS
100
AcDbLine
 10
127.2709979999999916
 20
-73.8814469999999943
 30
0
 11
127.2259459999999933
 21
-73.9204840000000019
 31
0
  0
LINE
  5
3D6
330
22
100
AcDbEntity
  8
B.Cu
  6
CONTINUOUS
100
AcDbLine
 10
127.2259459999999933
 20
-73.9204840000000019
 30
0
 11
127.217181999999994
 21
-73.924948999999998
 31
0
  0
LINE
  5
3D7
330
22
100
AcDbEntity
  8
B.Cu
  6
CONTINUOUS
100
AcDbLine
 10
127.217181999999994
 20
-73.924948999999998
 30
0
 11
127.0452129999999897
 21
-74.0498899999999907
 31
0
  0
LINE
  5
3D8
330
22
100
AcDbEntity
  8
B.Cu
  6
CONTINUOUS
100
AcDbLine
 10
127.0452129999999897
 20
-74.0498899999999907
 30
0
 11
126.8948899999999895
 21
-74.2002129999999909
 31
0
  0
LINE
  5
3D9
330
22
100
AcDbEntity
  8
B.Cu
  6
CONTINUOUS
100
AcDbLine
 10
126.8948899999999895
 20
-74.2002129999999909
 30
0
 11
126.7699509999999918
 21
-74.3721790000000027
 31
0
  0
LINE
  5
3DA
330
22
100
AcDbEntity
  8
B.Cu
  6
CONTINUOUS
100
AcDbLine
 10
126.7699509999999918
 20
-74.3721790000000027
 30
0
 11
126.6734439999999893
 21
-74.5615849999999938
 31
0
  0
LINE
  5
3DB
330
22
100
AcDbEntity
  8
B.Cu
  6
CONTINUOUS
100
AcDbLine
 10
126.6734439999999893
 20
-74.5615849999999938
 30
0
 11
126.6077529999999882
 21
-74.7637599999999907
 31
0
  0
LINE
  5
3DC
330
22
100
AcDbEntity
  8
B.Cu
  6
CONTINUOUS
100
AcDbLine
 10
126.6077529999999882
 20
-74.7637599999999907
 30
0
 11
126.5745000000000005
 21
-74.9737130000000036
 31
0
  0
LINE
  5
3DD
330
22
100
AcDbEntity
  8
B.Cu
  6
CONTINUOUS
100
AcDbLine
 10
126.5745000000000005
 20
-74.9737130000000036
 30
0
 11
126.5745000000000005
 21
-75.1862859999999955
 31
0
  0
LINE
  5
3DE
330
22
100
AcDbEntity
  8
B.Cu
  6
CONTINUOUS
100
AcDbLine
 10
126.5745000000000005
 20
-75.1862859999999955
 30
0
 11
126.6077529999999882
 21
-75.3962389999999942
 31
0
  0
LINE
  5
3DF
330
22
100
AcDbEntity
  8
B.Cu
  6
CONTINUOUS
100
AcDbLine
 10
126.6077529999999882
 20
-75.3962389999999942
 30
0
 11
126.6734439999999893
 21
-75.5984139999999911
 31
0
  0
LINE
  5
3E0
330
22
100
AcDbEntity
  8
B.Cu
  6
CONTINUOUS
100
AcDbLine
 10
126.6734439999999893
 20
-75.5984139999999911
 30
0
 11
126.7699509999999918
 21
-75.7878199999999964
 31
0
  0
LINE
  5
3E1
330
22
100
AcDbEntity
  8
B.Cu
  6
CONTINUOUS
100
AcDbLine
 10
126.7699509999999918
 20
-75.7878199999999964
 30
0
 11
126.8948899999999895
 21
-75.959785999999994
 31
0
  0
LINE
  5
3E2
330
22
100
AcDbEntity
  8
B.Cu
  6
CONTINUOUS
100
AcDbLine
 10
126.8948899999999895
 20
-75.959785999999994
 30
0
 11
127.0452129999999897
 21
-76.1101089999999942
 31
0
  0
LINE
  5
3E3
330
22
100
AcDbEntity
  8
B.Cu
  6
CONTINUOUS
100
AcDbLine
 10
127.0452129999999897
 20
-76.1101089999999942
 30
0
 11
127.217181999999994
 21
-76.2350500000000011
 31
0
  0
LINE
  5
3E4
330
22
100
AcDbEntity
  8
B.Cu
  6
CONTINUOUS
100
AcDbLine
 10
127.217181999999994
 20
-76.2350500000000011
 30
0
 11
127.2259459999999933
 21
-76.2395159999999947
 31
0
  0
LINE
  5
3E5
330
22
100
AcDbEntity
  8
B.Cu
  6
CONTINUOUS
100
AcDbLine
 10
127.2259459999999933
 20
-76.2395159999999947
 30
0
 11
127.2767419999999987
 21
-76.2874910000000028
 31
0
  0
LINE
  5
3E6
330
22
100
AcDbEntity
  8
B.Cu
  6
CONTINUOUS
100
AcDbLine
 10
127.2767419999999987
 20
-76.2874910000000028
 30
0
 11
127.2935359999999889
 21
-76.3553119999999979
 31
0
  0
LINE
  5
3E7
330
22
100
AcDbEntity
  8
B.Cu
  6
CONTINUOUS
100
AcDbLine
 10
127.2935359999999889
 20
-76.3553119999999979
 30
0
 11
127.2709979999999916
 21
-76.4214470000000006
 31
0
  0
LINE
  5
3E8
330
22
100
AcDbEntity
  8
B.Cu
  6
CONTINUOUS
100
AcDbLine
 10
127.2709979999999916
 20
-76.4214470000000006
 30
0
 11
127.2259459999999933
 21
-76.4604839999999939
 31
0
  0
LINE
  5
3E9
330
22
100
AcDbEntity
  8
B.Cu
  6
CONTINUOUS
100
AcDbLine
 10
127.2259459999999933
 20
-76.4604839999999939
 30
0
 11
127.217181999999994
 21
-76.4649489999999901
 31
0
  0
LINE
  5
3EA
330
22
100
AcDbEntity
  8
B.Cu
  6
CONTINUOUS
100
AcDbLine
 10
127.217181999999994
 20
-76.4649489999999901
 30
0
 11
127.0452129999999897
 21
-76.5898899999999969
 31
0
  0
LINE
  5
3EB
330
22
100
AcDbEntity
  8
B.Cu
  6
CONTINUOUS
100
AcDbLine
 10
127.0452129999999897
 20
-76.5898899999999969
 30
0
 11
126.8948899999999895
 21
-76.7402129999999971
 31
0
  0
LINE
  5
3EC
330
22
100
AcDbEntity
  8
B.Cu
  6
CONTINUOUS
100
AcDbLine
 10
126.8948899999999895
 20
-76.7402129999999971
 30
0
 11
126.7699509999999918
 21
-76.9121789999999947
 31
0
  0
LINE
  5
3ED
330
22
100
AcDbEntity
  8
B.Cu
  6
CONTINUOUS
100
AcDbLine
 10
126.7699509999999918
 20
-76.9121789999999947
 30
0
 11
126.6734439999999893
 21
-77.101585
 31
0
  0
LINE
  5
3EE
330
22
100
AcDbEntity
  8
B.Cu
  6
CONTINUOUS
100
AcDbLine
 10
126.6734439999999893
 20
-77.101585
 30
0
 11
126.6077529999999882
 21
-77.3037599999999969
 31
0
  0
LINE
  5
3EF
330
22
100
AcDbEntity
  8
B.Cu
  6
CONTINUOUS
100
AcDbLine
 10
126.6077529999999882
 20
-77.3037599999999969
 30
0
 11
126.5745000000000005
 21
-77.5137129999999956
 31
0
  0
LINE
  5
3F0
330
22
100
AcDbEntity
  8
B.Cu
  6
CONTINUOUS
100
AcDbLine
 10
126.5745000000000005
 20
-77.5137129999999956
 30
0
 11
126.5745000000000005
 21
-77.7262860000000018
 31
0
  0
LINE
  5
3F1
330
22
100
AcDbEntity
  8
B.Cu
  6
CONTINUOUS
100
AcDbLine
 10
126.5745000000000005
 20
-77.7262860000000018
 30
0
 11
126.6077529999999882
 21
-77.9362390000000005
 31
0
  0
LINE
  5
3F2
330
22
100
AcDbEntity
  8
B.Cu
  6
CONTINUOUS
100
AcDbLine
 10
126.6077529999999882
 20
-77.9362390000000005
 30
0
 11
126.6734439999999893
 21
-78.1384139999999974
 31
0
  0
LINE
  5
3F3
330
22
100
AcDbEntity
  8
B.Cu
  6
CONTINUOUS
100
AcDbLine
 10
126.6734439999999893
 20
-78.1384139999999974
 30
0
 11
126.7699509999999918
 21
-78.3278200000000027
 31
0
  0
LINE
  5
3F4
330
22
100
AcDbEntity
  8
B.Cu
  6
CONTINUOUS
100
AcDbLine
 10
126.7699509999999918
 20
-78.3278200000000027
 30
0
 11
126.8948899999999895
 21
-78.4997860000000003
 31
0
  0
LINE
  5
3F5
330
22
100
AcDbEntity
  8
B.Cu
  6
CONTINUOUS
100
AcDbLine
 10
126.8948899999999895
 20
-78.4997860000000003
 30
0
 11
127.0452129999999897
 21
-78.6501090000000005
 31
0
  0
LINE
  5
3F6
330
22
100
AcDbEntity
  8
B.Cu
  6
CONTINUOUS
100
AcDbLine
 10
127.0452129999999897
 20
-78.6501090000000005
 30
0
 11
127.2171789999999874
 21
-78.7750479999999982
 31
0
  0
LINE
  5
3F7
330
22
100
AcDbEntity
  8
B.Cu
  6
CONTINUOUS
100
AcDbLine
 10
127.2171789999999874
 20
-78.7750479999999982
 30
0
 11
127.2171809999999965
 21
-78.7750489999999957
 31
0
  0
LINE
  5
3F8
330
22
100
AcDbEntity
  8
B.Cu
  6
CONTINUOUS
100
AcDbLine
 10
127.2171809999999965
 20
-78.7750489999999957
 30
0
 11
127.2171839999999889
 21
-78.7750509999999906
 31
0
  0
LINE
  5
3F9
330
22
100
AcDbEntity
  8
B.Cu
  6
CONTINUOUS
100
AcDbLine
 10
127.2171839999999889
 20
-78.7750509999999906
 30
0
 11
127.4065879999999993
 21
-78.8715569999999957
 31
0
  0
LINE
  5
3FA
330
22
100
AcDbEntity
  8
B.Cu
  6
CONTINUOUS
100
AcDbLine
 10
127.4065879999999993
 20
-78.8715569999999957
 30
0
 11
127.6087569999999971
 21
-78.9372460000000018
 31
0
  0
LINE
  5
3FB
330
22
100
AcDbEntity
  8
B.Cu
  6
CONTINUOUS
100
AcDbLine
 10
127.6087569999999971
 20
-78.9372460000000018
 30
0
 11
127.8187129999999883
 21
-78.9705000000000013
 31
0
  0
LINE
  5
3FC
330
22
100
AcDbEntity
  8
B.Cu
  6
CONTINUOUS
100
AcDbLine
 10
127.8187129999999883
 20
-78.9705000000000013
 30
0
 11
127.8187139999999999
 21
-78.9705000000000013
 31
0
  0
LINE
  5
3FD
330
22
100
AcDbEntity
  8
B.Cu
  6
CONTINUOUS
100
AcDbLine
 10
127.8187139999999999
 20
-78.9705000000000013
 30
0
 11
129.9312860000000001
 21
-78.9705000000000013
 31
0
  0
LINE
  5
3FE
330
22
100
AcDbEntity
  8
B.Cu
  6
CONTINUOUS
100
AcDbLine
 10
129.9312860000000001
 20
-78.9705000000000013
 30
0
 11
129.9312869999999975
 21
-78.9705000000000013
 31
0
  0
LINE
  5
3FF
330
22
100
AcDbEntity
  8
B.Cu
  6
CONTINUOUS
100
AcDbLine
 10
129.9312869999999975
 20
-78.9705000000000013
 30
0
 11
130.1412430000000029
 21
-78.9372460000000018
 31
0
  0
LINE
  5
400
330
22
100
AcDbEntity
  8
B.Cu
  6
CONTINUOUS
100
AcDbLine
 10
130.1412430000000029
 20
-78.9372460000000018
 30
0
 11
130.3434120000000007
 21
-78.8715569999999957
 31
0
  0
LINE
  5
401
330
22
100
AcDbEntity
  8
B.Cu
  6
CONTINUOUS
100
AcDbLine
 10
130.3434120000000007
 20
-78.8715569999999957
 30
0
 11
130.5328159999999968
 21
-78.7750509999999906
 31
0
  0
LINE
  5
402
330
22
100
AcDbEntity
  8
B.Cu
  6
CONTINUOUS
100
AcDbLine
 10
130.5328159999999968
 20
-78.7750509999999906
 30
0
 11
130.5547889999999995
 21
-78.7590859999999964
 31
0
  0
LINE
  5
403
330
22
100
AcDbEntity
  8
B.Cu
  6
CONTINUOUS
100
AcDbLine
 10
130.5547889999999995
 20
-78.7590859999999964
 30
0
 11
130.7047859999999844
 21
-78.6501090000000005
 31
0
  0
LINE
  5
404
330
22
100
AcDbEntity
  8
B.Cu
  6
CONTINUOUS
100
AcDbLine
 10
130.7047859999999844
 20
-78.6501090000000005
 30
0
 11
130.7047880000000077
 21
-78.6501059999999939
 31
0
  0
LINE
  5
405
330
22
100
AcDbEntity
  8
B.Cu
  6
CONTINUOUS
100
AcDbLine
 10
130.7047880000000077
 20
-78.6501059999999939
 30
0
 11
130.7047919999999976
 21
-78.6501039999999989
 31
0
  0
LINE
  5
406
330
22
100
AcDbEntity
  8
B.Cu
  6
CONTINUOUS
100
AcDbLine
 10
130.7047919999999976
 20
-78.6501039999999989
 30
0
 11
130.855103999999983
 21
-78.4997919999999993
 31
0
  0
LINE
  5
407
330
22
100
AcDbEntity
  8
B.Cu
  6
CONTINUOUS
100
AcDbLine
 10
130.855103999999983
 20
-78.4997919999999993
 30
0
 11
130.8551060000000064
 21
-78.4997879999999952
 31
0
  0
LINE
  5
408
330
22
100
AcDbEntity
  8
B.Cu
  6
CONTINUOUS
100
AcDbLine
 10
130.8551060000000064
 20
-78.4997879999999952
 30
0
 11
130.8551089999999988
 21
-78.4997860000000003
 31
0
  0
LINE
  5
409
330
22
100
AcDbEntity
  8
B.Cu
  6
CONTINUOUS
100
AcDbLine
 10
130.8551089999999988
 20
-78.4997860000000003
 30
0
 11
130.9800479999999823
 21
-78.3278200000000027
 31
0
  0
LINE
  5
40A
330
22
100
AcDbEntity
  8
B.Cu
  6
CONTINUOUS
100
AcDbLine
 10
130.9800479999999823
 20
-78.3278200000000027
 30
0
 11
130.9800469999999848
 21
-78.3278200000000027
 31
0
  0
LINE
  5
40B
330
22
100
AcDbEntity
  8
B.Cu
  6
CONTINUOUS
100
AcDbLine
 10
130.9800469999999848
 20
-78.3278200000000027
 30
0
 11
130.9800510000000031
 21
-78.3278159999999986
 31
0
  0
LINE
  5
40C
330
22
100
AcDbEntity
  8
B.Cu
  6
CONTINUOUS
100
AcDbLine
 10
130.9800510000000031
 20
-78.3278159999999986
 30
0
 11
131.0765570000000082
 21
-78.1384120000000024
 31
0
  0
LINE
  5
40D
330
22
100
AcDbEntity
  8
B.Cu
  6
CONTINUOUS
100
AcDbLine
 10
131.0765570000000082
 20
-78.1384120000000024
 30
0
 11
131.1422460000000001
 21
-77.9362429999999904
 31
0
  0
LINE
  5
40E
330
22
100
AcDbEntity
  8
B.Cu
  6
CONTINUOUS
100
AcDbLine
 10
131.1422460000000001
 20
-77.9362429999999904
 30
0
 11
131.1754999999999995
 21
-77.7262869999999992
 31
0
  0
LINE
  5
40F
330
22
100
AcDbEntity
  8
B.Cu
  6
CONTINUOUS
100
AcDbLine
 10
131.1754999999999995
 20
-77.7262869999999992
 30
0
 11
131.1754999999999995
 21
-77.5137129999999956
 31
0
  0
LINE
  5
410
330
22
100
AcDbEntity
  8
B.Cu
  6
CONTINUOUS
100
AcDbLine
 10
131.1754999999999995
 20
-77.5137129999999956
 30
0
 11
131.1422460000000001
 21
-77.3037569999999903
 31
0
  0
LINE
  5
411
330
22
100
AcDbEntity
  8
B.Cu
  6
CONTINUOUS
100
AcDbLine
 10
131.1422460000000001
 20
-77.3037569999999903
 30
0
 11
131.0765570000000082
 21
-77.1015879999999925
 31
0
  0
LINE
  5
412
330
22
100
AcDbEntity
  8
B.Cu
  6
CONTINUOUS
100
AcDbLine
 10
131.0765570000000082
 20
-77.1015879999999925
 30
0
 11
130.9800510000000031
 21
-76.9121839999999963
 31
0
  0
LINE
  5
413
330
22
100
AcDbEntity
  8
B.Cu
  6
CONTINUOUS
100
AcDbLine
 10
130.9800510000000031
 20
-76.9121839999999963
 30
0
 11
130.9800490000000082
 21
-76.9121809999999897
 31
0
  0
LINE
  5
414
330
22
100
AcDbEntity
  8
B.Cu
  6
CONTINUOUS
100
AcDbLine
 10
130.9800490000000082
 20
-76.9121809999999897
 30
0
 11
130.9800479999999823
 21
-76.9121789999999947
 31
0
  0
LINE
  5
415
330
22
100
AcDbEntity
  8
B.Cu
  6
CONTINUOUS
100
AcDbLine
 10
130.9800479999999823
 20
-76.9121789999999947
 30
0
 11
130.8551089999999988
 21
-76.7402129999999971
 31
0
  0
LINE
  5
416
330
22
100
AcDbEntity
  8
B.Cu
  6
CONTINUOUS
100
AcDbLine
 10
130.8551089999999988
 20
-76.7402129999999971
 30
0
 11
130.7047859999999844
 21
-76.5898899999999969
 31
0
  0
LINE
  5
417
330
22
100
AcDbEntity
  8
B.Cu
  6
CONTINUOUS
100
AcDbLine
 10
130.7047859999999844
 20
-76.5898899999999969
 30
0
 11
130.5328199999999867
 21
-76.4649509999999992
 31
0
  0
LINE
  5
418
330
22
100
AcDbEntity
  8
B.Cu
  6
CONTINUOUS
100
AcDbLine
 10
130.5328199999999867
 20
-76.4649509999999992
 30
0
 11
130.5321150000000046
 21
-76.4645909999999986
 31
0
  0
LINE
  5
419
330
22
100
AcDbEntity
  8
B.Cu
  6
CONTINUOUS
100
AcDbLine
 10
130.5321150000000046
 20
-76.4645909999999986
 30
0
 11
130.5240540000000067
 21
-76.4604849999999914
 31
0
  0
LINE
  5
41A
330
22
100
AcDbEntity
  8
B.Cu
  6
CONTINUOUS
100
AcDbLine
 10
130.5240540000000067
 20
-76.4604849999999914
 30
0
 11
130.4732589999999846
 21
-76.4125119999999924
 31
0
  0
LINE
  5
41B
330
22
100
AcDbEntity
  8
B.Cu
  6
CONTINUOUS
100
AcDbLine
 10
130.4732589999999846
 20
-76.4125119999999924
 30
0
 11
130.4564629999999852
 21
-76.3446919999999949
 31
0
  0
LINE
  5
41C
330
22
100
AcDbEntity
  8
B.Cu
  6
CONTINUOUS
100
AcDbLine
 10
130.4564629999999852
 20
-76.3446919999999949
 30
0
 11
130.4789989999999875
 21
-76.2785559999999947
 31
0
  0
LINE
  5
41D
330
22
100
AcDbEntity
  8
B.Cu
  6
CONTINUOUS
100
AcDbLine
 10
130.4789989999999875
 20
-76.2785559999999947
 30
0
 11
130.5240540000000067
 21
-76.2395149999999973
 31
0
  0
LINE
  5
41E
330
22
100
AcDbEntity
  8
B.Cu
  6
CONTINUOUS
100
AcDbLine
 10
130.5240540000000067
 20
-76.2395149999999973
 30
0
 11
130.5328159999999968
 21
-76.2350509999999986
 31
0
  0
LINE
  5
41F
330
22
100
AcDbEntity
  8
B.Cu
  6
CONTINUOUS
100
AcDbLine
 10
130.5328159999999968
 20
-76.2350509999999986
 30
0
 11
130.570762000000002
 21
-76.2074819999999988
 31
0
  0
LINE
  5
420
330
22
100
AcDbEntity
  8
B.Cu
  6
CONTINUOUS
100
AcDbLine
 10
130.570762000000002
 20
-76.2074819999999988
 30
0
 11
130.7047859999999844
 21
-76.1101089999999942
 31
0
  0
LINE
  5
421
330
22
100
AcDbEntity
  8
B.Cu
  6
CONTINUOUS
100
AcDbLine
 10
130.7047859999999844
 20
-76.1101089999999942
 30
0
 11
130.7047880000000077
 21
-76.1101060000000018
 31
0
  0
LINE
  5
422
330
22
100
AcDbEntity
  8
B.Cu
  6
CONTINUOUS
100
AcDbLine
 10
130.7047880000000077
 20
-76.1101060000000018
 30
0
 11
130.7047919999999976
 21
-76.1101039999999927
 31
0
  0
LINE
  5
423
330
22
100
AcDbEntity
  8
B.Cu
  6
CONTINUOUS
100
AcDbLine
 10
130.7047919999999976
 20
-76.1101039999999927
 30
0
 11
130.855103999999983
 21
-75.9597919999999931
 31
0
  0
LINE
  5
424
330
22
100
AcDbEntity
  8
B.Cu
  6
CONTINUOUS
100
AcDbLine
 10
130.855103999999983
 20
-75.9597919999999931
 30
0
 11
130.8551060000000064
 21
-75.9597880000000032
 31
0
  0
LINE
  5
425
330
22
100
AcDbEntity
  8
B.Cu
  6
CONTINUOUS
100
AcDbLine
 10
130.8551060000000064
 20
-75.9597880000000032
 30
0
 11
130.8551089999999988
 21
-75.959785999999994
 31
0
  0
LINE
  5
426
330
22
100
AcDbEntity
  8
B.Cu
  6
CONTINUOUS
100
AcDbLine
 10
130.8551089999999988
 20
-75.959785999999994
 30
0
 11
130.9800479999999823
 21
-75.7878199999999964
 31
0
  0
LINE
  5
427
330
22
100
AcDbEntity
  8
B.Cu
  6
CONTINUOUS
100
AcDbLine
 10
130.9800479999999823
 20
-75.7878199999999964
 30
0
 11
130.9800469999999848
 21
-75.7878199999999964
 31
0
  0
LINE
  5
428
330
22
100
AcDbEntity
  8
B.Cu
  6
CONTINUOUS
100
AcDbLine
 10
130.9800469999999848
 20
-75.7878199999999964
 30
0
 11
130.9800510000000031
 21
-75.7878159999999923
 31
0
  0
LINE
  5
429
330
22
100
AcDbEntity
  8
B.Cu
  6
CONTINUOUS
100
AcDbLine
 10
130.9800510000000031
 20
-75.7878159999999923
 30
0
 11
131.0765570000000082
 21
-75.5984119999999962
 31
0
  0
LINE
  5
42A
330
22
100
AcDbEntity
  8
B.Cu
  6
CONTINUOUS
100
AcDbLine
 10
131.0765570000000082
 20
-75.5984119999999962
 30
0
 11
131.1422460000000001
 21
-75.3962429999999983
 31
0
  0
LINE
  5
42B
330
22
100
AcDbEntity
  8
B.Cu
  6
CONTINUOUS
100
AcDbLine
 10
131.1422460000000001
 20
-75.3962429999999983
 30
0
 11
131.1754999999999995
 21
-75.186286999999993
 31
0
  0
LINE
  5
42C
330
22
100
AcDbEntity
  8
B.Cu
  6
CONTINUOUS
100
AcDbLine
 10
131.1754999999999995
 20
-75.186286999999993
 30
0
 11
131.1754999999999995
 21
-74.9737130000000036
 31
0
  0
LINE
  5
42D
330
22
100
AcDbEntity
  8
B.Cu
  6
CONTINUOUS
100
AcDbLine
 10
131.1754999999999995
 20
-74.9737130000000036
 30
0
 11
131.1422460000000001
 21
-74.7637569999999982
 31
0
  0
LINE
  5
42E
330
22
100
AcDbEntity
  8
B.Cu
  6
CONTINUOUS
100
AcDbLine
 10
131.1422460000000001
 20
-74.7637569999999982
 30
0
 11
131.0765570000000082
 21
-74.5615880000000004
 31
0
  0
LINE
  5
42F
330
22
100
AcDbEntity
  8
B.Cu
  6
CONTINUOUS
100
AcDbLine
 10
131.0765570000000082
 20
-74.5615880000000004
 30
0
 11
130.9800510000000031
 21
-74.3721839999999901
 31
0
  0
LINE
  5
430
330
22
100
AcDbEntity
  8
B.Cu
  6
CONTINUOUS
100
AcDbLine
 10
130.9800510000000031
 20
-74.3721839999999901
 30
0
 11
130.9800490000000082
 21
-74.3721809999999977
 31
0
  0
LINE
  5
431
330
22
100
AcDbEntity
  8
B.Cu
  6
CONTINUOUS
100
AcDbLine
 10
130.9800490000000082
 20
-74.3721809999999977
 30
0
 11
130.9800479999999823
 21
-74.3721790000000027
 31
0
  0
LINE
  5
432
330
22
100
AcDbEntity
  8
B.Cu
  6
CONTINUOUS
100
AcDbLine
 10
130.9800479999999823
 20
-74.3721790000000027
 30
0
 11
130.8551089999999988
 21
-74.2002129999999909
 31
0
  0
LINE
  5
433
330
22
100
AcDbEntity
  8
B.Cu
  6
CONTINUOUS
100
AcDbLine
 10
130.8551089999999988
 20
-74.2002129999999909
 30
0
 11
130.7047859999999844
 21
-74.0498899999999907
 31
0
  0
LINE
  5
434
330
22
100
AcDbEntity
  8
B.Cu
  6
CONTINUOUS
100
AcDbLine
 10
130.7047859999999844
 20
-74.0498899999999907
 30
0
 11
130.5328199999999867
 21
-73.924950999999993
 31
0
  0
LINE
  5
435
330
22
100
AcDbEntity
  8
B.Cu
  6
CONTINUOUS
100
AcDbLine
 10
130.5328199999999867
 20
-73.924950999999993
 30
0
 11
130.5321150000000046
 21
-73.9245909999999924
 31
0
  0
LINE
  5
436
330
22
100
AcDbEntity
  8
B.Cu
  6
CONTINUOUS
100
AcDbLine
 10
130.5321150000000046
 20
-73.9245909999999924
 30
0
 11
130.5240540000000067
 21
-73.9204849999999993
 31
0
  0
LINE
  5
437
330
22
100
AcDbEntity
  8
B.Cu
  6
CONTINUOUS
100
AcDbLine
 10
130.5240540000000067
 20
-73.9204849999999993
 30
0
 11
130.4732589999999846
 21
-73.8725120000000004
 31
0
  0
LINE
  5
438
330
22
100
AcDbEntity
  8
B.Cu
  6
CONTINUOUS
100
AcDbLine
 10
130.4732589999999846
 20
-73.8725120000000004
 30
0
 11
130.4564629999999852
 21
-73.8046920000000028
 31
0
  0
LINE
  5
439
330
22
100
AcDbEntity
  8
B.Cu
  6
CONTINUOUS
100
AcDbLine
 10
130.4564629999999852
 20
-73.8046920000000028
 30
0
 11
130.4789989999999875
 21
-73.7385560000000027
 31
0
  0
LINE
  5
43A
330
22
100
AcDbEntity
  8
B.Cu
  6
CONTINUOUS
100
AcDbLine
 10
130.4789989999999875
 20
-73.7385560000000027
 30
0
 11
130.5240540000000067
 21
-73.699514999999991
 31
0
  0
LINE
  5
43B
330
22
100
AcDbEntity
  8
B.Cu
  6
CONTINUOUS
100
AcDbLine
 10
130.5240540000000067
 20
-73.699514999999991
 30
0
 11
130.5328159999999968
 21
-73.6950509999999923
 31
0
  0
LINE
  5
43C
330
22
100
AcDbEntity
  8
B.Cu
  6
CONTINUOUS
100
AcDbLine
 10
130.5328159999999968
 20
-73.6950509999999923
 30
0
 11
130.5862850000000037
 21
-73.6562040000000025
 31
0
  0
LINE
  5
43D
330
22
100
AcDbEntity
  8
B.Cu
  6
CONTINUOUS
100
AcDbLine
 10
130.5862850000000037
 20
-73.6562040000000025
 30
0
 11
130.7047859999999844
 21
-73.5701090000000022
 31
0
  0
LINE
  5
43E
330
22
100
AcDbEntity
  8
B.Cu
  6
CONTINUOUS
100
AcDbLine
 10
130.7047859999999844
 20
-73.5701090000000022
 30
0
 11
130.7047880000000077
 21
-73.5701059999999956
 31
0
  0
LINE
  5
43F
330
22
100
AcDbEntity
  8
B.Cu
  6
CONTINUOUS
100
AcDbLine
 10
130.7047880000000077
 20
-73.5701059999999956
 30
0
 11
130.7047919999999976
 21
-73.5701040000000006
 31
0
  0
LINE
  5
440
330
22
100
AcDbEntity
  8
B.Cu
  6
CONTINUOUS
100
AcDbLine
 10
130.7047919999999976
 20
-73.5701040000000006
 30
0
 11
130.855103999999983
 21
-73.4197920000000011
 31
0
  0
LINE
  5
441
330
22
100
AcDbEntity
  8
B.Cu
  6
CONTINUOUS
100
AcDbLine
 10
130.855103999999983
 20
-73.4197920000000011
 30
0
 11
130.8551060000000064
 21
-73.4197879999999969
 31
0
  0
LINE
  5
442
330
22
100
AcDbEntity
  8
B.Cu
  6
CONTINUOUS
100
AcDbLine
 10
130.8551060000000064
 20
-73.4197879999999969
 30
0
 11
130.8551089999999988
 21
-73.419786000000002
 31
0
  0
LINE
  5
443
330
22
100
AcDbEntity
  8
B.Cu
  6
CONTINUOUS
100
AcDbLine
 10
130.8551089999999988
 20
-73.419786000000002
 30
0
 11
130.9800479999999823
 21
-73.2478199999999902
 31
0
  0
LINE
  5
444
330
22
100
AcDbEntity
  8
B.Cu
  6
CONTINUOUS
100
AcDbLine
 10
130.9800479999999823
 20
-73.2478199999999902
 30
0
 11
130.9800469999999848
 21
-73.2478199999999902
 31
0
  0
LINE
  5
445
330
22
100
AcDbEntity
  8
B.Cu
  6
CONTINUOUS
100
AcDbLine
 10
130.9800469999999848
 20
-73.2478199999999902
 30
0
 11
130.9800510000000031
 21
-73.2478160000000003
 31
0
  0
LINE
  5
446
330
22
100
AcDbEntity
  8
B.Cu
  6
CONTINUOUS
100
AcDbLine
 10
130.9800510000000031
 20
-73.2478160000000003
 30
0
 11
131.0765570000000082
 21
-73.0584119999999899
 31
0
  0
LINE
  5
447
330
22
100
AcDbEntity
  8
B.Cu
  6
CONTINUOUS
100
AcDbLine
 10
131.0765570000000082
 20
-73.0584119999999899
 30
0
 11
131.1422460000000001
 21
-72.8562429999999921
 31
0
  0
LINE
  5
448
330
22
100
AcDbEntity
  8
B.Cu
  6
CONTINUOUS
100
AcDbLine
 10
131.1422460000000001
 20
-72.8562429999999921
 30
0
 11
131.1754999999999995
 21
-72.6462870000000009
 31
0
  0
LINE
  5
449
330
22
100
AcDbEntity
  8
B.Cu
  6
CONTINUOUS
100
AcDbLine
 10
131.1754999999999995
 20
-72.6462870000000009
 30
0
 11
131.1754999999999995
 21
-72.4337129999999974
 31
0
  0
LINE
  5
44A
330
22
100
AcDbEntity
  8
B.Cu
  6
CONTINUOUS
100
AcDbLine
 10
131.1754999999999995
 20
-72.4337129999999974
 30
0
 11
131.1422460000000001
 21
-72.223756999999992
 31
0
  0
LINE
  5
44B
330
22
100
AcDbEntity
  8
B.Cu
  6
CONTINUOUS
100
AcDbLine
 10
131.1422460000000001
 20
-72.223756999999992
 30
0
 11
131.1407690000000059
 21
-72.2192139999999938
 31
0
  0
LINE
  5
44C
330
22
100
AcDbEntity
  8
B.Cu
  6
CONTINUOUS
100
AcDbLine
 10
131.1407690000000059
 20
-72.2192139999999938
 30
0
 11
131.1387729999999863
 21
-72.1493739999999946
 31
0
  0
LINE
  5
44D
330
22
100
AcDbEntity
  8
B.Cu
  6
CONTINUOUS
100
AcDbLine
 10
131.1387729999999863
 20
-72.1493739999999946
 30
0
 11
131.1710170000000062
 21
-72.0932159999999982
 31
0
  0
LINE
  5
44E
330
22
100
AcDbEntity
  8
B.Cu
  6
CONTINUOUS
100
AcDbLine
 10
131.1710170000000062
 20
-72.0932159999999982
 30
0
 11
135.9105199999999911
 21
-67.3537129999999991
 31
0
  0
LINE
  5
44F
330
22
100
AcDbEntity
  8
B.Cu
  6
CONTINUOUS
100
AcDbLine
 10
135.9105199999999911
 20
-67.3537129999999991
 30
0
 11
140.9905210000000011
 21
-62.2737129999999937
 31
0
  0
LINE
  5
450
330
22
100
AcDbEntity
  8
B.Cu
  6
CONTINUOUS
100
AcDbLine
 10
140.9905210000000011
 20
-62.2737129999999937
 30
0
 11
144.0485060000000033
 21
-59.2157279999999986
 31
0
  0
LINE
  5
451
330
22
100
AcDbEntity
  8
B.Cu
  6
CONTINUOUS
100
AcDbLine
 10
144.0485060000000033
 20
-59.2157279999999986
 30
0
 11
144.0485109999999906
 21
-59.2157239999999945
 31
0
  0
LINE
  5
452
330
22
100
AcDbEntity
  8
B.Cu
  6
CONTINUOUS
100
AcDbLine
 10
144.0485109999999906
 20
-59.2157239999999945
 30
0
 11
144.0587139999999806
 21
-59.2055199999999999
 31
0
  0
LINE
  5
453
330
22
100
AcDbEntity
  8
B.Cu
  6
CONTINUOUS
100
AcDbLine
 10
144.0587139999999806
 20
-59.2055199999999999
 30
0
 11
144.058716000000004
 21
-59.2055199999999999
 31
0
  0
LINE
  5
454
330
22
100
AcDbEntity
  8
B.Cu
  6
CONTINUOUS
100
AcDbLine
 10
144.058716000000004
 20
-59.2055199999999999
 30
0
 11
144.170519999999982
 21
-59.0937160000000006
 31
0
  0
LINE
  5
455
330
22
100
AcDbEntity
  8
B.Cu
  6
CONTINUOUS
100
AcDbLine
 10
144.170519999999982
 20
-59.0937160000000006
 30
0
 11
144.2495769999999879
 21
-58.956783999999999
 31
0
  0
LINE
  5
456
330
22
100
AcDbEntity
  8
B.Cu
  6
CONTINUOUS
100
AcDbLine
 10
144.2495769999999879
 20
-58.956783999999999
 30
0
 11
144.2904999999999802
 21
-58.8040570000000002
 31
0
  0
LINE
  5
457
330
22
100
AcDbEntity
  8
B.Cu
  6
CONTINUOUS
100
AcDbLine
 10
144.2904999999999802
 20
-58.8040570000000002
 30
0
 11
144.2904999999999802
 21
-39.8990599999999986
 31
0
  0
LINE
  5
458
330
22
100
AcDbEntity
  8
B.Cu
  6
CONTINUOUS
100
AcDbLine
 10
144.2904999999999802
 20
-39.8990599999999986
 30
0
 11
144.2905010000000061
 21
-39.8990469999999959
 31
0
  0
LINE
  5
459
330
22
100
AcDbEntity
  8
B.Cu
  6
CONTINUOUS
100
AcDbLine
 10
144.2905010000000061
 20
-39.8990469999999959
 30
0
 11
144.2905010000000061
 21
-39.7309440000000009
 31
0
  0
LINE
  5
45A
330
22
100
AcDbEntity
  8
B.Cu
  6
CONTINUOUS
100
AcDbLine
 10
144.2905010000000061
 20
-39.7309440000000009
 30
0
 11
144.2905010000000061
 21
-39.7309429999999963
 31
0
  0
LINE
  5
45B
330
22
100
AcDbEntity
  8
B.Cu
  6
CONTINUOUS
100
AcDbLine
 10
144.2905010000000061
 20
-39.7309429999999963
 30
0
 11
144.2495769999999879
 21
-39.5782159999999976
 31
0
  0
LINE
  5
45C
330
22
100
AcDbEntity
  8
B.Cu
  6
CONTINUOUS
100
AcDbLine
 10
144.2495769999999879
 20
-39.5782159999999976
 30
0
 11
144.249572999999998
 21
-39.5782090000000011
 31
0
  0
LINE
  5
45D
330
22
100
AcDbEntity
  8
B.Cu
  6
CONTINUOUS
100
AcDbLine
 10
144.249572999999998
 20
-39.5782090000000011
 30
0
 11
144.1705240000000003
 21
-39.4412899999999951
 31
0
  0
LINE
  5
45E
330
22
100
AcDbEntity
  8
B.Cu
  6
CONTINUOUS
100
AcDbLine
 10
144.1705240000000003
 20
-39.4412899999999951
 30
0
 11
144.1705179999999871
 21
-39.4412820000000011
 31
0
  0
LINE
  5
45F
330
22
100
AcDbEntity
  8
B.Cu
  6
CONTINUOUS
100
AcDbLine
 10
144.1705179999999871
 20
-39.4412820000000011
 30
0
 11
142.8337569999999914
 21
-38.1045219999999958
 31
0
  0
LINE
  5
460
330
22
100
AcDbEntity
  8
B.Cu
  6
CONTINUOUS
100
AcDbLine
 10
142.8337569999999914
 20
-38.1045219999999958
 30
0
 11
142.8002720000000068
 21
-38.0431990000000013
 31
0
  0
LINE
  5
461
330
22
100
AcDbEntity
  8
B.Cu
  6
CONTINUOUS
100
AcDbLine
 10
142.8002720000000068
 20
-38.0431990000000013
 30
0
 11
142.8035069999999962
 21
-37.9785229999999956
 31
0
  0
LINE
  5
462
330
22
100
AcDbEntity
  8
B.Cu
  6
CONTINUOUS
100
AcDbLine
 10
142.8035069999999962
 20
-37.9785229999999956
 30
0
 11
142.817245999999983
 21
-37.9362429999999975
 31
0
  0
LINE
  5
463
330
22
100
AcDbEntity
  8
B.Cu
  6
CONTINUOUS
100
AcDbLine
 10
142.817245999999983
 20
-37.9362429999999975
 30
0
 11
142.8504999999999825
 21
-37.7262869999999992
 31
0
  0
LINE
  5
464
330
22
100
AcDbEntity
  8
B.Cu
  6
CONTINUOUS
100
AcDbLine
 10
142.8504999999999825
 20
-37.7262869999999992
 30
0
 11
142.8504999999999825
 21
-37.5137129999999956
 31
0
  0
LINE
  5
465
330
22
100
AcDbEntity
  8
B.Cu
  6
CONTINUOUS
100
AcDbLine
 10
142.8504999999999825
 20
-37.5137129999999956
 30
0
 11
142.817245999999983
 21
-37.3037569999999974
 31
0
  0
LINE
  5
466
330
22
100
AcDbEntity
  8
B.Cu
  6
CONTINUOUS
100
AcDbLine
 10
142.817245999999983
 20
-37.3037569999999974
 30
0
 11
142.7515569999999911
 21
-37.1015879999999996
 31
0
  0
LINE
  5
467
330
22
100
AcDbEntity
  8
B.Cu
  6
CONTINUOUS
100
AcDbLine
 10
142.7515569999999911
 20
-37.1015879999999996
 30
0
 11
142.6550509999999861
 21
-36.9121839999999963
 31
0
  0
LINE
  5
468
330
22
100
AcDbEntity
  8
B.Cu
  6
CONTINUOUS
100
AcDbLine
 10
142.6550509999999861
 20
-36.9121839999999963
 30
0
 11
142.6550489999999911
 21
-36.9121809999999968
 31
0
  0
LINE
  5
469
330
22
100
AcDbEntity
  8
B.Cu
  6
CONTINUOUS
100
AcDbLine
 10
142.6550489999999911
 20
-36.9121809999999968
 30
0
 11
142.6550479999999936
 21
-36.9121790000000018
 31
0
  0
LINE
  5
46A
330
22
100
AcDbEntity
  8
B.Cu
  6
CONTINUOUS
100
AcDbLine
 10
142.6550479999999936
 20
-36.9121790000000018
 30
0
 11
142.5301089999999817
 21
-36.7402129999999971
 31
0
  0
LINE
  5
46B
330
22
100
AcDbEntity
  8
B.Cu
  6
CONTINUOUS
100
AcDbLine
 10
142.5301089999999817
 20
-36.7402129999999971
 30
0
 11
142.3797859999999957
 21
-36.5898899999999969
 31
0
  0
LINE
  5
46C
330
22
100
AcDbEntity
  8
B.Cu
  6
CONTINUOUS
100
AcDbLine
 10
142.3797859999999957
 20
-36.5898899999999969
 30
0
 11
142.2078199999999981
 21
-36.4649509999999992
 31
0
  0
LINE
  5
46D
330
22
100
AcDbEntity
  8
B.Cu
  6
CONTINUOUS
100
AcDbLine
 10
142.2078199999999981
 20
-36.4649509999999992
 30
0
 11
142.2071149999999875
 21
-36.4645909999999986
 31
0
  0
LINE
  5
46E
330
22
100
AcDbEntity
  8
B.Cu
  6
CONTINUOUS
100
AcDbLine
 10
142.2071149999999875
 20
-36.4645909999999986
 30
0
 11
142.1990539999999896
 21
-36.4604849999999985
 31
0
  0
LINE
  5
46F
330
22
100
AcDbEntity
  8
B.Cu
  6
CONTINUOUS
100
AcDbLine
 10
142.1990539999999896
 20
-36.4604849999999985
 30
0
 11
142.1482589999999959
 21
-36.4125119999999995
 31
0
  0
LINE
  5
470
330
22
100
AcDbEntity
  8
B.Cu
  6
CONTINUOUS
100
AcDbLine
 10
142.1482589999999959
 20
-36.4125119999999995
 30
0
 11
142.1314629999999966
 21
-36.3446919999999949
 31
0
  0
LINE
  5
471
330
22
100
AcDbEntity
  8
B.Cu
  6
CONTINUOUS
100
AcDbLine
 10
142.1314629999999966
 20
-36.3446919999999949
 30
0
 11
142.1539989999999989
 21
-36.2785560000000018
 31
0
  0
LINE
  5
472
330
22
100
AcDbEntity
  8
B.Cu
  6
CONTINUOUS
100
AcDbLine
 10
142.1539989999999989
 20
-36.2785560000000018
 30
0
 11
142.1990539999999896
 21
-36.2395149999999973
 31
0
  0
LINE
  5
473
330
22
100
AcDbEntity
  8
B.Cu
  6
CONTINUOUS
100
AcDbLine
 10
142.1990539999999896
 20
-36.2395149999999973
 30
0
 11
142.2078159999999798
 21
-36.2350509999999986
 31
0
  0
LINE
  5
474
330
22
100
AcDbEntity
  8
B.Cu
  6
CONTINUOUS
100
AcDbLine
 10
142.2078159999999798
 20
-36.2350509999999986
 30
0
 11
142.2297889999999825
 21
-36.2190859999999972
 31
0
  0
LINE
  5
475
330
22
100
AcDbEntity
  8
B.Cu
  6
CONTINUOUS
100
AcDbLine
 10
142.2297889999999825
 20
-36.2190859999999972
 30
0
 11
142.3797859999999957
 21
-36.1101090000000013
 31
0
  0
LINE
  5
476
330
22
100
AcDbEntity
  8
B.Cu
  6
CONTINUOUS
100
AcDbLine
 10
142.3797859999999957
 20
-36.1101090000000013
 30
0
 11
142.3797879999999907
 21
-36.1101060000000018
 31
0
  0
LINE
  5
477
330
22
100
AcDbEntity
  8
B.Cu
  6
CONTINUOUS
100
AcDbLine
 10
142.3797879999999907
 20
-36.1101060000000018
 30
0
 11
142.3797919999999806
 21
-36.1101039999999998
 31
0
  0
LINE
  5
478
330
22
100
AcDbEntity
  8
B.Cu
  6
CONTINUOUS
100
AcDbLine
 10
142.3797919999999806
 20
-36.1101039999999998
 30
0
 11
142.5301039999999944
 21
-35.9597920000000002
 31
0
  0
LINE
  5
479
330
22
100
AcDbEntity
  8
B.Cu
  6
CONTINUOUS
100
AcDbLine
 10
142.5301039999999944
 20
-35.9597920000000002
 30
0
 11
142.5301059999999893
 21
-35.9597879999999961
 31
0
  0
LINE
  5
47A
330
22
100
AcDbEntity
  8
B.Cu
  6
CONTINUOUS
100
AcDbLine
 10
142.5301059999999893
 20
-35.9597879999999961
 30
0
 11
142.5301089999999817
 21
-35.9597860000000011
 31
0
  0
LINE
  5
47B
330
22
100
AcDbEntity
  8
B.Cu
  6
CONTINUOUS
100
AcDbLine
 10
142.5301089999999817
 20
-35.9597860000000011
 30
0
 11
142.6550479999999936
 21
-35.7878199999999964
 31
0
  0
LINE
  5
47C
330
22
100
AcDbEntity
  8
B.Cu
  6
CONTINUOUS
100
AcDbLine
 10
142.6550479999999936
 20
-35.7878199999999964
 30
0
 11
142.6550469999999962
 21
-35.7878199999999964
 31
0
  0
LINE
  5
47D
330
22
100
AcDbEntity
  8
B.Cu
  6
CONTINUOUS
100
AcDbLine
 10
142.6550469999999962
 20
-35.7878199999999964
 30
0
 11
142.6550509999999861
 21
-35.7878159999999994
 31
0
  0
LINE
  5
47E
330
22
100
AcDbEntity
  8
B.Cu
  6
CONTINUOUS
100
AcDbLine
 10
142.6550509999999861
 20
-35.7878159999999994
 30
0
 11
142.7515569999999911
 21
-35.5984119999999962
 31
0
  0
LINE
  5
47F
330
22
100
AcDbEntity
  8
B.Cu
  6
CONTINUOUS
100
AcDbLine
 10
142.7515569999999911
 20
-35.5984119999999962
 30
0
 11
142.817245999999983
 21
-35.3962429999999983
 31
0
  0
LINE
  5
480
330
22
100
AcDbEntity
  8
B.Cu
  6
CONTINUOUS
100
AcDbLine
 10
142.817245999999983
 20
-35.3962429999999983
 30
0
 11
142.8504999999999825
 21
-35.1862870000000001
 31
0
  0
LINE
  5
481
330
22
100
AcDbEntity
  8
B.Cu
  6
CONTINUOUS
100
AcDbLine
 10
142.8504999999999825
 20
-35.1862870000000001
 30
0
 11
142.8504999999999825
 21
-34.9737129999999965
 31
0
  0
LINE
  5
482
330
22
100
AcDbEntity
  8
B.Cu
  6
CONTINUOUS
100
AcDbLine
 10
142.8504999999999825
 20
-34.9737129999999965
 30
0
 11
142.817245999999983
 21
-34.7637569999999982
 31
0
  0
LINE
  5
483
330
22
100
AcDbEntity
  8
B.Cu
  6
CONTINUOUS
100
AcDbLine
 10
142.817245999999983
 20
-34.7637569999999982
 30
0
 11
142.7515569999999911
 21
-34.5615880000000004
 31
0
  0
LINE
  5
484
330
22
100
AcDbEntity
  8
B.Cu
  6
CONTINUOUS
100
AcDbLine
 10
142.7515569999999911
 20
-34.5615880000000004
 30
0
 11
142.6550509999999861
 21
-34.3721839999999972
 31
0
  0
LINE
  5
485
330
22
100
AcDbEntity
  8
B.Cu
  6
CONTINUOUS
100
AcDbLine
 10
142.6550509999999861
 20
-34.3721839999999972
 30
0
 11
142.6550489999999911
 21
-34.3721809999999977
 31
0
  0
LINE
  5
486
330
22
100
AcDbEntity
  8
B.Cu
  6
CONTINUOUS
100
AcDbLine
 10
142.6550489999999911
 20
-34.3721809999999977
 30
0
 11
142.6550479999999936
 21
-34.3721789999999956
 31
0
  0
LINE
  5
487
330
22
100
AcDbEntity
  8
B.Cu
  6
CONTINUOUS
100
AcDbLine
 10
142.6550479999999936
 20
-34.3721789999999956
 30
0
 11
142.5301089999999817
 21
-34.200212999999998
 31
0
  0
LINE
  5
488
330
22
100
AcDbEntity
  8
B.Cu
  6
CONTINUOUS
100
AcDbLine
 10
142.5301089999999817
 20
-34.200212999999998
 30
0
 11
142.3797859999999957
 21
-34.0498899999999978
 31
0
  0
LINE
  5
489
330
22
100
AcDbEntity
  8
B.Cu
  6
CONTINUOUS
100
AcDbLine
 10
142.3797859999999957
 20
-34.0498899999999978
 30
0
 11
142.2078199999999981
 21
-33.9249510000000001
 31
0
  0
LINE
  5
48A
330
22
100
AcDbEntity
  8
B.Cu
  6
CONTINUOUS
100
AcDbLine
 10
142.2078199999999981
 20
-33.9249510000000001
 30
0
 11
142.2071149999999875
 21
-33.9245909999999995
 31
0
  0
LINE
  5
48B
330
22
100
AcDbEntity
  8
B.Cu
  6
CONTINUOUS
100
AcDbLine
 10
142.2071149999999875
 20
-33.9245909999999995
 30
0
 11
142.1990539999999896
 21
-33.9204849999999993
 31
0
  0
LINE
  5
48C
330
22
100
AcDbEntity
  8
B.Cu
  6
CONTINUOUS
100
AcDbLine
 10
142.1990539999999896
 20
-33.9204849999999993
 30
0
 11
142.1482589999999959
 21
-33.8725120000000004
 31
0
  0
LINE
  5
48D
330
22
100
AcDbEntity
  8
B.Cu
  6
CONTINUOUS
100
AcDbLine
 10
142.1482589999999959
 20
-33.8725120000000004
 30
0
 11
142.1314629999999966
 21
-33.8046919999999957
 31
0
  0
LINE
  5
48E
330
22
100
AcDbEntity
  8
B.Cu
  6
CONTINUOUS
100
AcDbLine
 10
142.1314629999999966
 20
-33.8046919999999957
 30
0
 11
142.1539989999999989
 21
-33.7385559999999955
 31
0
  0
LINE
  5
48F
330
22
100
AcDbEntity
  8
B.Cu
  6
CONTINUOUS
100
AcDbLine
 10
142.1539989999999989
 20
-33.7385559999999955
 30
0
 11
142.1990539999999896
 21
-33.6995149999999981
 31
0
  0
LINE
  5
490
330
22
100
AcDbEntity
  8
B.Cu
  6
CONTINUOUS
100
AcDbLine
 10
142.1990539999999896
 20
-33.6995149999999981
 30
0
 11
142.2078159999999798
 21
-33.6950509999999994
 31
0
  0
LINE
  5
491
330
22
100
AcDbEntity
  8
B.Cu
  6
CONTINUOUS
100
AcDbLine
 10
142.2078159999999798
 20
-33.6950509999999994
 30
0
 11
142.2604809999999986
 21
-33.6567879999999988
 31
0
  0
LINE
  5
492
330
22
100
AcDbEntity
  8
B.Cu
  6
CONTINUOUS
100
AcDbLine
 10
142.2604809999999986
 20
-33.6567879999999988
 30
0
 11
142.3797859999999957
 21
-33.5701089999999951
 31
0
  0
LINE
  5
493
330
22
100
AcDbEntity
  8
B.Cu
  6
CONTINUOUS
100
AcDbLine
 10
142.3797859999999957
 20
-33.5701089999999951
 30
0
 11
142.3797879999999907
 21
-33.5701059999999956
 31
0
  0
LINE
  5
494
330
22
100
AcDbEntity
  8
B.Cu
  6
CONTINUOUS
100
AcDbLine
 10
142.3797879999999907
 20
-33.5701059999999956
 30
0
 11
142.3797919999999806
 21
-33.5701040000000006
 31
0
  0
LINE
  5
495
330
22
100
AcDbEntity
  8
B.Cu
  6
CONTINUOUS
100
AcDbLine
 10
142.3797919999999806
 20
-33.5701040000000006
 30
0
 11
142.5301039999999944
 21
-33.4197920000000011
 31
0
  0
LINE
  5
496
330
22
100
AcDbEntity
  8
B.Cu
  6
CONTINUOUS
100
AcDbLine
 10
142.5301039999999944
 20
-33.4197920000000011
 30
0
 11
142.5301059999999893
 21
-33.4197879999999969
 31
0
  0
LINE
  5
497
330
22
100
AcDbEntity
  8
B.Cu
  6
CONTINUOUS
100
AcDbLine
 10
142.5301059999999893
 20
-33.4197879999999969
 30
0
 11
142.5301089999999817
 21
-33.419786000000002
 31
0
  0
LINE
  5
498
330
22
100
AcDbEntity
  8
B.Cu
  6
CONTINUOUS
100
AcDbLine
 10
142.5301089999999817
 20
-33.419786000000002
 30
0
 11
142.6550479999999936
 21
-33.2478199999999973
 31
0
  0
LINE
  5
499
330
22
100
AcDbEntity
  8
B.Cu
  6
CONTINUOUS
100
AcDbLine
 10
142.6550479999999936
 20
-33.2478199999999973
 30
0
 11
142.6550469999999962
 21
-33.2478199999999973
 31
0
  0
LINE
  5
49A
330
22
100
AcDbEntity
  8
B.Cu
  6
CONTINUOUS
100
AcDbLine
 10
142.6550469999999962
 20
-33.2478199999999973
 30
0
 11
142.6550509999999861
 21
-33.2478160000000003
 31
0
  0
LINE
  5
49B
330
22
100
AcDbEntity
  8
B.Cu
  6
CONTINUOUS
100
AcDbLine
 10
142.6550509999999861
 20
-33.2478160000000003
 30
0
 11
142.7515569999999911
 21
-33.058411999999997
 31
0
  0
LINE
  5
49C
330
22
100
AcDbEntity
  8
B.Cu
  6
CONTINUOUS
100
AcDbLine
 10
142.7515569999999911
 20
-33.058411999999997
 30
0
 11
142.817245999999983
 21
-32.8562429999999992
 31
0
  0
LINE
  5
49D
330
22
100
AcDbEntity
  8
B.Cu
  6
CONTINUOUS
100
AcDbLine
 10
142.817245999999983
 20
-32.8562429999999992
 30
0
 11
142.8504999999999825
 21
-32.6462870000000009
 31
0
  0
LINE
  5
49E
330
22
100
AcDbEntity
  8
B.Cu
  6
CONTINUOUS
100
AcDbLine
 10
142.8504999999999825
 20
-32.6462870000000009
 30
0
 11
142.8504999999999825
 21
-32.4337129999999974
 31
0
  0
LINE
  5
49F
330
22
100
AcDbEntity
  8
B.Cu
  6
CONTINUOUS
100
AcDbLine
 10
142.8504999999999825
 20
-32.4337129999999974
 30
0
 11
142.817245999999983
 21
-32.2237569999999991
 31
0
  0
LINE
  5
4A0
330
22
100
AcDbEntity
  8
B.Cu
  6
CONTINUOUS
100
AcDbLine
 10
142.817245999999983
 20
-32.2237569999999991
 30
0
 11
142.7515569999999911
 21
-32.0215880000000013
 31
0
  0
LINE
  5
4A1
330
22
100
AcDbEntity
  8
B.Cu
  6
CONTINUOUS
100
AcDbLine
 10
142.7515569999999911
 20
-32.0215880000000013
 30
0
 11
142.6550509999999861
 21
-31.832183999999998
 31
0
  0
LINE
  5
4A2
330
22
100
AcDbEntity
  8
B.Cu
  6
CONTINUOUS
100
AcDbLine
 10
142.6550509999999861
 20
-31.832183999999998
 30
0
 11
142.6550489999999911
 21
-31.8321809999999985
 31
0
  0
LINE
  5
4A3
330
22
100
AcDbEntity
  8
B.Cu
  6
CONTINUOUS
100
AcDbLine
 10
142.6550489999999911
 20
-31.8321809999999985
 30
0
 11
142.6550479999999936
 21
-31.832179
 31
0
  0
LINE
  5
4A4
330
22
100
AcDbEntity
  8
B.Cu
  6
CONTINUOUS
100
AcDbLine
 10
142.6550479999999936
 20
-31.832179
 30
0
 11
142.5301089999999817
 21
-31.6602129999999988
 31
0
  0
LINE
  5
4A5
330
22
100
AcDbEntity
  8
B.Cu
  6
CONTINUOUS
100
AcDbLine
 10
142.5301089999999817
 20
-31.6602129999999988
 30
0
 11
142.3797859999999957
 21
-31.5098899999999986
 31
0
  0
LINE
  5
4A6
330
22
100
AcDbEntity
  8
B.Cu
  6
CONTINUOUS
100
AcDbLine
 10
142.3797859999999957
 20
-31.5098899999999986
 30
0
 11
142.2078199999999981
 21
-31.3849509999999974
 31
0
  0
LINE
  5
4A7
330
22
100
AcDbEntity
  8
B.Cu
  6
CONTINUOUS
100
AcDbLine
 10
142.2078199999999981
 20
-31.3849509999999974
 30
0
 11
142.018414000000007
 21
-31.2884439999999984
 31
0
  0
LINE
  5
4A8
330
22
100
AcDbEntity
  8
B.Cu
  6
CONTINUOUS
100
AcDbLine
 10
142.018414000000007
 20
-31.2884439999999984
 30
0
 11
142.0184129999999811
 21
-31.2884429999999973
 31
0
  0
LINE
  5
4A9
330
22
100
AcDbEntity
  8
B.Cu
  6
CONTINUOUS
100
AcDbLine
 10
142.0184129999999811
 20
-31.2884429999999973
 30
0
 11
142.0184119999999837
 21
-31.2884429999999973
 31
0
  0
LINE
  5
4AA
330
22
100
AcDbEntity
  8
B.Cu
  6
CONTINUOUS
100
AcDbLine
 10
142.0184119999999837
 20
-31.2884429999999973
 30
0
 11
141.8162429999999858
 21
-31.2227539999999983
 31
0
  0
LINE
  5
4AB
330
22
100
AcDbEntity
  8
B.Cu
  6
CONTINUOUS
100
AcDbLine
 10
141.8162429999999858
 20
-31.2227539999999983
 30
0
 11
141.8162409999999909
 21
-31.2227529999999973
 31
0
  0
LINE
  5
4AC
330
22
100
AcDbEntity
  8
B.Cu
  6
CONTINUOUS
100
AcDbLine
 10
141.8162409999999909
 20
-31.2227529999999973
 30
0
 11
141.8162399999999934
 21
-31.2227529999999973
 31
0
  0
LINE
  5
4AD
330
22
100
AcDbEntity
  8
B.Cu
  6
CONTINUOUS
100
AcDbLine
 10
141.8162399999999934
 20
-31.2227529999999973
 30
0
 11
141.654956999999996
 21
-31.1972079999999998
 31
0
  0
LINE
  5
4AE
330
22
100
AcDbEntity
  8
B.Cu
  6
CONTINUOUS
100
AcDbLine
 10
141.654956999999996
 20
-31.1972079999999998
 30
0
 11
141.6062869999999805
 21
-31.1894999999999989
 31
0
  0
LINE
  5
4AF
330
22
100
AcDbEntity
  8
B.Cu
  6
CONTINUOUS
100
AcDbLine
 10
141.6062869999999805
 20
-31.1894999999999989
 30
0
 11
141.3937129999999911
 21
-31.1894999999999989
 31
0
  0
LINE
  5
4B0
330
22
100
AcDbEntity
  8
B.Cu
  6
CONTINUOUS
100
AcDbLine
 10
141.3937129999999911
 20
-31.1894999999999989
 30
0
 11
141.3450420000000065
 21
-31.1972079999999998
 31
0
  0
LINE
  5
4B1
330
22
100
AcDbEntity
  8
B.Cu
  6
CONTINUOUS
100
AcDbLine
 10
141.3450420000000065
 20
-31.1972079999999998
 30
0
 11
141.1837600000000066
 21
-31.2227529999999973
 31
0
  0
LINE
  5
4B2
330
22
100
AcDbEntity
  8
B.Cu
  6
CONTINUOUS
100
AcDbLine
 10
141.1837600000000066
 20
-31.2227529999999973
 30
0
 11
140.9815849999999955
 21
-31.2884439999999984
 31
0
  0
LINE
  5
4B3
330
22
100
AcDbEntity
  8
B.Cu
  6
CONTINUOUS
100
AcDbLine
 10
140.9815849999999955
 20
-31.2884439999999984
 30
0
 11
140.7921790000000044
 21
-31.3849509999999974
 31
0
  0
LINE
  5
4B4
330
22
100
AcDbEntity
  8
B.Cu
  6
CONTINUOUS
100
AcDbLine
 10
140.7921790000000044
 20
-31.3849509999999974
 30
0
 11
140.6202130000000068
 21
-31.5098899999999986
 31
0
  0
LINE
  5
4B5
330
22
100
AcDbEntity
  8
B.Cu
  6
CONTINUOUS
100
AcDbLine
 10
140.6202130000000068
 20
-31.5098899999999986
 30
0
 11
140.4698899999999924
 21
-31.6602129999999988
 31
0
  0
LINE
  5
4B6
330
22
100
AcDbEntity
  8
B.Cu
  6
CONTINUOUS
100
AcDbLine
 10
140.4698899999999924
 20
-31.6602129999999988
 30
0
 11
140.3449509999999805
 21
-31.832179
 31
0
  0
LINE
  5
4B7
330
22
100
AcDbEntity
  8
B.Cu
  6
CONTINUOUS
100
AcDbLine
 10
140.3449509999999805
 20
-31.832179
 30
0
 11
140.2484440000000063
 21
-32.0215850000000017
 31
0
  0
LINE
  5
4B8
330
22
100
AcDbEntity
  8
B.Cu
  6
CONTINUOUS
100
AcDbLine
 10
140.2484440000000063
 20
-32.0215850000000017
 30
0
 11
140.1827529999999911
 21
-32.2237599999999986
 31
0
  0
LINE
  5
4B9
330
22
100
AcDbEntity
  8
B.Cu
  6
CONTINUOUS
100
AcDbLine
 10
140.1827529999999911
 20
-32.2237599999999986
 30
0
 11
140.1494999999999891
 21
-32.4337129999999974
 31
0
  0
LINE
  5
4BA
330
22
100
AcDbEntity
  8
B.Cu
  6
CONTINUOUS
100
AcDbLine
 10
140.1494999999999891
 20
-32.4337129999999974
 30
0
 11
140.1494999999999891
 21
-32.6462859999999964
 31
0
  0
LINE
  5
4BB
330
22
100
AcDbEntity
  8
B.Cu
  6
CONTINUOUS
100
AcDbLine
 10
140.1494999999999891
 20
-32.6462859999999964
 30
0
 11
140.177377000000007
 21
-32.822299000000001
 31
0
  0
LINE
  5
4BC
330
22
100
AcDbEntity
  8
B.Cu
  6
CONTINUOUS
100
AcDbLine
 10
140.177377000000007
 20
-32.822299000000001
 30
0
 11
140.1827539999999885
 21
-32.8562429999999992
 31
0
  0
LINE
  5
4BD
330
22
100
AcDbEntity
  8
B.Cu
  6
CONTINUOUS
100
AcDbLine
 10
140.1827539999999885
 20
-32.8562429999999992
 30
0
 11
140.2273169999999993
 21
-32.993393999999995
 31
0
  0
LINE
  5
4BE
330
22
100
AcDbEntity
  8
B.Cu
  6
CONTINUOUS
100
AcDbLine
 10
140.2273169999999993
 20
-32.993393999999995
 30
0
 11
140.2484440000000063
 21
-33.0584139999999991
 31
0
  0
LINE
  5
4BF
330
22
100
AcDbEntity
  8
B.Cu
  6
CONTINUOUS
100
AcDbLine
 10
140.2484440000000063
 20
-33.0584139999999991
 30
0
 11
140.3449509999999805
 21
-33.2478199999999973
 31
0
  0
LINE
  5
4C0
330
22
100
AcDbEntity
  8
B.Cu
  6
CONTINUOUS
100
AcDbLine
 10
140.3449509999999805
 20
-33.2478199999999973
 30
0
 11
140.4698899999999924
 21
-33.419786000000002
 31
0
  0
LINE
  5
4C1
330
22
100
AcDbEntity
  8
B.Cu
  6
CONTINUOUS
100
AcDbLine
 10
140.4698899999999924
 20
-33.419786000000002
 30
0
 11
140.6202130000000068
 21
-33.5701089999999951
 31
0
  0
LINE
  5
4C2
330
22
100
AcDbEntity
  8
B.Cu
  6
CONTINUOUS
100
AcDbLine
 10
140.6202130000000068
 20
-33.5701089999999951
 30
0
 11
140.7921819999999968
 21
-33.6950500000000019
 31
0
  0
LINE
  5
4C3
330
22
100
AcDbEntity
  8
B.Cu
  6
CONTINUOUS
100
AcDbLine
 10
140.7921819999999968
 20
-33.6950500000000019
 30
0
 11
140.800945999999982
 21
-33.6995159999999956
 31
0
  0
LINE
  5
4C4
330
22
100
AcDbEntity
  8
B.Cu
  6
CONTINUOUS
100
AcDbLine
 10
140.800945999999982
 20
-33.6995159999999956
 30
0
 11
140.8517420000000016
 21
-33.7474909999999966
 31
0
  0
LINE
  5
4C5
330
22
100
AcDbEntity
  8
B.Cu
  6
CONTINUOUS
100
AcDbLine
 10
140.8517420000000016
 20
-33.7474909999999966
 30
0
 11
140.868536000000006
 21
-33.8153119999999987
 31
0
  0
LINE
  5
4C6
330
22
100
AcDbEntity
  8
B.Cu
  6
CONTINUOUS
100
AcDbLine
 10
140.868536000000006
 20
-33.8153119999999987
 30
0
 11
140.8459979999999803
 21
-33.8814470000000014
 31
0
  0
LINE
  5
4C7
330
22
100
AcDbEntity
  8
B.Cu
  6
CONTINUOUS
100
AcDbLine
 10
140.8459979999999803
 20
-33.8814470000000014
 30
0
 11
140.800945999999982
 21
-33.9204840000000019
 31
0
  0
LINE
  5
4C8
330
22
100
AcDbEntity
  8
B.Cu
  6
CONTINUOUS
100
AcDbLine
 10
140.800945999999982
 20
-33.9204840000000019
 30
0
 11
140.7921819999999968
 21
-33.924948999999998
 31
0
  0
LINE
  5
4C9
330
22
100
AcDbEntity
  8
B.Cu
  6
CONTINUOUS
100
AcDbLine
 10
140.7921819999999968
 20
-33.924948999999998
 30
0
 11
140.6202130000000068
 21
-34.0498899999999978
 31
0
  0
LINE
  5
4CA
330
22
100
AcDbEntity
  8
B.Cu
  6
CONTINUOUS
100
AcDbLine
 10
140.6202130000000068
 20
-34.0498899999999978
 30
0
 11
140.4698899999999924
 21
-34.200212999999998
 31
0
  0
LINE
  5
4CB
330
22
100
AcDbEntity
  8
B.Cu
  6
CONTINUOUS
100
AcDbLine
 10
140.4698899999999924
 20
-34.200212999999998
 30
0
 11
140.3449509999999805
 21
-34.3721789999999956
 31
0
  0
LINE
  5
4CC
330
22
100
AcDbEntity
  8
B.Cu
  6
CONTINUOUS
100
AcDbLine
 10
140.3449509999999805
 20
-34.3721789999999956
 30
0
 11
140.2484440000000063
 21
-34.5615850000000009
 31
0
  0
LINE
  5
4CD
330
22
100
AcDbEntity
  8
B.Cu
  6
CONTINUOUS
100
AcDbLine
 10
140.2484440000000063
 20
-34.5615850000000009
 30
0
 11
140.1827529999999911
 21
-34.7637599999999978
 31
0
  0
LINE
  5
4CE
330
22
100
AcDbEntity
  8
B.Cu
  6
CONTINUOUS
100
AcDbLine
 10
140.1827529999999911
 20
-34.7637599999999978
 30
0
 11
140.1494999999999891
 21
-34.9737129999999965
 31
0
  0
LINE
  5
4CF
330
22
100
AcDbEntity
  8
B.Cu
  6
CONTINUOUS
100
AcDbLine
 10
140.1494999999999891
 20
-34.9737129999999965
 30
0
 11
140.1494999999999891
 21
-35.1862859999999955
 31
0
  0
LINE
  5
4D0
330
22
100
AcDbEntity
  8
B.Cu
  6
CONTINUOUS
100
AcDbLine
 10
140.1494999999999891
 20
-35.1862859999999955
 30
0
 11
140.1827529999999911
 21
-35.3962390000000013
 31
0
  0
LINE
  5
4D1
330
22
100
AcDbEntity
  8
B.Cu
  6
CONTINUOUS
100
AcDbLine
 10
140.1827529999999911
 20
-35.3962390000000013
 30
0
 11
140.2484440000000063
 21
-35.5984139999999982
 31
0
  0
LINE
  5
4D2
330
22
100
AcDbEntity
  8
B.Cu
  6
CONTINUOUS
100
AcDbLine
 10
140.2484440000000063
 20
-35.5984139999999982
 30
0
 11
140.3449509999999805
 21
-35.7878199999999964
 31
0
  0
LINE
  5
4D3
330
22
100
AcDbEntity
  8
B.Cu
  6
CONTINUOUS
100
AcDbLine
 10
140.3449509999999805
 20
-35.7878199999999964
 30
0
 11
140.4698899999999924
 21
-35.9597860000000011
 31
0
  0
LINE
  5
4D4
330
22
100
AcDbEntity
  8
B.Cu
  6
CONTINUOUS
100
AcDbLine
 10
140.4698899999999924
 20
-35.9597860000000011
 30
0
 11
140.6202130000000068
 21
-36.1101090000000013
 31
0
  0
LINE
  5
4D5
330
22
100
AcDbEntity
  8
B.Cu
  6
CONTINUOUS
100
AcDbLine
 10
140.6202130000000068
 20
-36.1101090000000013
 30
0
 11
140.7921819999999968
 21
-36.2350500000000011
 31
0
  0
LINE
  5
4D6
330
22
100
AcDbEntity
  8
B.Cu
  6
CONTINUOUS
100
AcDbLine
 10
140.7921819999999968
 20
-36.2350500000000011
 30
0
 11
140.800945999999982
 21
-36.2395160000000018
 31
0
  0
LINE
  5
4D7
330
22
100
AcDbEntity
  8
B.Cu
  6
CONTINUOUS
100
AcDbLine
 10
140.800945999999982
 20
-36.2395160000000018
 30
0
 11
140.8517420000000016
 21
-36.2874909999999957
 31
0
  0
LINE
  5
4D8
330
22
100
AcDbEntity
  8
B.Cu
  6
CONTINUOUS
100
AcDbLine
 10
140.8517420000000016
 20
-36.2874909999999957
 30
0
 11
140.868536000000006
 21
-36.3553119999999979
 31
0
  0
LINE
  5
4D9
330
22
100
AcDbEntity
  8
B.Cu
  6
CONTINUOUS
100
AcDbLine
 10
140.868536000000006
 20
-36.3553119999999979
 30
0
 11
140.8459979999999803
 21
-36.4214470000000006
 31
0
  0
LINE
  5
4DA
330
22
100
AcDbEntity
  8
B.Cu
  6
CONTINUOUS
100
AcDbLine
 10
140.8459979999999803
 20
-36.4214470000000006
 30
0
 11
140.800945999999982
 21
-36.460484000000001
 31
0
  0
LINE
  5
4DB
330
22
100
AcDbEntity
  8
B.Cu
  6
CONTINUOUS
100
AcDbLine
 10
140.800945999999982
 20
-36.460484000000001
 30
0
 11
140.7921819999999968
 21
-36.4649489999999972
 31
0
  0
LINE
  5
4DC
330
22
100
AcDbEntity
  8
B.Cu
  6
CONTINUOUS
100
AcDbLine
 10
140.7921819999999968
 20
-36.4649489999999972
 30
0
 11
140.6202130000000068
 21
-36.5898899999999969
 31
0
  0
LINE
  5
4DD
330
22
100
AcDbEntity
  8
B.Cu
  6
CONTINUOUS
100
AcDbLine
 10
140.6202130000000068
 20
-36.5898899999999969
 30
0
 11
140.4698899999999924
 21
-36.7402129999999971
 31
0
  0
LINE
  5
4DE
330
22
100
AcDbEntity
  8
B.Cu
  6
CONTINUOUS
100
AcDbLine
 10
140.4698899999999924
 20
-36.7402129999999971
 30
0
 11
140.3449509999999805
 21
-36.9121790000000018
 31
0
  0
LINE
  5
4DF
330
22
100
AcDbEntity
  8
B.Cu
  6
CONTINUOUS
100
AcDbLine
 10
140.3449509999999805
 20
-36.9121790000000018
 30
0
 11
140.2484440000000063
 21
-37.101585
 31
0
  0
LINE
  5
4E0
330
22
100
AcDbEntity
  8
B.Cu
  6
CONTINUOUS
100
AcDbLine
 10
140.2484440000000063
 20
-37.101585
 30
0
 11
140.1827529999999911
 21
-37.3037599999999969
 31
0
  0
LINE
  5
4E1
330
22
100
AcDbEntity
  8
B.Cu
  6
CONTINUOUS
100
AcDbLine
 10
140.1827529999999911
 20
-37.3037599999999969
 30
0
 11
140.1494999999999891
 21
-37.5137129999999956
 31
0
  0
LINE
  5
4E2
330
22
100
AcDbEntity
  8
B.Cu
  6
CONTINUOUS
100
AcDbLine
 10
140.1494999999999891
 20
-37.5137129999999956
 30
0
 11
140.1494999999999891
 21
-37.7262860000000018
 31
0
  0
LINE
  5
4E3
330
22
100
AcDbEntity
  8
B.Cu
  6
CONTINUOUS
100
AcDbLine
 10
140.1494999999999891
 20
-37.7262860000000018
 30
0
 11
140.1827529999999911
 21
-37.9362390000000005
 31
0
  0
LINE
  5
4E4
330
22
100
AcDbEntity
  8
B.Cu
  6
CONTINUOUS
100
AcDbLine
 10
140.1827529999999911
 20
-37.9362390000000005
 30
0
 11
140.1827529999999911
 21
-37.9362409999999954
 31
0
  0
LINE
  5
4E5
330
22
100
AcDbEntity
  8
B.Cu
  6
CONTINUOUS
100
AcDbLine
 10
140.1827529999999911
 20
-37.9362409999999954
 30
0
 11
140.1827539999999885
 21
-37.9362429999999975
 31
0
  0
LINE
  5
4E6
330
22
100
AcDbEntity
  8
B.Cu
  6
CONTINUOUS
100
AcDbLine
 10
140.1827539999999885
 20
-37.9362429999999975
 30
0
 11
140.2374309999999866
 21
-38.1045219999999958
 31
0
  0
LINE
  5
4E7
330
22
100
AcDbEntity
  8
B.Cu
  6
CONTINUOUS
100
AcDbLine
 10
140.2374309999999866
 20
-38.1045219999999958
 30
0
 11
140.2484440000000063
 21
-38.1384139999999974
 31
0
  0
LINE
  5
4E8
330
22
100
AcDbEntity
  8
B.Cu
  6
CONTINUOUS
100
AcDbLine
 10
140.2484440000000063
 20
-38.1384139999999974
 30
0
 11
140.3449509999999805
 21
-38.3278199999999956
 31
0
  0
LINE
  5
4E9
330
22
100
AcDbEntity
  8
B.Cu
  6
CONTINUOUS
100
AcDbLine
 10
140.3449509999999805
 20
-38.3278199999999956
 30
0
 11
140.4698899999999924
 21
-38.4997860000000003
 31
0
  0
LINE
  5
4EA
330
22
100
AcDbEntity
  8
B.Cu
  6
CONTINUOUS
100
AcDbLine
 10
140.4698899999999924
 20
-38.4997860000000003
 30
0
 11
140.6202130000000068
 21
-38.6501090000000005
 31
0
  0
LINE
  5
4EB
330
22
100
AcDbEntity
  8
B.Cu
  6
CONTINUOUS
100
AcDbLine
 10
140.6202130000000068
 20
-38.6501090000000005
 30
0
 11
140.7921819999999968
 21
-38.7750500000000002
 31
0
  0
LINE
  5
4EC
330
22
100
AcDbEntity
  8
B.Cu
  6
CONTINUOUS
100
AcDbLine
 10
140.7921819999999968
 20
-38.7750500000000002
 30
0
 11
140.800945999999982
 21
-38.779516000000001
 31
0
  0
LINE
  5
4ED
330
22
100
AcDbEntity
  8
B.Cu
  6
CONTINUOUS
100
AcDbLine
 10
140.800945999999982
 20
-38.779516000000001
 30
0
 11
140.8517420000000016
 21
-38.8274909999999949
 31
0
  0
LINE
  5
4EE
330
22
100
AcDbEntity
  8
B.Cu
  6
CONTINUOUS
100
AcDbLine
 10
140.8517420000000016
 20
-38.8274909999999949
 30
0
 11
140.868536000000006
 21
-38.895311999999997
 31
0
  0
LINE
  5
4EF
330
22
100
AcDbEntity
  8
B.Cu
  6
CONTINUOUS
100
AcDbLine
 10
140.868536000000006
 20
-38.895311999999997
 30
0
 11
140.8459979999999803
 21
-38.9614469999999997
 31
0
  0
LINE
  5
4F0
330
22
100
AcDbEntity
  8
B.Cu
  6
CONTINUOUS
100
AcDbLine
 10
140.8459979999999803
 20
-38.9614469999999997
 30
0
 11
140.800945999999982
 21
-39.0004840000000002
 31
0
  0
LINE
  5
4F1
330
22
100
AcDbEntity
  8
B.Cu
  6
CONTINUOUS
100
AcDbLine
 10
140.800945999999982
 20
-39.0004840000000002
 30
0
 11
140.7921819999999968
 21
-39.0049489999999963
 31
0
  0
LINE
  5
4F2
330
22
100
AcDbEntity
  8
B.Cu
  6
CONTINUOUS
100
AcDbLine
 10
140.7921819999999968
 20
-39.0049489999999963
 30
0
 11
140.6202130000000068
 21
-39.1298899999999961
 31
0
  0
LINE
  5
4F3
330
22
100
AcDbEntity
  8
B.Cu
  6
CONTINUOUS
100
AcDbLine
 10
140.6202130000000068
 20
-39.1298899999999961
 30
0
 11
140.4698899999999924
 21
-39.2802129999999963
 31
0
  0
LINE
  5
4F4
330
22
100
AcDbEntity
  8
B.Cu
  6
CONTINUOUS
100
AcDbLine
 10
140.4698899999999924
 20
-39.2802129999999963
 30
0
 11
140.3449509999999805
 21
-39.452179000000001
 31
0
  0
LINE
  5
4F5
330
22
100
AcDbEntity
  8
B.Cu
  6
CONTINUOUS
100
AcDbLine
 10
140.3449509999999805
 20
-39.452179000000001
 30
0
 11
140.2484440000000063
 21
-39.6415849999999992
 31
0
  0
LINE
  5
4F6
330
22
100
AcDbEntity
  8
B.Cu
  6
CONTINUOUS
100
AcDbLine
 10
140.2484440000000063
 20
-39.6415849999999992
 30
0
 11
140.1827529999999911
 21
-39.8437599999999961
 31
0
  0
LINE
  5
4F7
330
22
100
AcDbEntity
  8
B.Cu
  6
CONTINUOUS
100
AcDbLine
 10
140.1827529999999911
 20
-39.8437599999999961
 30
0
 11
140.1494999999999891
 21
-40.0537129999999948
 31
0
  0
LINE
  5
4F8
330
22
100
AcDbEntity
  8
B.Cu
  6
CONTINUOUS
100
AcDbLine
 10
140.1494999999999891
 20
-40.0537129999999948
 30
0
 11
140.1494999999999891
 21
-40.2662860000000009
 31
0
  0
LINE
  5
4F9
330
22
100
AcDbEntity
  8
B.Cu
  6
CONTINUOUS
100
AcDbLine
 10
140.1494999999999891
 20
-40.2662860000000009
 30
0
 11
140.1827529999999911
 21
-40.4762389999999996
 31
0
  0
LINE
  5
4FA
330
22
100
AcDbEntity
  8
B.Cu
  6
CONTINUOUS
100
AcDbLine
 10
140.1827529999999911
 20
-40.4762389999999996
 30
0
 11
140.2484440000000063
 21
-40.6784139999999965
 31
0
  0
LINE
  5
4FB
330
22
100
AcDbEntity
  8
B.Cu
  6
CONTINUOUS
100
AcDbLine
 10
140.2484440000000063
 20
-40.6784139999999965
 30
0
 11
140.3449509999999805
 21
-40.8678199999999947
 31
0
  0
LINE
  5
4FC
330
22
100
AcDbEntity
  8
B.Cu
  6
CONTINUOUS
100
AcDbLine
 10
140.3449509999999805
 20
-40.8678199999999947
 30
0
 11
140.4698899999999924
 21
-41.0397859999999994
 31
0
  0
LINE
  5
4FD
330
22
100
AcDbEntity
  8
B.Cu
  6
CONTINUOUS
100
AcDbLine
 10
140.4698899999999924
 20
-41.0397859999999994
 30
0
 11
140.6202130000000068
 21
-41.1901089999999996
 31
0
  0
LINE
  5
4FE
330
22
100
AcDbEntity
  8
B.Cu
  6
CONTINUOUS
100
AcDbLine
 10
140.6202130000000068
 20
-41.1901089999999996
 30
0
 11
140.7921819999999968
 21
-41.3150499999999994
 31
0
  0
LINE
  5
4FF
330
22
100
AcDbEntity
  8
B.Cu
  6
CONTINUOUS
100
AcDbLine
 10
140.7921819999999968
 20
-41.3150499999999994
 30
0
 11
140.800945999999982
 21
-41.3195160000000001
 31
0
  0
LINE
  5
500
330
22
100
AcDbEntity
  8
B.Cu
  6
CONTINUOUS
100
AcDbLine
 10
140.800945999999982
 20
-41.3195160000000001
 30
0
 11
140.8517420000000016
 21
-41.3674910000000011
 31
0
  0
LINE
  5
501
330
22
100
AcDbEntity
  8
B.Cu
  6
CONTINUOUS
100
AcDbLine
 10
140.8517420000000016
 20
-41.3674910000000011
 30
0
 11
140.868536000000006
 21
-41.4353119999999961
 31
0
  0
LINE
  5
502
330
22
100
AcDbEntity
  8
B.Cu
  6
CONTINUOUS
100
AcDbLine
 10
140.868536000000006
 20
-41.4353119999999961
 30
0
 11
140.8459979999999803
 21
-41.5014469999999989
 31
0
  0
LINE
  5
503
330
22
100
AcDbEntity
  8
B.Cu
  6
CONTINUOUS
100
AcDbLine
 10
140.8459979999999803
 20
-41.5014469999999989
 30
0
 11
140.800945999999982
 21
-41.5404839999999993
 31
0
  0
LINE
  5
504
330
22
100
AcDbEntity
  8
B.Cu
  6
CONTINUOUS
100
AcDbLine
 10
140.800945999999982
 20
-41.5404839999999993
 30
0
 11
140.7921819999999968
 21
-41.5449489999999955
 31
0
  0
LINE
  5
505
330
22
100
AcDbEntity
  8
B.Cu
  6
CONTINUOUS
100
AcDbLine
 10
140.7921819999999968
 20
-41.5449489999999955
 30
0
 11
140.6202130000000068
 21
-41.6698899999999952
 31
0
  0
LINE
  5
506
330
22
100
AcDbEntity
  8
B.Cu
  6
CONTINUOUS
100
AcDbLine
 10
140.6202130000000068
 20
-41.6698899999999952
 30
0
 11
140.4698899999999924
 21
-41.8202129999999954
 31
0
  0
LINE
  5
507
330
22
100
AcDbEntity
  8
B.Cu
  6
CONTINUOUS
100
AcDbLine
 10
140.4698899999999924
 20
-41.8202129999999954
 30
0
 11
140.3449509999999805
 21
-41.9921790000000001
 31
0
  0
LINE
  5
508
330
22
100
AcDbEntity
  8
B.Cu
  6
CONTINUOUS
100
AcDbLine
 10
140.3449509999999805
 20
-41.9921790000000001
 30
0
 11
140.2484440000000063
 21
-42.1815849999999983
 31
0
  0
LINE
  5
509
330
22
100
AcDbEntity
  8
B.Cu
  6
CONTINUOUS
100
AcDbLine
 10
140.2484440000000063
 20
-42.1815849999999983
 30
0
 11
140.1827529999999911
 21
-42.3837599999999952
 31
0
  0
LINE
  5
50A
330
22
100
AcDbEntity
  8
B.Cu
  6
CONTINUOUS
100
AcDbLine
 10
140.1827529999999911
 20
-42.3837599999999952
 30
0
 11
140.1494999999999891
 21
-42.593713000000001
 31
0
  0
LINE
  5
50B
330
22
100
AcDbEntity
  8
B.Cu
  6
CONTINUOUS
100
AcDbLine
 10
140.1494999999999891
 20
-42.593713000000001
 30
0
 11
140.1494999999999891
 21
-42.8062860000000001
 31
0
  0
LINE
  5
50C
330
22
100
AcDbEntity
  8
B.Cu
  6
CONTINUOUS
100
AcDbLine
 10
140.1494999999999891
 20
-42.8062860000000001
 30
0
 11
140.1827529999999911
 21
-43.0162389999999988
 31
0
  0
LINE
  5
50D
330
22
100
AcDbEntity
  8
B.Cu
  6
CONTINUOUS
100
AcDbLine
 10
140.1827529999999911
 20
-43.0162389999999988
 30
0
 11
140.2484440000000063
 21
-43.2184139999999957
 31
0
  0
LINE
  5
50E
330
22
100
AcDbEntity
  8
B.Cu
  6
CONTINUOUS
100
AcDbLine
 10
140.2484440000000063
 20
-43.2184139999999957
 30
0
 11
140.3449509999999805
 21
-43.407820000000001
 31
0
  0
LINE
  5
50F
330
22
100
AcDbEntity
  8
B.Cu
  6
CONTINUOUS
100
AcDbLine
 10
140.3449509999999805
 20
-43.407820000000001
 30
0
 11
140.4698899999999924
 21
-43.5797859999999986
 31
0
  0
LINE
  5
510
330
22
100
AcDbEntity
  8
B.Cu
  6
CONTINUOUS
100
AcDbLine
 10
140.4698899999999924
 20
-43.5797859999999986
 30
0
 11
140.6202130000000068
 21
-43.7301089999999988
 31
0
  0
LINE
  5
511
330
22
100
AcDbEntity
  8
B.Cu
  6
CONTINUOUS
100
AcDbLine
 10
140.6202130000000068
 20
-43.7301089999999988
 30
0
 11
140.7921819999999968
 21
-43.8550499999999985
 31
0
  0
LINE
  5
512
330
22
100
AcDbEntity
  8
B.Cu
  6
CONTINUOUS
100
AcDbLine
 10
140.7921819999999968
 20
-43.8550499999999985
 30
0
 11
140.800945999999982
 21
-43.8595159999999993
 31
0
  0
LINE
  5
513
330
22
100
AcDbEntity
  8
B.Cu
  6
CONTINUOUS
100
AcDbLine
 10
140.800945999999982
 20
-43.8595159999999993
 30
0
 11
140.8517420000000016
 21
-43.9074910000000003
 31
0
  0
LINE
  5
514
330
22
100
AcDbEntity
  8
B.Cu
  6
CONTINUOUS
100
AcDbLine
 10
140.8517420000000016
 20
-43.9074910000000003
 30
0
 11
140.868536000000006
 21
-43.9753119999999953
 31
0
  0
LINE
  5
515
330
22
100
AcDbEntity
  8
B.Cu
  6
CONTINUOUS
100
AcDbLine
 10
140.868536000000006
 20
-43.9753119999999953
 30
0
 11
140.8459979999999803
 21
-44.041446999999998
 31
0
  0
LINE
  5
516
330
22
100
AcDbEntity
  8
B.Cu
  6
CONTINUOUS
100
AcDbLine
 10
140.8459979999999803
 20
-44.041446999999998
 30
0
 11
140.800945999999982
 21
-44.0804839999999984
 31
0
  0
LINE
  5
517
330
22
100
AcDbEntity
  8
B.Cu
  6
CONTINUOUS
100
AcDbLine
 10
140.800945999999982
 20
-44.0804839999999984
 30
0
 11
140.7921819999999968
 21
-44.0849489999999946
 31
0
  0
LINE
  5
518
330
22
100
AcDbEntity
  8
B.Cu
  6
CONTINUOUS
100
AcDbLine
 10
140.7921819999999968
 20
-44.0849489999999946
 30
0
 11
140.6202130000000068
 21
-44.2098900000000015
 31
0
  0
LINE
  5
519
330
22
100
AcDbEntity
  8
B.Cu
  6
CONTINUOUS
100
AcDbLine
 10
140.6202130000000068
 20
-44.2098900000000015
 30
0
 11
140.4698899999999924
 21
-44.3602129999999946
 31
0
  0
LINE
  5
51A
330
22
100
AcDbEntity
  8
B.Cu
  6
CONTINUOUS
100
AcDbLine
 10
140.4698899999999924
 20
-44.3602129999999946
 30
0
 11
140.3449509999999805
 21
-44.5321789999999993
 31
0
  0
LINE
  5
51B
330
22
100
AcDbEntity
  8
B.Cu
  6
CONTINUOUS
100
AcDbLine
 10
140.3449509999999805
 20
-44.5321789999999993
 30
0
 11
140.2484440000000063
 21
-44.7215849999999975
 31
0
  0
LINE
  5
51C
330
22
100
AcDbEntity
  8
B.Cu
  6
CONTINUOUS
100
AcDbLine
 10
140.2484440000000063
 20
-44.7215849999999975
 30
0
 11
140.1827529999999911
 21
-44.9237600000000015
 31
0
  0
LINE
  5
51D
330
22
100
AcDbEntity
  8
B.Cu
  6
CONTINUOUS
100
AcDbLine
 10
140.1827529999999911
 20
-44.9237600000000015
 30
0
 11
140.1494999999999891
 21
-45.1337130000000002
 31
0
  0
LINE
  5
51E
330
22
100
AcDbEntity
  8
B.Cu
  6
CONTINUOUS
100
AcDbLine
 10
140.1494999999999891
 20
-45.1337130000000002
 30
0
 11
140.1494999999999891
 21
-45.3462859999999992
 31
0
  0
LINE
  5
51F
330
22
100
AcDbEntity
  8
B.Cu
  6
CONTINUOUS
100
AcDbLine
 10
140.1494999999999891
 20
-45.3462859999999992
 30
0
 11
140.1827529999999911
 21
-45.5562389999999979
 31
0
  0
LINE
  5
520
330
22
100
AcDbEntity
  8
B.Cu
  6
CONTINUOUS
100
AcDbLine
 10
140.1827529999999911
 20
-45.5562389999999979
 30
0
 11
140.2484440000000063
 21
-45.7584139999999948
 31
0
  0
LINE
  5
521
330
22
100
AcDbEntity
  8
B.Cu
  6
CONTINUOUS
100
AcDbLine
 10
140.2484440000000063
 20
-45.7584139999999948
 30
0
 11
140.3449509999999805
 21
-45.9478200000000001
 31
0
  0
LINE
  5
522
330
22
100
AcDbEntity
  8
B.Cu
  6
CONTINUOUS
100
AcDbLine
 10
140.3449509999999805
 20
-45.9478200000000001
 30
0
 11
140.4698899999999924
 21
-46.1197859999999977
 31
0
  0
LINE
  5
523
330
22
100
AcDbEntity
  8
B.Cu
  6
CONTINUOUS
100
AcDbLine
 10
140.4698899999999924
 20
-46.1197859999999977
 30
0
 11
140.6202130000000068
 21
-46.2701089999999979
 31
0
  0
LINE
  5
524
330
22
100
AcDbEntity
  8
B.Cu
  6
CONTINUOUS
100
AcDbLine
 10
140.6202130000000068
 20
-46.2701089999999979
 30
0
 11
140.7921819999999968
 21
-46.3950499999999977
 31
0
  0
LINE
  5
525
330
22
100
AcDbEntity
  8
B.Cu
  6
CONTINUOUS
100
AcDbLine
 10
140.7921819999999968
 20
-46.3950499999999977
 30
0
 11
140.800945999999982
 21
-46.3995159999999984
 31
0
  0
LINE
  5
526
330
22
100
AcDbEntity
  8
B.Cu
  6
CONTINUOUS
100
AcDbLine
 10
140.800945999999982
 20
-46.3995159999999984
 30
0
 11
140.8517420000000016
 21
-46.4474909999999994
 31
0
  0
LINE
  5
527
330
22
100
AcDbEntity
  8
B.Cu
  6
CONTINUOUS
100
AcDbLine
 10
140.8517420000000016
 20
-46.4474909999999994
 30
0
 11
140.868536000000006
 21
-46.5153119999999944
 31
0
  0
LINE
  5
528
330
22
100
AcDbEntity
  8
B.Cu
  6
CONTINUOUS
100
AcDbLine
 10
140.868536000000006
 20
-46.5153119999999944
 30
0
 11
140.8459979999999803
 21
-46.5814469999999972
 31
0
  0
LINE
  5
529
330
22
100
AcDbEntity
  8
B.Cu
  6
CONTINUOUS
100
AcDbLine
 10
140.8459979999999803
 20
-46.5814469999999972
 30
0
 11
140.800945999999982
 21
-46.6204839999999976
 31
0
  0
LINE
  5
52A
330
22
100
AcDbEntity
  8
B.Cu
  6
CONTINUOUS
100
AcDbLine
 10
140.800945999999982
 20
-46.6204839999999976
 30
0
 11
140.7921819999999968
 21
-46.6249490000000009
 31
0
  0
LINE
  5
52B
330
22
100
AcDbEntity
  8
B.Cu
  6
CONTINUOUS
100
AcDbLine
 10
140.7921819999999968
 20
-46.6249490000000009
 30
0
 11
140.6202130000000068
 21
-46.7498900000000006
 31
0
  0
LINE
  5
52C
330
22
100
AcDbEntity
  8
B.Cu
  6
CONTINUOUS
100
AcDbLine
 10
140.6202130000000068
 20
-46.7498900000000006
 30
0
 11
140.4698899999999924
 21
-46.9002130000000008
 31
0
  0
LINE
  5
52D
330
22
100
AcDbEntity
  8
B.Cu
  6
CONTINUOUS
100
AcDbLine
 10
140.4698899999999924
 20
-46.9002130000000008
 30
0
 11
140.3449509999999805
 21
-47.0721789999999984
 31
0
  0
LINE
  5
52E
330
22
100
AcDbEntity
  8
B.Cu
  6
CONTINUOUS
100
AcDbLine
 10
140.3449509999999805
 20
-47.0721789999999984
 30
0
 11
140.2484440000000063
 21
-47.2615849999999966
 31
0
  0
LINE
  5
52F
330
22
100
AcDbEntity
  8
B.Cu
  6
CONTINUOUS
100
AcDbLine
 10
140.2484440000000063
 20
-47.2615849999999966
 30
0
 11
140.1827529999999911
 21
-47.4637600000000006
 31
0
  0
LINE
  5
530
330
22
100
AcDbEntity
  8
B.Cu
  6
CONTINUOUS
100
AcDbLine
 10
140.1827529999999911
 20
-47.4637600000000006
 30
0
 11
140.1600449999999967
 21
-47.6071329999999975
 31
0
  0
LINE
  5
531
330
22
100
AcDbEntity
  8
B.Cu
  6
CONTINUOUS
100
AcDbLine
 10
140.1600449999999967
 20
-47.6071329999999975
 30
0
 11
140.1494999999999891
 21
-47.6737129999999993
 31
0
  0
LINE
  5
532
330
22
100
AcDbEntity
  8
B.Cu
  6
CONTINUOUS
100
AcDbLine
 10
140.1494999999999891
 20
-47.6737129999999993
 30
0
 11
140.1494999999999891
 21
-47.8862869999999958
 31
0
  0
LINE
  5
533
330
22
100
AcDbEntity
  8
B.Cu
  6
CONTINUOUS
100
AcDbLine
 10
140.1494999999999891
 20
-47.8862869999999958
 30
0
 11
140.1827539999999885
 21
-48.0962430000000012
 31
0
  0
LINE
  5
534
330
22
100
AcDbEntity
  8
B.Cu
  6
CONTINUOUS
100
AcDbLine
 10
140.1827539999999885
 20
-48.0962430000000012
 30
0
 11
140.2233319999999992
 21
-48.2211299999999952
 31
0
  0
LINE
  5
535
330
22
100
AcDbEntity
  8
B.Cu
  6
CONTINUOUS
100
AcDbLine
 10
140.2233319999999992
 20
-48.2211299999999952
 30
0
 11
140.2484440000000063
 21
-48.2984140000000011
 31
0
  0
LINE
  5
536
330
22
100
AcDbEntity
  8
B.Cu
  6
CONTINUOUS
100
AcDbLine
 10
140.2484440000000063
 20
-48.2984140000000011
 30
0
 11
140.3449509999999805
 21
-48.4878199999999993
 31
0
  0
LINE
  5
537
330
22
100
AcDbEntity
  8
B.Cu
  6
CONTINUOUS
100
AcDbLine
 10
140.3449509999999805
 20
-48.4878199999999993
 30
0
 11
140.4698899999999924
 21
-48.6597859999999969
 31
0
  0
LINE
  5
538
330
22
100
AcDbEntity
  8
B.Cu
  6
CONTINUOUS
100
AcDbLine
 10
140.4698899999999924
 20
-48.6597859999999969
 30
0
 11
140.6202130000000068
 21
-48.8101089999999971
 31
0
  0
LINE
  5
539
330
22
100
AcDbEntity
  8
B.Cu
  6
CONTINUOUS
100
AcDbLine
 10
140.6202130000000068
 20
-48.8101089999999971
 30
0
 11
140.7921790000000044
 21
-48.9350479999999948
 31
0
  0
LINE
  5
53A
330
22
100
AcDbEntity
  8
B.Cu
  6
CONTINUOUS
100
AcDbLine
 10
140.7921790000000044
 20
-48.9350479999999948
 30
0
 11
140.7921809999999994
 21
-48.9350489999999994
 31
0
  0
LINE
  5
53B
330
22
100
AcDbEntity
  8
B.Cu
  6
CONTINUOUS
100
AcDbLine
 10
140.7921809999999994
 20
-48.9350489999999994
 30
0
 11
140.7921839999999918
 21
-48.9350509999999943
 31
0
  0
LINE
  5
53C
330
22
100
AcDbEntity
  8
B.Cu
  6
CONTINUOUS
100
AcDbLine
 10
140.7921839999999918
 20
-48.9350509999999943
 30
0
 11
140.9815879999999879
 21
-49.0315569999999994
 31
0
  0
LINE
  5
53D
330
22
100
AcDbEntity
  8
B.Cu
  6
CONTINUOUS
100
AcDbLine
 10
140.9815879999999879
 20
-49.0315569999999994
 30
0
 11
141.1837569999999857
 21
-49.0972459999999984
 31
0
  0
LINE
  5
53E
330
22
100
AcDbEntity
  8
B.Cu
  6
CONTINUOUS
100
AcDbLine
 10
141.1837569999999857
 20
-49.0972459999999984
 30
0
 11
141.3937129999999911
 21
-49.1304999999999978
 31
0
  0
LINE
  5
53F
330
22
100
AcDbEntity
  8
B.Cu
  6
CONTINUOUS
100
AcDbLine
 10
141.3937129999999911
 20
-49.1304999999999978
 30
0
 11
141.3937139999999886
 21
-49.1304999999999978
 31
0
  0
LINE
  5
540
330
22
100
AcDbEntity
  8
B.Cu
  6
CONTINUOUS
100
AcDbLine
 10
141.3937139999999886
 20
-49.1304999999999978
 30
0
 11
141.606285999999983
 21
-49.1304999999999978
 31
0
  0
LINE
  5
541
330
22
100
AcDbEntity
  8
B.Cu
  6
CONTINUOUS
100
AcDbLine
 10
141.606285999999983
 20
-49.1304999999999978
 30
0
 11
141.6062869999999805
 21
-49.1304999999999978
 31
0
  0
LINE
  5
542
330
22
100
AcDbEntity
  8
B.Cu
  6
CONTINUOUS
100
AcDbLine
 10
141.6062869999999805
 20
-49.1304999999999978
 30
0
 11
141.8162429999999858
 21
-49.0972459999999984
 31
0
  0
LINE
  5
543
330
22
100
AcDbEntity
  8
B.Cu
  6
CONTINUOUS
100
AcDbLine
 10
141.8162429999999858
 20
-49.0972459999999984
 30
0
 11
142.0184119999999837
 21
-49.0315569999999994
 31
0
  0
LINE
  5
544
330
22
100
AcDbEntity
  8
B.Cu
  6
CONTINUOUS
100
AcDbLine
 10
142.0184119999999837
 20
-49.0315569999999994
 30
0
 11
142.2078159999999798
 21
-48.9350509999999943
 31
0
  0
LINE
  5
545
330
22
100
AcDbEntity
  8
B.Cu
  6
CONTINUOUS
100
AcDbLine
 10
142.2078159999999798
 20
-48.9350509999999943
 30
0
 11
142.2297889999999825
 21
-48.9190860000000001
 31
0
  0
LINE
  5
546
330
22
100
AcDbEntity
  8
B.Cu
  6
CONTINUOUS
100
AcDbLine
 10
142.2297889999999825
 20
-48.9190860000000001
 30
0
 11
142.3797859999999957
 21
-48.8101089999999971
 31
0
  0
LINE
  5
547
330
22
100
AcDbEntity
  8
B.Cu
  6
CONTINUOUS
100
AcDbLine
 10
142.3797859999999957
 20
-48.8101089999999971
 30
0
 11
142.3797879999999907
 21
-48.8101059999999976
 31
0
  0
LINE
  5
548
330
22
100
AcDbEntity
  8
B.Cu
  6
CONTINUOUS
100
AcDbLine
 10
142.3797879999999907
 20
-48.8101059999999976
 30
0
 11
142.3797919999999806
 21
-48.8101039999999955
 31
0
  0
LINE
  5
549
330
22
100
AcDbEntity
  8
B.Cu
  6
CONTINUOUS
100
AcDbLine
 10
142.3797919999999806
 20
-48.8101039999999955
 30
0
 11
142.5301039999999944
 21
-48.6597919999999959
 31
0
  0
LINE
  5
54A
330
22
100
AcDbEntity
  8
B.Cu
  6
CONTINUOUS
100
AcDbLine
 10
142.5301039999999944
 20
-48.6597919999999959
 30
0
 11
142.5301059999999893
 21
-48.6597879999999989
 31
0
  0
LINE
  5
54B
330
22
100
AcDbEntity
  8
B.Cu
  6
CONTINUOUS
100
AcDbLine
 10
142.5301059999999893
 20
-48.6597879999999989
 30
0
 11
142.5301089999999817
 21
-48.6597859999999969
 31
0
  0
LINE
  5
54C
330
22
100
AcDbEntity
  8
B.Cu
  6
CONTINUOUS
100
AcDbLine
 10
142.5301089999999817
 20
-48.6597859999999969
 30
0
 11
142.6550479999999936
 21
-48.4878199999999993
 31
0
  0
LINE
  5
54D
330
22
100
AcDbEntity
  8
B.Cu
  6
CONTINUOUS
100
AcDbLine
 10
142.6550479999999936
 20
-48.4878199999999993
 30
0
 11
142.6550469999999962
 21
-48.4878199999999993
 31
0
  0
LINE
  5
54E
330
22
100
AcDbEntity
  8
B.Cu
  6
CONTINUOUS
100
AcDbLine
 10
142.6550469999999962
 20
-48.4878199999999993
 30
0
 11
142.6550509999999861
 21
-48.4878159999999951
 31
0
  0
LINE
  5
54F
330
22
100
AcDbEntity
  8
B.Cu
  6
CONTINUOUS
100
AcDbLine
 10
142.6550509999999861
 20
-48.4878159999999951
 30
0
 11
142.7515569999999911
 21
-48.298411999999999
 31
0
  0
LINE
  5
550
330
22
100
AcDbEntity
  8
B.Cu
  6
CONTINUOUS
100
AcDbLine
 10
142.7515569999999911
 20
-48.298411999999999
 30
0
 11
142.817245999999983
 21
-48.0962430000000012
 31
0
  0
LINE
  5
551
330
22
100
AcDbEntity
  8
B.Cu
  6
CONTINUOUS
100
AcDbLine
 10
142.817245999999983
 20
-48.0962430000000012
 30
0
 11
142.8430270000000064
 21
-47.9334670000000003
 31
0
  0
LINE
  5
552
330
22
100
AcDbEntity
  8
B.Cu
  6
CONTINUOUS
100
AcDbLine
 10
142.8430270000000064
 20
-47.9334670000000003
 30
0
 11
142.8729559999999879
 21
-47.8703329999999951
 31
0
  0
LINE
  5
553
330
22
100
AcDbEntity
  8
B.Cu
  6
CONTINUOUS
100
AcDbLine
 10
142.8729559999999879
 20
-47.8703329999999951
 30
0
 11
142.9322679999999934
 21
-47.8334019999999995
 31
0
  0
LINE
  5
554
330
22
100
AcDbEntity
  8
B.Cu
  6
CONTINUOUS
100
AcDbLine
 10
142.9322679999999934
 20
-47.8334019999999995
 30
0
 11
143.002129999999994
 21
-47.8343999999999951
 31
0
  0
LINE
  5
555
330
22
100
AcDbEntity
  8
B.Cu
  6
CONTINUOUS
100
AcDbLine
 10
143.002129999999994
 20
-47.8343999999999951
 30
0
 11
143.0603629999999953
 21
-47.8730100000000007
 31
0
  0
LINE
  5
556
330
22
100
AcDbEntity
  8
B.Cu
  6
CONTINUOUS
100
AcDbLine
 10
143.0603629999999953
 20
-47.8730100000000007
 30
0
 11
143.0884769999999833
 21
-47.9369729999999947
 31
0
  0
LINE
  5
557
330
22
100
AcDbEntity
  8
B.Cu
  6
CONTINUOUS
100
AcDbLine
 10
143.0884769999999833
 20
-47.9369729999999947
 30
0
 11
143.0894999999999868
 21
-47.9528660000000002
 31
0
  0
LINE
  5
558
330
22
100
AcDbEntity
  8
B.Cu
  6
CONTINUOUS
100
AcDbLine
 10
143.0894999999999868
 20
-47.9528660000000002
 30
0
 11
143.0894999999999868
 21
-52.4511919999999989
 31
0
  0
LINE
  5
559
330
22
100
AcDbEntity
  8
B.Cu
  6
CONTINUOUS
100
AcDbLine
 10
143.0894999999999868
 20
-52.4511919999999989
 30
0
 11
143.0698150000000055
 21
-52.5182310000000001
 31
0
  0
LINE
  5
55A
330
22
100
AcDbEntity
  8
B.Cu
  6
CONTINUOUS
100
AcDbLine
 10
143.0698150000000055
 20
-52.5182310000000001
 30
0
 11
143.0170109999999966
 21
-52.5639859999999999
 31
0
  0
LINE
  5
55B
330
22
100
AcDbEntity
  8
B.Cu
  6
CONTINUOUS
100
AcDbLine
 10
143.0170109999999966
 20
-52.5639859999999999
 30
0
 11
142.9478529999999807
 21
-52.5739299999999972
 31
0
  0
LINE
  5
55C
330
22
100
AcDbEntity
  8
B.Cu
  6
CONTINUOUS
100
AcDbLine
 10
142.9478529999999807
 20
-52.5739299999999972
 30
0
 11
142.8842970000000037
 21
-52.544905
 31
0
  0
LINE
  5
55D
330
22
100
AcDbEntity
  8
B.Cu
  6
CONTINUOUS
100
AcDbLine
 10
142.8842970000000037
 20
-52.544905
 30
0
 11
142.8651820000000043
 21
-52.5240769999999983
 31
0
  0
LINE
  5
55E
330
22
100
AcDbEntity
  8
B.Cu
  6
CONTINUOUS
100
AcDbLine
 10
142.8651820000000043
 20
-52.5240769999999983
 30
0
 11
142.720798000000002
 21
-52.3253500000000003
 31
0
  0
LINE
  5
55F
330
22
100
AcDbEntity
  8
B.Cu
  6
CONTINUOUS
100
AcDbLine
 10
142.720798000000002
 20
-52.3253500000000003
 30
0
 11
142.7207939999999837
 21
-52.3253449999999987
 31
0
  0
LINE
  5
560
330
22
100
AcDbEntity
  8
B.Cu
  6
CONTINUOUS
100
AcDbLine
 10
142.7207939999999837
 20
-52.3253449999999987
 30
0
 11
142.5426539999999989
 21
-52.1472049999999996
 31
0
  0
LINE
  5
561
330
22
100
AcDbEntity
  8
B.Cu
  6
CONTINUOUS
100
AcDbLine
 10
142.5426539999999989
 20
-52.1472049999999996
 30
0
 11
142.5426489999999831
 21
-52.1472009999999955
 31
0
  0
LINE
  5
562
330
22
100
AcDbEntity
  8
B.Cu
  6
CONTINUOUS
100
AcDbLine
 10
142.5426489999999831
 20
-52.1472009999999955
 30
0
 11
142.3388479999999845
 21
-51.9991319999999959
 31
0
  0
LINE
  5
563
330
22
100
AcDbEntity
  8
B.Cu
  6
CONTINUOUS
100
AcDbLine
 10
142.3388479999999845
 20
-51.9991319999999959
 30
0
 11
142.338846999999987
 21
-51.9991309999999984
 31
0
  0
LINE
  5
564
330
22
100
AcDbEntity
  8
B.Cu
  6
CONTINUOUS
100
AcDbLine
 10
142.338846999999987
 20
-51.9991309999999984
 30
0
 11
142.3388449999999921
 21
-51.999130000000001
 31
0
  0
LINE
  5
565
330
22
100
AcDbEntity
  8
B.Cu
  6
CONTINUOUS
100
AcDbLine
 10
142.3388449999999921
 20
-51.999130000000001
 30
0
 11
142.2687469999999905
 21
-51.9634129999999956
 31
0
  0
LINE
  5
566
330
22
100
AcDbEntity
  8
B.Cu
  6
CONTINUOUS
100
AcDbLine
 10
142.2687469999999905
 20
-51.9634129999999956
 30
0
 11
142.1143830000000037
 21
-51.88476
 31
0
  0
LINE
  5
567
330
22
100
AcDbEntity
  8
B.Cu
  6
CONTINUOUS
100
AcDbLine
 10
142.1143830000000037
 20
-51.88476
 30
0
 11
141.8747850000000028
 21
-51.8069099999999949
 31
0
  0
LINE
  5
568
330
22
100
AcDbEntity
  8
B.Cu
  6
CONTINUOUS
100
AcDbLine
 10
141.8747850000000028
 20
-51.8069099999999949
 30
0
 11
141.625961999999987
 21
-51.7674999999999983
 31
0
  0
LINE
  5
569
330
22
100
AcDbEntity
  8
B.Cu
  6
CONTINUOUS
100
AcDbLine
 10
141.625961999999987
 20
-51.7674999999999983
 30
0
 11
141.3740379999999845
 21
-51.7674999999999983
 31
0
  0
LINE
  5
56A
330
22
100
AcDbEntity
  8
B.Cu
  6
CONTINUOUS
100
AcDbLine
 10
141.3740379999999845
 20
-51.7674999999999983
 30
0
 11
141.2496260000000063
 21
-51.7872050000000002
 31
0
  0
LINE
  5
56B
330
22
100
AcDbEntity
  8
B.Cu
  6
CONTINUOUS
100
AcDbLine
 10
141.2496260000000063
 20
-51.7872050000000002
 30
0
 11
141.1252139999999997
 21
-51.8069099999999949
 31
0
  0
LINE
  5
56C
330
22
100
AcDbEntity
  8
B.Cu
  6
CONTINUOUS
100
AcDbLine
 10
141.1252139999999997
 20
-51.8069099999999949
 30
0
 11
140.8856159999999988
 21
-51.88476
 31
0
  0
LINE
  5
56D
330
22
100
AcDbEntity
  8
B.Cu
  6
CONTINUOUS
100
AcDbLine
 10
140.8856159999999988
 20
-51.88476
 30
0
 11
140.6611509999999896
 21
-51.9991319999999959
 31
0
  0
LINE
  5
56E
330
22
100
AcDbEntity
  8
B.Cu
  6
CONTINUOUS
100
AcDbLine
 10
140.6611509999999896
 20
-51.9991319999999959
 30
0
 11
140.457349999999991
 21
-52.1472009999999955
 31
0
  0
LINE
  5
56F
330
22
100
AcDbEntity
  8
B.Cu
  6
CONTINUOUS
100
AcDbLine
 10
140.457349999999991
 20
-52.1472009999999955
 30
0
 11
140.4573450000000037
 21
-52.1472049999999996
 31
0
  0
LINE
  5
570
330
22
100
AcDbEntity
  8
B.Cu
  6
CONTINUOUS
100
AcDbLine
 10
140.4573450000000037
 20
-52.1472049999999996
 30
0
 11
140.2792049999999904
 21
-52.3253449999999987
 31
0
  0
LINE
  5
571
330
22
100
AcDbEntity
  8
B.Cu
  6
CONTINUOUS
100
AcDbLine
 10
140.2792049999999904
 20
-52.3253449999999987
 30
0
 11
140.2792010000000005
 21
-52.3253500000000003
 31
0
  0
LINE
  5
572
330
22
100
AcDbEntity
  8
B.Cu
  6
CONTINUOUS
100
AcDbLine
 10
140.2792010000000005
 20
-52.3253500000000003
 30
0
 11
140.1311319999999796
 21
-52.5291509999999988
 31
0
  0
LINE
  5
573
330
22
100
AcDbEntity
  8
B.Cu
  6
CONTINUOUS
100
AcDbLine
 10
140.1311319999999796
 20
-52.5291509999999988
 30
0
 11
140.016760000000005
 21
-52.753616000000001
 31
0
  0
LINE
  5
574
330
22
100
AcDbEntity
  8
B.Cu
  6
CONTINUOUS
100
AcDbLine
 10
140.016760000000005
 20
-52.753616000000001
 30
0
 11
139.9389099999999928
 21
-52.9932139999999947
 31
0
  0
LINE
  5
575
330
22
100
AcDbEntity
  8
B.Cu
  6
CONTINUOUS
100
AcDbLine
 10
139.9389099999999928
 20
-52.9932139999999947
 30
0
 11
139.8994999999999891
 21
-53.2420380000000009
 31
0
  0
LINE
  5
576
330
22
100
AcDbEntity
  8
B.Cu
  6
CONTINUOUS
100
AcDbLine
 10
139.8994999999999891
 20
-53.2420380000000009
 30
0
 11
139.8994999999999891
 21
-53.4939609999999988
 31
0
  0
LINE
  5
577
330
22
100
AcDbEntity
  8
B.Cu
  6
CONTINUOUS
100
AcDbLine
 10
139.8994999999999891
 20
-53.4939609999999988
 30
0
 11
139.9389099999999928
 21
-53.7427849999999978
 31
0
  0
LINE
  5
578
330
22
100
AcDbEntity
  8
B.Cu
  6
CONTINUOUS
100
AcDbLine
 10
139.9389099999999928
 20
-53.7427849999999978
 30
0
 11
140.016760000000005
 21
-53.9823829999999987
 31
0
  0
LINE
  5
579
330
22
100
AcDbEntity
  8
B.Cu
  6
CONTINUOUS
100
AcDbLine
 10
140.016760000000005
 20
-53.9823829999999987
 30
0
 11
140.0954130000000077
 21
-54.1367469999999997
 31
0
  0
LINE
  5
57A
330
22
100
AcDbEntity
  8
B.Cu
  6
CONTINUOUS
100
AcDbLine
 10
140.0954130000000077
 20
-54.1367469999999997
 30
0
 11
140.111976999999996
 21
-54.1692559999999972
 31
0
  0
LINE
  5
57B
330
22
100
AcDbEntity
  8
B.Cu
  6
CONTINUOUS
100
AcDbLine
 10
140.111976999999996
 20
-54.1692559999999972
 30
0
 11
140.1311319999999796
 21
-54.2068480000000008
 31
0
  0
LINE
  5
57C
330
22
100
AcDbEntity
  8
B.Cu
  6
CONTINUOUS
100
AcDbLine
 10
140.1311319999999796
 20
-54.2068480000000008
 30
0
 11
140.2792010000000005
 21
-54.4106489999999994
 31
0
  0
LINE
  5
57D
330
22
100
AcDbEntity
  8
B.Cu
  6
CONTINUOUS
100
AcDbLine
 10
140.2792010000000005
 20
-54.4106489999999994
 30
0
 11
140.2792049999999904
 21
-54.410654000000001
 31
0
  0
LINE
  5
57E
330
22
100
AcDbEntity
  8
B.Cu
  6
CONTINUOUS
100
AcDbLine
 10
140.2792049999999904
 20
-54.410654000000001
 30
0
 11
140.4573450000000037
 21
-54.588794
 31
0
  0
LINE
  5
57F
330
22
100
AcDbEntity
  8
B.Cu
  6
CONTINUOUS
100
AcDbLine
 10
140.4573450000000037
 20
-54.588794
 30
0
 11
140.457349999999991
 21
-54.588797999999997
 31
0
  0
LINE
  5
580
330
22
100
AcDbEntity
  8
B.Cu
  6
CONTINUOUS
100
AcDbLine
 10
140.457349999999991
 20
-54.588797999999997
 30
0
 11
140.6351169999999797
 21
-54.7179519999999968
 31
0
  0
LINE
  5
581
330
22
100
AcDbEntity
  8
B.Cu
  6
CONTINUOUS
100
AcDbLine
 10
140.6351169999999797
 20
-54.7179519999999968
 30
0
 11
140.6611549999999795
 21
-54.7368699999999961
 31
0
  0
LINE
  5
582
330
22
100
AcDbEntity
  8
B.Cu
  6
CONTINUOUS
100
AcDbLine
 10
140.6611549999999795
 20
-54.7368699999999961
 30
0
 11
140.8041839999999922
 21
-54.8097469999999944
 31
0
  0
LINE
  5
583
330
22
100
AcDbEntity
  8
B.Cu
  6
CONTINUOUS
100
AcDbLine
 10
140.8041839999999922
 20
-54.8097469999999944
 30
0
 11
140.8856159999999988
 21
-54.8512389999999996
 31
0
  0
LINE
  5
584
330
22
100
AcDbEntity
  8
B.Cu
  6
CONTINUOUS
100
AcDbLine
 10
140.8856159999999988
 20
-54.8512389999999996
 30
0
 11
140.8856179999999938
 21
-54.8512389999999996
 31
0
  0
LINE
  5
585
330
22
100
AcDbEntity
  8
B.Cu
  6
CONTINUOUS
100
AcDbLine
 10
140.8856179999999938
 20
-54.8512389999999996
 30
0
 11
140.8856209999999862
 21
-54.8512409999999946
 31
0
  0
LINE
  5
586
330
22
100
AcDbEntity
  8
B.Cu
  6
CONTINUOUS
100
AcDbLine
 10
140.8856209999999862
 20
-54.8512409999999946
 30
0
 11
141.1252149999999972
 21
-54.9290899999999951
 31
0
  0
LINE
  5
587
330
22
100
AcDbEntity
  8
B.Cu
  6
CONTINUOUS
100
AcDbLine
 10
141.1252149999999972
 20
-54.9290899999999951
 30
0
 11
141.3740379999999845
 21
-54.9684999999999988
 31
0
  0
LINE
  5
588
330
22
100
AcDbEntity
  8
B.Cu
  6
CONTINUOUS
100
AcDbLine
 10
141.3740379999999845
 20
-54.9684999999999988
 30
0
 11
141.374038999999982
 21
-54.9684999999999988
 31
0
  0
LINE
  5
589
330
22
100
AcDbEntity
  8
B.Cu
  6
CONTINUOUS
100
AcDbLine
 10
141.374038999999982
 20
-54.9684999999999988
 30
0
 11
141.6259609999999896
 21
-54.9684999999999988
 31
0
  0
LINE
  5
58A
330
22
100
AcDbEntity
  8
B.Cu
  6
CONTINUOUS
100
AcDbLine
 10
141.6259609999999896
 20
-54.9684999999999988
 30
0
 11
141.625961999999987
 21
-54.9684999999999988
 31
0
  0
LINE
  5
58B
330
22
100
AcDbEntity
  8
B.Cu
  6
CONTINUOUS
100
AcDbLine
 10
141.625961999999987
 20
-54.9684999999999988
 30
0
 11
141.8747850000000028
 21
-54.9290899999999951
 31
0
  0
LINE
  5
58C
330
22
100
AcDbEntity
  8
B.Cu
  6
CONTINUOUS
100
AcDbLine
 10
141.8747850000000028
 20
-54.9290899999999951
 30
0
 11
142.1143789999999854
 21
-54.8512409999999946
 31
0
  0
LINE
  5
58D
330
22
100
AcDbEntity
  8
B.Cu
  6
CONTINUOUS
100
AcDbLine
 10
142.1143789999999854
 20
-54.8512409999999946
 30
0
 11
142.3388449999999921
 21
-54.7368699999999961
 31
0
  0
LINE
  5
58E
330
22
100
AcDbEntity
  8
B.Cu
  6
CONTINUOUS
100
AcDbLine
 10
142.3388449999999921
 20
-54.7368699999999961
 30
0
 11
142.5426559999999938
 21
-54.5887929999999955
 31
0
  0
LINE
  5
58F
330
22
100
AcDbEntity
  8
B.Cu
  6
CONTINUOUS
100
AcDbLine
 10
142.5426559999999938
 20
-54.5887929999999955
 30
0
 11
142.7207929999999863
 21
-54.4106559999999959
 31
0
  0
LINE
  5
590
330
22
100
AcDbEntity
  8
B.Cu
  6
CONTINUOUS
100
AcDbLine
 10
142.7207929999999863
 20
-54.4106559999999959
 30
0
 11
142.7427030000000059
 21
-54.3804990000000004
 31
0
  0
LINE
  5
591
330
22
100
AcDbEntity
  8
B.Cu
  6
CONTINUOUS
100
AcDbLine
 10
142.7427030000000059
 20
-54.3804990000000004
 30
0
 11
142.8651820000000043
 21
-54.2119219999999942
 31
0
  0
LINE
  5
592
330
22
100
AcDbEntity
  8
B.Cu
  6
CONTINUOUS
100
AcDbLine
 10
142.8651820000000043
 20
-54.2119219999999942
 30
0
 11
142.9205120000000022
 21
-54.1692559999999972
 31
0
  0
LINE
  5
593
330
22
100
AcDbEntity
  8
B.Cu
  6
CONTINUOUS
100
AcDbLine
 10
142.9205120000000022
 20
-54.1692559999999972
 30
0
 11
142.9901250000000061
 21
-54.1632770000000008
 31
0
  0
LINE
  5
594
330
22
100
AcDbEntity
  8
B.Cu
  6
CONTINUOUS
100
AcDbLine
 10
142.9901250000000061
 20
-54.1632770000000008
 30
0
 11
143.0519199999999955
 21
-54.1958819999999974
 31
0
  0
LINE
  5
595
330
22
100
AcDbEntity
  8
B.Cu
  6
CONTINUOUS
100
AcDbLine
 10
143.0519199999999955
 20
-54.1958819999999974
 30
0
 11
143.0862769999999955
 21
-54.2567209999999989
 31
0
  0
LINE
  5
596
330
22
100
AcDbEntity
  8
B.Cu
  6
CONTINUOUS
100
AcDbLine
 10
143.0862769999999955
 20
-54.2567209999999989
 30
0
 11
143.0894999999999868
 21
-54.2848070000000007
 31
0
  0
LINE
  5
597
330
22
100
AcDbEntity
  8
B.Cu
  6
CONTINUOUS
100
AcDbLine
 10
143.0894999999999868
 20
-54.2848070000000007
 30
0
 11
143.0894999999999868
 21
-58.4249019999999959
 31
0
  0
LINE
  5
598
330
22
100
AcDbEntity
  8
B.Cu
  6
CONTINUOUS
100
AcDbLine
 10
143.0894999999999868
 20
-58.4249019999999959
 30
0
 11
143.0698150000000055
 21
-58.4919409999999971
 31
0
  0
LINE
  5
599
330
22
100
AcDbEntity
  8
B.Cu
  6
CONTINUOUS
100
AcDbLine
 10
143.0698150000000055
 20
-58.4919409999999971
 30
0
 11
143.053180999999995
 21
-58.5125829999999993
 31
0
  0
LINE
  5
59A
330
22
100
AcDbEntity
  8
B.Cu
  6
CONTINUOUS
100
AcDbLine
 10
143.053180999999995
 20
-58.5125829999999993
 30
0
 11
131.3871809999999982
 21
-70.1785830000000033
 31
0
  0
LINE
  5
59B
330
22
100
AcDbEntity
  8
B.Cu
  6
CONTINUOUS
100
AcDbLine
 10
131.3871809999999982
 20
-70.1785830000000033
 30
0
 11
131.3258579999999824
 21
-70.2120680000000021
 31
0
  0
LINE
  5
59C
330
22
100
AcDbEntity
  8
B.Cu
  6
CONTINUOUS
100
AcDbLine
 10
131.3258579999999824
 20
-70.2120680000000021
 30
0
 11
131.2561660000000074
 21
-70.2070839999999947
 31
0
  0
LINE
  5
59D
330
22
100
AcDbEntity
  8
B.Cu
  6
CONTINUOUS
100
AcDbLine
 10
131.2561660000000074
 20
-70.2070839999999947
 30
0
 11
131.2002329999999972
 21
-70.1652119999999968
 31
0
  0
LINE
  5
59E
330
22
100
AcDbEntity
  8
B.Cu
  6
CONTINUOUS
100
AcDbLine
 10
131.2002329999999972
 20
-70.1652119999999968
 30
0
 11
131.1758159999999975
 21
-70.0997479999999911
 31
0
  0
LINE
  5
59F
330
22
100
AcDbEntity
  8
B.Cu
  6
CONTINUOUS
100
AcDbLine
 10
131.1758159999999975
 20
-70.0997479999999911
 30
0
 11
131.1754999999999995
 21
-70.0909019999999998
 31
0
  0
LINE
  5
5A0
330
22
100
AcDbEntity
  8
B.Cu
  6
CONTINUOUS
100
AcDbLine
 10
131.1754999999999995
 20
-70.0909019999999998
 30
0
 11
131.1754999999999995
 21
-69.8937129999999911
 31
0
  0
LINE
  5
5A1
330
22
100
AcDbEntity
  8
B.Cu
  6
CONTINUOUS
100
AcDbLine
 10
131.1754999999999995
 20
-69.8937129999999911
 30
0
 11
131.1422460000000001
 21
-69.6837599999999924
 31
0
  0
LINE
  5
5A2
330
22
100
AcDbEntity
  8
B.Cu
  6
CONTINUOUS
100
AcDbLine
 10
131.1422460000000001
 20
-69.6837599999999924
 30
0
 11
131.1422460000000001
 21
-69.6837569999999999
 31
0
  0
LINE
  5
5A3
330
22
100
AcDbEntity
  8
B.Cu
  6
CONTINUOUS
100
AcDbLine
 10
131.1422460000000001
 20
-69.6837569999999999
 30
0
 11
131.0765570000000082
 21
-69.4815880000000021
 31
0
  0
LINE
  5
5A4
330
22
100
AcDbEntity
  8
B.Cu
  6
CONTINUOUS
100
AcDbLine
 10
131.0765570000000082
 20
-69.4815880000000021
 30
0
 11
130.9800510000000031
 21
-69.2921839999999918
 31
0
  0
LINE
  5
5A5
330
22
100
AcDbEntity
  8
B.Cu
  6
CONTINUOUS
100
AcDbLine
 10
130.9800510000000031
 20
-69.2921839999999918
 30
0
 11
130.9800490000000082
 21
-69.2921809999999994
 31
0
  0
LINE
  5
5A6
330
22
100
AcDbEntity
  8
B.Cu
  6
CONTINUOUS
100
AcDbLine
 10
130.9800490000000082
 20
-69.2921809999999994
 30
0
 11
130.9800479999999823
 21
-69.2921789999999902
 31
0
  0
LINE
  5
5A7
330
22
100
AcDbEntity
  8
B.Cu
  6
CONTINUOUS
100
AcDbLine
 10
130.9800479999999823
 20
-69.2921789999999902
 30
0
 11
130.8551089999999988
 21
-69.1202129999999926
 31
0
  0
LINE
  5
5A8
330
22
100
AcDbEntity
  8
B.Cu
  6
CONTINUOUS
100
AcDbLine
 10
130.8551089999999988
 20
-69.1202129999999926
 30
0
 11
130.7047859999999844
 21
-68.9698899999999924
 31
0
  0
LINE
  5
5A9
330
22
100
AcDbEntity
  8
B.Cu
  6
CONTINUOUS
100
AcDbLine
 10
130.7047859999999844
 20
-68.9698899999999924
 30
0
 11
130.5328199999999867
 21
-68.8449509999999947
 31
0
  0
LINE
  5
5AA
330
22
100
AcDbEntity
  8
B.Cu
  6
CONTINUOUS
100
AcDbLine
 10
130.5328199999999867
 20
-68.8449509999999947
 30
0
 11
130.5321150000000046
 21
-68.8445909999999941
 31
0
  0
LINE
  5
5AB
330
22
100
AcDbEntity
  8
B.Cu
  6
CONTINUOUS
100
AcDbLine
 10
130.5321150000000046
 20
-68.8445909999999941
 30
0
 11
130.5240540000000067
 21
-68.840485000000001
 31
0
  0
LINE
  5
5AC
330
22
100
AcDbEntity
  8
B.Cu
  6
CONTINUOUS
100
AcDbLine
 10
130.5240540000000067
 20
-68.840485000000001
 30
0
 11
130.4732589999999846
 21
-68.7925120000000021
 31
0
  0
LINE
  5
5AD
330
22
100
AcDbEntity
  8
B.Cu
  6
CONTINUOUS
100
AcDbLine
 10
130.4732589999999846
 20
-68.7925120000000021
 30
0
 11
130.4564629999999852
 21
-68.7246919999999903
 31
0
  0
LINE
  5
5AE
330
22
100
AcDbEntity
  8
B.Cu
  6
CONTINUOUS
100
AcDbLine
 10
130.4564629999999852
 20
-68.7246919999999903
 30
0
 11
130.4789989999999875
 21
-68.6585559999999901
 31
0
  0
LINE
  5
5AF
330
22
100
AcDbEntity
  8
B.Cu
  6
CONTINUOUS
100
AcDbLine
 10
130.4789989999999875
 20
-68.6585559999999901
 30
0
 11
130.5240540000000067
 21
-68.6195149999999927
 31
0
  0
LINE
  5
5B0
330
22
100
AcDbEntity
  8
B.Cu
  6
CONTINUOUS
100
AcDbLine
 10
130.5240540000000067
 20
-68.6195149999999927
 30
0
 11
130.5328159999999968
 21
-68.615050999999994
 31
0
  0
LINE
  5
5B1
330
22
100
AcDbEntity
  8
B.Cu
  6
CONTINUOUS
100
AcDbLine
 10
130.5328159999999968
 20
-68.615050999999994
 30
0
 11
130.5547889999999995
 21
-68.5990859999999998
 31
0
  0
LINE
  5
5B2
330
22
100
AcDbEntity
  8
B.Cu
  6
CONTINUOUS
100
AcDbLine
 10
130.5547889999999995
 20
-68.5990859999999998
 30
0
 11
130.7047859999999844
 21
-68.4901090000000039
 31
0
  0
LINE
  5
5B3
330
22
100
AcDbEntity
  8
B.Cu
  6
CONTINUOUS
100
AcDbLine
 10
130.7047859999999844
 20
-68.4901090000000039
 30
0
 11
130.7047880000000077
 21
-68.4901059999999973
 31
0
  0
LINE
  5
5B4
330
22
100
AcDbEntity
  8
B.Cu
  6
CONTINUOUS
100
AcDbLine
 10
130.7047880000000077
 20
-68.4901059999999973
 30
0
 11
130.7047919999999976
 21
-68.4901040000000023
 31
0
  0
LINE
  5
5B5
330
22
100
AcDbEntity
  8
B.Cu
  6
CONTINUOUS
100
AcDbLine
 10
130.7047919999999976
 20
-68.4901040000000023
 30
0
 11
130.855103999999983
 21
-68.3397920000000028
 31
0
  0
LINE
  5
5B6
330
22
100
AcDbEntity
  8
B.Cu
  6
CONTINUOUS
100
AcDbLine
 10
130.855103999999983
 20
-68.3397920000000028
 30
0
 11
130.8551060000000064
 21
-68.3397879999999986
 31
0
  0
LINE
  5
5B7
330
22
100
AcDbEntity
  8
B.Cu
  6
CONTINUOUS
100
AcDbLine
 10
130.8551060000000064
 20
-68.3397879999999986
 30
0
 11
130.8551089999999988
 21
-68.3397860000000037
 31
0
  0
LINE
  5
5B8
330
22
100
AcDbEntity
  8
B.Cu
  6
CONTINUOUS
100
AcDbLine
 10
130.8551089999999988
 20
-68.3397860000000037
 30
0
 11
130.9800479999999823
 21
-68.1678199999999919
 31
0
  0
LINE
  5
5B9
330
22
100
AcDbEntity
  8
B.Cu
  6
CONTINUOUS
100
AcDbLine
 10
130.9800479999999823
 20
-68.1678199999999919
 30
0
 11
130.9800469999999848
 21
-68.1678199999999919
 31
0
  0
LINE
  5
5BA
330
22
100
AcDbEntity
  8
B.Cu
  6
CONTINUOUS
100
AcDbLine
 10
130.9800469999999848
 20
-68.1678199999999919
 30
0
 11
130.9800510000000031
 21
-68.167816000000002
 31
0
  0
LINE
  5
5BB
330
22
100
AcDbEntity
  8
B.Cu
  6
CONTINUOUS
100
AcDbLine
 10
130.9800510000000031
 20
-68.167816000000002
 30
0
 11
131.0765570000000082
 21
-67.9784119999999916
 31
0
  0
LINE
  5
5BC
330
22
100
AcDbEntity
  8
B.Cu
  6
CONTINUOUS
100
AcDbLine
 10
131.0765570000000082
 20
-67.9784119999999916
 30
0
 11
131.1422460000000001
 21
-67.7762429999999938
 31
0
  0
LINE
  5
5BD
330
22
100
AcDbEntity
  8
B.Cu
  6
CONTINUOUS
100
AcDbLine
 10
131.1422460000000001
 20
-67.7762429999999938
 30
0
 11
131.1754999999999995
 21
-67.5662870000000026
 31
0
  0
LINE
  5
5BE
330
22
100
AcDbEntity
  8
B.Cu
  6
CONTINUOUS
100
AcDbLine
 10
131.1754999999999995
 20
-67.5662870000000026
 30
0
 11
131.1754999999999995
 21
-67.3537129999999991
 31
0
  0
LINE
  5
5BF
330
22
100
AcDbEntity
  8
B.Cu
  6
CONTINUOUS
100
AcDbLine
 10
131.1754999999999995
 20
-67.3537129999999991
 30
0
 11
131.1422460000000001
 21
-67.1437569999999937
 31
0
  0
LINE
  5
5C0
330
22
100
AcDbEntity
  8
B.Cu
  6
CONTINUOUS
100
AcDbLine
 10
131.1422460000000001
 20
-67.1437569999999937
 30
0
 11
131.0765570000000082
 21
-66.9415879999999959
 31
0
  0
LINE
  5
5C1
330
22
100
AcDbEntity
  8
B.Cu
  6
CONTINUOUS
100
AcDbLine
 10
131.0765570000000082
 20
-66.9415879999999959
 30
0
 11
130.9800510000000031
 21
-66.7521839999999997
 31
0
  0
LINE
  5
5C2
330
22
100
AcDbEntity
  8
B.Cu
  6
CONTINUOUS
100
AcDbLine
 10
130.9800510000000031
 20
-66.7521839999999997
 30
0
 11
130.9800490000000082
 21
-66.7521809999999931
 31
0
  0
LINE
  5
5C3
330
22
100
AcDbEntity
  8
B.Cu
  6
CONTINUOUS
100
AcDbLine
 10
130.9800490000000082
 20
-66.7521809999999931
 30
0
 11
130.9800479999999823
 21
-66.7521789999999982
 31
0
  0
LINE
  5
5C4
330
22
100
AcDbEntity
  8
B.Cu
  6
CONTINUOUS
100
AcDbLine
 10
130.9800479999999823
 20
-66.7521789999999982
 30
0
 11
130.8551089999999988
 21
-66.5802130000000005
 31
0
  0
LINE
  5
5C5
330
22
100
AcDbEntity
  8
B.Cu
  6
CONTINUOUS
100
AcDbLine
 10
130.8551089999999988
 20
-66.5802130000000005
 30
0
 11
130.7047859999999844
 21
-66.4298900000000003
 31
0
  0
LINE
  5
5C6
330
22
100
AcDbEntity
  8
B.Cu
  6
CONTINUOUS
100
AcDbLine
 10
130.7047859999999844
 20
-66.4298900000000003
 30
0
 11
130.5328199999999867
 21
-66.3049510000000026
 31
0
  0
LINE
  5
5C7
330
22
100
AcDbEntity
  8
B.Cu
  6
CONTINUOUS
100
AcDbLine
 10
130.5328199999999867
 20
-66.3049510000000026
 30
0
 11
130.5321150000000046
 21
-66.3045910000000021
 31
0
  0
LINE
  5
5C8
330
22
100
AcDbEntity
  8
B.Cu
  6
CONTINUOUS
100
AcDbLine
 10
130.5321150000000046
 20
-66.3045910000000021
 30
0
 11
130.5240540000000067
 21
-66.3004849999999948
 31
0
  0
LINE
  5
5C9
330
22
100
AcDbEntity
  8
B.Cu
  6
CONTINUOUS
100
AcDbLine
 10
130.5240540000000067
 20
-66.3004849999999948
 30
0
 11
130.4732589999999846
 21
-66.2525119999999959
 31
0
  0
LINE
  5
5CA
330
22
100
AcDbEntity
  8
B.Cu
  6
CONTINUOUS
100
AcDbLine
 10
130.4732589999999846
 20
-66.2525119999999959
 30
0
 11
130.4564629999999852
 21
-66.1846919999999983
 31
0
  0
LINE
  5
5CB
330
22
100
AcDbEntity
  8
B.Cu
  6
CONTINUOUS
100
AcDbLine
 10
130.4564629999999852
 20
-66.1846919999999983
 30
0
 11
130.4789989999999875
 21
-66.1185559999999981
 31
0
  0
LINE
  5
5CC
330
22
100
AcDbEntity
  8
B.Cu
  6
CONTINUOUS
100
AcDbLine
 10
130.4789989999999875
 20
-66.1185559999999981
 30
0
 11
130.5240540000000067
 21
-66.0795150000000007
 31
0
  0
LINE
  5
5CD
330
22
100
AcDbEntity
  8
B.Cu
  6
CONTINUOUS
100
AcDbLine
 10
130.5240540000000067
 20
-66.0795150000000007
 30
0
 11
130.5328159999999968
 21
-66.075051000000002
 31
0
  0
LINE
  5
5CE
330
22
100
AcDbEntity
  8
B.Cu
  6
CONTINUOUS
100
AcDbLine
 10
130.5328159999999968
 20
-66.075051000000002
 30
0
 11
130.7019970000000058
 21
-65.9521349999999984
 31
0
  0
LINE
  5
5CF
330
22
100
AcDbEntity
  8
B.Cu
  6
CONTINUOUS
100
AcDbLine
 10
130.7019970000000058
 20
-65.9521349999999984
 30
0
 11
130.7047859999999844
 21
-65.9501089999999976
 31
0
  0
LINE
  5
5D0
330
22
100
AcDbEntity
  8
B.Cu
  6
CONTINUOUS
100
AcDbLine
 10
130.7047859999999844
 20
-65.9501089999999976
 30
0
 11
130.7047880000000077
 21
-65.950105999999991
 31
0
  0
LINE
  5
5D1
330
22
100
AcDbEntity
  8
B.Cu
  6
CONTINUOUS
100
AcDbLine
 10
130.7047880000000077
 20
-65.950105999999991
 30
0
 11
130.7047919999999976
 21
-65.9501039999999961
 31
0
  0
LINE
  5
5D2
330
22
100
AcDbEntity
  8
B.Cu
  6
CONTINUOUS
100
AcDbLine
 10
130.7047919999999976
 20
-65.9501039999999961
 30
0
 11
130.855103999999983
 21
-65.7997919999999965
 31
0
  0
LINE
  5
5D3
330
22
100
AcDbEntity
  8
B.Cu
  6
CONTINUOUS
100
AcDbLine
 10
130.855103999999983
 20
-65.7997919999999965
 30
0
 11
130.8551060000000064
 21
-65.7997879999999924
 31
0
  0
LINE
  5
5D4
330
22
100
AcDbEntity
  8
B.Cu
  6
CONTINUOUS
100
AcDbLine
 10
130.8551060000000064
 20
-65.7997879999999924
 30
0
 11
130.8551089999999988
 21
-65.7997859999999974
 31
0
  0
LINE
  5
5D5
330
22
100
AcDbEntity
  8
B.Cu
  6
CONTINUOUS
100
AcDbLine
 10
130.8551089999999988
 20
-65.7997859999999974
 30
0
 11
130.9800479999999823
 21
-65.6278199999999998
 31
0
  0
LINE
  5
5D6
330
22
100
AcDbEntity
  8
B.Cu
  6
CONTINUOUS
100
AcDbLine
 10
130.9800479999999823
 20
-65.6278199999999998
 30
0
 11
130.9800469999999848
 21
-65.6278199999999998
 31
0
  0
LINE
  5
5D7
330
22
100
AcDbEntity
  8
B.Cu
  6
CONTINUOUS
100
AcDbLine
 10
130.9800469999999848
 20
-65.6278199999999998
 30
0
 11
130.9800510000000031
 21
-65.6278159999999957
 31
0
  0
LINE
  5
5D8
330
22
100
AcDbEntity
  8
B.Cu
  6
CONTINUOUS
100
AcDbLine
 10
130.9800510000000031
 20
-65.6278159999999957
 30
0
 11
131.0765570000000082
 21
-65.4384119999999996
 31
0
  0
LINE
  5
5D9
330
22
100
AcDbEntity
  8
B.Cu
  6
CONTINUOUS
100
AcDbLine
 10
131.0765570000000082
 20
-65.4384119999999996
 30
0
 11
131.1422460000000001
 21
-65.2362430000000018
 31
0
  0
LINE
  5
5DA
330
22
100
AcDbEntity
  8
B.Cu
  6
CONTINUOUS
100
AcDbLine
 10
131.1422460000000001
 20
-65.2362430000000018
 30
0
 11
131.1754999999999995
 21
-65.0262869999999964
 31
0
  0
LINE
  5
5DB
330
22
100
AcDbEntity
  8
B.Cu
  6
CONTINUOUS
100
AcDbLine
 10
131.1754999999999995
 20
-65.0262869999999964
 30
0
 11
131.1754999999999995
 21
-64.8137129999999928
 31
0
  0
LINE
  5
5DC
330
22
100
AcDbEntity
  8
B.Cu
  6
CONTINUOUS
100
AcDbLine
 10
131.1754999999999995
 20
-64.8137129999999928
 30
0
 11
131.1422460000000001
 21
-64.6037570000000017
 31
0
  0
LINE
  5
5DD
330
22
100
AcDbEntity
  8
B.Cu
  6
CONTINUOUS
100
AcDbLine
 10
131.1422460000000001
 20
-64.6037570000000017
 30
0
 11
131.0765570000000082
 21
-64.4015880000000038
 31
0
  0
LINE
  5
5DE
330
22
100
AcDbEntity
  8
B.Cu
  6
CONTINUOUS
100
AcDbLine
 10
131.0765570000000082
 20
-64.4015880000000038
 30
0
 11
130.9800510000000031
 21
-64.2121839999999935
 31
0
  0
LINE
  5
5DF
330
22
100
AcDbEntity
  8
B.Cu
  6
CONTINUOUS
100
AcDbLine
 10
130.9800510000000031
 20
-64.2121839999999935
 30
0
 11
130.9800490000000082
 21
-64.2121810000000011
 31
0
  0
LINE
  5
5E0
330
22
100
AcDbEntity
  8
B.Cu
  6
CONTINUOUS
100
AcDbLine
 10
130.9800490000000082
 20
-64.2121810000000011
 30
0
 11
130.9800479999999823
 21
-64.2121789999999919
 31
0
  0
LINE
  5
5E1
330
22
100
AcDbEntity
  8
B.Cu
  6
CONTINUOUS
100
AcDbLine
 10
130.9800479999999823
 20
-64.2121789999999919
 30
0
 11
130.8551089999999988
 21
-64.0402129999999943
 31
0
  0
LINE
  5
5E2
330
22
100
AcDbEntity
  8
B.Cu
  6
CONTINUOUS
100
AcDbLine
 10
130.8551089999999988
 20
-64.0402129999999943
 30
0
 11
130.7279859999999871
 21
-63.9130899999999968
 31
0
  0
LINE
  5
5E3
330
22
100
AcDbEntity
  8
B.Cu
  6
CONTINUOUS
100
AcDbLine
 10
130.7279859999999871
 20
-63.9130899999999968
 30
0
 11
130.6945010000000025
 21
-63.8517669999999953
 31
0
  0
LINE
  5
5E4
330
22
100
AcDbEntity
  8
B.Cu
  6
CONTINUOUS
100
AcDbLine
 10
130.6945010000000025
 20
-63.8517669999999953
 30
0
 11
130.6994849999999815
 21
-63.782074999999999
 31
0
  0
LINE
  5
5E5
330
22
100
AcDbEntity
  8
B.Cu
  6
CONTINUOUS
100
AcDbLine
 10
130.6994849999999815
 20
-63.782074999999999
 30
0
 11
130.7413569999999936
 21
-63.7261419999999958
 31
0
  0
LINE
  5
5E6
330
22
100
AcDbEntity
  8
B.Cu
  6
CONTINUOUS
100
AcDbLine
 10
130.7413569999999936
 20
-63.7261419999999958
 30
0
 11
130.7723349999999982
 21
-63.7092269999999985
 31
0
  0
LINE
  5
5E7
330
22
100
AcDbEntity
  8
B.Cu
  6
CONTINUOUS
100
AcDbLine
 10
130.7723349999999982
 20
-63.7092269999999985
 30
0
 11
130.8673259999999914
 21
-63.6737979999999979
 31
0
  0
LINE
  5
5E8
330
22
100
AcDbEntity
  8
B.Cu
  6
CONTINUOUS
100
AcDbLine
 10
130.8673259999999914
 20
-63.6737979999999979
 30
0
 11
130.8673259999999914
 21
-63.6737970000000004
 31
0
  0
LINE
  5
5E9
330
22
100
AcDbEntity
  8
B.Cu
  6
CONTINUOUS
100
AcDbLine
 10
130.8673259999999914
 20
-63.6737970000000004
 30
0
 11
130.8673310000000072
 21
-63.6737959999999958
 31
0
  0
LINE
  5
5EA
330
22
100
AcDbEntity
  8
B.Cu
  6
CONTINUOUS
100
AcDbLine
 10
130.8673310000000072
 20
-63.6737959999999958
 30
0
 11
130.982545999999985
 21
-63.5875459999999961
 31
0
  0
LINE
  5
5EB
330
22
100
AcDbEntity
  8
B.Cu
  6
CONTINUOUS
100
AcDbLine
 10
130.982545999999985
 20
-63.5875459999999961
 30
0
 11
131.0687959999999919
 21
-63.4723309999999969
 31
0
  0
LINE
  5
5EC
330
22
100
AcDbEntity
  8
B.Cu
  6
CONTINUOUS
100
AcDbLine
 10
131.0687959999999919
 20
-63.4723309999999969
 30
0
 11
131.1190909999999974
 21
-63.3374829999999989
 31
0
  0
LINE
  5
5ED
330
22
100
AcDbEntity
  8
B.Cu
  6
CONTINUOUS
100
AcDbLine
 10
131.1190909999999974
 20
-63.3374829999999989
 30
0
 11
131.1254999999999882
 21
-63.2778729999999996
 31
0
  0
LINE
  5
5EE
330
22
100
AcDbEntity
  8
B.Cu
  6
CONTINUOUS
100
AcDbLine
 10
131.1254999999999882
 20
-63.2778729999999996
 30
0
 11
131.1254989999999907
 21
-61.4821279999999959
 31
0
  0
LINE
  5
5EF
330
22
100
AcDbEntity
  8
B.Cu
  6
CONTINUOUS
100
AcDbLine
 10
131.1254989999999907
 20
-61.4821279999999959
 30
0
 11
131.1190909999999974
 21
-61.4225169999999991
 31
0
  0
LINE
  5
5F0
330
22
100
AcDbEntity
  8
B.Cu
  6
CONTINUOUS
100
AcDbLine
 10
131.1190909999999974
 20
-61.4225169999999991
 30
0
 11
131.0687959999999919
 21
-61.287668999999994
 31
0
  0
LINE
  5
5F1
330
22
100
AcDbEntity
  8
B.Cu
  6
CONTINUOUS
100
AcDbLine
 10
131.0687959999999919
 20
-61.287668999999994
 30
0
 11
131.0687949999999944
 21
-61.2876679999999965
 31
0
  0
LINE
  5
5F2
330
22
100
AcDbEntity
  8
B.Cu
  6
CONTINUOUS
100
AcDbLine
 10
131.0687949999999944
 20
-61.2876679999999965
 30
0
 11
131.0687929999999994
 21
-61.2876639999999995
 31
0
  0
LINE
  5
5F3
330
22
100
AcDbEntity
  8
B.Cu
  6
CONTINUOUS
100
AcDbLine
 10
131.0687929999999994
 20
-61.2876639999999995
 30
0
 11
130.9825469999999825
 21
-61.1724549999999994
 31
0
  0
LINE
  5
5F4
330
22
100
AcDbEntity
  8
B.Cu
  6
CONTINUOUS
100
AcDbLine
 10
130.9825469999999825
 20
-61.1724549999999994
 30
0
 11
130.9825439999999901
 21
-61.1724519999999998
 31
0
  0
LINE
  5
5F5
330
22
100
AcDbEntity
  8
B.Cu
  6
CONTINUOUS
100
AcDbLine
 10
130.9825439999999901
 20
-61.1724519999999998
 30
0
 11
130.8673349999999971
 21
-61.0862059999999971
 31
0
  0
LINE
  5
5F6
330
22
100
AcDbEntity
  8
B.Cu
  6
CONTINUOUS
100
AcDbLine
 10
130.8673349999999971
 20
-61.0862059999999971
 30
0
 11
130.8673279999999863
 21
-61.0862020000000001
 31
0
  0
LINE
  5
5F7
330
22
100
AcDbEntity
  8
B.Cu
  6
CONTINUOUS
100
AcDbLine
 10
130.8673279999999863
 20
-61.0862020000000001
 30
0
 11
130.7324820000000045
 21
-61.0359079999999992
 31
0
  0
LINE
  5
5F8
330
22
100
AcDbEntity
  8
B.Cu
  6
CONTINUOUS
100
AcDbLine
 10
130.7324820000000045
 20
-61.0359079999999992
 30
0
 11
130.732483000000002
 21
-61.0359079999999992
 31
0
  0
LINE
  5
5F9
330
22
100
AcDbEntity
  8
B.Cu
  6
CONTINUOUS
100
AcDbLine
 10
130.732483000000002
 20
-61.0359079999999992
 30
0
 11
130.6728829999999846
 21
-61.0295009999999962
 31
0
  0
LINE
  5
5FA
330
22
100
AcDbEntity
  8
B.Cu
  6
CONTINUOUS
100
AcDbLine
 10
130.6728829999999846
 20
-61.0295009999999962
 30
0
 11
130.6728809999999896
 21
-61.0294999999999987
 31
0
  0
LINE
  5
5FB
330
22
100
AcDbEntity
  8
B.Cu
  6
CONTINUOUS
100
AcDbLine
 10
130.6728809999999896
 20
-61.0294999999999987
 30
0
 11
130.6728729999999814
 21
-61.0294999999999987
 31
0
  0
LINE
  5
5FC
330
22
100
AcDbEntity
  8
B.Cu
  6
CONTINUOUS
100
AcDbLine
 10
130.6728729999999814
 20
-61.0294999999999987
 30
0
 11
130.6728640000000041
 21
-61.0294999999999987
 31
0
  0
LINE
  5
5FD
330
22
100
AcDbEntity
  8
B.Cu
  6
CONTINUOUS
100
AcDbLine
 10
130.6728640000000041
 20
-61.0294999999999987
 30
0
 11
127.0771289999999993
 21
-61.0294999999999987
 31
0
  0
LINE
  5
5FE
330
22
100
AcDbEntity
  8
B.Cu
  6
CONTINUOUS
100
AcDbLine
 10
127.0771289999999993
 20
-61.0294999999999987
 30
0
 11
127.0771230000000003
 21
-61.0295009999999962
 31
0
  0
LINE
  5
5FF
330
22
100
AcDbEntity
  8
B.Cu
  6
CONTINUOUS
100
AcDbLine
 10
127.0771230000000003
 20
-61.0295009999999962
 30
0
 11
127.0175160000000005
 21
-61.0359079999999992
 31
0
  0
LINE
  5
600
330
22
100
AcDbEntity
  8
B.Cu
  6
CONTINUOUS
100
AcDbLine
 10
127.0175160000000005
 20
-61.0359079999999992
 30
0
 11
126.8826709999999878
 21
-61.0862020000000001
 31
0
  0
LINE
  5
601
330
22
100
AcDbEntity
  8
B.Cu
  6
CONTINUOUS
100
AcDbLine
 10
126.8826709999999878
 20
-61.0862020000000001
 30
0
 11
126.8826639999999912
 21
-61.0862059999999971
 31
0
  0
LINE
  5
602
330
22
100
AcDbEntity
  8
B.Cu
  6
CONTINUOUS
100
AcDbLine
 10
126.8826639999999912
 20
-61.0862059999999971
 30
0
 11
126.7674549999999982
 21
-61.1724519999999998
 31
0
  0
LINE
  5
603
330
22
100
AcDbEntity
  8
B.Cu
  6
CONTINUOUS
100
AcDbLine
 10
126.7674549999999982
 20
-61.1724519999999998
 30
0
 11
126.7674519999999916
 21
-61.1724549999999994
 31
0
  0
LINE
  5
604
330
22
100
AcDbEntity
  8
B.Cu
  6
CONTINUOUS
100
AcDbLine
 10
126.7674519999999916
 20
-61.1724549999999994
 30
0
 11
126.6812059999999889
 21
-61.2876639999999995
 31
0
  0
LINE
  5
605
330
22
100
AcDbEntity
  8
B.Cu
  6
CONTINUOUS
100
AcDbLine
 10
126.6812059999999889
 20
-61.2876639999999995
 30
0
 11
126.681201999999999
 21
-61.287670999999996
 31
0
  0
LINE
  5
606
330
22
100
AcDbEntity
  8
B.Cu
  6
CONTINUOUS
100
AcDbLine
 10
126.681201999999999
 20
-61.287670999999996
 30
0
 11
126.6309079999999909
 21
-61.4225169999999991
 31
0
  0
LINE
  5
607
330
22
100
AcDbEntity
  8
B.Cu
  6
CONTINUOUS
100
AcDbLine
 10
126.6309079999999909
 20
-61.4225169999999991
 30
0
 11
126.6245009999999951
 21
-61.4821159999999978
 31
0
  0
LINE
  5
608
330
22
100
AcDbEntity
  8
B.Cu
  6
CONTINUOUS
100
AcDbLine
 10
126.6245009999999951
 20
-61.4821159999999978
 30
0
 11
126.6245009999999951
 21
-61.4821229999999943
 31
0
  0
LINE
  5
609
330
22
100
AcDbEntity
  8
B.Cu
  6
CONTINUOUS
100
AcDbLine
 10
126.6245009999999951
 20
-61.4821229999999943
 30
0
 11
126.6244999999999976
 21
-61.4821349999999995
 31
0
  0
LINE
  5
60A
330
22
100
AcDbEntity
  8
B.Cu
  6
CONTINUOUS
100
AcDbLine
 10
126.6244999999999976
 20
-61.4821349999999995
 30
0
 11
126.6244999999999976
 21
-63.2778700000000001
 31
0
  0
LINE
  5
60B
330
22
100
AcDbEntity
  8
B.Cu
  6
CONTINUOUS
100
AcDbLine
 10
126.6244999999999976
 20
-63.2778700000000001
 30
0
 11
126.6245009999999951
 21
-63.2778759999999991
 31
0
  0
LINE
  5
60C
330
22
100
AcDbEntity
  8
B.Cu
  6
CONTINUOUS
100
AcDbLine
 10
126.6245009999999951
 20
-63.2778759999999991
 30
0
 11
126.6309079999999909
 21
-63.3374829999999989
 31
0
  0
LINE
  5
60D
330
22
100
AcDbEntity
  8
B.Cu
  6
CONTINUOUS
100
AcDbLine
 10
126.6309079999999909
 20
-63.3374829999999989
 30
0
 11
126.681201999999999
 21
-63.4723279999999974
 31
0
  0
LINE
  5
60E
330
22
100
AcDbEntity
  8
B.Cu
  6
CONTINUOUS
100
AcDbLine
 10
126.681201999999999
 20
-63.4723279999999974
 30
0
 11
126.6812059999999889
 21
-63.472334999999994
 31
0
  0
LINE
  5
60F
330
22
100
AcDbEntity
  8
B.Cu
  6
CONTINUOUS
100
AcDbLine
 10
126.6812059999999889
 20
-63.472334999999994
 30
0
 11
126.7674519999999916
 21
-63.5875439999999941
 31
0
  0
LINE
  5
610
330
22
100
AcDbEntity
  8
B.Cu
  6
CONTINUOUS
100
AcDbLine
 10
126.7674519999999916
 20
-63.5875439999999941
 30
0
 11
126.7674549999999982
 21
-63.5875469999999936
 31
0
  0
LINE
  5
611
330
22
100
AcDbEntity
  8
B.Cu
  6
CONTINUOUS
100
AcDbLine
 10
126.7674549999999982
 20
-63.5875469999999936
 30
0
 11
126.8826639999999912
 21
-63.6737929999999963
 31
0
  0
LINE
  5
612
330
22
100
AcDbEntity
  8
B.Cu
  6
CONTINUOUS
100
AcDbLine
 10
126.8826639999999912
 20
-63.6737929999999963
 30
0
 11
126.8826729999999969
 21
-63.6737979999999979
 31
0
  0
LINE
  5
613
330
22
100
AcDbEntity
  8
B.Cu
  6
CONTINUOUS
100
AcDbLine
 10
126.8826729999999969
 20
-63.6737979999999979
 30
0
 11
126.9776639999999901
 21
-63.7092269999999985
 31
0
  0
LINE
  5
614
330
22
100
AcDbEntity
  8
B.Cu
  6
CONTINUOUS
100
AcDbLine
 10
126.9776639999999901
 20
-63.7092269999999985
 30
0
 11
127.0335979999999978
 21
-63.7510979999999989
 31
0
  0
LINE
  5
615
330
22
100
AcDbEntity
  8
B.Cu
  6
CONTINUOUS
100
AcDbLine
 10
127.0335979999999978
 20
-63.7510979999999989
 30
0
 11
127.058015999999995
 21
-63.8165619999999976
 31
0
  0
LINE
  5
616
330
22
100
AcDbEntity
  8
B.Cu
  6
CONTINUOUS
100
AcDbLine
 10
127.058015999999995
 20
-63.8165619999999976
 30
0
 11
127.0431649999999877
 21
-63.8848349999999954
 31
0
  0
LINE
  5
617
330
22
100
AcDbEntity
  8
B.Cu
  6
CONTINUOUS
100
AcDbLine
 10
127.0431649999999877
 20
-63.8848349999999954
 30
0
 11
127.0220139999999986
 21
-63.9130899999999968
 31
0
  0
LINE
  5
618
330
22
100
AcDbEntity
  8
B.Cu
  6
CONTINUOUS
100
AcDbLine
 10
127.0220139999999986
 20
-63.9130899999999968
 30
0
 11
126.8948889999999921
 21
-64.0402150000000034
 31
0
  0
LINE
  5
619
330
22
100
AcDbEntity
  8
B.Cu
  6
CONTINUOUS
100
AcDbLine
 10
126.8948889999999921
 20
-64.0402150000000034
 30
0
 11
126.7699509999999918
 21
-64.2121789999999919
 31
0
  0
LINE
  5
61A
330
22
100
AcDbEntity
  8
B.Cu
  6
CONTINUOUS
100
AcDbLine
 10
126.7699509999999918
 20
-64.2121789999999919
 30
0
 11
126.6734439999999893
 21
-64.4015849999999972
 31
0
  0
LINE
  5
61B
330
22
100
AcDbEntity
  8
B.Cu
  6
CONTINUOUS
100
AcDbLine
 10
126.6734439999999893
 20
-64.4015849999999972
 30
0
 11
126.6077529999999882
 21
-64.6037599999999941
 31
0
  0
LINE
  5
61C
330
22
100
AcDbEntity
  8
B.Cu
  6
CONTINUOUS
100
AcDbLine
 10
126.6077529999999882
 20
-64.6037599999999941
 30
0
 11
126.5745000000000005
 21
-64.8137129999999928
 31
0
  0
LINE
  5
61D
330
22
100
AcDbEntity
  8
B.Cu
  6
CONTINUOUS
100
AcDbLine
 10
126.5745000000000005
 20
-64.8137129999999928
 30
0
 11
126.5745000000000005
 21
-65.0262869999999964
 31
0
  0
LINE
  5
61E
330
22
100
AcDbEntity
  8
B.Cu
  6
CONTINUOUS
100
AcDbLine
 10
126.5745000000000005
 20
-65.0262869999999964
 30
0
 11
126.6077539999999999
 21
-65.2362430000000018
 31
0
  0
LINE
  5
61F
330
22
100
AcDbEntity
  8
B.Cu
  6
CONTINUOUS
100
AcDbLine
 10
126.6077539999999999
 20
-65.2362430000000018
 30
0
 11
126.6611240000000009
 21
-65.4004989999999964
 31
0
  0
LINE
  5
620
330
22
100
AcDbEntity
  8
B.Cu
  6
CONTINUOUS
100
AcDbLine
 10
126.6611240000000009
 20
-65.4004989999999964
 30
0
 11
126.6734439999999893
 21
-65.4384139999999945
 31
0
  0
LINE
  5
621
330
22
100
AcDbEntity
  8
B.Cu
  6
CONTINUOUS
100
AcDbLine
 10
126.6734439999999893
 20
-65.4384139999999945
 30
0
 11
126.7699509999999918
 21
-65.6278199999999998
 31
0
  0
LINE
  5
622
330
22
100
AcDbEntity
  8
B.Cu
  6
CONTINUOUS
100
AcDbLine
 10
126.7699509999999918
 20
-65.6278199999999998
 30
0
 11
126.8948899999999895
 21
-65.7997859999999974
 31
0
  0
LINE
  5
623
330
22
100
AcDbEntity
  8
B.Cu
  6
CONTINUOUS
100
AcDbLine
 10
126.8948899999999895
 20
-65.7997859999999974
 30
0
 11
127.0452129999999897
 21
-65.9501089999999976
 31
0
  0
LINE
  5
624
330
22
100
AcDbEntity
  8
B.Cu
  6
CONTINUOUS
100
AcDbLine
 10
127.0452129999999897
 20
-65.9501089999999976
 30
0
 11
127.217181999999994
 21
-66.0750499999999903
 31
0
  0
LINE
  5
625
330
22
100
AcDbEntity
  8
B.Cu
  6
CONTINUOUS
100
AcDbLine
 10
127.217181999999994
 20
-66.0750499999999903
 30
0
 11
127.2259459999999933
 21
-66.0795159999999981
 31
0
  0
LINE
  5
626
330
22
100
AcDbEntity
  8
B.Cu
  6
CONTINUOUS
100
AcDbLine
 10
127.2259459999999933
 20
-66.0795159999999981
 30
0
 11
127.2767419999999987
 21
-66.127490999999992
 31
0
  0
LINE
  5
627
330
22
100
AcDbEntity
  8
B.Cu
  6
CONTINUOUS
100
AcDbLine
 10
127.2767419999999987
 20
-66.127490999999992
 30
0
 11
127.2935359999999889
 21
-66.1953120000000013
 31
0
  0
LINE
  5
628
330
22
100
AcDbEntity
  8
B.Cu
  6
CONTINUOUS
100
AcDbLine
 10
127.2935359999999889
 20
-66.1953120000000013
 30
0
 11
127.2709979999999916
 21
-66.261447000000004
 31
0
  0
LINE
  5
629
330
22
100
AcDbEntity
  8
B.Cu
  6
CONTINUOUS
100
AcDbLine
 10
127.2709979999999916
 20
-66.261447000000004
 30
0
 11
127.2259459999999933
 21
-66.3004839999999973
 31
0
  0
LINE
  5
62A
330
22
100
AcDbEntity
  8
B.Cu
  6
CONTINUOUS
100
AcDbLine
 10
127.2259459999999933
 20
-66.3004839999999973
 30
0
 11
127.217181999999994
 21
-66.3049489999999935
 31
0
  0
LINE
  5
62B
330
22
100
AcDbEntity
  8
B.Cu
  6
CONTINUOUS
100
AcDbLine
 10
127.217181999999994
 20
-66.3049489999999935
 30
0
 11
127.0452129999999897
 21
-66.4298900000000003
 31
0
  0
LINE
  5
62C
330
22
100
AcDbEntity
  8
B.Cu
  6
CONTINUOUS
100
AcDbLine
 10
127.0452129999999897
 20
-66.4298900000000003
 30
0
 11
126.8948899999999895
 21
-66.5802130000000005
 31
0
  0
LINE
  5
62D
330
22
100
AcDbEntity
  8
B.Cu
  6
CONTINUOUS
100
AcDbLine
 10
126.8948899999999895
 20
-66.5802130000000005
 30
0
 11
126.7699509999999918
 21
-66.7521789999999982
 31
0
  0
LINE
  5
62E
330
22
100
AcDbEntity
  8
B.Cu
  6
CONTINUOUS
100
AcDbLine
 10
126.7699509999999918
 20
-66.7521789999999982
 30
0
 11
126.6734439999999893
 21
-66.9415850000000034
 31
0
  0
LINE
  5
62F
330
22
100
AcDbEntity
  8
B.Cu
  6
CONTINUOUS
100
AcDbLine
 10
126.6734439999999893
 20
-66.9415850000000034
 30
0
 11
126.6077529999999882
 21
-67.1437600000000003
 31
0
  0
LINE
  5
630
330
22
100
AcDbEntity
  8
B.Cu
  6
CONTINUOUS
100
AcDbLine
 10
126.6077529999999882
 20
-67.1437600000000003
 30
0
 11
126.5745000000000005
 21
-67.3537129999999991
 31
0
  0
LINE
  5
631
330
22
100
AcDbEntity
  8
B.Cu
  6
CONTINUOUS
100
AcDbLine
 10
126.5745000000000005
 20
-67.3537129999999991
 30
0
 11
126.5745000000000005
 21
-67.5662870000000026
 31
0
  0
LINE
  5
632
330
22
100
AcDbEntity
  8
B.Cu
  6
CONTINUOUS
100
AcDbLine
 10
126.5745000000000005
 20
-67.5662870000000026
 30
0
 11
126.6077539999999999
 21
-67.7762429999999938
 31
0
  0
LINE
  5
633
330
22
100
AcDbEntity
  8
B.Cu
  6
CONTINUOUS
100
AcDbLine
 10
126.6077539999999999
 20
-67.7762429999999938
 30
0
 11
126.6158479999999997
 21
-67.8011549999999943
 31
0
  0
LINE
  5
634
330
22
100
AcDbEntity
  8
B.Cu
  6
CONTINUOUS
100
AcDbLine
 10
126.6158479999999997
 20
-67.8011549999999943
 30
0
 11
126.6734439999999893
 21
-67.9784140000000008
 31
0
  0
LINE
  5
635
330
22
100
AcDbEntity
  8
B.Cu
  6
CONTINUOUS
100
AcDbLine
 10
126.6734439999999893
 20
-67.9784140000000008
 30
0
 11
126.7699509999999918
 21
-68.1678199999999919
 31
0
  0
LINE
  5
636
330
22
100
AcDbEntity
  8
B.Cu
  6
CONTINUOUS
100
AcDbLine
 10
126.7699509999999918
 20
-68.1678199999999919
 30
0
 11
126.8948899999999895
 21
-68.3397860000000037
 31
0
  0
LINE
  5
637
330
22
100
AcDbEntity
  8
B.Cu
  6
CONTINUOUS
100
AcDbLine
 10
126.8948899999999895
 20
-68.3397860000000037
 30
0
 11
127.0452129999999897
 21
-68.4901090000000039
 31
0
  0
LINE
  5
638
330
22
100
AcDbEntity
  8
B.Cu
  6
CONTINUOUS
100
AcDbLine
 10
127.0452129999999897
 20
-68.4901090000000039
 30
0
 11
127.217181999999994
 21
-68.6150499999999965
 31
0
  0
LINE
  5
639
330
22
100
AcDbEntity
  8
B.Cu
  6
CONTINUOUS
100
AcDbLine
 10
127.217181999999994
 20
-68.6150499999999965
 30
0
 11
127.2259459999999933
 21
-68.6195159999999902
 31
0
  0
LINE
  5
63A
330
22
100
AcDbEntity
  8
B.Cu
  6
CONTINUOUS
100
AcDbLine
 10
127.2259459999999933
 20
-68.6195159999999902
 30
0
 11
127.2767419999999987
 21
-68.6674909999999983
 31
0
  0
LINE
  5
63B
330
22
100
AcDbEntity
  8
B.Cu
  6
CONTINUOUS
100
AcDbLine
 10
127.2767419999999987
 20
-68.6674909999999983
 30
0
 11
127.2935359999999889
 21
-68.7353119999999933
 31
0
  0
LINE
  5
63C
330
22
100
AcDbEntity
  8
B.Cu
  6
CONTINUOUS
100
AcDbLine
 10
127.2935359999999889
 20
-68.7353119999999933
 30
0
 11
127.2709979999999916
 21
-68.801446999999996
 31
0
  0
LINE
  5
63D
330
22
100
AcDbEntity
  8
B.Cu
  6
CONTINUOUS
100
AcDbLine
 10
127.2709979999999916
 20
-68.801446999999996
 30
0
 11
127.2259459999999933
 21
-68.8404840000000036
 31
0
  0
LINE
  5
63E
330
22
100
AcDbEntity
  8
B.Cu
  6
CONTINUOUS
100
AcDbLine
 10
127.2259459999999933
 20
-68.8404840000000036
 30
0
 11
127.217181999999994
 21
-68.8449489999999997
 31
0
  0
LINE
  5
63F
330
22
100
AcDbEntity
  8
B.Cu
  6
CONTINUOUS
100
AcDbLine
 10
127.217181999999994
 20
-68.8449489999999997
 30
0
 11
127.0452129999999897
 21
-68.9698899999999924
 31
0
  0
LINE
  5
640
330
22
100
AcDbEntity
  8
B.Cu
  6
CONTINUOUS
100
AcDbLine
 10
127.0452129999999897
 20
-68.9698899999999924
 30
0
 11
126.8948899999999895
 21
-69.1202129999999926
 31
0
  0
LINE
  5
641
330
22
100
AcDbEntity
  8
B.Cu
  6
CONTINUOUS
100
AcDbLine
 10
126.8948899999999895
 20
-69.1202129999999926
 30
0
 11
126.7699509999999918
 21
-69.2921789999999902
 31
0
  0
LINE
  5
642
330
22
100
AcDbEntity
  8
B.Cu
  6
CONTINUOUS
100
AcDbLine
 10
126.7699509999999918
 20
-69.2921789999999902
 30
0
 11
126.6734439999999893
 21
-69.4815849999999955
 31
0
  0
LINE
  5
643
330
22
100
AcDbEntity
  8
B.Cu
  6
CONTINUOUS
100
AcDbLine
 10
126.6734439999999893
 20
-69.4815849999999955
 30
0
 11
126.6077529999999882
 21
-69.6837599999999924
 31
0
  0
LINE
  5
644
330
22
100
AcDbEntity
  8
B.Cu
  6
CONTINUOUS
100
AcDbLine
 10
126.6077529999999882
 20
-69.6837599999999924
 30
0
 11
126.5797139999999956
 21
-69.860793000000001
 31
0
  0
LINE
  5
645
330
22
100
AcDbEntity
  8
B.Cu
  6
CONTINUOUS
100
AcDbLine
 10
126.5797139999999956
 20
-69.860793000000001
 30
0
 11
126.5745000000000005
 21
-69.8937129999999911
 31
0
  0
LINE
  5
646
330
22
100
AcDbEntity
  8
B.Cu
  6
CONTINUOUS
100
AcDbLine
 10
126.5745000000000005
 20
-69.8937129999999911
 30
0
 11
126.5745000000000005
 21
-70.1062869999999947
 31
0
  0
LINE
  5
647
330
22
100
AcDbEntity
  8
B.Cu
  6
CONTINUOUS
100
AcDbLine
 10
126.5745000000000005
 20
-70.1062869999999947
 30
0
 11
126.6077539999999999
 21
-70.3162430000000001
 31
0
  0
LINE
  5
648
330
22
100
AcDbEntity
  8
B.Cu
  6
CONTINUOUS
100
AcDbLine
 10
126.6077539999999999
 20
-70.3162430000000001
 30
0
 11
126.6554609999999883
 21
-70.4630700000000019
 31
0
  0
LINE
  5
649
330
22
100
AcDbEntity
  8
B.Cu
  6
CONTINUOUS
100
AcDbLine
 10
126.6554609999999883
 20
-70.4630700000000019
 30
0
 11
126.6734439999999893
 21
-70.5184139999999928
 31
0
  0
LINE
  5
64A
330
22
100
AcDbEntity
  8
B.Cu
  6
CONTINUOUS
100
AcDbLine
 10
126.6734439999999893
 20
-70.5184139999999928
 30
0
 11
126.7699509999999918
 21
-70.7078199999999981
 31
0
  0
LINE
  5
64B
330
22
100
AcDbEntity
  8
B.Cu
  6
CONTINUOUS
100
AcDbLine
 10
126.7699509999999918
 20
-70.7078199999999981
 30
0
 11
126.8948899999999895
 21
-70.8797859999999957
 31
0
  0
LINE
  5
64C
330
22
100
AcDbEntity
  8
B.Cu
  6
CONTINUOUS
100
AcDbLine
 10
126.8948899999999895
 20
-70.8797859999999957
 30
0
 11
127.0452129999999897
 21
-71.0301089999999959
 31
0
  0
LINE
  5
64D
330
22
100
AcDbEntity
  8
B.Cu
  6
CONTINUOUS
100
AcDbLine
 10
127.0452129999999897
 20
-71.0301089999999959
 30
0
 11
127.217181999999994
 21
-71.1550500000000028
 31
0
  0
LINE
  5
64E
330
22
100
AcDbEntity
  8
B.Cu
  6
CONTINUOUS
100
AcDbLine
 10
127.217181999999994
 20
-71.1550500000000028
 30
0
 11
127.2259459999999933
 21
-71.1595159999999964
 31
0
  0
LINE
  5
64F
330
22
100
AcDbEntity
  8
B.Cu
  6
CONTINUOUS
100
AcDbLine
 10
127.2259459999999933
 20
-71.1595159999999964
 30
0
 11
127.2767419999999987
 21
-71.2074909999999903
 31
0
  0
LINE
  5
650
330
22
100
AcDbEntity
  8
B.Cu
  6
CONTINUOUS
100
AcDbLine
 10
127.2767419999999987
 20
-71.2074909999999903
 30
0
 11
127.2935359999999889
 21
-71.2753119999999996
 31
0
  0
LINE
  5
651
330
22
100
AcDbEntity
  8
B.Cu
  6
CONTINUOUS
100
AcDbLine
 10
127.2935359999999889
 20
-71.2753119999999996
 30
0
 11
127.2709979999999916
 21
-71.3414470000000023
 31
0
  0
LINE
  5
652
330
22
100
AcDbEntity
  8
B.Cu
  6
CONTINUOUS
100
AcDbLine
 10
127.2709979999999916
 20
-71.3414470000000023
 30
0
 11
127.2259459999999933
 21
-71.3804839999999956
 31
0
  0
LINE
  5
653
330
22
100
AcDbEntity
  8
B.Cu
  6
CONTINUOUS
100
AcDbLine
 10
127.2259459999999933
 20
-71.3804839999999956
 30
0
 11
127.217181999999994
 21
-71.3849489999999918
 31
0
  0
LINE
  5
654
330
22
100
AcDbEntity
  8
B.Cu
  6
CONTINUOUS
100
AcDbLine
 10
127.217181999999994
 20
-71.3849489999999918
 30
0
 11
127.0452129999999897
 21
-71.5098899999999986
 31
0
  0
LINE
  5
655
330
22
100
AcDbEntity
  8
B.Cu
  6
CONTINUOUS
100
AcDbLine
 10
127.0452129999999897
 20
-71.5098899999999986
 30
0
 11
126.8948899999999895
 21
-71.6602129999999988
 31
0
  0
LINE
  5
656
330
22
100
AcDbEntity
  8
B.Cu
  6
CONTINUOUS
100
AcDbLine
 10
126.8948899999999895
 20
-71.6602129999999988
 30
0
 11
126.7699489999999969
 21
-71.8321820000000031
 31
0
  0
LINE
  5
657
330
22
100
AcDbEntity
  8
B.Cu
  6
CONTINUOUS
100
AcDbLine
 10
126.7699489999999969
 20
-71.8321820000000031
 30
0
 11
126.7316439999999886
 21
-71.9073589999999996
 31
0
  0
LINE
  5
658
330
22
100
AcDbEntity
  8
B.Cu
  6
CONTINUOUS
100
AcDbLine
 10
126.7316439999999886
 20
-71.9073589999999996
 30
0
 11
126.6836689999999948
 21
-71.9581539999999933
 31
0
  0
LINE
  5
659
330
22
100
AcDbEntity
  8
B.Cu
  6
CONTINUOUS
100
AcDbLine
 10
126.6836689999999948
 20
-71.9581539999999933
 30
0
 11
126.6158479999999997
 21
-71.9749489999999952
 31
0
  0
LINE
  5
65A
330
22
100
AcDbEntity
  8
B.Cu
  6
CONTINUOUS
100
AcDbLine
 10
126.6158479999999997
 20
-71.9749489999999952
 30
0
 11
126.549712999999997
 21
-71.9524109999999979
 31
0
  0
LINE
  5
65B
330
22
100
AcDbEntity
  8
B.Cu
  6
CONTINUOUS
100
AcDbLine
 10
126.549712999999997
 20
-71.9524109999999979
 30
0
 11
126.5062629999999899
 21
-71.8976949999999988
 31
0
  0
LINE
  5
65C
330
22
100
AcDbEntity
  8
B.Cu
  6
CONTINUOUS
100
AcDbLine
 10
126.5062629999999899
 20
-71.8976949999999988
 30
0
 11
126.4986869999999897
 21
-71.8704609999999917
 31
0
  0
LINE
  5
65D
330
22
100
AcDbEntity
  8
B.Cu
  6
CONTINUOUS
100
AcDbLine
 10
126.4986869999999897
 20
-71.8704609999999917
 30
0
 11
126.4981709999999993
 21
-71.8672079999999909
 31
0
  0
LINE
  5
65E
330
22
100
AcDbEntity
  8
B.Cu
  6
CONTINUOUS
100
AcDbLine
 10
126.4981709999999993
 20
-71.8672079999999909
 30
0
 11
126.4635529999999903
 21
-71.6486319999999921
 31
0
  0
LINE
  5
65F
330
22
100
AcDbEntity
  8
B.Cu
  6
CONTINUOUS
100
AcDbLine
 10
126.4635529999999903
 20
-71.6486319999999921
 30
0
 11
126.3905679999999876
 21
-71.4240080000000006
 31
0
  0
LINE
  5
660
330
22
100
AcDbEntity
  8
B.Cu
  6
CONTINUOUS
100
AcDbLine
 10
126.3905679999999876
 20
-71.4240080000000006
 30
0
 11
126.3905659999999926
 21
-71.424004999999994
 31
0
  0
LINE
  5
661
330
22
100
AcDbEntity
  8
B.Cu
  6
CONTINUOUS
100
AcDbLine
 10
126.3905659999999926
 20
-71.424004999999994
 30
0
 11
126.3905659999999926
 21
-71.424002999999999
 31
0
  0
LINE
  5
662
330
22
100
AcDbEntity
  8
B.Cu
  6
CONTINUOUS
100
AcDbLine
 10
126.3905659999999926
 20
-71.424002999999999
 30
0
 11
126.3162359999999893
 21
-71.2781229999999937
 31
0
  0
LINE
  5
663
330
22
100
AcDbEntity
  8
B.Cu
  6
CONTINUOUS
100
AcDbLine
 10
126.3162359999999893
 20
-71.2781229999999937
 30
0
 11
126.2833429999999879
 21
-71.2135669999999976
 31
0
  0
LINE
  5
664
330
22
100
AcDbEntity
  8
B.Cu
  6
CONTINUOUS
100
AcDbLine
 10
126.2833429999999879
 20
-71.2135669999999976
 30
0
 11
126.1445169999999933
 21
-71.0224899999999906
 31
0
  0
LINE
  5
665
330
22
100
AcDbEntity
  8
B.Cu
  6
CONTINUOUS
100
AcDbLine
 10
126.1445169999999933
 20
-71.0224899999999906
 30
0
 11
125.9775099999999952
 21
-70.8554829999999924
 31
0
  0
LINE
  5
666
330
22
100
AcDbEntity
  8
B.Cu
  6
CONTINUOUS
100
AcDbLine
 10
125.9775099999999952
 20
-70.8554829999999924
 30
0
 11
125.7864329999999882
 21
-70.7166569999999979
 31
0
  0
LINE
  5
667
330
22
100
AcDbEntity
  8
B.Cu
  6
CONTINUOUS
100
AcDbLine
 10
125.7864329999999882
 20
-70.7166569999999979
 30
0
 11
125.5759959999999893
 21
-70.6094329999999957
 31
0
  0
LINE
  5
668
330
22
100
AcDbEntity
  8
B.Cu
  6
CONTINUOUS
100
AcDbLine
 10
125.5759959999999893
 20
-70.6094329999999957
 30
0
 11
125.3513679999999937
 21
-70.536445999999998
 31
0
  0
LINE
  5
669
330
22
100
AcDbEntity
  8
B.Cu
  6
CONTINUOUS
100
AcDbLine
 10
125.3513679999999937
 20
-70.536445999999998
 30
0
 11
125.1180969999999917
 21
-70.4994999999999976
 31
0
  0
LINE
  5
66A
330
22
100
AcDbEntity
  8
B.Cu
  6
CONTINUOUS
100
AcDbLine
 10
125.1180969999999917
 20
-70.4994999999999976
 30
0
 11
125.1180919999999901
 21
-70.4994999999999976
 31
0
  0
LINE
  5
66B
330
22
100
AcDbEntity
  8
B.Cu
  6
CONTINUOUS
100
AcDbLine
 10
125.1180919999999901
 20
-70.4994999999999976
 30
0
 11
124.8819079999999957
 21
-70.4994999999999976
 31
0
  0
LINE
  5
66C
330
22
100
AcDbEntity
  8
B.Cu
  6
CONTINUOUS
100
AcDbLine
 10
124.8819079999999957
 20
-70.4994999999999976
 30
0
 11
124.8819029999999941
 21
-70.4994999999999976
 31
0
  0
LINE
  5
66D
330
22
100
AcDbEntity
  8
B.Cu
  6
CONTINUOUS
100
AcDbLine
 10
124.8819029999999941
 20
-70.4994999999999976
 30
0
 11
124.6486309999999946
 21
-70.536445999999998
 31
0
  0
LINE
  5
66E
330
22
100
AcDbEntity
  8
B.Cu
  6
CONTINUOUS
100
AcDbLine
 10
124.6486309999999946
 20
-70.536445999999998
 30
0
 11
124.424002999999999
 21
-70.6094329999999957
 31
0
  0
LINE
  5
66F
330
22
100
AcDbEntity
  8
B.Cu
  6
CONTINUOUS
100
AcDbLine
 10
124.424002999999999
 20
-70.6094329999999957
 30
0
 11
124.2135660000000001
 21
-70.7166569999999979
 31
0
  0
LINE
  5
670
330
22
100
AcDbEntity
  8
B.Cu
  6
CONTINUOUS
100
AcDbLine
 10
124.2135660000000001
 20
-70.7166569999999979
 30
0
 11
124.104549999999989
 21
-70.7958619999999996
 31
0
  0
LINE
  5
671
330
22
100
AcDbEntity
  8
B.Cu
  6
CONTINUOUS
100
AcDbLine
 10
124.104549999999989
 20
-70.7958619999999996
 30
0
 11
124.0224899999999906
 21
-70.8554829999999924
 31
0
  0
LINE
  5
672
330
22
100
AcDbEntity
  8
B.Cu
  6
CONTINUOUS
100
AcDbLine
 10
124.0224899999999906
 20
-70.8554829999999924
 30
0
 11
124.0224879999999956
 21
-70.8554850000000016
 31
0
  0
LINE
  5
673
330
22
100
AcDbEntity
  8
B.Cu
  6
CONTINUOUS
100
AcDbLine
 10
124.0224879999999956
 20
-70.8554850000000016
 30
0
 11
124.0224869999999981
 21
-70.8554850000000016
 31
0
  0
LINE
  5
674
330
22
100
AcDbEntity
  8
B.Cu
  6
CONTINUOUS
100
AcDbLine
 10
124.0224869999999981
 20
-70.8554850000000016
 30
0
 11
123.8554849999999874
 21
-71.0224869999999981
 31
0
  0
LINE
  5
675
330
22
100
AcDbEntity
  8
B.Cu
  6
CONTINUOUS
100
AcDbLine
 10
123.8554849999999874
 20
-71.0224869999999981
 30
0
 11
123.8554849999999874
 21
-71.0224879999999956
 31
0
  0
LINE
  5
676
330
22
100
AcDbEntity
  8
B.Cu
  6
CONTINUOUS
100
AcDbLine
 10
123.8554849999999874
 20
-71.0224879999999956
 30
0
 11
123.8554829999999924
 21
-71.0224899999999906
 31
0
  0
LINE
  5
677
330
22
100
AcDbEntity
  8
B.Cu
  6
CONTINUOUS
100
AcDbLine
 10
123.8554829999999924
 20
-71.0224899999999906
 30
0
 11
123.8370729999999895
 21
-71.047828999999993
 31
0
  0
LINE
  5
678
330
22
100
AcDbEntity
  8
B.Cu
  6
CONTINUOUS
100
AcDbLine
 10
123.8370729999999895
 20
-71.047828999999993
 30
0
 11
123.7166569999999979
 21
-71.2135660000000001
 31
0
  0
LINE
  5
679
330
22
100
AcDbEntity
  8
B.Cu
  6
CONTINUOUS
100
AcDbLine
 10
123.7166569999999979
 20
-71.2135660000000001
 30
0
 11
123.6094329999999957
 21
-71.424002999999999
 31
0
  0
LINE
  5
67A
330
22
100
AcDbEntity
  8
B.Cu
  6
CONTINUOUS
100
AcDbLine
 10
123.6094329999999957
 20
-71.424002999999999
 30
0
 11
123.536445999999998
 21
-71.6486309999999946
 31
0
  0
LINE
  5
67B
330
22
100
AcDbEntity
  8
B.Cu
  6
CONTINUOUS
100
AcDbLine
 10
123.536445999999998
 20
-71.6486309999999946
 30
0
 11
123.4994999999999976
 21
-71.8819019999999966
 31
0
  0
LINE
  5
67C
330
22
100
AcDbEntity
  8
B.Cu
  6
CONTINUOUS
100
AcDbLine
 10
123.4994999999999976
 20
-71.8819019999999966
 30
0
 11
123.4994999999999976
 21
-72.1180969999999917
 31
0
  0
LINE
  5
67D
330
22
100
AcDbEntity
  8
B.Cu
  6
CONTINUOUS
100
AcDbLine
 10
143.7744999999999891
 20
-67.5662870000000026
 30
0
 11
143.8077539999999885
 21
-67.7762429999999938
 31
0
  0
LINE
  5
67E
330
22
100
AcDbEntity
  8
B.Cu
  6
CONTINUOUS
100
AcDbLine
 10
143.8077539999999885
 20
-67.7762429999999938
 30
0
 11
143.8158479999999884
 21
-67.8011549999999943
 31
0
  0
LINE
  5
67F
330
22
100
AcDbEntity
  8
B.Cu
  6
CONTINUOUS
100
AcDbLine
 10
143.8158479999999884
 20
-67.8011549999999943
 30
0
 11
143.8734440000000063
 21
-67.9784140000000008
 31
0
  0
LINE
  5
680
330
22
100
AcDbEntity
  8
B.Cu
  6
CONTINUOUS
100
AcDbLine
 10
143.8734440000000063
 20
-67.9784140000000008
 30
0
 11
143.9699509999999805
 21
-68.1678199999999919
 31
0
  0
LINE
  5
681
330
22
100
AcDbEntity
  8
B.Cu
  6
CONTINUOUS
100
AcDbLine
 10
143.9699509999999805
 20
-68.1678199999999919
 30
0
 11
144.0948899999999924
 21
-68.3397860000000037
 31
0
  0
LINE
  5
682
330
22
100
AcDbEntity
  8
B.Cu
  6
CONTINUOUS
100
AcDbLine
 10
144.0948899999999924
 20
-68.3397860000000037
 30
0
 11
144.2452130000000068
 21
-68.4901090000000039
 31
0
  0
LINE
  5
683
330
22
100
AcDbEntity
  8
B.Cu
  6
CONTINUOUS
100
AcDbLine
 10
144.2452130000000068
 20
-68.4901090000000039
 30
0
 11
144.4171819999999968
 21
-68.6150499999999965
 31
0
  0
LINE
  5
684
330
22
100
AcDbEntity
  8
B.Cu
  6
CONTINUOUS
100
AcDbLine
 10
144.4171819999999968
 20
-68.6150499999999965
 30
0
 11
144.425945999999982
 21
-68.6195159999999902
 31
0
  0
LINE
  5
685
330
22
100
AcDbEntity
  8
B.Cu
  6
CONTINUOUS
100
AcDbLine
 10
144.425945999999982
 20
-68.6195159999999902
 30
0
 11
144.4767420000000016
 21
-68.6674909999999983
 31
0
  0
LINE
  5
686
330
22
100
AcDbEntity
  8
B.Cu
  6
CONTINUOUS
100
AcDbLine
 10
144.4767420000000016
 20
-68.6674909999999983
 30
0
 11
144.493536000000006
 21
-68.7353119999999933
 31
0
  0
LINE
  5
687
330
22
100
AcDbEntity
  8
B.Cu
  6
CONTINUOUS
100
AcDbLine
 10
144.493536000000006
 20
-68.7353119999999933
 30
0
 11
144.4709979999999803
 21
-68.801446999999996
 31
0
  0
LINE
  5
688
330
22
100
AcDbEntity
  8
B.Cu
  6
CONTINUOUS
100
AcDbLine
 10
144.4709979999999803
 20
-68.801446999999996
 30
0
 11
144.425945999999982
 21
-68.8404840000000036
 31
0
  0
LINE
  5
689
330
22
100
AcDbEntity
  8
B.Cu
  6
CONTINUOUS
100
AcDbLine
 10
144.425945999999982
 20
-68.8404840000000036
 30
0
 11
144.4171819999999968
 21
-68.8449489999999997
 31
0
  0
LINE
  5
68A
330
22
100
AcDbEntity
  8
B.Cu
  6
CONTINUOUS
100
AcDbLine
 10
144.4171819999999968
 20
-68.8449489999999997
 30
0
 11
144.2452130000000068
 21
-68.9698899999999924
 31
0
  0
LINE
  5
68B
330
22
100
AcDbEntity
  8
B.Cu
  6
CONTINUOUS
100
AcDbLine
 10
144.2452130000000068
 20
-68.9698899999999924
 30
0
 11
144.0948899999999924
 21
-69.1202129999999926
 31
0
  0
LINE
  5
68C
330
22
100
AcDbEntity
  8
B.Cu
  6
CONTINUOUS
100
AcDbLine
 10
144.0948899999999924
 20
-69.1202129999999926
 30
0
 11
143.9699509999999805
 21
-69.2921789999999902
 31
0
  0
LINE
  5
68D
330
22
100
AcDbEntity
  8
B.Cu
  6
CONTINUOUS
100
AcDbLine
 10
143.9699509999999805
 20
-69.2921789999999902
 30
0
 11
143.8734440000000063
 21
-69.4815849999999955
 31
0
  0
LINE
  5
68E
330
22
100
AcDbEntity
  8
B.Cu
  6
CONTINUOUS
100
AcDbLine
 10
143.8734440000000063
 20
-69.4815849999999955
 30
0
 11
143.8077529999999911
 21
-69.6837599999999924
 31
0
  0
LINE
  5
68F
330
22
100
AcDbEntity
  8
B.Cu
  6
CONTINUOUS
100
AcDbLine
 10
143.8077529999999911
 20
-69.6837599999999924
 30
0
 11
143.7797139999999843
 21
-69.860793000000001
 31
0
  0
LINE
  5
690
330
22
100
AcDbEntity
  8
B.Cu
  6
CONTINUOUS
100
AcDbLine
 10
143.7797139999999843
 20
-69.860793000000001
 30
0
 11
143.7744999999999891
 21
-69.8937129999999911
 31
0
  0
LINE
  5
691
330
22
100
AcDbEntity
  8
B.Cu
  6
CONTINUOUS
100
AcDbLine
 10
143.7744999999999891
 20
-69.8937129999999911
 30
0
 11
143.7744999999999891
 21
-70.1062869999999947
 31
0
  0
LINE
  5
692
330
22
100
AcDbEntity
  8
B.Cu
  6
CONTINUOUS
100
AcDbLine
 10
143.7744999999999891
 20
-70.1062869999999947
 30
0
 11
143.8077539999999885
 21
-70.3162430000000001
 31
0
  0
LINE
  5
693
330
22
100
AcDbEntity
  8
B.Cu
  6
CONTINUOUS
100
AcDbLine
 10
143.8077539999999885
 20
-70.3162430000000001
 30
0
 11
143.8554609999999911
 21
-70.4630700000000019
 31
0
  0
LINE
  5
694
330
22
100
AcDbEntity
  8
B.Cu
  6
CONTINUOUS
100
AcDbLine
 10
143.8554609999999911
 20
-70.4630700000000019
 30
0
 11
143.8734440000000063
 21
-70.5184139999999928
 31
0
  0
LINE
  5
695
330
22
100
AcDbEntity
  8
B.Cu
  6
CONTINUOUS
100
AcDbLine
 10
143.8734440000000063
 20
-70.5184139999999928
 30
0
 11
143.9699509999999805
 21
-70.7078199999999981
 31
0
  0
LINE
  5
696
330
22
100
AcDbEntity
  8
B.Cu
  6
CONTINUOUS
100
AcDbLine
 10
143.9699509999999805
 20
-70.7078199999999981
 30
0
 11
144.0948899999999924
 21
-70.8797859999999957
 31
0
  0
LINE
  5
697
330
22
100
AcDbEntity
  8
B.Cu
  6
CONTINUOUS
100
AcDbLine
 10
144.0948899999999924
 20
-70.8797859999999957
 30
0
 11
144.2452130000000068
 21
-71.0301089999999959
 31
0
  0
LINE
  5
698
330
22
100
AcDbEntity
  8
B.Cu
  6
CONTINUOUS
100
AcDbLine
 10
144.2452130000000068
 20
-71.0301089999999959
 30
0
 11
144.4171819999999968
 21
-71.1550500000000028
 31
0
  0
LINE
  5
699
330
22
100
AcDbEntity
  8
B.Cu
  6
CONTINUOUS
100
AcDbLine
 10
144.4171819999999968
 20
-71.1550500000000028
 30
0
 11
144.4522680000000037
 21
-71.1729270000000014
 31
0
  0
LINE
  5
69A
330
22
100
AcDbEntity
  8
B.Cu
  6
CONTINUOUS
100
AcDbLine
 10
144.4522680000000037
 20
-71.1729270000000014
 30
0
 11
144.5030639999999948
 21
-71.2209000000000003
 31
0
  0
LINE
  5
69B
330
22
100
AcDbEntity
  8
B.Cu
  6
CONTINUOUS
100
AcDbLine
 10
144.5030639999999948
 20
-71.2209000000000003
 30
0
 11
144.5198599999999942
 21
-71.2887209999999953
 31
0
  0
LINE
  5
69C
330
22
100
AcDbEntity
  8
B.Cu
  6
CONTINUOUS
100
AcDbLine
 10
144.5198599999999942
 20
-71.2887209999999953
 30
0
 11
144.4973229999999944
 21
-71.3548559999999981
 31
0
  0
LINE
  5
69D
330
22
100
AcDbEntity
  8
B.Cu
  6
CONTINUOUS
100
AcDbLine
 10
144.4973229999999944
 20
-71.3548559999999981
 30
0
 11
144.4688589999999806
 21
-71.3837299999999999
 31
0
  0
LINE
  5
69E
330
22
100
AcDbEntity
  8
B.Cu
  6
CONTINUOUS
100
AcDbLine
 10
144.4688589999999806
 20
-71.3837299999999999
 30
0
 11
144.2952139999999872
 21
-71.5098899999999986
 31
0
  0
LINE
  5
69F
330
22
100
AcDbEntity
  8
B.Cu
  6
CONTINUOUS
100
AcDbLine
 10
144.2952139999999872
 20
-71.5098899999999986
 30
0
 11
144.2952089999999998
 21
-71.5098940000000027
 31
0
  0
LINE
  5
6A0
330
22
100
AcDbEntity
  8
B.Cu
  6
CONTINUOUS
100
AcDbLine
 10
144.2952089999999998
 20
-71.5098940000000027
 30
0
 11
144.1448900000000037
 21
-71.6602129999999988
 31
0
  0
LINE
  5
6A1
330
22
100
AcDbEntity
  8
B.Cu
  6
CONTINUOUS
100
AcDbLine
 10
144.1448900000000037
 20
-71.6602129999999988
 30
0
 11
144.0199509999999918
 21
-71.8321789999999964
 31
0
  0
LINE
  5
6A2
330
22
100
AcDbEntity
  8
B.Cu
  6
CONTINUOUS
100
AcDbLine
 10
144.0199509999999918
 20
-71.8321789999999964
 30
0
 11
143.9234439999999893
 21
-72.0215850000000017
 31
0
  0
LINE
  5
6A3
330
22
100
AcDbEntity
  8
B.Cu
  6
CONTINUOUS
100
AcDbLine
 10
143.9234439999999893
 20
-72.0215850000000017
 30
0
 11
143.8577530000000024
 21
-72.2237599999999986
 31
0
  0
LINE
  5
6A4
330
22
100
AcDbEntity
  8
B.Cu
  6
CONTINUOUS
100
AcDbLine
 10
143.8577530000000024
 20
-72.2237599999999986
 30
0
 11
143.8375419999999849
 21
-72.3513679999999937
 31
0
  0
LINE
  5
6A5
330
22
100
AcDbEntity
  8
B.Cu
  6
CONTINUOUS
100
AcDbLine
 10
143.8375419999999849
 20
-72.3513679999999937
 30
0
 11
143.8245000000000005
 21
-72.4337129999999974
 31
0
  0
LINE
  5
6A6
330
22
100
AcDbEntity
  8
B.Cu
  6
CONTINUOUS
100
AcDbLine
 10
143.8245000000000005
 20
-72.4337129999999974
 30
0
 11
143.8245000000000005
 21
-72.6462870000000009
 31
0
  0
LINE
  5
6A7
330
22
100
AcDbEntity
  8
B.Cu
  6
CONTINUOUS
100
AcDbLine
 10
143.8245000000000005
 20
-72.6462870000000009
 30
0
 11
143.8577539999999999
 21
-72.8562429999999921
 31
0
  0
LINE
  5
6A8
330
22
100
AcDbEntity
  8
B.Cu
  6
CONTINUOUS
100
AcDbLine
 10
143.8577539999999999
 20
-72.8562429999999921
 30
0
 11
143.8971559999999954
 21
-72.9775099999999952
 31
0
  0
LINE
  5
6A9
330
22
100
AcDbEntity
  8
B.Cu
  6
CONTINUOUS
100
AcDbLine
 10
143.8971559999999954
 20
-72.9775099999999952
 30
0
 11
143.9234439999999893
 21
-73.0584139999999991
 31
0
  0
LINE
  5
6AA
330
22
100
AcDbEntity
  8
B.Cu
  6
CONTINUOUS
100
AcDbLine
 10
143.9234439999999893
 20
-73.0584139999999991
 30
0
 11
144.0199509999999918
 21
-73.2478199999999902
 31
0
  0
LINE
  5
6AB
330
22
100
AcDbEntity
  8
B.Cu
  6
CONTINUOUS
100
AcDbLine
 10
144.0199509999999918
 20
-73.2478199999999902
 30
0
 11
144.1448900000000037
 21
-73.419786000000002
 31
0
  0
LINE
  5
6AC
330
22
100
AcDbEntity
  8
B.Cu
  6
CONTINUOUS
100
AcDbLine
 10
144.1448900000000037
 20
-73.419786000000002
 30
0
 11
144.2952129999999897
 21
-73.5701090000000022
 31
0
  0
LINE
  5
6AD
330
22
100
AcDbEntity
  8
B.Cu
  6
CONTINUOUS
100
AcDbLine
 10
144.2952129999999897
 20
-73.5701090000000022
 30
0
 11
144.4671819999999798
 21
-73.6950499999999948
 31
0
  0
LINE
  5
6AE
330
22
100
AcDbEntity
  8
B.Cu
  6
CONTINUOUS
100
AcDbLine
 10
144.4671819999999798
 20
-73.6950499999999948
 30
0
 11
144.4759459999999933
 21
-73.6995160000000027
 31
0
  0
LINE
  5
6AF
330
22
100
AcDbEntity
  8
B.Cu
  6
CONTINUOUS
100
AcDbLine
 10
144.4759459999999933
 20
-73.6995160000000027
 30
0
 11
144.5267419999999845
 21
-73.7474909999999966
 31
0
  0
LINE
  5
6B0
330
22
100
AcDbEntity
  8
B.Cu
  6
CONTINUOUS
100
AcDbLine
 10
144.5267419999999845
 20
-73.7474909999999966
 30
0
 11
144.5435359999999889
 21
-73.8153119999999916
 31
0
  0
LINE
  5
6B1
330
22
100
AcDbEntity
  8
B.Cu
  6
CONTINUOUS
100
AcDbLine
 10
144.5435359999999889
 20
-73.8153119999999916
 30
0
 11
144.5209979999999916
 21
-73.8814469999999943
 31
0
  0
LINE
  5
6B2
330
22
100
AcDbEntity
  8
B.Cu
  6
CONTINUOUS
100
AcDbLine
 10
144.5209979999999916
 20
-73.8814469999999943
 30
0
 11
144.4759459999999933
 21
-73.9204840000000019
 31
0
  0
LINE
  5
6B3
330
22
100
AcDbEntity
  8
B.Cu
  6
CONTINUOUS
100
AcDbLine
 10
144.4759459999999933
 20
-73.9204840000000019
 30
0
 11
144.4671819999999798
 21
-73.924948999999998
 31
0
  0
LINE
  5
6B4
330
22
100
AcDbEntity
  8
B.Cu
  6
CONTINUOUS
100
AcDbLine
 10
144.4671819999999798
 20
-73.924948999999998
 30
0
 11
144.2952129999999897
 21
-74.0498899999999907
 31
0
  0
LINE
  5
6B5
330
22
100
AcDbEntity
  8
B.Cu
  6
CONTINUOUS
100
AcDbLine
 10
144.2952129999999897
 20
-74.0498899999999907
 30
0
 11
144.1448900000000037
 21
-74.2002129999999909
 31
0
  0
LINE
  5
6B6
330
22
100
AcDbEntity
  8
B.Cu
  6
CONTINUOUS
100
AcDbLine
 10
144.1448900000000037
 20
-74.2002129999999909
 30
0
 11
144.0199509999999918
 21
-74.3721790000000027
 31
0
  0
LINE
  5
6B7
330
22
100
AcDbEntity
  8
B.Cu
  6
CONTINUOUS
100
AcDbLine
 10
144.0199509999999918
 20
-74.3721790000000027
 30
0
 11
143.9234439999999893
 21
-74.5615849999999938
 31
0
  0
LINE
  5
6B8
330
22
100
AcDbEntity
  8
B.Cu
  6
CONTINUOUS
100
AcDbLine
 10
143.9234439999999893
 20
-74.5615849999999938
 30
0
 11
143.8577530000000024
 21
-74.7637599999999907
 31
0
  0
LINE
  5
6B9
330
22
100
AcDbEntity
  8
B.Cu
  6
CONTINUOUS
100
AcDbLine
 10
143.8577530000000024
 20
-74.7637599999999907
 30
0
 11
143.8245000000000005
 21
-74.9737130000000036
 31
0
  0
LINE
  5
6BA
330
22
100
AcDbEntity
  8
B.Cu
  6
CONTINUOUS
100
AcDbLine
 10
143.8245000000000005
 20
-74.9737130000000036
 30
0
 11
143.8245000000000005
 21
-75.1862859999999955
 31
0
  0
LINE
  5
6BB
330
22
100
AcDbEntity
  8
B.Cu
  6
CONTINUOUS
100
AcDbLine
 10
143.8245000000000005
 20
-75.1862859999999955
 30
0
 11
143.8577530000000024
 21
-75.3962389999999942
 31
0
  0
LINE
  5
6BC
330
22
100
AcDbEntity
  8
B.Cu
  6
CONTINUOUS
100
AcDbLine
 10
143.8577530000000024
 20
-75.3962389999999942
 30
0
 11
143.9234439999999893
 21
-75.5984139999999911
 31
0
  0
LINE
  5
6BD
330
22
100
AcDbEntity
  8
B.Cu
  6
CONTINUOUS
100
AcDbLine
 10
143.9234439999999893
 20
-75.5984139999999911
 30
0
 11
144.0199509999999918
 21
-75.7878199999999964
 31
0
  0
LINE
  5
6BE
330
22
100
AcDbEntity
  8
B.Cu
  6
CONTINUOUS
100
AcDbLine
 10
144.0199509999999918
 20
-75.7878199999999964
 30
0
 11
144.1448900000000037
 21
-75.959785999999994
 31
0
  0
LINE
  5
6BF
330
22
100
AcDbEntity
  8
B.Cu
  6
CONTINUOUS
100
AcDbLine
 10
144.1448900000000037
 20
-75.959785999999994
 30
0
 11
144.2952129999999897
 21
-76.1101089999999942
 31
0
  0
LINE
  5
6C0
330
22
100
AcDbEntity
  8
B.Cu
  6
CONTINUOUS
100
AcDbLine
 10
144.2952129999999897
 20
-76.1101089999999942
 30
0
 11
144.4671819999999798
 21
-76.2350500000000011
 31
0
  0
LINE
  5
6C1
330
22
100
AcDbEntity
  8
B.Cu
  6
CONTINUOUS
100
AcDbLine
 10
144.4671819999999798
 20
-76.2350500000000011
 30
0
 11
144.4759459999999933
 21
-76.2395159999999947
 31
0
  0
LINE
  5
6C2
330
22
100
AcDbEntity
  8
B.Cu
  6
CONTINUOUS
100
AcDbLine
 10
144.4759459999999933
 20
-76.2395159999999947
 30
0
 11
144.5267419999999845
 21
-76.2874910000000028
 31
0
  0
LINE
  5
6C3
330
22
100
AcDbEntity
  8
B.Cu
  6
CONTINUOUS
100
AcDbLine
 10
144.5267419999999845
 20
-76.2874910000000028
 30
0
 11
144.5435359999999889
 21
-76.3553119999999979
 31
0
  0
LINE
  5
6C4
330
22
100
AcDbEntity
  8
B.Cu
  6
CONTINUOUS
100
AcDbLine
 10
144.5435359999999889
 20
-76.3553119999999979
 30
0
 11
144.5209979999999916
 21
-76.4214470000000006
 31
0
  0
LINE
  5
6C5
330
22
100
AcDbEntity
  8
B.Cu
  6
CONTINUOUS
100
AcDbLine
 10
144.5209979999999916
 20
-76.4214470000000006
 30
0
 11
144.4759459999999933
 21
-76.4604839999999939
 31
0
  0
LINE
  5
6C6
330
22
100
AcDbEntity
  8
B.Cu
  6
CONTINUOUS
100
AcDbLine
 10
144.4759459999999933
 20
-76.4604839999999939
 30
0
 11
144.4671819999999798
 21
-76.4649489999999901
 31
0
  0
LINE
  5
6C7
330
22
100
AcDbEntity
  8
B.Cu
  6
CONTINUOUS
100
AcDbLine
 10
144.4671819999999798
 20
-76.4649489999999901
 30
0
 11
144.2952129999999897
 21
-76.5898899999999969
 31
0
  0
LINE
  5
6C8
330
22
100
AcDbEntity
  8
B.Cu
  6
CONTINUOUS
100
AcDbLine
 10
144.2952129999999897
 20
-76.5898899999999969
 30
0
 11
144.1448900000000037
 21
-76.7402129999999971
 31
0
  0
LINE
  5
6C9
330
22
100
AcDbEntity
  8
B.Cu
  6
CONTINUOUS
100
AcDbLine
 10
144.1448900000000037
 20
-76.7402129999999971
 30
0
 11
144.0199509999999918
 21
-76.9121789999999947
 31
0
  0
LINE
  5
6CA
330
22
100
AcDbEntity
  8
B.Cu
  6
CONTINUOUS
100
AcDbLine
 10
144.0199509999999918
 20
-76.9121789999999947
 30
0
 11
143.9234439999999893
 21
-77.101585
 31
0
  0
LINE
  5
6CB
330
22
100
AcDbEntity
  8
B.Cu
  6
CONTINUOUS
100
AcDbLine
 10
143.9234439999999893
 20
-77.101585
 30
0
 11
143.8577530000000024
 21
-77.3037599999999969
 31
0
  0
LINE
  5
6CC
330
22
100
AcDbEntity
  8
B.Cu
  6
CONTINUOUS
100
AcDbLine
 10
143.8577530000000024
 20
-77.3037599999999969
 30
0
 11
143.8245000000000005
 21
-77.5137129999999956
 31
0
  0
LINE
  5
6CD
330
22
100
AcDbEntity
  8
B.Cu
  6
CONTINUOUS
100
AcDbLine
 10
143.8245000000000005
 20
-77.5137129999999956
 30
0
 11
143.8245000000000005
 21
-77.7262860000000018
 31
0
  0
LINE
  5
6CE
330
22
100
AcDbEntity
  8
B.Cu
  6
CONTINUOUS
100
AcDbLine
 10
143.8245000000000005
 20
-77.7262860000000018
 30
0
 11
143.8577530000000024
 21
-77.9362390000000005
 31
0
  0
LINE
  5
6CF
330
22
100
AcDbEntity
  8
B.Cu
  6
CONTINUOUS
100
AcDbLine
 10
143.8577530000000024
 20
-77.9362390000000005
 30
0
 11
143.9234439999999893
 21
-78.1384139999999974
 31
0
  0
LINE
  5
6D0
330
22
100
AcDbEntity
  8
B.Cu
  6
CONTINUOUS
100
AcDbLine
 10
143.9234439999999893
 20
-78.1384139999999974
 30
0
 11
144.0199509999999918
 21
-78.3278200000000027
 31
0
  0
LINE
  5
6D1
330
22
100
AcDbEntity
  8
B.Cu
  6
CONTINUOUS
100
AcDbLine
 10
144.0199509999999918
 20
-78.3278200000000027
 30
0
 11
144.1448900000000037
 21
-78.4997860000000003
 31
0
  0
LINE
  5
6D2
330
22
100
AcDbEntity
  8
B.Cu
  6
CONTINUOUS
100
AcDbLine
 10
144.1448900000000037
 20
-78.4997860000000003
 30
0
 11
144.2952129999999897
 21
-78.6501090000000005
 31
0
  0
LINE
  5
6D3
330
22
100
AcDbEntity
  8
B.Cu
  6
CONTINUOUS
100
AcDbLine
 10
144.2952129999999897
 20
-78.6501090000000005
 30
0
 11
144.4671789999999874
 21
-78.7750479999999982
 31
0
  0
LINE
  5
6D4
330
22
100
AcDbEntity
  8
B.Cu
  6
CONTINUOUS
100
AcDbLine
 10
144.4671789999999874
 20
-78.7750479999999982
 30
0
 11
144.4671809999999823
 21
-78.7750489999999957
 31
0
  0
LINE
  5
6D5
330
22
100
AcDbEntity
  8
B.Cu
  6
CONTINUOUS
100
AcDbLine
 10
144.4671809999999823
 20
-78.7750489999999957
 30
0
 11
144.4671840000000032
 21
-78.7750509999999906
 31
0
  0
LINE
  5
6D6
330
22
100
AcDbEntity
  8
B.Cu
  6
CONTINUOUS
100
AcDbLine
 10
144.4671840000000032
 20
-78.7750509999999906
 30
0
 11
144.6565879999999993
 21
-78.8715569999999957
 31
0
  0
LINE
  5
6D7
330
22
100
AcDbEntity
  8
B.Cu
  6
CONTINUOUS
100
AcDbLine
 10
144.6565879999999993
 20
-78.8715569999999957
 30
0
 11
144.8587569999999971
 21
-78.9372460000000018
 31
0
  0
LINE
  5
6D8
330
22
100
AcDbEntity
  8
B.Cu
  6
CONTINUOUS
100
AcDbLine
 10
144.8587569999999971
 20
-78.9372460000000018
 30
0
 11
145.0687130000000025
 21
-78.9705000000000013
 31
0
  0
LINE
  5
6D9
330
22
100
AcDbEntity
  8
B.Cu
  6
CONTINUOUS
100
AcDbLine
 10
145.0687130000000025
 20
-78.9705000000000013
 30
0
 11
145.0687139999999999
 21
-78.9705000000000013
 31
0
  0
LINE
  5
6DA
330
22
100
AcDbEntity
  8
B.Cu
  6
CONTINUOUS
100
AcDbLine
 10
145.0687139999999999
 20
-78.9705000000000013
 30
0
 11
147.1812860000000001
 21
-78.9705000000000013
 31
0
  0
LINE
  5
6DB
330
22
100
AcDbEntity
  8
B.Cu
  6
CONTINUOUS
100
AcDbLine
 10
147.1812860000000001
 20
-78.9705000000000013
 30
0
 11
147.1812869999999975
 21
-78.9705000000000013
 31
0
  0
LINE
  5
6DC
330
22
100
AcDbEntity
  8
B.Cu
  6
CONTINUOUS
100
AcDbLine
 10
147.1812869999999975
 20
-78.9705000000000013
 30
0
 11
147.3912430000000029
 21
-78.9372460000000018
 31
0
  0
LINE
  5
6DD
330
22
100
AcDbEntity
  8
B.Cu
  6
CONTINUOUS
100
AcDbLine
 10
147.3912430000000029
 20
-78.9372460000000018
 30
0
 11
147.5934120000000007
 21
-78.8715569999999957
 31
0
  0
LINE
  5
6DE
330
22
100
AcDbEntity
  8
B.Cu
  6
CONTINUOUS
100
AcDbLine
 10
147.5934120000000007
 20
-78.8715569999999957
 30
0
 11
147.7828159999999968
 21
-78.7750509999999906
 31
0
  0
LINE
  5
6DF
330
22
100
AcDbEntity
  8
B.Cu
  6
CONTINUOUS
100
AcDbLine
 10
147.7828159999999968
 20
-78.7750509999999906
 30
0
 11
147.8047889999999995
 21
-78.7590859999999964
 31
0
  0
LINE
  5
6E0
330
22
100
AcDbEntity
  8
B.Cu
  6
CONTINUOUS
100
AcDbLine
 10
147.8047889999999995
 20
-78.7590859999999964
 30
0
 11
147.9547859999999844
 21
-78.6501090000000005
 31
0
  0
LINE
  5
6E1
330
22
100
AcDbEntity
  8
B.Cu
  6
CONTINUOUS
100
AcDbLine
 10
147.9547859999999844
 20
-78.6501090000000005
 30
0
 11
147.9547879999999793
 21
-78.6501059999999939
 31
0
  0
LINE
  5
6E2
330
22
100
AcDbEntity
  8
B.Cu
  6
CONTINUOUS
100
AcDbLine
 10
147.9547879999999793
 20
-78.6501059999999939
 30
0
 11
147.9547919999999976
 21
-78.6501039999999989
 31
0
  0
LINE
  5
6E3
330
22
100
AcDbEntity
  8
B.Cu
  6
CONTINUOUS
100
AcDbLine
 10
147.9547919999999976
 20
-78.6501039999999989
 30
0
 11
148.105103999999983
 21
-78.4997919999999993
 31
0
  0
LINE
  5
6E4
330
22
100
AcDbEntity
  8
B.Cu
  6
CONTINUOUS
100
AcDbLine
 10
148.105103999999983
 20
-78.4997919999999993
 30
0
 11
148.1051060000000064
 21
-78.4997879999999952
 31
0
  0
LINE
  5
6E5
330
22
100
AcDbEntity
  8
B.Cu
  6
CONTINUOUS
100
AcDbLine
 10
148.1051060000000064
 20
-78.4997879999999952
 30
0
 11
148.1051089999999988
 21
-78.4997860000000003
 31
0
  0
LINE
  5
6E6
330
22
100
AcDbEntity
  8
B.Cu
  6
CONTINUOUS
100
AcDbLine
 10
148.1051089999999988
 20
-78.4997860000000003
 30
0
 11
148.2300479999999823
 21
-78.3278200000000027
 31
0
  0
LINE
  5
6E7
330
22
100
AcDbEntity
  8
B.Cu
  6
CONTINUOUS
100
AcDbLine
 10
148.2300479999999823
 20
-78.3278200000000027
 30
0
 11
148.2300469999999848
 21
-78.3278200000000027
 31
0
  0
LINE
  5
6E8
330
22
100
AcDbEntity
  8
B.Cu
  6
CONTINUOUS
100
AcDbLine
 10
148.2300469999999848
 20
-78.3278200000000027
 30
0
 11
148.2300510000000031
 21
-78.3278159999999986
 31
0
  0
LINE
  5
6E9
330
22
100
AcDbEntity
  8
B.Cu
  6
CONTINUOUS
100
AcDbLine
 10
148.2300510000000031
 20
-78.3278159999999986
 30
0
 11
148.3265569999999798
 21
-78.1384120000000024
 31
0
  0
LINE
  5
6EA
330
22
100
AcDbEntity
  8
B.Cu
  6
CONTINUOUS
100
AcDbLine
 10
148.3265569999999798
 20
-78.1384120000000024
 30
0
 11
148.3922460000000001
 21
-77.9362429999999904
 31
0
  0
LINE
  5
6EB
330
22
100
AcDbEntity
  8
B.Cu
  6
CONTINUOUS
100
AcDbLine
 10
148.3922460000000001
 20
-77.9362429999999904
 30
0
 11
148.4254999999999995
 21
-77.7262869999999992
 31
0
  0
LINE
  5
6EC
330
22
100
AcDbEntity
  8
B.Cu
  6
CONTINUOUS
100
AcDbLine
 10
148.4254999999999995
 20
-77.7262869999999992
 30
0
 11
148.4254999999999995
 21
-77.5137129999999956
 31
0
  0
LINE
  5
6ED
330
22
100
AcDbEntity
  8
B.Cu
  6
CONTINUOUS
100
AcDbLine
 10
148.4254999999999995
 20
-77.5137129999999956
 30
0
 11
148.3922460000000001
 21
-77.3037569999999903
 31
0
  0
LINE
  5
6EE
330
22
100
AcDbEntity
  8
B.Cu
  6
CONTINUOUS
100
AcDbLine
 10
148.3922460000000001
 20
-77.3037569999999903
 30
0
 11
148.3265569999999798
 21
-77.1015879999999925
 31
0
  0
LINE
  5
6EF
330
22
100
AcDbEntity
  8
B.Cu
  6
CONTINUOUS
100
AcDbLine
 10
148.3265569999999798
 20
-77.1015879999999925
 30
0
 11
148.2300510000000031
 21
-76.9121839999999963
 31
0
  0
LINE
  5
6F0
330
22
100
AcDbEntity
  8
B.Cu
  6
CONTINUOUS
100
AcDbLine
 10
148.2300510000000031
 20
-76.9121839999999963
 30
0
 11
148.2300489999999797
 21
-76.9121809999999897
 31
0
  0
LINE
  5
6F1
330
22
100
AcDbEntity
  8
B.Cu
  6
CONTINUOUS
100
AcDbLine
 10
148.2300489999999797
 20
-76.9121809999999897
 30
0
 11
148.2300479999999823
 21
-76.9121789999999947
 31
0
  0
LINE
  5
6F2
330
22
100
AcDbEntity
  8
B.Cu
  6
CONTINUOUS
100
AcDbLine
 10
148.2300479999999823
 20
-76.9121789999999947
 30
0
 11
148.1051089999999988
 21
-76.7402129999999971
 31
0
  0
LINE
  5
6F3
330
22
100
AcDbEntity
  8
B.Cu
  6
CONTINUOUS
100
AcDbLine
 10
148.1051089999999988
 20
-76.7402129999999971
 30
0
 11
147.9547859999999844
 21
-76.5898899999999969
 31
0
  0
LINE
  5
6F4
330
22
100
AcDbEntity
  8
B.Cu
  6
CONTINUOUS
100
AcDbLine
 10
147.9547859999999844
 20
-76.5898899999999969
 30
0
 11
147.7828199999999867
 21
-76.4649509999999992
 31
0
  0
LINE
  5
6F5
330
22
100
AcDbEntity
  8
B.Cu
  6
CONTINUOUS
100
AcDbLine
 10
147.7828199999999867
 20
-76.4649509999999992
 30
0
 11
147.7821150000000046
 21
-76.4645909999999986
 31
0
  0
LINE
  5
6F6
330
22
100
AcDbEntity
  8
B.Cu
  6
CONTINUOUS
100
AcDbLine
 10
147.7821150000000046
 20
-76.4645909999999986
 30
0
 11
147.7740540000000067
 21
-76.4604849999999914
 31
0
  0
LINE
  5
6F7
330
22
100
AcDbEntity
  8
B.Cu
  6
CONTINUOUS
100
AcDbLine
 10
147.7740540000000067
 20
-76.4604849999999914
 30
0
 11
147.7232589999999846
 21
-76.4125119999999924
 31
0
  0
LINE
  5
6F8
330
22
100
AcDbEntity
  8
B.Cu
  6
CONTINUOUS
100
AcDbLine
 10
147.7232589999999846
 20
-76.4125119999999924
 30
0
 11
147.7064629999999852
 21
-76.3446919999999949
 31
0
  0
LINE
  5
6F9
330
22
100
AcDbEntity
  8
B.Cu
  6
CONTINUOUS
100
AcDbLine
 10
147.7064629999999852
 20
-76.3446919999999949
 30
0
 11
147.7289989999999875
 21
-76.2785559999999947
 31
0
  0
LINE
  5
6FA
330
22
100
AcDbEntity
  8
B.Cu
  6
CONTINUOUS
100
AcDbLine
 10
147.7289989999999875
 20
-76.2785559999999947
 30
0
 11
147.7740540000000067
 21
-76.2395149999999973
 31
0
  0
LINE
  5
6FB
330
22
100
AcDbEntity
  8
B.Cu
  6
CONTINUOUS
100
AcDbLine
 10
147.7740540000000067
 20
-76.2395149999999973
 30
0
 11
147.7828159999999968
 21
-76.2350509999999986
 31
0
  0
LINE
  5
6FC
330
22
100
AcDbEntity
  8
B.Cu
  6
CONTINUOUS
100
AcDbLine
 10
147.7828159999999968
 20
-76.2350509999999986
 30
0
 11
147.820762000000002
 21
-76.2074819999999988
 31
0
  0
LINE
  5
6FD
330
22
100
AcDbEntity
  8
B.Cu
  6
CONTINUOUS
100
AcDbLine
 10
147.820762000000002
 20
-76.2074819999999988
 30
0
 11
147.9547859999999844
 21
-76.1101089999999942
 31
0
  0
LINE
  5
6FE
330
22
100
AcDbEntity
  8
B.Cu
  6
CONTINUOUS
100
AcDbLine
 10
147.9547859999999844
 20
-76.1101089999999942
 30
0
 11
147.9547879999999793
 21
-76.1101060000000018
 31
0
  0
LINE
  5
6FF
330
22
100
AcDbEntity
  8
B.Cu
  6
CONTINUOUS
100
AcDbLine
 10
147.9547879999999793
 20
-76.1101060000000018
 30
0
 11
147.9547919999999976
 21
-76.1101039999999927
 31
0
  0
LINE
  5
700
330
22
100
AcDbEntity
  8
B.Cu
  6
CONTINUOUS
100
AcDbLine
 10
147.9547919999999976
 20
-76.1101039999999927
 30
0
 11
148.105103999999983
 21
-75.9597919999999931
 31
0
  0
LINE
  5
701
330
22
100
AcDbEntity
  8
B.Cu
  6
CONTINUOUS
100
AcDbLine
 10
148.105103999999983
 20
-75.9597919999999931
 30
0
 11
148.1051060000000064
 21
-75.9597880000000032
 31
0
  0
LINE
  5
702
330
22
100
AcDbEntity
  8
B.Cu
  6
CONTINUOUS
100
AcDbLine
 10
148.1051060000000064
 20
-75.9597880000000032
 30
0
 11
148.1051089999999988
 21
-75.959785999999994
 31
0
  0
LINE
  5
703
330
22
100
AcDbEntity
  8
B.Cu
  6
CONTINUOUS
100
AcDbLine
 10
148.1051089999999988
 20
-75.959785999999994
 30
0
 11
148.2300479999999823
 21
-75.7878199999999964
 31
0
  0
LINE
  5
704
330
22
100
AcDbEntity
  8
B.Cu
  6
CONTINUOUS
100
AcDbLine
 10
148.2300479999999823
 20
-75.7878199999999964
 30
0
 11
148.2300469999999848
 21
-75.7878199999999964
 31
0
  0
LINE
  5
705
330
22
100
AcDbEntity
  8
B.Cu
  6
CONTINUOUS
100
AcDbLine
 10
148.2300469999999848
 20
-75.7878199999999964
 30
0
 11
148.2300510000000031
 21
-75.7878159999999923
 31
0
  0
LINE
  5
706
330
22
100
AcDbEntity
  8
B.Cu
  6
CONTINUOUS
100
AcDbLine
 10
148.2300510000000031
 20
-75.7878159999999923
 30
0
 11
148.3265569999999798
 21
-75.5984119999999962
 31
0
  0
LINE
  5
707
330
22
100
AcDbEntity
  8
B.Cu
  6
CONTINUOUS
100
AcDbLine
 10
148.3265569999999798
 20
-75.5984119999999962
 30
0
 11
148.3922460000000001
 21
-75.3962429999999983
 31
0
  0
LINE
  5
708
330
22
100
AcDbEntity
  8
B.Cu
  6
CONTINUOUS
100
AcDbLine
 10
148.3922460000000001
 20
-75.3962429999999983
 30
0
 11
148.4254999999999995
 21
-75.186286999999993
 31
0
  0
LINE
  5
709
330
22
100
AcDbEntity
  8
B.Cu
  6
CONTINUOUS
100
AcDbLine
 10
148.4254999999999995
 20
-75.186286999999993
 30
0
 11
148.4254999999999995
 21
-74.9737130000000036
 31
0
  0
LINE
  5
70A
330
22
100
AcDbEntity
  8
B.Cu
  6
CONTINUOUS
100
AcDbLine
 10
148.4254999999999995
 20
-74.9737130000000036
 30
0
 11
148.3922460000000001
 21
-74.7637569999999982
 31
0
  0
LINE
  5
70B
330
22
100
AcDbEntity
  8
B.Cu
  6
CONTINUOUS
100
AcDbLine
 10
148.3922460000000001
 20
-74.7637569999999982
 30
0
 11
148.3265569999999798
 21
-74.5615880000000004
 31
0
  0
LINE
  5
70C
330
22
100
AcDbEntity
  8
B.Cu
  6
CONTINUOUS
100
AcDbLine
 10
148.3265569999999798
 20
-74.5615880000000004
 30
0
 11
148.2300510000000031
 21
-74.3721839999999901
 31
0
  0
LINE
  5
70D
330
22
100
AcDbEntity
  8
B.Cu
  6
CONTINUOUS
100
AcDbLine
 10
148.2300510000000031
 20
-74.3721839999999901
 30
0
 11
148.2300489999999797
 21
-74.3721809999999977
 31
0
  0
LINE
  5
70E
330
22
100
AcDbEntity
  8
B.Cu
  6
CONTINUOUS
100
AcDbLine
 10
148.2300489999999797
 20
-74.3721809999999977
 30
0
 11
148.2300479999999823
 21
-74.3721790000000027
 31
0
  0
LINE
  5
70F
330
22
100
AcDbEntity
  8
B.Cu
  6
CONTINUOUS
100
AcDbLine
 10
148.2300479999999823
 20
-74.3721790000000027
 30
0
 11
148.1051089999999988
 21
-74.2002129999999909
 31
0
  0
LINE
  5
710
330
22
100
AcDbEntity
  8
B.Cu
  6
CONTINUOUS
100
AcDbLine
 10
148.1051089999999988
 20
-74.2002129999999909
 30
0
 11
147.9547859999999844
 21
-74.0498899999999907
 31
0
  0
LINE
  5
711
330
22
100
AcDbEntity
  8
B.Cu
  6
CONTINUOUS
100
AcDbLine
 10
147.9547859999999844
 20
-74.0498899999999907
 30
0
 11
147.7828199999999867
 21
-73.924950999999993
 31
0
  0
LINE
  5
712
330
22
100
AcDbEntity
  8
B.Cu
  6
CONTINUOUS
100
AcDbLine
 10
147.7828199999999867
 20
-73.924950999999993
 30
0
 11
147.7821150000000046
 21
-73.9245909999999924
 31
0
  0
LINE
  5
713
330
22
100
AcDbEntity
  8
B.Cu
  6
CONTINUOUS
100
AcDbLine
 10
147.7821150000000046
 20
-73.9245909999999924
 30
0
 11
147.7740540000000067
 21
-73.9204849999999993
 31
0
  0
LINE
  5
714
330
22
100
AcDbEntity
  8
B.Cu
  6
CONTINUOUS
100
AcDbLine
 10
147.7740540000000067
 20
-73.9204849999999993
 30
0
 11
147.7232589999999846
 21
-73.8725120000000004
 31
0
  0
LINE
  5
715
330
22
100
AcDbEntity
  8
B.Cu
  6
CONTINUOUS
100
AcDbLine
 10
147.7232589999999846
 20
-73.8725120000000004
 30
0
 11
147.7064629999999852
 21
-73.8046920000000028
 31
0
  0
LINE
  5
716
330
22
100
AcDbEntity
  8
B.Cu
  6
CONTINUOUS
100
AcDbLine
 10
147.7064629999999852
 20
-73.8046920000000028
 30
0
 11
147.7289989999999875
 21
-73.7385560000000027
 31
0
  0
LINE
  5
717
330
22
100
AcDbEntity
  8
B.Cu
  6
CONTINUOUS
100
AcDbLine
 10
147.7289989999999875
 20
-73.7385560000000027
 30
0
 11
147.7740540000000067
 21
-73.699514999999991
 31
0
  0
LINE
  5
718
330
22
100
AcDbEntity
  8
B.Cu
  6
CONTINUOUS
100
AcDbLine
 10
147.7740540000000067
 20
-73.699514999999991
 30
0
 11
147.7828159999999968
 21
-73.6950509999999923
 31
0
  0
LINE
  5
719
330
22
100
AcDbEntity
  8
B.Cu
  6
CONTINUOUS
100
AcDbLine
 10
147.7828159999999968
 20
-73.6950509999999923
 30
0
 11
147.8362850000000037
 21
-73.6562040000000025
 31
0
  0
LINE
  5
71A
330
22
100
AcDbEntity
  8
B.Cu
  6
CONTINUOUS
100
AcDbLine
 10
147.8362850000000037
 20
-73.6562040000000025
 30
0
 11
147.9547859999999844
 21
-73.5701090000000022
 31
0
  0
LINE
  5
71B
330
22
100
AcDbEntity
  8
B.Cu
  6
CONTINUOUS
100
AcDbLine
 10
147.9547859999999844
 20
-73.5701090000000022
 30
0
 11
147.9547879999999793
 21
-73.5701059999999956
 31
0
  0
LINE
  5
71C
330
22
100
AcDbEntity
  8
B.Cu
  6
CONTINUOUS
100
AcDbLine
 10
147.9547879999999793
 20
-73.5701059999999956
 30
0
 11
147.9547919999999976
 21
-73.5701040000000006
 31
0
  0
LINE
  5
71D
330
22
100
AcDbEntity
  8
B.Cu
  6
CONTINUOUS
100
AcDbLine
 10
147.9547919999999976
 20
-73.5701040000000006
 30
0
 11
148.105103999999983
 21
-73.4197920000000011
 31
0
  0
LINE
  5
71E
330
22
100
AcDbEntity
  8
B.Cu
  6
CONTINUOUS
100
AcDbLine
 10
148.105103999999983
 20
-73.4197920000000011
 30
0
 11
148.1051060000000064
 21
-73.4197879999999969
 31
0
  0
LINE
  5
71F
330
22
100
AcDbEntity
  8
B.Cu
  6
CONTINUOUS
100
AcDbLine
 10
148.1051060000000064
 20
-73.4197879999999969
 30
0
 11
148.1051089999999988
 21
-73.419786000000002
 31
0
  0
LINE
  5
720
330
22
100
AcDbEntity
  8
B.Cu
  6
CONTINUOUS
100
AcDbLine
 10
148.1051089999999988
 20
-73.419786000000002
 30
0
 11
148.2300479999999823
 21
-73.2478199999999902
 31
0
  0
LINE
  5
721
330
22
100
AcDbEntity
  8
B.Cu
  6
CONTINUOUS
100
AcDbLine
 10
148.2300479999999823
 20
-73.2478199999999902
 30
0
 11
148.2300469999999848
 21
-73.2478199999999902
 31
0
  0
LINE
  5
722
330
22
100
AcDbEntity
  8
B.Cu
  6
CONTINUOUS
100
AcDbLine
 10
148.2300469999999848
 20
-73.2478199999999902
 30
0
 11
148.2300510000000031
 21
-73.2478160000000003
 31
0
  0
LINE
  5
723
330
22
100
AcDbEntity
  8
B.Cu
  6
CONTINUOUS
100
AcDbLine
 10
148.2300510000000031
 20
-73.2478160000000003
 30
0
 11
148.3265569999999798
 21
-73.0584119999999899
 31
0
  0
LINE
  5
724
330
22
100
AcDbEntity
  8
B.Cu
  6
CONTINUOUS
100
AcDbLine
 10
148.3265569999999798
 20
-73.0584119999999899
 30
0
 11
148.3922460000000001
 21
-72.8562429999999921
 31
0
  0
LINE
  5
725
330
22
100
AcDbEntity
  8
B.Cu
  6
CONTINUOUS
100
AcDbLine
 10
148.3922460000000001
 20
-72.8562429999999921
 30
0
 11
148.4254999999999995
 21
-72.6462870000000009
 31
0
  0
LINE
  5
726
330
22
100
AcDbEntity
  8
B.Cu
  6
CONTINUOUS
100
AcDbLine
 10
148.4254999999999995
 20
-72.6462870000000009
 30
0
 11
148.4254999999999995
 21
-72.4337129999999974
 31
0
  0
LINE
  5
727
330
22
100
AcDbEntity
  8
B.Cu
  6
CONTINUOUS
100
AcDbLine
 10
148.4254999999999995
 20
-72.4337129999999974
 30
0
 11
148.3922460000000001
 21
-72.223756999999992
 31
0
  0
LINE
  5
728
330
22
100
AcDbEntity
  8
B.Cu
  6
CONTINUOUS
100
AcDbLine
 10
148.3922460000000001
 20
-72.223756999999992
 30
0
 11
148.3265569999999798
 21
-72.0215879999999942
 31
0
  0
LINE
  5
729
330
22
100
AcDbEntity
  8
B.Cu
  6
CONTINUOUS
100
AcDbLine
 10
148.3265569999999798
 20
-72.0215879999999942
 30
0
 11
148.2300510000000031
 21
-71.832183999999998
 31
0
  0
LINE
  5
72A
330
22
100
AcDbEntity
  8
B.Cu
  6
CONTINUOUS
100
AcDbLine
 10
148.2300510000000031
 20
-71.832183999999998
 30
0
 11
148.2300489999999797
 21
-71.8321809999999914
 31
0
  0
LINE
  5
72B
330
22
100
AcDbEntity
  8
B.Cu
  6
CONTINUOUS
100
AcDbLine
 10
148.2300489999999797
 20
-71.8321809999999914
 30
0
 11
148.2300479999999823
 21
-71.8321789999999964
 31
0
  0
LINE
  5
72C
330
22
100
AcDbEntity
  8
B.Cu
  6
CONTINUOUS
100
AcDbLine
 10
148.2300479999999823
 20
-71.8321789999999964
 30
0
 11
148.1051089999999988
 21
-71.6602129999999988
 31
0
  0
LINE
  5
72D
330
22
100
AcDbEntity
  8
B.Cu
  6
CONTINUOUS
100
AcDbLine
 10
148.1051089999999988
 20
-71.6602129999999988
 30
0
 11
147.9547900000000027
 21
-71.5098940000000027
 31
0
  0
LINE
  5
72E
330
22
100
AcDbEntity
  8
B.Cu
  6
CONTINUOUS
100
AcDbLine
 10
147.9547900000000027
 20
-71.5098940000000027
 30
0
 11
147.9547849999999869
 21
-71.5098899999999986
 31
0
  0
LINE
  5
72F
330
22
100
AcDbEntity
  8
B.Cu
  6
CONTINUOUS
100
AcDbLine
 10
147.9547849999999869
 20
-71.5098899999999986
 30
0
 11
147.7811399999999935
 21
-71.3837299999999999
 31
0
  0
LINE
  5
730
330
22
100
AcDbEntity
  8
B.Cu
  6
CONTINUOUS
100
AcDbLine
 10
147.7811399999999935
 20
-71.3837299999999999
 30
0
 11
147.7384739999999965
 21
-71.328400000000002
 31
0
  0
LINE
  5
731
330
22
100
AcDbEntity
  8
B.Cu
  6
CONTINUOUS
100
AcDbLine
 10
147.7384739999999965
 20
-71.328400000000002
 30
0
 11
147.7324950000000001
 21
-71.2587869999999981
 31
0
  0
LINE
  5
732
330
22
100
AcDbEntity
  8
B.Cu
  6
CONTINUOUS
100
AcDbLine
 10
147.7324950000000001
 20
-71.2587869999999981
 30
0
 11
147.7650999999999897
 21
-71.1969919999999945
 31
0
  0
LINE
  5
733
330
22
100
AcDbEntity
  8
B.Cu
  6
CONTINUOUS
100
AcDbLine
 10
147.7650999999999897
 20
-71.1969919999999945
 30
0
 11
147.7977319999999963
 21
-71.1729270000000014
 31
0
  0
LINE
  5
734
330
22
100
AcDbEntity
  8
B.Cu
  6
CONTINUOUS
100
AcDbLine
 10
147.7977319999999963
 20
-71.1729270000000014
 30
0
 11
147.8328159999999798
 21
-71.1550510000000003
 31
0
  0
LINE
  5
735
330
22
100
AcDbEntity
  8
B.Cu
  6
CONTINUOUS
100
AcDbLine
 10
147.8328159999999798
 20
-71.1550510000000003
 30
0
 11
147.8328149999999823
 21
-71.1550510000000003
 31
0
  0
LINE
  5
736
330
22
100
AcDbEntity
  8
B.Cu
  6
CONTINUOUS
100
AcDbLine
 10
147.8328149999999823
 20
-71.1550510000000003
 30
0
 11
147.8328180000000032
 21
-71.1550500000000028
 31
0
  0
LINE
  5
737
330
22
100
AcDbEntity
  8
B.Cu
  6
CONTINUOUS
100
AcDbLine
 10
147.8328180000000032
 20
-71.1550500000000028
 30
0
 11
148.0047859999999957
 21
-71.0301089999999959
 31
0
  0
LINE
  5
738
330
22
100
AcDbEntity
  8
B.Cu
  6
CONTINUOUS
100
AcDbLine
 10
148.0047859999999957
 20
-71.0301089999999959
 30
0
 11
148.0047879999999907
 21
-71.0301060000000035
 31
0
  0
LINE
  5
739
330
22
100
AcDbEntity
  8
B.Cu
  6
CONTINUOUS
100
AcDbLine
 10
148.0047879999999907
 20
-71.0301060000000035
 30
0
 11
148.0047919999999806
 21
-71.0301039999999944
 31
0
  0
LINE
  5
73A
330
22
100
AcDbEntity
  8
B.Cu
  6
CONTINUOUS
100
AcDbLine
 10
148.0047919999999806
 20
-71.0301039999999944
 30
0
 11
148.1551039999999944
 21
-70.8797919999999948
 31
0
  0
LINE
  5
73B
330
22
100
AcDbEntity
  8
B.Cu
  6
CONTINUOUS
100
AcDbLine
 10
148.1551039999999944
 20
-70.8797919999999948
 30
0
 11
148.1551059999999893
 21
-70.8797879999999907
 31
0
  0
LINE
  5
73C
330
22
100
AcDbEntity
  8
B.Cu
  6
CONTINUOUS
100
AcDbLine
 10
148.1551059999999893
 20
-70.8797879999999907
 30
0
 11
148.1551089999999817
 21
-70.8797859999999957
 31
0
  0
LINE
  5
73D
330
22
100
AcDbEntity
  8
B.Cu
  6
CONTINUOUS
100
AcDbLine
 10
148.1551089999999817
 20
-70.8797859999999957
 30
0
 11
148.2800479999999936
 21
-70.7078199999999981
 31
0
  0
LINE
  5
73E
330
22
100
AcDbEntity
  8
B.Cu
  6
CONTINUOUS
100
AcDbLine
 10
148.2800479999999936
 20
-70.7078199999999981
 30
0
 11
148.2800469999999962
 21
-70.7078199999999981
 31
0
  0
LINE
  5
73F
330
22
100
AcDbEntity
  8
B.Cu
  6
CONTINUOUS
100
AcDbLine
 10
148.2800469999999962
 20
-70.7078199999999981
 30
0
 11
148.2800509999999861
 21
-70.707815999999994
 31
0
  0
LINE
  5
740
330
22
100
AcDbEntity
  8
B.Cu
  6
CONTINUOUS
100
AcDbLine
 10
148.2800509999999861
 20
-70.707815999999994
 30
0
 11
148.3765569999999911
 21
-70.5184119999999979
 31
0
  0
LINE
  5
741
330
22
100
AcDbEntity
  8
B.Cu
  6
CONTINUOUS
100
AcDbLine
 10
148.3765569999999911
 20
-70.5184119999999979
 30
0
 11
148.442245999999983
 21
-70.3162430000000001
 31
0
  0
LINE
  5
742
330
22
100
AcDbEntity
  8
B.Cu
  6
CONTINUOUS
100
AcDbLine
 10
148.442245999999983
 20
-70.3162430000000001
 30
0
 11
148.4754999999999825
 21
-70.1062869999999947
 31
0
  0
LINE
  5
743
330
22
100
AcDbEntity
  8
B.Cu
  6
CONTINUOUS
100
AcDbLine
 10
148.4754999999999825
 20
-70.1062869999999947
 30
0
 11
148.4754999999999825
 21
-69.8937129999999911
 31
0
  0
LINE
  5
744
330
22
100
AcDbEntity
  8
B.Cu
  6
CONTINUOUS
100
AcDbLine
 10
148.4754999999999825
 20
-69.8937129999999911
 30
0
 11
148.442245999999983
 21
-69.6837569999999999
 31
0
  0
LINE
  5
745
330
22
100
AcDbEntity
  8
B.Cu
  6
CONTINUOUS
100
AcDbLine
 10
148.442245999999983
 20
-69.6837569999999999
 30
0
 11
148.3765569999999911
 21
-69.4815880000000021
 31
0
  0
LINE
  5
746
330
22
100
AcDbEntity
  8
B.Cu
  6
CONTINUOUS
100
AcDbLine
 10
148.3765569999999911
 20
-69.4815880000000021
 30
0
 11
148.2800509999999861
 21
-69.2921839999999918
 31
0
  0
LINE
  5
747
330
22
100
AcDbEntity
  8
B.Cu
  6
CONTINUOUS
100
AcDbLine
 10
148.2800509999999861
 20
-69.2921839999999918
 30
0
 11
148.2800489999999911
 21
-69.2921809999999994
 31
0
  0
LINE
  5
748
330
22
100
AcDbEntity
  8
B.Cu
  6
CONTINUOUS
100
AcDbLine
 10
148.2800489999999911
 20
-69.2921809999999994
 30
0
 11
148.2800479999999936
 21
-69.2921789999999902
 31
0
  0
LINE
  5
749
330
22
100
AcDbEntity
  8
B.Cu
  6
CONTINUOUS
100
AcDbLine
 10
148.2800479999999936
 20
-69.2921789999999902
 30
0
 11
148.1551089999999817
 21
-69.1202129999999926
 31
0
  0
LINE
  5
74A
330
22
100
AcDbEntity
  8
B.Cu
  6
CONTINUOUS
100
AcDbLine
 10
148.1551089999999817
 20
-69.1202129999999926
 30
0
 11
148.0047859999999957
 21
-68.9698899999999924
 31
0
  0
LINE
  5
74B
330
22
100
AcDbEntity
  8
B.Cu
  6
CONTINUOUS
100
AcDbLine
 10
148.0047859999999957
 20
-68.9698899999999924
 30
0
 11
147.8328199999999981
 21
-68.8449509999999947
 31
0
  0
LINE
  5
74C
330
22
100
AcDbEntity
  8
B.Cu
  6
CONTINUOUS
100
AcDbLine
 10
147.8328199999999981
 20
-68.8449509999999947
 30
0
 11
147.8321149999999875
 21
-68.8445909999999941
 31
0
  0
LINE
  5
74D
330
22
100
AcDbEntity
  8
B.Cu
  6
CONTINUOUS
100
AcDbLine
 10
147.8321149999999875
 20
-68.8445909999999941
 30
0
 11
147.8240539999999896
 21
-68.840485000000001
 31
0
  0
LINE
  5
74E
330
22
100
AcDbEntity
  8
B.Cu
  6
CONTINUOUS
100
AcDbLine
 10
147.8240539999999896
 20
-68.840485000000001
 30
0
 11
147.7732589999999959
 21
-68.7925120000000021
 31
0
  0
LINE
  5
74F
330
22
100
AcDbEntity
  8
B.Cu
  6
CONTINUOUS
100
AcDbLine
 10
147.7732589999999959
 20
-68.7925120000000021
 30
0
 11
147.7564629999999966
 21
-68.7246919999999903
 31
0
  0
LINE
  5
750
330
22
100
AcDbEntity
  8
B.Cu
  6
CONTINUOUS
100
AcDbLine
 10
147.7564629999999966
 20
-68.7246919999999903
 30
0
 11
147.7789989999999989
 21
-68.6585559999999901
 31
0
  0
LINE
  5
751
330
22
100
AcDbEntity
  8
B.Cu
  6
CONTINUOUS
100
AcDbLine
 10
147.7789989999999989
 20
-68.6585559999999901
 30
0
 11
147.8240539999999896
 21
-68.6195149999999927
 31
0
  0
LINE
  5
752
330
22
100
AcDbEntity
  8
B.Cu
  6
CONTINUOUS
100
AcDbLine
 10
147.8240539999999896
 20
-68.6195149999999927
 30
0
 11
147.8328159999999798
 21
-68.615050999999994
 31
0
  0
LINE
  5
753
330
22
100
AcDbEntity
  8
B.Cu
  6
CONTINUOUS
100
AcDbLine
 10
147.8328159999999798
 20
-68.615050999999994
 30
0
 11
147.8547889999999825
 21
-68.5990859999999998
 31
0
  0
LINE
  5
754
330
22
100
AcDbEntity
  8
B.Cu
  6
CONTINUOUS
100
AcDbLine
 10
147.8547889999999825
 20
-68.5990859999999998
 30
0
 11
148.0047859999999957
 21
-68.4901090000000039
 31
0
  0
LINE
  5
755
330
22
100
AcDbEntity
  8
B.Cu
  6
CONTINUOUS
100
AcDbLine
 10
148.0047859999999957
 20
-68.4901090000000039
 30
0
 11
148.0047879999999907
 21
-68.4901059999999973
 31
0
  0
LINE
  5
756
330
22
100
AcDbEntity
  8
B.Cu
  6
CONTINUOUS
100
AcDbLine
 10
148.0047879999999907
 20
-68.4901059999999973
 30
0
 11
148.0047919999999806
 21
-68.4901040000000023
 31
0
  0
LINE
  5
757
330
22
100
AcDbEntity
  8
B.Cu
  6
CONTINUOUS
100
AcDbLine
 10
148.0047919999999806
 20
-68.4901040000000023
 30
0
 11
148.1551039999999944
 21
-68.3397920000000028
 31
0
  0
LINE
  5
758
330
22
100
AcDbEntity
  8
B.Cu
  6
CONTINUOUS
100
AcDbLine
 10
148.1551039999999944
 20
-68.3397920000000028
 30
0
 11
148.1551059999999893
 21
-68.3397879999999986
 31
0
  0
LINE
  5
759
330
22
100
AcDbEntity
  8
B.Cu
  6
CONTINUOUS
100
AcDbLine
 10
148.1551059999999893
 20
-68.3397879999999986
 30
0
 11
148.1551089999999817
 21
-68.3397860000000037
 31
0
  0
LINE
  5
75A
330
22
100
AcDbEntity
  8
B.Cu
  6
CONTINUOUS
100
AcDbLine
 10
148.1551089999999817
 20
-68.3397860000000037
 30
0
 11
148.2800479999999936
 21
-68.1678199999999919
 31
0
  0
LINE
  5
75B
330
22
100
AcDbEntity
  8
B.Cu
  6
CONTINUOUS
100
AcDbLine
 10
148.2800479999999936
 20
-68.1678199999999919
 30
0
 11
148.2800469999999962
 21
-68.1678199999999919
 31
0
  0
LINE
  5
75C
330
22
100
AcDbEntity
  8
B.Cu
  6
CONTINUOUS
100
AcDbLine
 10
148.2800469999999962
 20
-68.1678199999999919
 30
0
 11
148.2800509999999861
 21
-68.167816000000002
 31
0
  0
LINE
  5
75D
330
22
100
AcDbEntity
  8
B.Cu
  6
CONTINUOUS
100
AcDbLine
 10
148.2800509999999861
 20
-68.167816000000002
 30
0
 11
148.3765569999999911
 21
-67.9784119999999916
 31
0
  0
LINE
  5
75E
330
22
100
AcDbEntity
  8
B.Cu
  6
CONTINUOUS
100
AcDbLine
 10
148.3765569999999911
 20
-67.9784119999999916
 30
0
 11
148.442245999999983
 21
-67.7762429999999938
 31
0
  0
LINE
  5
75F
330
22
100
AcDbEntity
  8
B.Cu
  6
CONTINUOUS
100
AcDbLine
 10
148.442245999999983
 20
-67.7762429999999938
 30
0
 11
148.4754999999999825
 21
-67.5662870000000026
 31
0
  0
LINE
  5
760
330
22
100
AcDbEntity
  8
B.Cu
  6
CONTINUOUS
100
AcDbLine
 10
148.4754999999999825
 20
-67.5662870000000026
 30
0
 11
148.4754999999999825
 21
-67.3537129999999991
 31
0
  0
LINE
  5
761
330
22
100
AcDbEntity
  8
B.Cu
  6
CONTINUOUS
100
AcDbLine
 10
148.4754999999999825
 20
-67.3537129999999991
 30
0
 11
148.442245999999983
 21
-67.1437569999999937
 31
0
  0
LINE
  5
762
330
22
100
AcDbEntity
  8
B.Cu
  6
CONTINUOUS
100
AcDbLine
 10
148.442245999999983
 20
-67.1437569999999937
 30
0
 11
148.3765569999999911
 21
-66.9415879999999959
 31
0
  0
LINE
  5
763
330
22
100
AcDbEntity
  8
B.Cu
  6
CONTINUOUS
100
AcDbLine
 10
148.3765569999999911
 20
-66.9415879999999959
 30
0
 11
148.2800509999999861
 21
-66.7521839999999997
 31
0
  0
LINE
  5
764
330
22
100
AcDbEntity
  8
B.Cu
  6
CONTINUOUS
100
AcDbLine
 10
148.2800509999999861
 20
-66.7521839999999997
 30
0
 11
148.2800489999999911
 21
-66.7521809999999931
 31
0
  0
LINE
  5
765
330
22
100
AcDbEntity
  8
B.Cu
  6
CONTINUOUS
100
AcDbLine
 10
148.2800489999999911
 20
-66.7521809999999931
 30
0
 11
148.2800479999999936
 21
-66.7521789999999982
 31
0
  0
LINE
  5
766
330
22
100
AcDbEntity
  8
B.Cu
  6
CONTINUOUS
100
AcDbLine
 10
148.2800479999999936
 20
-66.7521789999999982
 30
0
 11
148.1551089999999817
 21
-66.5802130000000005
 31
0
  0
LINE
  5
767
330
22
100
AcDbEntity
  8
B.Cu
  6
CONTINUOUS
100
AcDbLine
 10
148.1551089999999817
 20
-66.5802130000000005
 30
0
 11
148.0047859999999957
 21
-66.4298900000000003
 31
0
  0
LINE
  5
768
330
22
100
AcDbEntity
  8
B.Cu
  6
CONTINUOUS
100
AcDbLine
 10
148.0047859999999957
 20
-66.4298900000000003
 30
0
 11
147.8328199999999981
 21
-66.3049510000000026
 31
0
  0
LINE
  5
769
330
22
100
AcDbEntity
  8
B.Cu
  6
CONTINUOUS
100
AcDbLine
 10
147.8328199999999981
 20
-66.3049510000000026
 30
0
 11
147.643414000000007
 21
-66.2084440000000001
 31
0
  0
LINE
  5
76A
330
22
100
AcDbEntity
  8
B.Cu
  6
CONTINUOUS
100
AcDbLine
 10
147.643414000000007
 20
-66.2084440000000001
 30
0
 11
147.6434129999999811
 21
-66.2084430000000026
 31
0
  0
LINE
  5
76B
330
22
100
AcDbEntity
  8
B.Cu
  6
CONTINUOUS
100
AcDbLine
 10
147.6434129999999811
 20
-66.2084430000000026
 30
0
 11
147.6434119999999837
 21
-66.2084430000000026
 31
0
  0
LINE
  5
76C
330
22
100
AcDbEntity
  8
B.Cu
  6
CONTINUOUS
100
AcDbLine
 10
147.6434119999999837
 20
-66.2084430000000026
 30
0
 11
147.4412429999999858
 21
-66.1427539999999965
 31
0
  0
LINE
  5
76D
330
22
100
AcDbEntity
  8
B.Cu
  6
CONTINUOUS
100
AcDbLine
 10
147.4412429999999858
 20
-66.1427539999999965
 30
0
 11
147.4412409999999909
 21
-66.142752999999999
 31
0
  0
LINE
  5
76E
330
22
100
AcDbEntity
  8
B.Cu
  6
CONTINUOUS
100
AcDbLine
 10
147.4412409999999909
 20
-66.142752999999999
 30
0
 11
147.4412399999999934
 21
-66.142752999999999
 31
0
  0
LINE
  5
76F
330
22
100
AcDbEntity
  8
B.Cu
  6
CONTINUOUS
100
AcDbLine
 10
147.4412399999999934
 20
-66.142752999999999
 30
0
 11
147.279956999999996
 21
-66.1172079999999909
 31
0
  0
LINE
  5
770
330
22
100
AcDbEntity
  8
B.Cu
  6
CONTINUOUS
100
AcDbLine
 10
147.279956999999996
 20
-66.1172079999999909
 30
0
 11
147.2312869999999805
 21
-66.109499999999997
 31
0
  0
LINE
  5
771
330
22
100
AcDbEntity
  8
B.Cu
  6
CONTINUOUS
100
AcDbLine
 10
147.2312869999999805
 20
-66.109499999999997
 30
0
 11
145.0187129999999911
 21
-66.109499999999997
 31
0
  0
LINE
  5
772
330
22
100
AcDbEntity
  8
B.Cu
  6
CONTINUOUS
100
AcDbLine
 10
145.0187129999999911
 20
-66.109499999999997
 30
0
 11
144.9700420000000065
 21
-66.1172079999999909
 31
0
  0
LINE
  5
773
330
22
100
AcDbEntity
  8
B.Cu
  6
CONTINUOUS
100
AcDbLine
 10
144.9700420000000065
 20
-66.1172079999999909
 30
0
 11
144.8087600000000066
 21
-66.142752999999999
 31
0
  0
LINE
  5
774
330
22
100
AcDbEntity
  8
B.Cu
  6
CONTINUOUS
100
AcDbLine
 10
144.8087600000000066
 20
-66.142752999999999
 30
0
 11
144.6065849999999955
 21
-66.2084440000000001
 31
0
  0
LINE
  5
775
330
22
100
AcDbEntity
  8
B.Cu
  6
CONTINUOUS
100
AcDbLine
 10
144.6065849999999955
 20
-66.2084440000000001
 30
0
 11
144.4171790000000044
 21
-66.3049510000000026
 31
0
  0
LINE
  5
776
330
22
100
AcDbEntity
  8
B.Cu
  6
CONTINUOUS
100
AcDbLine
 10
144.4171790000000044
 20
-66.3049510000000026
 30
0
 11
144.2452130000000068
 21
-66.4298900000000003
 31
0
  0
LINE
  5
777
330
22
100
AcDbEntity
  8
B.Cu
  6
CONTINUOUS
100
AcDbLine
 10
144.2452130000000068
 20
-66.4298900000000003
 30
0
 11
144.0948899999999924
 21
-66.5802130000000005
 31
0
  0
LINE
  5
778
330
22
100
AcDbEntity
  8
B.Cu
  6
CONTINUOUS
100
AcDbLine
 10
144.0948899999999924
 20
-66.5802130000000005
 30
0
 11
143.9699509999999805
 21
-66.7521789999999982
 31
0
  0
LINE
  5
779
330
22
100
AcDbEntity
  8
B.Cu
  6
CONTINUOUS
100
AcDbLine
 10
143.9699509999999805
 20
-66.7521789999999982
 30
0
 11
143.8734440000000063
 21
-66.9415850000000034
 31
0
  0
LINE
  5
77A
330
22
100
AcDbEntity
  8
B.Cu
  6
CONTINUOUS
100
AcDbLine
 10
143.8734440000000063
 20
-66.9415850000000034
 30
0
 11
143.8077529999999911
 21
-67.1437600000000003
 31
0
  0
LINE
  5
77B
330
22
100
AcDbEntity
  8
B.Cu
  6
CONTINUOUS
100
AcDbLine
 10
143.8077529999999911
 20
-67.1437600000000003
 30
0
 11
143.7744999999999891
 21
-67.3537129999999991
 31
0
  0
LINE
  5
77C
330
22
100
AcDbEntity
  8
B.Cu
  6
CONTINUOUS
100
AcDbLine
 10
143.7744999999999891
 20
-67.3537129999999991
 30
0
 11
143.7744999999999891
 21
-67.5662870000000026
 31
0
  0
LINE
  5
77D
330
22
100
AcDbEntity
  8
B.Cu
  6
CONTINUOUS
100
AcDbLine
 10
115.8994999999999891
 20
-76.1478699999999975
 30
0
 11
115.8995010000000008
 21
-76.1478759999999966
 31
0
  0
LINE
  5
77E
330
22
100
AcDbEntity
  8
B.Cu
  6
CONTINUOUS
100
AcDbLine
 10
115.8995010000000008
 20
-76.1478759999999966
 30
0
 11
115.9059079999999966
 21
-76.2074829999999963
 31
0
  0
LINE
  5
77F
330
22
100
AcDbEntity
  8
B.Cu
  6
CONTINUOUS
100
AcDbLine
 10
115.9059079999999966
 20
-76.2074829999999963
 30
0
 11
115.9562019999999904
 21
-76.3423279999999949
 31
0
  0
LINE
  5
780
330
22
100
AcDbEntity
  8
B.Cu
  6
CONTINUOUS
100
AcDbLine
 10
115.9562019999999904
 20
-76.3423279999999949
 30
0
 11
115.9562059999999946
 21
-76.3423349999999914
 31
0
  0
LINE
  5
781
330
22
100
AcDbEntity
  8
B.Cu
  6
CONTINUOUS
100
AcDbLine
 10
115.9562059999999946
 20
-76.3423349999999914
 30
0
 11
116.0424519999999973
 21
-76.4575439999999986
 31
0
  0
LINE
  5
782
330
22
100
AcDbEntity
  8
B.Cu
  6
CONTINUOUS
100
AcDbLine
 10
116.0424519999999973
 20
-76.4575439999999986
 30
0
 11
116.0424549999999897
 21
-76.457546999999991
 31
0
  0
LINE
  5
783
330
22
100
AcDbEntity
  8
B.Cu
  6
CONTINUOUS
100
AcDbLine
 10
116.0424549999999897
 20
-76.457546999999991
 30
0
 11
116.1576639999999969
 21
-76.5437929999999938
 31
0
  0
LINE
  5
784
330
22
100
AcDbEntity
  8
B.Cu
  6
CONTINUOUS
100
AcDbLine
 10
116.1576639999999969
 20
-76.5437929999999938
 30
0
 11
116.1576709999999935
 21
-76.5437969999999979
 31
0
  0
LINE
  5
785
330
22
100
AcDbEntity
  8
B.Cu
  6
CONTINUOUS
100
AcDbLine
 10
116.1576709999999935
 20
-76.5437969999999979
 30
0
 11
116.2925169999999895
 21
-76.5940909999999917
 31
0
  0
LINE
  5
786
330
22
100
AcDbEntity
  8
B.Cu
  6
CONTINUOUS
100
AcDbLine
 10
116.2925169999999895
 20
-76.5940909999999917
 30
0
 11
116.292515999999992
 21
-76.5940909999999917
 31
0
  0
LINE
  5
787
330
22
100
AcDbEntity
  8
B.Cu
  6
CONTINUOUS
100
AcDbLine
 10
116.292515999999992
 20
-76.5940909999999917
 30
0
 11
116.299443999999994
 21
-76.5948350000000033
 31
0
  0
LINE
  5
788
330
22
100
AcDbEntity
  8
B.Cu
  6
CONTINUOUS
100
AcDbLine
 10
116.299443999999994
 20
-76.5948350000000033
 30
0
 11
116.3521269999999959
 21
-76.6004999999999967
 31
0
  0
LINE
  5
789
330
22
100
AcDbEntity
  8
B.Cu
  6
CONTINUOUS
100
AcDbLine
 10
116.3521269999999959
 20
-76.6004999999999967
 30
0
 11
119.6478719999999925
 21
-76.6004989999999992
 31
0
  0
LINE
  5
78A
330
22
100
AcDbEntity
  8
B.Cu
  6
CONTINUOUS
100
AcDbLine
 10
119.6478719999999925
 20
-76.6004989999999992
 30
0
 11
119.7074829999999963
 21
-76.5940909999999917
 31
0
  0
LINE
  5
78B
330
22
100
AcDbEntity
  8
B.Cu
  6
CONTINUOUS
100
AcDbLine
 10
119.7074829999999963
 20
-76.5940909999999917
 30
0
 11
119.8423310000000015
 21
-76.5437960000000004
 31
0
  0
LINE
  5
78C
330
22
100
AcDbEntity
  8
B.Cu
  6
CONTINUOUS
100
AcDbLine
 10
119.8423310000000015
 20
-76.5437960000000004
 30
0
 11
119.9575459999999936
 21
-76.4575459999999936
 31
0
  0
LINE
  5
78D
330
22
100
AcDbEntity
  8
B.Cu
  6
CONTINUOUS
100
AcDbLine
 10
119.9575459999999936
 20
-76.4575459999999936
 30
0
 11
120.0437960000000004
 21
-76.3423310000000015
 31
0
  0
LINE
  5
78E
330
22
100
AcDbEntity
  8
B.Cu
  6
CONTINUOUS
100
AcDbLine
 10
120.0437960000000004
 20
-76.3423310000000015
 30
0
 11
120.0940909999999917
 21
-76.2074829999999963
 31
0
  0
LINE
  5
78F
330
22
100
AcDbEntity
  8
B.Cu
  6
CONTINUOUS
100
AcDbLine
 10
120.0940909999999917
 20
-76.2074829999999963
 30
0
 11
120.1004999999999967
 21
-76.1478729999999899
 31
0
  0
LINE
  5
790
330
22
100
AcDbEntity
  8
B.Cu
  6
CONTINUOUS
100
AcDbLine
 10
120.1004999999999967
 20
-76.1478729999999899
 30
0
 11
120.1004989999999992
 21
-74.0521279999999962
 31
0
  0
LINE
  5
791
330
22
100
AcDbEntity
  8
B.Cu
  6
CONTINUOUS
100
AcDbLine
 10
120.1004989999999992
 20
-74.0521279999999962
 30
0
 11
120.0940909999999917
 21
-73.9925169999999923
 31
0
  0
LINE
  5
792
330
22
100
AcDbEntity
  8
B.Cu
  6
CONTINUOUS
100
AcDbLine
 10
120.0940909999999917
 20
-73.9925169999999923
 30
0
 11
120.0672249999999934
 21
-73.9204859999999968
 31
0
  0
LINE
  5
793
330
22
100
AcDbEntity
  8
B.Cu
  6
CONTINUOUS
100
AcDbLine
 10
120.0672249999999934
 20
-73.9204859999999968
 30
0
 11
120.0437969999999979
 21
-73.8576709999999963
 31
0
  0
LINE
  5
794
330
22
100
AcDbEntity
  8
B.Cu
  6
CONTINUOUS
100
AcDbLine
 10
120.0437969999999979
 20
-73.8576709999999963
 30
0
 11
120.0437929999999938
 21
-73.8576639999999998
 31
0
  0
LINE
  5
795
330
22
100
AcDbEntity
  8
B.Cu
  6
CONTINUOUS
100
AcDbLine
 10
120.0437929999999938
 20
-73.8576639999999998
 30
0
 11
119.957546999999991
 21
-73.7424549999999925
 31
0
  0
LINE
  5
796
330
22
100
AcDbEntity
  8
B.Cu
  6
CONTINUOUS
100
AcDbLine
 10
119.957546999999991
 20
-73.7424549999999925
 30
0
 11
119.9575439999999986
 21
-73.7424520000000001
 31
0
  0
LINE
  5
797
330
22
100
AcDbEntity
  8
B.Cu
  6
CONTINUOUS
100
AcDbLine
 10
119.9575439999999986
 20
-73.7424520000000001
 30
0
 11
119.8423349999999914
 21
-73.6562059999999974
 31
0
  0
LINE
  5
798
330
22
100
AcDbEntity
  8
B.Cu
  6
CONTINUOUS
100
AcDbLine
 10
119.8423349999999914
 20
-73.6562059999999974
 30
0
 11
119.8423279999999949
 21
-73.6562019999999933
 31
0
  0
LINE
  5
799
330
22
100
AcDbEntity
  8
B.Cu
  6
CONTINUOUS
100
AcDbLine
 10
119.8423279999999949
 20
-73.6562019999999933
 30
0
 11
119.7074819999999988
 21
-73.6059079999999994
 31
0
  0
LINE
  5
79A
330
22
100
AcDbEntity
  8
B.Cu
  6
CONTINUOUS
100
AcDbLine
 10
119.7074819999999988
 20
-73.6059079999999994
 30
0
 11
119.7074829999999963
 21
-73.6059079999999994
 31
0
  0
LINE
  5
79B
330
22
100
AcDbEntity
  8
B.Cu
  6
CONTINUOUS
100
AcDbLine
 10
119.7074829999999963
 20
-73.6059079999999994
 30
0
 11
119.6478829999999931
 21
-73.5995010000000036
 31
0
  0
LINE
  5
79C
330
22
100
AcDbEntity
  8
B.Cu
  6
CONTINUOUS
100
AcDbLine
 10
119.6478829999999931
 20
-73.5995010000000036
 30
0
 11
119.6478809999999982
 21
-73.5994999999999919
 31
0
  0
LINE
  5
79D
330
22
100
AcDbEntity
  8
B.Cu
  6
CONTINUOUS
100
AcDbLine
 10
119.6478809999999982
 20
-73.5994999999999919
 30
0
 11
119.6478729999999899
 21
-73.5994999999999919
 31
0
  0
LINE
  5
79E
330
22
100
AcDbEntity
  8
B.Cu
  6
CONTINUOUS
100
AcDbLine
 10
119.6478729999999899
 20
-73.5994999999999919
 30
0
 11
119.6478639999999984
 21
-73.5994999999999919
 31
0
  0
LINE
  5
79F
330
22
100
AcDbEntity
  8
B.Cu
  6
CONTINUOUS
100
AcDbLine
 10
119.6478639999999984
 20
-73.5994999999999919
 30
0
 11
116.3521289999999908
 21
-73.5994999999999919
 31
0
  0
LINE
  5
7A0
330
22
100
AcDbEntity
  8
B.Cu
  6
CONTINUOUS
100
AcDbLine
 10
116.3521289999999908
 20
-73.5994999999999919
 30
0
 11
116.3521229999999917
 21
-73.5995010000000036
 31
0
  0
LINE
  5
7A1
330
22
100
AcDbEntity
  8
B.Cu
  6
CONTINUOUS
100
AcDbLine
 10
116.3521229999999917
 20
-73.5995010000000036
 30
0
 11
116.292515999999992
 21
-73.6059079999999994
 31
0
  0
LINE
  5
7A2
330
22
100
AcDbEntity
  8
B.Cu
  6
CONTINUOUS
100
AcDbLine
 10
116.292515999999992
 20
-73.6059079999999994
 30
0
 11
116.1576709999999935
 21
-73.6562019999999933
 31
0
  0
LINE
  5
7A3
330
22
100
AcDbEntity
  8
B.Cu
  6
CONTINUOUS
100
AcDbLine
 10
116.1576709999999935
 20
-73.6562019999999933
 30
0
 11
116.1576639999999969
 21
-73.6562059999999974
 31
0
  0
LINE
  5
7A4
330
22
100
AcDbEntity
  8
B.Cu
  6
CONTINUOUS
100
AcDbLine
 10
116.1576639999999969
 20
-73.6562059999999974
 30
0
 11
116.0424549999999897
 21
-73.7424520000000001
 31
0
  0
LINE
  5
7A5
330
22
100
AcDbEntity
  8
B.Cu
  6
CONTINUOUS
100
AcDbLine
 10
116.0424549999999897
 20
-73.7424520000000001
 30
0
 11
116.0424519999999973
 21
-73.7424549999999925
 31
0
  0
LINE
  5
7A6
330
22
100
AcDbEntity
  8
B.Cu
  6
CONTINUOUS
100
AcDbLine
 10
116.0424519999999973
 20
-73.7424549999999925
 30
0
 11
115.9562059999999946
 21
-73.8576639999999998
 31
0
  0
LINE
  5
7A7
330
22
100
AcDbEntity
  8
B.Cu
  6
CONTINUOUS
100
AcDbLine
 10
115.9562059999999946
 20
-73.8576639999999998
 30
0
 11
115.9562019999999904
 21
-73.8576709999999963
 31
0
  0
LINE
  5
7A8
330
22
100
AcDbEntity
  8
B.Cu
  6
CONTINUOUS
100
AcDbLine
 10
115.9562019999999904
 20
-73.8576709999999963
 30
0
 11
115.9059079999999966
 21
-73.9925169999999923
 31
0
  0
LINE
  5
7A9
330
22
100
AcDbEntity
  8
B.Cu
  6
CONTINUOUS
100
AcDbLine
 10
115.9059079999999966
 20
-73.9925169999999923
 30
0
 11
115.8997399999999942
 21
-74.0498959999999897
 31
0
  0
LINE
  5
7AA
330
22
100
AcDbEntity
  8
B.Cu
  6
CONTINUOUS
100
AcDbLine
 10
115.8997399999999942
 20
-74.0498959999999897
 30
0
 11
115.8995010000000008
 21
-74.0521229999999946
 31
0
  0
LINE
  5
7AB
330
22
100
AcDbEntity
  8
B.Cu
  6
CONTINUOUS
100
AcDbLine
 10
115.8995010000000008
 20
-74.0521229999999946
 30
0
 11
115.8994999999999891
 21
-74.0521349999999927
 31
0
  0
LINE
  5
7AC
330
22
100
AcDbEntity
  8
B.Cu
  6
CONTINUOUS
100
AcDbLine
 10
115.8994999999999891
 20
-74.0521349999999927
 30
0
 11
115.8994999999999891
 21
-76.1478699999999975
 31
0
  0
LINE
  5
7AD
330
22
100
AcDbEntity
  8
B.Cu
  6
CONTINUOUS
100
AcDbLine
 10
108.9994999999999976
 20
-72.1180969999999917
 30
0
 11
109.036445999999998
 21
-72.3513679999999937
 31
0
  0
LINE
  5
7AE
330
22
100
AcDbEntity
  8
B.Cu
  6
CONTINUOUS
100
AcDbLine
 10
109.036445999999998
 20
-72.3513679999999937
 30
0
 11
109.1094329999999957
 21
-72.5759960000000035
 31
0
  0
LINE
  5
7AF
330
22
100
AcDbEntity
  8
B.Cu
  6
CONTINUOUS
100
AcDbLine
 10
109.1094329999999957
 20
-72.5759960000000035
 30
0
 11
109.1696669999999898
 21
-72.6942099999999982
 31
0
  0
LINE
  5
7B0
330
22
100
AcDbEntity
  8
B.Cu
  6
CONTINUOUS
100
AcDbLine
 10
109.1696669999999898
 20
-72.6942099999999982
 30
0
 11
109.2166569999999979
 21
-72.7864330000000024
 31
0
  0
LINE
  5
7B1
330
22
100
AcDbEntity
  8
B.Cu
  6
CONTINUOUS
100
AcDbLine
 10
109.2166569999999979
 20
-72.7864330000000024
 30
0
 11
109.3554829999999924
 21
-72.9775099999999952
 31
0
  0
LINE
  5
7B2
330
22
100
AcDbEntity
  8
B.Cu
  6
CONTINUOUS
100
AcDbLine
 10
109.3554829999999924
 20
-72.9775099999999952
 30
0
 11
109.5224899999999906
 21
-73.1445169999999933
 31
0
  0
LINE
  5
7B3
330
22
100
AcDbEntity
  8
B.Cu
  6
CONTINUOUS
100
AcDbLine
 10
109.5224899999999906
 20
-73.1445169999999933
 30
0
 11
109.7135669999999976
 21
-73.2833430000000021
 31
0
  0
LINE
  5
7B4
330
22
100
AcDbEntity
  8
B.Cu
  6
CONTINUOUS
100
AcDbLine
 10
109.7135669999999976
 20
-73.2833430000000021
 30
0
 11
109.8129909999999967
 21
-73.3340019999999981
 31
0
  0
LINE
  5
7B5
330
22
100
AcDbEntity
  8
B.Cu
  6
CONTINUOUS
100
AcDbLine
 10
109.8129909999999967
 20
-73.3340019999999981
 30
0
 11
109.924002999999999
 21
-73.3905659999999926
 31
0
  0
LINE
  5
7B6
330
22
100
AcDbEntity
  8
B.Cu
  6
CONTINUOUS
100
AcDbLine
 10
109.924002999999999
 20
-73.3905659999999926
 30
0
 11
109.924004999999994
 21
-73.3905659999999926
 31
0
  0
LINE
  5
7B7
330
22
100
AcDbEntity
  8
B.Cu
  6
CONTINUOUS
100
AcDbLine
 10
109.924004999999994
 20
-73.3905659999999926
 30
0
 11
109.9240080000000006
 21
-73.3905680000000018
 31
0
  0
LINE
  5
7B8
330
22
100
AcDbEntity
  8
B.Cu
  6
CONTINUOUS
100
AcDbLine
 10
109.9240080000000006
 20
-73.3905680000000018
 30
0
 11
110.0139499999999941
 21
-73.4197920000000011
 31
0
  0
LINE
  5
7B9
330
22
100
AcDbEntity
  8
B.Cu
  6
CONTINUOUS
100
AcDbLine
 10
110.0139499999999941
 20
-73.4197920000000011
 30
0
 11
110.1486309999999946
 21
-73.4635529999999903
 31
0
  0
LINE
  5
7BA
330
22
100
AcDbEntity
  8
B.Cu
  6
CONTINUOUS
100
AcDbLine
 10
110.1486309999999946
 20
-73.4635529999999903
 30
0
 11
110.3819029999999941
 21
-73.5005000000000024
 31
0
  0
LINE
  5
7BB
330
22
100
AcDbEntity
  8
B.Cu
  6
CONTINUOUS
100
AcDbLine
 10
110.3819029999999941
 20
-73.5005000000000024
 30
0
 11
110.3819079999999957
 21
-73.5005000000000024
 31
0
  0
LINE
  5
7BC
330
22
100
AcDbEntity
  8
B.Cu
  6
CONTINUOUS
100
AcDbLine
 10
110.3819079999999957
 20
-73.5005000000000024
 30
0
 11
110.6180969999999917
 21
-73.5005000000000024
 31
0
  0
LINE
  5
7BD
330
22
100
AcDbEntity
  8
B.Cu
  6
CONTINUOUS
100
AcDbLine
 10
110.6180969999999917
 20
-73.5005000000000024
 30
0
 11
110.8513679999999937
 21
-73.4635529999999903
 31
0
  0
LINE
  5
7BE
330
22
100
AcDbEntity
  8
B.Cu
  6
CONTINUOUS
100
AcDbLine
 10
110.8513679999999937
 20
-73.4635529999999903
 30
0
 11
111.0759919999999994
 21
-73.3905680000000018
 31
0
  0
LINE
  5
7BF
330
22
100
AcDbEntity
  8
B.Cu
  6
CONTINUOUS
100
AcDbLine
 10
111.0759919999999994
 20
-73.3905680000000018
 30
0
 11
111.2864329999999882
 21
-73.2833430000000021
 31
0
  0
LINE
  5
7C0
330
22
100
AcDbEntity
  8
B.Cu
  6
CONTINUOUS
100
AcDbLine
 10
111.2864329999999882
 20
-73.2833430000000021
 30
0
 11
111.4775099999999952
 21
-73.1445169999999933
 31
0
  0
LINE
  5
7C1
330
22
100
AcDbEntity
  8
B.Cu
  6
CONTINUOUS
100
AcDbLine
 10
111.4775099999999952
 20
-73.1445169999999933
 30
0
 11
111.6445169999999933
 21
-72.9775099999999952
 31
0
  0
LINE
  5
7C2
330
22
100
AcDbEntity
  8
B.Cu
  6
CONTINUOUS
100
AcDbLine
 10
111.6445169999999933
 20
-72.9775099999999952
 30
0
 11
111.7833429999999879
 21
-72.7864330000000024
 31
0
  0
LINE
  5
7C3
330
22
100
AcDbEntity
  8
B.Cu
  6
CONTINUOUS
100
AcDbLine
 10
111.7833429999999879
 20
-72.7864330000000024
 30
0
 11
111.8905680000000018
 21
-72.5759919999999994
 31
0
  0
LINE
  5
7C4
330
22
100
AcDbEntity
  8
B.Cu
  6
CONTINUOUS
100
AcDbLine
 10
111.8905680000000018
 20
-72.5759919999999994
 30
0
 11
111.9635529999999903
 21
-72.3513679999999937
 31
0
  0
LINE
  5
7C5
330
22
100
AcDbEntity
  8
B.Cu
  6
CONTINUOUS
100
AcDbLine
 10
111.9635529999999903
 20
-72.3513679999999937
 30
0
 11
112.0004999999999882
 21
-72.1180969999999917
 31
0
  0
LINE
  5
7C6
330
22
100
AcDbEntity
  8
B.Cu
  6
CONTINUOUS
100
AcDbLine
 10
112.0004999999999882
 20
-72.1180969999999917
 30
0
 11
112.0004999999999882
 21
-71.8819019999999966
 31
0
  0
LINE
  5
7C7
330
22
100
AcDbEntity
  8
B.Cu
  6
CONTINUOUS
100
AcDbLine
 10
112.0004999999999882
 20
-71.8819019999999966
 30
0
 11
111.9635529999999903
 21
-71.6486309999999946
 31
0
  0
LINE
  5
7C8
330
22
100
AcDbEntity
  8
B.Cu
  6
CONTINUOUS
100
AcDbLine
 10
111.9635529999999903
 20
-71.6486309999999946
 30
0
 11
111.8905659999999926
 21
-71.424002999999999
 31
0
  0
LINE
  5
7C9
330
22
100
AcDbEntity
  8
B.Cu
  6
CONTINUOUS
100
AcDbLine
 10
111.8905659999999926
 20
-71.424002999999999
 30
0
 11
111.8162359999999893
 21
-71.2781229999999937
 31
0
  0
LINE
  5
7CA
330
22
100
AcDbEntity
  8
B.Cu
  6
CONTINUOUS
100
AcDbLine
 10
111.8162359999999893
 20
-71.2781229999999937
 30
0
 11
111.7833429999999879
 21
-71.2135669999999976
 31
0
  0
LINE
  5
7CB
330
22
100
AcDbEntity
  8
B.Cu
  6
CONTINUOUS
100
AcDbLine
 10
111.7833429999999879
 20
-71.2135669999999976
 30
0
 11
111.6445169999999933
 21
-71.0224899999999906
 31
0
  0
LINE
  5
7CC
330
22
100
AcDbEntity
  8
B.Cu
  6
CONTINUOUS
100
AcDbLine
 10
111.6445169999999933
 20
-71.0224899999999906
 30
0
 11
111.4775099999999952
 21
-70.8554829999999924
 31
0
  0
LINE
  5
7CD
330
22
100
AcDbEntity
  8
B.Cu
  6
CONTINUOUS
100
AcDbLine
 10
111.4775099999999952
 20
-70.8554829999999924
 30
0
 11
111.2864329999999882
 21
-70.7166569999999979
 31
0
  0
LINE
  5
7CE
330
22
100
AcDbEntity
  8
B.Cu
  6
CONTINUOUS
100
AcDbLine
 10
111.2864329999999882
 20
-70.7166569999999979
 30
0
 11
111.0759959999999893
 21
-70.6094329999999957
 31
0
  0
LINE
  5
7CF
330
22
100
AcDbEntity
  8
B.Cu
  6
CONTINUOUS
100
AcDbLine
 10
111.0759959999999893
 20
-70.6094329999999957
 30
0
 11
110.8513679999999937
 21
-70.536445999999998
 31
0
  0
LINE
  5
7D0
330
22
100
AcDbEntity
  8
B.Cu
  6
CONTINUOUS
100
AcDbLine
 10
110.8513679999999937
 20
-70.536445999999998
 30
0
 11
110.6180969999999917
 21
-70.4994999999999976
 31
0
  0
LINE
  5
7D1
330
22
100
AcDbEntity
  8
B.Cu
  6
CONTINUOUS
100
AcDbLine
 10
110.6180969999999917
 20
-70.4994999999999976
 30
0
 11
110.6180919999999901
 21
-70.4994999999999976
 31
0
  0
LINE
  5
7D2
330
22
100
AcDbEntity
  8
B.Cu
  6
CONTINUOUS
100
AcDbLine
 10
110.6180919999999901
 20
-70.4994999999999976
 30
0
 11
110.3819079999999957
 21
-70.4994999999999976
 31
0
  0
LINE
  5
7D3
330
22
100
AcDbEntity
  8
B.Cu
  6
CONTINUOUS
100
AcDbLine
 10
110.3819079999999957
 20
-70.4994999999999976
 30
0
 11
110.3819029999999941
 21
-70.4994999999999976
 31
0
  0
LINE
  5
7D4
330
22
100
AcDbEntity
  8
B.Cu
  6
CONTINUOUS
100
AcDbLine
 10
110.3819029999999941
 20
-70.4994999999999976
 30
0
 11
110.1486309999999946
 21
-70.536445999999998
 31
0
  0
LINE
  5
7D5
330
22
100
AcDbEntity
  8
B.Cu
  6
CONTINUOUS
100
AcDbLine
 10
110.1486309999999946
 20
-70.536445999999998
 30
0
 11
109.924002999999999
 21
-70.6094329999999957
 31
0
  0
LINE
  5
7D6
330
22
100
AcDbEntity
  8
B.Cu
  6
CONTINUOUS
100
AcDbLine
 10
109.924002999999999
 20
-70.6094329999999957
 30
0
 11
109.7135660000000001
 21
-70.7166569999999979
 31
0
  0
LINE
  5
7D7
330
22
100
AcDbEntity
  8
B.Cu
  6
CONTINUOUS
100
AcDbLine
 10
109.7135660000000001
 20
-70.7166569999999979
 30
0
 11
109.604549999999989
 21
-70.7958619999999996
 31
0
  0
LINE
  5
7D8
330
22
100
AcDbEntity
  8
B.Cu
  6
CONTINUOUS
100
AcDbLine
 10
109.604549999999989
 20
-70.7958619999999996
 30
0
 11
109.5224899999999906
 21
-70.8554829999999924
 31
0
  0
LINE
  5
7D9
330
22
100
AcDbEntity
  8
B.Cu
  6
CONTINUOUS
100
AcDbLine
 10
109.5224899999999906
 20
-70.8554829999999924
 30
0
 11
109.5224879999999956
 21
-70.8554850000000016
 31
0
  0
LINE
  5
7DA
330
22
100
AcDbEntity
  8
B.Cu
  6
CONTINUOUS
100
AcDbLine
 10
109.5224879999999956
 20
-70.8554850000000016
 30
0
 11
109.5224869999999981
 21
-70.8554850000000016
 31
0
  0
LINE
  5
7DB
330
22
100
AcDbEntity
  8
B.Cu
  6
CONTINUOUS
100
AcDbLine
 10
109.5224869999999981
 20
-70.8554850000000016
 30
0
 11
109.3554850000000016
 21
-71.0224869999999981
 31
0
  0
LINE
  5
7DC
330
22
100
AcDbEntity
  8
B.Cu
  6
CONTINUOUS
100
AcDbLine
 10
109.3554850000000016
 20
-71.0224869999999981
 30
0
 11
109.3554850000000016
 21
-71.0224879999999956
 31
0
  0
LINE
  5
7DD
330
22
100
AcDbEntity
  8
B.Cu
  6
CONTINUOUS
100
AcDbLine
 10
109.3554850000000016
 20
-71.0224879999999956
 30
0
 11
109.3554829999999924
 21
-71.0224899999999906
 31
0
  0
LINE
  5
7DE
330
22
100
AcDbEntity
  8
B.Cu
  6
CONTINUOUS
100
AcDbLine
 10
109.3554829999999924
 20
-71.0224899999999906
 30
0
 11
109.3370729999999895
 21
-71.047828999999993
 31
0
  0
LINE
  5
7DF
330
22
100
AcDbEntity
  8
B.Cu
  6
CONTINUOUS
100
AcDbLine
 10
109.3370729999999895
 20
-71.047828999999993
 30
0
 11
109.2166569999999979
 21
-71.2135660000000001
 31
0
  0
LINE
  5
7E0
330
22
100
AcDbEntity
  8
B.Cu
  6
CONTINUOUS
100
AcDbLine
 10
109.2166569999999979
 20
-71.2135660000000001
 30
0
 11
109.1094329999999957
 21
-71.424002999999999
 31
0
  0
LINE
  5
7E1
330
22
100
AcDbEntity
  8
B.Cu
  6
CONTINUOUS
100
AcDbLine
 10
109.1094329999999957
 20
-71.424002999999999
 30
0
 11
109.036445999999998
 21
-71.6486309999999946
 31
0
  0
LINE
  5
7E2
330
22
100
AcDbEntity
  8
B.Cu
  6
CONTINUOUS
100
AcDbLine
 10
109.036445999999998
 20
-71.6486309999999946
 30
0
 11
108.9994999999999976
 21
-71.8819019999999966
 31
0
  0
LINE
  5
7E3
330
22
100
AcDbEntity
  8
B.Cu
  6
CONTINUOUS
100
AcDbLine
 10
108.9994999999999976
 20
-71.8819019999999966
 30
0
 11
108.9994999999999976
 21
-72.1180969999999917
 31
0
  0
LINE
  5
7E4
330
22
100
AcDbEntity
  8
B.Cu
  6
CONTINUOUS
100
AcDbLine
 10
92.2794999999999987
 20
-71.2666109999999975
 30
0
 11
92.3065979999999939
 21
-71.4377009999999899
 31
0
  0
LINE
  5
7E5
330
22
100
AcDbEntity
  8
B.Cu
  6
CONTINUOUS
100
AcDbLine
 10
92.3065979999999939
 20
-71.4377009999999899
 30
0
 11
92.3601269999999914
 21
-71.602445000000003
 31
0
  0
LINE
  5
7E6
330
22
100
AcDbEntity
  8
B.Cu
  6
CONTINUOUS
100
AcDbLine
 10
92.3601269999999914
 20
-71.602445000000003
 30
0
 11
92.4387679999999961
 21
-71.7567880000000002
 31
0
  0
LINE
  5
7E7
330
22
100
AcDbEntity
  8
B.Cu
  6
CONTINUOUS
100
AcDbLine
 10
92.4387679999999961
 20
-71.7567880000000002
 30
0
 11
92.5405859999999905
 21
-71.8969280000000026
 31
0
  0
LINE
  5
7E8
330
22
100
AcDbEntity
  8
B.Cu
  6
CONTINUOUS
100
AcDbLine
 10
92.5405859999999905
 20
-71.8969280000000026
 30
0
 11
92.6630719999999997
 21
-72.0194139999999976
 31
0
  0
LINE
  5
7E9
330
22
100
AcDbEntity
  8
B.Cu
  6
CONTINUOUS
100
AcDbLine
 10
92.6630719999999997
 20
-72.0194139999999976
 30
0
 11
92.803212000000002
 21
-72.121231999999992
 31
0
  0
LINE
  5
7EA
330
22
100
AcDbEntity
  8
B.Cu
  6
CONTINUOUS
100
AcDbLine
 10
92.803212000000002
 20
-72.121231999999992
 30
0
 11
92.9575549999999993
 21
-72.1998729999999966
 31
0
  0
LINE
  5
7EB
330
22
100
AcDbEntity
  8
B.Cu
  6
CONTINUOUS
100
AcDbLine
 10
92.9575549999999993
 20
-72.1998729999999966
 30
0
 11
93.1222989999999982
 21
-72.2534019999999941
 31
0
  0
LINE
  5
7EC
330
22
100
AcDbEntity
  8
B.Cu
  6
CONTINUOUS
100
AcDbLine
 10
93.1222989999999982
 20
-72.2534019999999941
 30
0
 11
93.2933889999999906
 21
-72.2805000000000035
 31
0
  0
LINE
  5
7ED
330
22
100
AcDbEntity
  8
B.Cu
  6
CONTINUOUS
100
AcDbLine
 10
93.2933889999999906
 20
-72.2805000000000035
 30
0
 11
93.2933900000000023
 21
-72.2805000000000035
 31
0
  0
LINE
  5
7EE
330
22
100
AcDbEntity
  8
B.Cu
  6
CONTINUOUS
100
AcDbLine
 10
93.2933900000000023
 20
-72.2805000000000035
 30
0
 11
93.4666100000000029
 21
-72.2805000000000035
 31
0
  0
LINE
  5
7EF
330
22
100
AcDbEntity
  8
B.Cu
  6
CONTINUOUS
100
AcDbLine
 10
93.4666100000000029
 20
-72.2805000000000035
 30
0
 11
93.4666110000000003
 21
-72.2805000000000035
 31
0
  0
LINE
  5
7F0
330
22
100
AcDbEntity
  8
B.Cu
  6
CONTINUOUS
100
AcDbLine
 10
93.4666110000000003
 20
-72.2805000000000035
 30
0
 11
93.6377009999999927
 21
-72.2534019999999941
 31
0
  0
LINE
  5
7F1
330
22
100
AcDbEntity
  8
B.Cu
  6
CONTINUOUS
100
AcDbLine
 10
93.6377009999999927
 20
-72.2534019999999941
 30
0
 11
93.8024449999999916
 21
-72.1998729999999966
 31
0
  0
LINE
  5
7F2
330
22
100
AcDbEntity
  8
B.Cu
  6
CONTINUOUS
100
AcDbLine
 10
93.8024449999999916
 20
-72.1998729999999966
 30
0
 11
93.9567879999999889
 21
-72.121231999999992
 31
0
  0
LINE
  5
7F3
330
22
100
AcDbEntity
  8
B.Cu
  6
CONTINUOUS
100
AcDbLine
 10
93.9567879999999889
 20
-72.121231999999992
 30
0
 11
94.0969279999999912
 21
-72.0194139999999976
 31
0
  0
LINE
  5
7F4
330
22
100
AcDbEntity
  8
B.Cu
  6
CONTINUOUS
100
AcDbLine
 10
94.0969279999999912
 20
-72.0194139999999976
 30
0
 11
94.2194140000000004
 21
-71.8969280000000026
 31
0
  0
LINE
  5
7F5
330
22
100
AcDbEntity
  8
B.Cu
  6
CONTINUOUS
100
AcDbLine
 10
94.2194140000000004
 20
-71.8969280000000026
 30
0
 11
94.3212319999999949
 21
-71.7567880000000002
 31
0
  0
LINE
  5
7F6
330
22
100
AcDbEntity
  8
B.Cu
  6
CONTINUOUS
100
AcDbLine
 10
94.3212319999999949
 20
-71.7567880000000002
 30
0
 11
94.3998729999999995
 21
-71.602445000000003
 31
0
  0
LINE
  5
7F7
330
22
100
AcDbEntity
  8
B.Cu
  6
CONTINUOUS
100
AcDbLine
 10
94.3998729999999995
 20
-71.602445000000003
 30
0
 11
94.453401999999997
 21
-71.4377009999999899
 31
0
  0
LINE
  5
7F8
330
22
100
AcDbEntity
  8
B.Cu
  6
CONTINUOUS
100
AcDbLine
 10
94.453401999999997
 20
-71.4377009999999899
 30
0
 11
94.4804999999999922
 21
-71.2666109999999975
 31
0
  0
LINE
  5
7F9
330
22
100
AcDbEntity
  8
B.Cu
  6
CONTINUOUS
100
AcDbLine
 10
94.4804999999999922
 20
-71.2666109999999975
 30
0
 11
94.4804999999999922
 21
-71.0933890000000019
 31
0
  0
LINE
  5
7FA
330
22
100
AcDbEntity
  8
B.Cu
  6
CONTINUOUS
100
AcDbLine
 10
94.4804999999999922
 20
-71.0933890000000019
 30
0
 11
94.4708540000000028
 21
-71.0324859999999916
 31
0
  0
LINE
  5
7FB
330
22
100
AcDbEntity
  8
B.Cu
  6
CONTINUOUS
100
AcDbLine
 10
94.4708540000000028
 20
-71.0324859999999916
 30
0
 11
94.453401999999997
 21
-70.9222989999999953
 31
0
  0
LINE
  5
7FC
330
22
100
AcDbEntity
  8
B.Cu
  6
CONTINUOUS
100
AcDbLine
 10
94.453401999999997
 20
-70.9222989999999953
 30
0
 11
94.3998729999999995
 21
-70.7575549999999964
 31
0
  0
LINE
  5
7FD
330
22
100
AcDbEntity
  8
B.Cu
  6
CONTINUOUS
100
AcDbLine
 10
94.3998729999999995
 20
-70.7575549999999964
 30
0
 11
94.3212319999999949
 21
-70.6032119999999992
 31
0
  0
LINE
  5
7FE
330
22
100
AcDbEntity
  8
B.Cu
  6
CONTINUOUS
100
AcDbLine
 10
94.3212319999999949
 20
-70.6032119999999992
 30
0
 11
94.2194140000000004
 21
-70.4630719999999968
 31
0
  0
LINE
  5
7FF
330
22
100
AcDbEntity
  8
B.Cu
  6
CONTINUOUS
100
AcDbLine
 10
94.2194140000000004
 20
-70.4630719999999968
 30
0
 11
94.1674819999999926
 21
-70.4111400000000032
 31
0
  0
LINE
  5
800
330
22
100
AcDbEntity
  8
B.Cu
  6
CONTINUOUS
100
AcDbLine
 10
94.1674819999999926
 20
-70.4111400000000032
 30
0
 11
94.1339969999999937
 21
-70.3498170000000016
 31
0
  0
LINE
  5
801
330
22
100
AcDbEntity
  8
B.Cu
  6
CONTINUOUS
100
AcDbLine
 10
94.1339969999999937
 20
-70.3498170000000016
 30
0
 11
94.1389810000000011
 21
-70.2801249999999982
 31
0
  0
LINE
  5
802
330
22
100
AcDbEntity
  8
B.Cu
  6
CONTINUOUS
100
AcDbLine
 10
94.1389810000000011
 20
-70.2801249999999982
 30
0
 11
94.180852999999999
 21
-70.2241920000000022
 31
0
  0
LINE
  5
803
330
22
100
AcDbEntity
  8
B.Cu
  6
CONTINUOUS
100
AcDbLine
 10
94.180852999999999
 20
-70.2241920000000022
 30
0
 11
94.2463169999999906
 21
-70.1997750000000025
 31
0
  0
LINE
  5
804
330
22
100
AcDbEntity
  8
B.Cu
  6
CONTINUOUS
100
AcDbLine
 10
94.2463169999999906
 20
-70.1997750000000025
 30
0
 11
94.2745609999999914
 21
-70.2009860000000003
 31
0
  0
LINE
  5
805
330
22
100
AcDbEntity
  8
B.Cu
  6
CONTINUOUS
100
AcDbLine
 10
94.2745609999999914
 20
-70.2009860000000003
 30
0
 11
94.2752119999999962
 21
-70.2010889999999961
 31
0
  0
LINE
  5
806
330
22
100
AcDbEntity
  8
B.Cu
  6
CONTINUOUS
100
AcDbLine
 10
94.2752119999999962
 20
-70.2010889999999961
 30
0
 11
94.2752149999999887
 21
-70.2010899999999936
 31
0
  0
LINE
  5
807
330
22
100
AcDbEntity
  8
B.Cu
  6
CONTINUOUS
100
AcDbLine
 10
94.2752149999999887
 20
-70.2010899999999936
 30
0
 11
94.5240379999999902
 21
-70.2404999999999973
 31
0
  0
LINE
  5
808
330
22
100
AcDbEntity
  8
B.Cu
  6
CONTINUOUS
100
AcDbLine
 10
94.5240379999999902
 20
-70.2404999999999973
 30
0
 11
94.5240390000000019
 21
-70.2404999999999973
 31
0
  0
LINE
  5
809
330
22
100
AcDbEntity
  8
B.Cu
  6
CONTINUOUS
100
AcDbLine
 10
94.5240390000000019
 20
-70.2404999999999973
 30
0
 11
94.7759609999999952
 21
-70.2404999999999973
 31
0
  0
LINE
  5
80A
330
22
100
AcDbEntity
  8
B.Cu
  6
CONTINUOUS
100
AcDbLine
 10
94.7759609999999952
 20
-70.2404999999999973
 30
0
 11
94.7759619999999927
 21
-70.2404999999999973
 31
0
  0
LINE
  5
80B
330
22
100
AcDbEntity
  8
B.Cu
  6
CONTINUOUS
100
AcDbLine
 10
94.7759619999999927
 20
-70.2404999999999973
 30
0
 11
95.0247849999999943
 21
-70.2010899999999936
 31
0
  0
LINE
  5
80C
330
22
100
AcDbEntity
  8
B.Cu
  6
CONTINUOUS
100
AcDbLine
 10
95.0247849999999943
 20
-70.2010899999999936
 30
0
 11
95.264378999999991
 21
-70.1232409999999931
 31
0
  0
LINE
  5
80D
330
22
100
AcDbEntity
  8
B.Cu
  6
CONTINUOUS
100
AcDbLine
 10
95.264378999999991
 20
-70.1232409999999931
 30
0
 11
95.4888449999999978
 21
-70.0088700000000017
 31
0
  0
LINE
  5
80E
330
22
100
AcDbEntity
  8
B.Cu
  6
CONTINUOUS
100
AcDbLine
 10
95.4888449999999978
 20
-70.0088700000000017
 30
0
 11
95.6926559999999995
 21
-69.860793000000001
 31
0
  0
LINE
  5
80F
330
22
100
AcDbEntity
  8
B.Cu
  6
CONTINUOUS
100
AcDbLine
 10
95.6926559999999995
 20
-69.860793000000001
 30
0
 11
95.8707929999999919
 21
-69.6826559999999944
 31
0
  0
LINE
  5
810
330
22
100
AcDbEntity
  8
B.Cu
  6
CONTINUOUS
100
AcDbLine
 10
95.8707929999999919
 20
-69.6826559999999944
 30
0
 11
96.0188699999999926
 21
-69.4788449999999926
 31
0
  0
LINE
  5
811
330
22
100
AcDbEntity
  8
B.Cu
  6
CONTINUOUS
100
AcDbLine
 10
96.0188699999999926
 20
-69.4788449999999926
 30
0
 11
96.1332409999999982
 21
-69.2543790000000001
 31
0
  0
LINE
  5
812
330
22
100
AcDbEntity
  8
B.Cu
  6
CONTINUOUS
100
AcDbLine
 10
96.1332409999999982
 20
-69.2543790000000001
 30
0
 11
96.2110899999999987
 21
-69.0147850000000034
 31
0
  0
LINE
  5
813
330
22
100
AcDbEntity
  8
B.Cu
  6
CONTINUOUS
100
AcDbLine
 10
96.2110899999999987
 20
-69.0147850000000034
 30
0
 11
96.2505000000000024
 21
-68.7659620000000018
 31
0
  0
LINE
  5
814
330
22
100
AcDbEntity
  8
B.Cu
  6
CONTINUOUS
100
AcDbLine
 10
96.2505000000000024
 20
-68.7659620000000018
 30
0
 11
96.2505000000000024
 21
-68.5140379999999993
 31
0
  0
LINE
  5
815
330
22
100
AcDbEntity
  8
B.Cu
  6
CONTINUOUS
100
AcDbLine
 10
96.2505000000000024
 20
-68.5140379999999993
 30
0
 11
96.2110899999999987
 21
-68.2652149999999978
 31
0
  0
LINE
  5
816
330
22
100
AcDbEntity
  8
B.Cu
  6
CONTINUOUS
100
AcDbLine
 10
96.2110899999999987
 20
-68.2652149999999978
 30
0
 11
96.1332409999999982
 21
-68.025621000000001
 31
0
  0
LINE
  5
817
330
22
100
AcDbEntity
  8
B.Cu
  6
CONTINUOUS
100
AcDbLine
 10
96.1332409999999982
 20
-68.025621000000001
 30
0
 11
96.133238999999989
 21
-68.0256179999999944
 31
0
  0
LINE
  5
818
330
22
100
AcDbEntity
  8
B.Cu
  6
CONTINUOUS
100
AcDbLine
 10
96.133238999999989
 20
-68.0256179999999944
 30
0
 11
96.133238999999989
 21
-68.0256159999999994
 31
0
  0
LINE
  5
819
330
22
100
AcDbEntity
  8
B.Cu
  6
CONTINUOUS
100
AcDbLine
 10
96.133238999999989
 20
-68.0256159999999994
 30
0
 11
96.091746999999998
 21
-67.9441839999999928
 31
0
  0
LINE
  5
81A
330
22
100
AcDbEntity
  8
B.Cu
  6
CONTINUOUS
100
AcDbLine
 10
96.091746999999998
 20
-67.9441839999999928
 30
0
 11
96.0188699999999926
 21
-67.8011549999999943
 31
0
  0
LINE
  5
81B
330
22
100
AcDbEntity
  8
B.Cu
  6
CONTINUOUS
100
AcDbLine
 10
96.0188699999999926
 20
-67.8011549999999943
 30
0
 11
95.9999519999999933
 21
-67.7751169999999945
 31
0
  0
LINE
  5
81C
330
22
100
AcDbEntity
  8
B.Cu
  6
CONTINUOUS
100
AcDbLine
 10
95.9999519999999933
 20
-67.7751169999999945
 30
0
 11
95.8707979999999935
 21
-67.5973499999999916
 31
0
  0
LINE
  5
81D
330
22
100
AcDbEntity
  8
B.Cu
  6
CONTINUOUS
100
AcDbLine
 10
95.8707979999999935
 20
-67.5973499999999916
 30
0
 11
95.8707939999999894
 21
-67.59734499999999
 31
0
  0
LINE
  5
81E
330
22
100
AcDbEntity
  8
B.Cu
  6
CONTINUOUS
100
AcDbLine
 10
95.8707939999999894
 20
-67.59734499999999
 30
0
 11
95.6926539999999903
 21
-67.4192049999999909
 31
0
  0
LINE
  5
81F
330
22
100
AcDbEntity
  8
B.Cu
  6
CONTINUOUS
100
AcDbLine
 10
95.6926539999999903
 20
-67.4192049999999909
 30
0
 11
95.6926489999999887
 21
-67.419201000000001
 31
0
  0
LINE
  5
820
330
22
100
AcDbEntity
  8
B.Cu
  6
CONTINUOUS
100
AcDbLine
 10
95.6926489999999887
 20
-67.419201000000001
 30
0
 11
95.4888479999999902
 21
-67.2711319999999944
 31
0
  0
LINE
  5
821
330
22
100
AcDbEntity
  8
B.Cu
  6
CONTINUOUS
100
AcDbLine
 10
95.4888479999999902
 20
-67.2711319999999944
 30
0
 11
95.4888469999999927
 21
-67.2711309999999969
 31
0
  0
LINE
  5
822
330
22
100
AcDbEntity
  8
B.Cu
  6
CONTINUOUS
100
AcDbLine
 10
95.4888469999999927
 20
-67.2711309999999969
 30
0
 11
95.4888449999999978
 21
-67.2711299999999994
 31
0
  0
LINE
  5
823
330
22
100
AcDbEntity
  8
B.Cu
  6
CONTINUOUS
100
AcDbLine
 10
95.4888449999999978
 20
-67.2711299999999994
 30
0
 11
95.4187469999999962
 21
-67.2354129999999941
 31
0
  0
LINE
  5
824
330
22
100
AcDbEntity
  8
B.Cu
  6
CONTINUOUS
100
AcDbLine
 10
95.4187469999999962
 20
-67.2354129999999941
 30
0
 11
95.2643829999999951
 21
-67.1567599999999914
 31
0
  0
LINE
  5
825
330
22
100
AcDbEntity
  8
B.Cu
  6
CONTINUOUS
100
AcDbLine
 10
95.2643829999999951
 20
-67.1567599999999914
 30
0
 11
95.0247849999999943
 21
-67.0789099999999934
 31
0
  0
LINE
  5
826
330
22
100
AcDbEntity
  8
B.Cu
  6
CONTINUOUS
100
AcDbLine
 10
95.0247849999999943
 20
-67.0789099999999934
 30
0
 11
94.7759619999999927
 21
-67.0395000000000039
 31
0
  0
LINE
  5
827
330
22
100
AcDbEntity
  8
B.Cu
  6
CONTINUOUS
100
AcDbLine
 10
94.7759619999999927
 20
-67.0395000000000039
 30
0
 11
94.5240379999999902
 21
-67.0395000000000039
 31
0
  0
LINE
  5
828
330
22
100
AcDbEntity
  8
B.Cu
  6
CONTINUOUS
100
AcDbLine
 10
94.5240379999999902
 20
-67.0395000000000039
 30
0
 11
94.3996259999999978
 21
-67.0592049999999915
 31
0
  0
LINE
  5
829
330
22
100
AcDbEntity
  8
B.Cu
  6
CONTINUOUS
100
AcDbLine
 10
94.3996259999999978
 20
-67.0592049999999915
 30
0
 11
94.2752139999999912
 21
-67.0789099999999934
 31
0
  0
LINE
  5
82A
330
22
100
AcDbEntity
  8
B.Cu
  6
CONTINUOUS
100
AcDbLine
 10
94.2752139999999912
 20
-67.0789099999999934
 30
0
 11
94.0356159999999903
 21
-67.1567599999999914
 31
0
  0
LINE
  5
82B
330
22
100
AcDbEntity
  8
B.Cu
  6
CONTINUOUS
100
AcDbLine
 10
94.0356159999999903
 20
-67.1567599999999914
 30
0
 11
93.8111509999999953
 21
-67.2711319999999944
 31
0
  0
LINE
  5
82C
330
22
100
AcDbEntity
  8
B.Cu
  6
CONTINUOUS
100
AcDbLine
 10
93.8111509999999953
 20
-67.2711319999999944
 30
0
 11
93.6073499999999967
 21
-67.419201000000001
 31
0
  0
LINE
  5
82D
330
22
100
AcDbEntity
  8
B.Cu
  6
CONTINUOUS
100
AcDbLine
 10
93.6073499999999967
 20
-67.419201000000001
 30
0
 11
93.6073449999999951
 21
-67.4192049999999909
 31
0
  0
LINE
  5
82E
330
22
100
AcDbEntity
  8
B.Cu
  6
CONTINUOUS
100
AcDbLine
 10
93.6073449999999951
 20
-67.4192049999999909
 30
0
 11
93.4292049999999961
 21
-67.59734499999999
 31
0
  0
LINE
  5
82F
330
22
100
AcDbEntity
  8
B.Cu
  6
CONTINUOUS
100
AcDbLine
 10
93.4292049999999961
 20
-67.59734499999999
 30
0
 11
93.429200999999992
 21
-67.5973499999999916
 31
0
  0
LINE
  5
830
330
22
100
AcDbEntity
  8
B.Cu
  6
CONTINUOUS
100
AcDbLine
 10
93.429200999999992
 20
-67.5973499999999916
 30
0
 11
93.2811319999999995
 21
-67.8011509999999902
 31
0
  0
LINE
  5
831
330
22
100
AcDbEntity
  8
B.Cu
  6
CONTINUOUS
100
AcDbLine
 10
93.2811319999999995
 20
-67.8011509999999902
 30
0
 11
93.1667599999999965
 21
-68.0256159999999994
 31
0
  0
LINE
  5
832
330
22
100
AcDbEntity
  8
B.Cu
  6
CONTINUOUS
100
AcDbLine
 10
93.1667599999999965
 20
-68.0256159999999994
 30
0
 11
93.0963459999999969
 21
-68.2423280000000005
 31
0
  0
LINE
  5
833
330
22
100
AcDbEntity
  8
B.Cu
  6
CONTINUOUS
100
AcDbLine
 10
93.0963459999999969
 20
-68.2423280000000005
 30
0
 11
93.0889099999999985
 21
-68.2652149999999978
 31
0
  0
LINE
  5
834
330
22
100
AcDbEntity
  8
B.Cu
  6
CONTINUOUS
100
AcDbLine
 10
93.0889099999999985
 20
-68.2652149999999978
 30
0
 11
93.0494999999999948
 21
-68.5140379999999993
 31
0
  0
LINE
  5
835
330
22
100
AcDbEntity
  8
B.Cu
  6
CONTINUOUS
100
AcDbLine
 10
93.0494999999999948
 20
-68.5140379999999993
 30
0
 11
93.0494999999999948
 21
-68.7659620000000018
 31
0
  0
LINE
  5
836
330
22
100
AcDbEntity
  8
B.Cu
  6
CONTINUOUS
100
AcDbLine
 10
93.0494999999999948
 20
-68.7659620000000018
 30
0
 11
93.0620109999999983
 21
-68.8449509999999947
 31
0
  0
LINE
  5
837
330
22
100
AcDbEntity
  8
B.Cu
  6
CONTINUOUS
100
AcDbLine
 10
93.0620109999999983
 20
-68.8449509999999947
 30
0
 11
93.0889099999999985
 21
-69.0147850000000034
 31
0
  0
LINE
  5
838
330
22
100
AcDbEntity
  8
B.Cu
  6
CONTINUOUS
100
AcDbLine
 10
93.0889099999999985
 20
-69.0147850000000034
 30
0
 11
93.1667599999999965
 21
-69.25438299999999
 31
0
  0
LINE
  5
839
330
22
100
AcDbEntity
  8
B.Cu
  6
CONTINUOUS
100
AcDbLine
 10
93.1667599999999965
 20
-69.25438299999999
 30
0
 11
93.2811319999999995
 21
-69.4788479999999993
 31
0
  0
LINE
  5
83A
330
22
100
AcDbEntity
  8
B.Cu
  6
CONTINUOUS
100
AcDbLine
 10
93.2811319999999995
 20
-69.4788479999999993
 30
0
 11
93.429200999999992
 21
-69.6826489999999978
 31
0
  0
LINE
  5
83B
330
22
100
AcDbEntity
  8
B.Cu
  6
CONTINUOUS
100
AcDbLine
 10
93.429200999999992
 20
-69.6826489999999978
 30
0
 11
93.4292049999999961
 21
-69.6826539999999994
 31
0
  0
LINE
  5
83C
330
22
100
AcDbEntity
  8
B.Cu
  6
CONTINUOUS
100
AcDbLine
 10
93.4292049999999961
 20
-69.6826539999999994
 30
0
 11
93.429206999999991
 21
-69.6826559999999944
 31
0
  0
LINE
  5
83D
330
22
100
AcDbEntity
  8
B.Cu
  6
CONTINUOUS
100
AcDbLine
 10
93.429206999999991
 20
-69.6826559999999944
 30
0
 11
93.6073439999999977
 21
-69.860793000000001
 31
0
  0
LINE
  5
83E
330
22
100
AcDbEntity
  8
B.Cu
  6
CONTINUOUS
100
AcDbLine
 10
93.6073439999999977
 20
-69.860793000000001
 30
0
 11
93.6073449999999951
 21
-69.8607939999999985
 31
0
  0
LINE
  5
83F
330
22
100
AcDbEntity
  8
B.Cu
  6
CONTINUOUS
100
AcDbLine
 10
93.6073449999999951
 20
-69.8607939999999985
 30
0
 11
93.6073439999999977
 21
-69.8607939999999985
 31
0
  0
LINE
  5
840
330
22
100
AcDbEntity
  8
B.Cu
  6
CONTINUOUS
100
AcDbLine
 10
93.6073439999999977
 20
-69.8607939999999985
 30
0
 11
93.6136609999999934
 21
-69.8653829999999942
 31
0
  0
LINE
  5
841
330
22
100
AcDbEntity
  8
B.Cu
  6
CONTINUOUS
100
AcDbLine
 10
93.6136609999999934
 20
-69.8653829999999942
 30
0
 11
93.6563269999999903
 21
-69.9207140000000038
 31
0
  0
LINE
  5
842
330
22
100
AcDbEntity
  8
B.Cu
  6
CONTINUOUS
100
AcDbLine
 10
93.6563269999999903
 20
-69.9207140000000038
 30
0
 11
93.6623049999999893
 21
-69.9903269999999935
 31
0
  0
LINE
  5
843
330
22
100
AcDbEntity
  8
B.Cu
  6
CONTINUOUS
100
AcDbLine
 10
93.6623049999999893
 20
-69.9903269999999935
 30
0
 11
93.6296990000000022
 21
-70.0521219999999971
 31
0
  0
LINE
  5
844
330
22
100
AcDbEntity
  8
B.Cu
  6
CONTINUOUS
100
AcDbLine
 10
93.6296990000000022
 20
-70.0521219999999971
 30
0
 11
93.5688600000000008
 21
-70.0864789999999971
 31
0
  0
LINE
  5
845
330
22
100
AcDbEntity
  8
B.Cu
  6
CONTINUOUS
100
AcDbLine
 10
93.5688600000000008
 20
-70.0864789999999971
 30
0
 11
93.5213779999999986
 21
-70.0881739999999951
 31
0
  0
LINE
  5
846
330
22
100
AcDbEntity
  8
B.Cu
  6
CONTINUOUS
100
AcDbLine
 10
93.5213779999999986
 20
-70.0881739999999951
 30
0
 11
93.4666110000000003
 21
-70.0794999999999959
 31
0
  0
LINE
  5
847
330
22
100
AcDbEntity
  8
B.Cu
  6
CONTINUOUS
100
AcDbLine
 10
93.4666110000000003
 20
-70.0794999999999959
 30
0
 11
93.2933889999999906
 21
-70.0794999999999959
 31
0
  0
LINE
  5
848
330
22
100
AcDbEntity
  8
B.Cu
  6
CONTINUOUS
100
AcDbLine
 10
93.2933889999999906
 20
-70.0794999999999959
 30
0
 11
93.2537279999999953
 21
-70.0857809999999972
 31
0
  0
LINE
  5
849
330
22
100
AcDbEntity
  8
B.Cu
  6
CONTINUOUS
100
AcDbLine
 10
93.2537279999999953
 20
-70.0857809999999972
 30
0
 11
93.1223019999999906
 21
-70.1065969999999936
 31
0
  0
LINE
  5
84A
330
22
100
AcDbEntity
  8
B.Cu
  6
CONTINUOUS
100
AcDbLine
 10
93.1223019999999906
 20
-70.1065969999999936
 30
0
 11
92.9575519999999926
 21
-70.1601280000000003
 31
0
  0
LINE
  5
84B
330
22
100
AcDbEntity
  8
B.Cu
  6
CONTINUOUS
100
AcDbLine
 10
92.9575519999999926
 20
-70.1601280000000003
 30
0
 11
92.8032109999999903
 21
-70.2387679999999932
 31
0
  0
LINE
  5
84C
330
22
100
AcDbEntity
  8
B.Cu
  6
CONTINUOUS
100
AcDbLine
 10
92.8032109999999903
 20
-70.2387679999999932
 30
0
 11
92.7462889999999902
 21
-70.2801249999999982
 31
0
  0
LINE
  5
84D
330
22
100
AcDbEntity
  8
B.Cu
  6
CONTINUOUS
100
AcDbLine
 10
92.7462889999999902
 20
-70.2801249999999982
 30
0
 11
92.6630719999999997
 21
-70.3405860000000018
 31
0
  0
LINE
  5
84E
330
22
100
AcDbEntity
  8
B.Cu
  6
CONTINUOUS
100
AcDbLine
 10
92.6630719999999997
 20
-70.3405860000000018
 30
0
 11
92.6630699999999905
 21
-70.3405879999999968
 31
0
  0
LINE
  5
84F
330
22
100
AcDbEntity
  8
B.Cu
  6
CONTINUOUS
100
AcDbLine
 10
92.6630699999999905
 20
-70.3405879999999968
 30
0
 11
92.663068999999993
 21
-70.3405879999999968
 31
0
  0
LINE
  5
850
330
22
100
AcDbEntity
  8
B.Cu
  6
CONTINUOUS
100
AcDbLine
 10
92.663068999999993
 20
-70.3405879999999968
 30
0
 11
92.5405879999999996
 21
-70.4630689999999902
 31
0
  0
LINE
  5
851
330
22
100
AcDbEntity
  8
B.Cu
  6
CONTINUOUS
100
AcDbLine
 10
92.5405879999999996
 20
-70.4630689999999902
 30
0
 11
92.5405879999999996
 21
-70.4630700000000019
 31
0
  0
LINE
  5
852
330
22
100
AcDbEntity
  8
B.Cu
  6
CONTINUOUS
100
AcDbLine
 10
92.5405879999999996
 20
-70.4630700000000019
 30
0
 11
92.5405859999999905
 21
-70.4630719999999968
 31
0
  0
LINE
  5
853
330
22
100
AcDbEntity
  8
B.Cu
  6
CONTINUOUS
100
AcDbLine
 10
92.5405859999999905
 20
-70.4630719999999968
 30
0
 11
92.5003789999999952
 21
-70.5184119999999979
 31
0
  0
LINE
  5
854
330
22
100
AcDbEntity
  8
B.Cu
  6
CONTINUOUS
100
AcDbLine
 10
92.5003789999999952
 20
-70.5184119999999979
 30
0
 11
92.4387679999999961
 21
-70.6032110000000017
 31
0
  0
LINE
  5
855
330
22
100
AcDbEntity
  8
B.Cu
  6
CONTINUOUS
100
AcDbLine
 10
92.4387679999999961
 20
-70.6032110000000017
 30
0
 11
92.3601279999999889
 21
-70.7575519999999898
 31
0
  0
LINE
  5
856
330
22
100
AcDbEntity
  8
B.Cu
  6
CONTINUOUS
100
AcDbLine
 10
92.3601279999999889
 20
-70.7575519999999898
 30
0
 11
92.3065969999999965
 21
-70.922302000000002
 31
0
  0
LINE
  5
857
330
22
100
AcDbEntity
  8
B.Cu
  6
CONTINUOUS
100
AcDbLine
 10
92.3065969999999965
 20
-70.922302000000002
 30
0
 11
92.2794999999999987
 21
-71.0933890000000019
 31
0
  0
LINE
  5
858
330
22
100
AcDbEntity
  8
B.Cu
  6
CONTINUOUS
100
AcDbLine
 10
92.2794999999999987
 20
-71.0933890000000019
 30
0
 11
92.2794999999999987
 21
-71.2666109999999975
 31
0
  0
LINE
  5
859
330
22
100
AcDbEntity
  8
B.Cu
  6
CONTINUOUS
100
AcDbLine
 10
109.4521230000000003
 20
-65.4995009999999951
 30
0
 11
109.3925160000000005
 21
-65.5059079999999909
 31
0
  0
LINE
  5
85A
330
22
100
AcDbEntity
  8
B.Cu
  6
CONTINUOUS
100
AcDbLine
 10
109.3925160000000005
 20
-65.5059079999999909
 30
0
 11
109.257671000000002
 21
-65.556201999999999
 31
0
  0
LINE
  5
85B
330
22
100
AcDbEntity
  8
B.Cu
  6
CONTINUOUS
100
AcDbLine
 10
109.257671000000002
 20
-65.556201999999999
 30
0
 11
109.2576639999999912
 21
-65.5562060000000031
 31
0
  0
LINE
  5
85C
330
22
100
AcDbEntity
  8
B.Cu
  6
CONTINUOUS
100
AcDbLine
 10
109.2576639999999912
 20
-65.5562060000000031
 30
0
 11
109.1424549999999982
 21
-65.6424519999999916
 31
0
  0
LINE
  5
85D
330
22
100
AcDbEntity
  8
B.Cu
  6
CONTINUOUS
100
AcDbLine
 10
109.1424549999999982
 20
-65.6424519999999916
 30
0
 11
109.1424519999999916
 21
-65.6424549999999982
 31
0
  0
LINE
  5
85E
330
22
100
AcDbEntity
  8
B.Cu
  6
CONTINUOUS
100
AcDbLine
 10
109.1424519999999916
 20
-65.6424549999999982
 30
0
 11
109.0562059999999889
 21
-65.7576639999999912
 31
0
  0
LINE
  5
85F
330
22
100
AcDbEntity
  8
B.Cu
  6
CONTINUOUS
100
AcDbLine
 10
109.0562059999999889
 20
-65.7576639999999912
 30
0
 11
109.056201999999999
 21
-65.757671000000002
 31
0
  0
LINE
  5
860
330
22
100
AcDbEntity
  8
B.Cu
  6
CONTINUOUS
100
AcDbLine
 10
109.056201999999999
 20
-65.757671000000002
 30
0
 11
109.0059079999999909
 21
-65.892516999999998
 31
0
  0
LINE
  5
861
330
22
100
AcDbEntity
  8
B.Cu
  6
CONTINUOUS
100
AcDbLine
 10
109.0059079999999909
 20
-65.892516999999998
 30
0
 11
108.9997169999999898
 21
-65.9501089999999976
 31
0
  0
LINE
  5
862
330
22
100
AcDbEntity
  8
B.Cu
  6
CONTINUOUS
100
AcDbLine
 10
108.9997169999999898
 20
-65.9501089999999976
 30
0
 11
108.9995009999999951
 21
-65.9521230000000003
 31
0
  0
LINE
  5
863
330
22
100
AcDbEntity
  8
B.Cu
  6
CONTINUOUS
100
AcDbLine
 10
108.9995009999999951
 20
-65.9521230000000003
 30
0
 11
108.9994999999999976
 21
-65.9521349999999984
 31
0
  0
LINE
  5
864
330
22
100
AcDbEntity
  8
B.Cu
  6
CONTINUOUS
100
AcDbLine
 10
108.9994999999999976
 20
-65.9521349999999984
 30
0
 11
108.9994999999999976
 21
-68.0478700000000032
 31
0
  0
LINE
  5
865
330
22
100
AcDbEntity
  8
B.Cu
  6
CONTINUOUS
100
AcDbLine
 10
108.9994999999999976
 20
-68.0478700000000032
 30
0
 11
108.9995009999999951
 21
-68.0478760000000023
 31
0
  0
LINE
  5
866
330
22
100
AcDbEntity
  8
B.Cu
  6
CONTINUOUS
100
AcDbLine
 10
108.9995009999999951
 20
-68.0478760000000023
 30
0
 11
109.0059079999999909
 21
-68.107483000000002
 31
0
  0
LINE
  5
867
330
22
100
AcDbEntity
  8
B.Cu
  6
CONTINUOUS
100
AcDbLine
 10
109.0059079999999909
 20
-68.107483000000002
 30
0
 11
109.056201999999999
 21
-68.2423280000000005
 31
0
  0
LINE
  5
868
330
22
100
AcDbEntity
  8
B.Cu
  6
CONTINUOUS
100
AcDbLine
 10
109.056201999999999
 20
-68.2423280000000005
 30
0
 11
109.0562059999999889
 21
-68.2423349999999971
 31
0
  0
LINE
  5
869
330
22
100
AcDbEntity
  8
B.Cu
  6
CONTINUOUS
100
AcDbLine
 10
109.0562059999999889
 20
-68.2423349999999971
 30
0
 11
109.1424519999999916
 21
-68.3575439999999901
 31
0
  0
LINE
  5
86A
330
22
100
AcDbEntity
  8
B.Cu
  6
CONTINUOUS
100
AcDbLine
 10
109.1424519999999916
 20
-68.3575439999999901
 30
0
 11
109.1424549999999982
 21
-68.3575469999999967
 31
0
  0
LINE
  5
86B
330
22
100
AcDbEntity
  8
B.Cu
  6
CONTINUOUS
100
AcDbLine
 10
109.1424549999999982
 20
-68.3575469999999967
 30
0
 11
109.2576639999999912
 21
-68.4437929999999994
 31
0
  0
LINE
  5
86C
330
22
100
AcDbEntity
  8
B.Cu
  6
CONTINUOUS
100
AcDbLine
 10
109.2576639999999912
 20
-68.4437929999999994
 30
0
 11
109.257671000000002
 21
-68.4437970000000035
 31
0
  0
LINE
  5
86D
330
22
100
AcDbEntity
  8
B.Cu
  6
CONTINUOUS
100
AcDbLine
 10
109.257671000000002
 20
-68.4437970000000035
 30
0
 11
109.392516999999998
 21
-68.4940909999999974
 31
0
  0
LINE
  5
86E
330
22
100
AcDbEntity
  8
B.Cu
  6
CONTINUOUS
100
AcDbLine
 10
109.392516999999998
 20
-68.4940909999999974
 30
0
 11
109.3925160000000005
 21
-68.4940909999999974
 31
0
  0
LINE
  5
86F
330
22
100
AcDbEntity
  8
B.Cu
  6
CONTINUOUS
100
AcDbLine
 10
109.3925160000000005
 20
-68.4940909999999974
 30
0
 11
109.3994439999999884
 21
-68.4948349999999948
 31
0
  0
LINE
  5
870
330
22
100
AcDbEntity
  8
B.Cu
  6
CONTINUOUS
100
AcDbLine
 10
109.3994439999999884
 20
-68.4948349999999948
 30
0
 11
109.4521269999999902
 21
-68.5005000000000024
 31
0
  0
LINE
  5
871
330
22
100
AcDbEntity
  8
B.Cu
  6
CONTINUOUS
100
AcDbLine
 10
109.4521269999999902
 20
-68.5005000000000024
 30
0
 11
111.5478719999999981
 21
-68.5004989999999907
 31
0
  0
LINE
  5
872
330
22
100
AcDbEntity
  8
B.Cu
  6
CONTINUOUS
100
AcDbLine
 10
111.5478719999999981
 20
-68.5004989999999907
 30
0
 11
111.607483000000002
 21
-68.4940909999999974
 31
0
  0
LINE
  5
873
330
22
100
AcDbEntity
  8
B.Cu
  6
CONTINUOUS
100
AcDbLine
 10
111.607483000000002
 20
-68.4940909999999974
 30
0
 11
111.742330999999993
 21
-68.4437959999999919
 31
0
  0
LINE
  5
874
330
22
100
AcDbEntity
  8
B.Cu
  6
CONTINUOUS
100
AcDbLine
 10
111.742330999999993
 20
-68.4437959999999919
 30
0
 11
111.8575459999999993
 21
-68.3575459999999993
 31
0
  0
LINE
  5
875
330
22
100
AcDbEntity
  8
B.Cu
  6
CONTINUOUS
100
AcDbLine
 10
111.8575459999999993
 20
-68.3575459999999993
 30
0
 11
111.9437959999999919
 21
-68.242330999999993
 31
0
  0
LINE
  5
876
330
22
100
AcDbEntity
  8
B.Cu
  6
CONTINUOUS
100
AcDbLine
 10
111.9437959999999919
 20
-68.242330999999993
 30
0
 11
111.9940909999999974
 21
-68.107483000000002
 31
0
  0
LINE
  5
877
330
22
100
AcDbEntity
  8
B.Cu
  6
CONTINUOUS
100
AcDbLine
 10
111.9940909999999974
 20
-68.107483000000002
 30
0
 11
112.0004999999999882
 21
-68.0478729999999956
 31
0
  0
LINE
  5
878
330
22
100
AcDbEntity
  8
B.Cu
  6
CONTINUOUS
100
AcDbLine
 10
112.0004999999999882
 20
-68.0478729999999956
 30
0
 11
112.0004989999999907
 21
-65.9521280000000019
 31
0
  0
LINE
  5
879
330
22
100
AcDbEntity
  8
B.Cu
  6
CONTINUOUS
100
AcDbLine
 10
112.0004989999999907
 20
-65.9521280000000019
 30
0
 11
111.9940909999999974
 21
-65.892516999999998
 31
0
  0
LINE
  5
87A
330
22
100
AcDbEntity
  8
B.Cu
  6
CONTINUOUS
100
AcDbLine
 10
111.9940909999999974
 20
-65.892516999999998
 30
0
 11
111.9437959999999919
 21
-65.7576689999999928
 31
0
  0
LINE
  5
87B
330
22
100
AcDbEntity
  8
B.Cu
  6
CONTINUOUS
100
AcDbLine
 10
111.9437959999999919
 20
-65.7576689999999928
 30
0
 11
111.9437949999999944
 21
-65.7576679999999953
 31
0
  0
LINE
  5
87C
330
22
100
AcDbEntity
  8
B.Cu
  6
CONTINUOUS
100
AcDbLine
 10
111.9437949999999944
 20
-65.7576679999999953
 30
0
 11
111.9437929999999994
 21
-65.7576639999999912
 31
0
  0
LINE
  5
87D
330
22
100
AcDbEntity
  8
B.Cu
  6
CONTINUOUS
100
AcDbLine
 10
111.9437929999999994
 20
-65.7576639999999912
 30
0
 11
111.8575469999999967
 21
-65.6424549999999982
 31
0
  0
LINE
  5
87E
330
22
100
AcDbEntity
  8
B.Cu
  6
CONTINUOUS
100
AcDbLine
 10
111.8575469999999967
 20
-65.6424549999999982
 30
0
 11
111.8575439999999901
 21
-65.6424519999999916
 31
0
  0
LINE
  5
87F
330
22
100
AcDbEntity
  8
B.Cu
  6
CONTINUOUS
100
AcDbLine
 10
111.8575439999999901
 20
-65.6424519999999916
 30
0
 11
111.7423349999999971
 21
-65.5562060000000031
 31
0
  0
LINE
  5
880
330
22
100
AcDbEntity
  8
B.Cu
  6
CONTINUOUS
100
AcDbLine
 10
111.7423349999999971
 20
-65.5562060000000031
 30
0
 11
111.7423280000000005
 21
-65.556201999999999
 31
0
  0
LINE
  5
881
330
22
100
AcDbEntity
  8
B.Cu
  6
CONTINUOUS
100
AcDbLine
 10
111.7423280000000005
 20
-65.556201999999999
 30
0
 11
111.6074819999999903
 21
-65.5059079999999909
 31
0
  0
LINE
  5
882
330
22
100
AcDbEntity
  8
B.Cu
  6
CONTINUOUS
100
AcDbLine
 10
111.6074819999999903
 20
-65.5059079999999909
 30
0
 11
111.607483000000002
 21
-65.5059079999999909
 31
0
  0
LINE
  5
883
330
22
100
AcDbEntity
  8
B.Cu
  6
CONTINUOUS
100
AcDbLine
 10
111.607483000000002
 20
-65.5059079999999909
 30
0
 11
111.5478829999999988
 21
-65.4995009999999951
 31
0
  0
LINE
  5
884
330
22
100
AcDbEntity
  8
B.Cu
  6
CONTINUOUS
100
AcDbLine
 10
111.5478829999999988
 20
-65.4995009999999951
 30
0
 11
111.5478809999999896
 21
-65.4994999999999976
 31
0
  0
LINE
  5
885
330
22
100
AcDbEntity
  8
B.Cu
  6
CONTINUOUS
100
AcDbLine
 10
111.5478809999999896
 20
-65.4994999999999976
 30
0
 11
111.5478729999999956
 21
-65.4994999999999976
 31
0
  0
LINE
  5
886
330
22
100
AcDbEntity
  8
B.Cu
  6
CONTINUOUS
100
AcDbLine
 10
111.5478729999999956
 20
-65.4994999999999976
 30
0
 11
111.5478639999999899
 21
-65.4994999999999976
 31
0
  0
LINE
  5
887
330
22
100
AcDbEntity
  8
B.Cu
  6
CONTINUOUS
100
AcDbLine
 10
111.5478639999999899
 20
-65.4994999999999976
 30
0
 11
109.4521289999999993
 21
-65.4994999999999976
 31
0
  0
LINE
  5
888
330
22
100
AcDbEntity
  8
B.Cu
  6
CONTINUOUS
100
AcDbLine
 10
109.4521289999999993
 20
-65.4994999999999976
 30
0
 11
109.4521230000000003
 21
-65.4995009999999951
 31
0
  0
LINE
  5
889
330
22
100
AcDbEntity
  8
B.Cu
  6
CONTINUOUS
100
AcDbLine
 10
115.8994999999999891
 20
-64.9478699999999947
 30
0
 11
115.8995010000000008
 21
-64.9478759999999937
 31
0
  0
LINE
  5
88A
330
22
100
AcDbEntity
  8
B.Cu
  6
CONTINUOUS
100
AcDbLine
 10
115.8995010000000008
 20
-64.9478759999999937
 30
0
 11
115.9059079999999966
 21
-65.0074829999999935
 31
0
  0
LINE
  5
88B
330
22
100
AcDbEntity
  8
B.Cu
  6
CONTINUOUS
100
AcDbLine
 10
115.9059079999999966
 20
-65.0074829999999935
 30
0
 11
115.9562019999999904
 21
-65.142327999999992
 31
0
  0
LINE
  5
88C
330
22
100
AcDbEntity
  8
B.Cu
  6
CONTINUOUS
100
AcDbLine
 10
115.9562019999999904
 20
-65.142327999999992
 30
0
 11
115.9562059999999946
 21
-65.1423350000000028
 31
0
  0
LINE
  5
88D
330
22
100
AcDbEntity
  8
B.Cu
  6
CONTINUOUS
100
AcDbLine
 10
115.9562059999999946
 20
-65.1423350000000028
 30
0
 11
116.0424519999999973
 21
-65.2575439999999958
 31
0
  0
LINE
  5
88E
330
22
100
AcDbEntity
  8
B.Cu
  6
CONTINUOUS
100
AcDbLine
 10
116.0424519999999973
 20
-65.2575439999999958
 30
0
 11
116.0424549999999897
 21
-65.2575470000000024
 31
0
  0
LINE
  5
88F
330
22
100
AcDbEntity
  8
B.Cu
  6
CONTINUOUS
100
AcDbLine
 10
116.0424549999999897
 20
-65.2575470000000024
 30
0
 11
116.1576639999999969
 21
-65.3437929999999909
 31
0
  0
LINE
  5
890
330
22
100
AcDbEntity
  8
B.Cu
  6
CONTINUOUS
100
AcDbLine
 10
116.1576639999999969
 20
-65.3437929999999909
 30
0
 11
116.1576709999999935
 21
-65.343796999999995
 31
0
  0
LINE
  5
891
330
22
100
AcDbEntity
  8
B.Cu
  6
CONTINUOUS
100
AcDbLine
 10
116.1576709999999935
 20
-65.343796999999995
 30
0
 11
116.2925169999999895
 21
-65.3940910000000031
 31
0
  0
LINE
  5
892
330
22
100
AcDbEntity
  8
B.Cu
  6
CONTINUOUS
100
AcDbLine
 10
116.2925169999999895
 20
-65.3940910000000031
 30
0
 11
116.292515999999992
 21
-65.3940910000000031
 31
0
  0
LINE
  5
893
330
22
100
AcDbEntity
  8
B.Cu
  6
CONTINUOUS
100
AcDbLine
 10
116.292515999999992
 20
-65.3940910000000031
 30
0
 11
116.299443999999994
 21
-65.3948350000000005
 31
0
  0
LINE
  5
894
330
22
100
AcDbEntity
  8
B.Cu
  6
CONTINUOUS
100
AcDbLine
 10
116.299443999999994
 20
-65.3948350000000005
 30
0
 11
116.3521269999999959
 21
-65.4004999999999939
 31
0
  0
LINE
  5
895
330
22
100
AcDbEntity
  8
B.Cu
  6
CONTINUOUS
100
AcDbLine
 10
116.3521269999999959
 20
-65.4004999999999939
 30
0
 11
119.6478719999999925
 21
-65.4004989999999964
 31
0
  0
LINE
  5
896
330
22
100
AcDbEntity
  8
B.Cu
  6
CONTINUOUS
100
AcDbLine
 10
119.6478719999999925
 20
-65.4004989999999964
 30
0
 11
119.7074829999999963
 21
-65.3940910000000031
 31
0
  0
LINE
  5
897
330
22
100
AcDbEntity
  8
B.Cu
  6
CONTINUOUS
100
AcDbLine
 10
119.7074829999999963
 20
-65.3940910000000031
 30
0
 11
119.8423310000000015
 21
-65.3437959999999975
 31
0
  0
LINE
  5
898
330
22
100
AcDbEntity
  8
B.Cu
  6
CONTINUOUS
100
AcDbLine
 10
119.8423310000000015
 20
-65.3437959999999975
 30
0
 11
119.9575459999999936
 21
-65.2575459999999907
 31
0
  0
LINE
  5
899
330
22
100
AcDbEntity
  8
B.Cu
  6
CONTINUOUS
100
AcDbLine
 10
119.9575459999999936
 20
-65.2575459999999907
 30
0
 11
120.0437960000000004
 21
-65.1423309999999987
 31
0
  0
LINE
  5
89A
330
22
100
AcDbEntity
  8
B.Cu
  6
CONTINUOUS
100
AcDbLine
 10
120.0437960000000004
 20
-65.1423309999999987
 30
0
 11
120.0940909999999917
 21
-65.0074829999999935
 31
0
  0
LINE
  5
89B
330
22
100
AcDbEntity
  8
B.Cu
  6
CONTINUOUS
100
AcDbLine
 10
120.0940909999999917
 20
-65.0074829999999935
 30
0
 11
120.1004999999999967
 21
-64.9478730000000013
 31
0
  0
LINE
  5
89C
330
22
100
AcDbEntity
  8
B.Cu
  6
CONTINUOUS
100
AcDbLine
 10
120.1004999999999967
 20
-64.9478730000000013
 30
0
 11
120.1004989999999992
 21
-62.8521280000000004
 31
0
  0
LINE
  5
89D
330
22
100
AcDbEntity
  8
B.Cu
  6
CONTINUOUS
100
AcDbLine
 10
120.1004989999999992
 20
-62.8521280000000004
 30
0
 11
120.0940909999999917
 21
-62.7925169999999966
 31
0
  0
LINE
  5
89E
330
22
100
AcDbEntity
  8
B.Cu
  6
CONTINUOUS
100
AcDbLine
 10
120.0940909999999917
 20
-62.7925169999999966
 30
0
 11
120.0437960000000004
 21
-62.6576689999999985
 31
0
  0
LINE
  5
89F
330
22
100
AcDbEntity
  8
B.Cu
  6
CONTINUOUS
100
AcDbLine
 10
120.0437960000000004
 20
-62.6576689999999985
 30
0
 11
120.0437949999999887
 21
-62.6576679999999939
 31
0
  0
LINE
  5
8A0
330
22
100
AcDbEntity
  8
B.Cu
  6
CONTINUOUS
100
AcDbLine
 10
120.0437949999999887
 20
-62.6576679999999939
 30
0
 11
120.0437929999999938
 21
-62.6576639999999969
 31
0
  0
LINE
  5
8A1
330
22
100
AcDbEntity
  8
B.Cu
  6
CONTINUOUS
100
AcDbLine
 10
120.0437929999999938
 20
-62.6576639999999969
 30
0
 11
119.957546999999991
 21
-62.5424549999999968
 31
0
  0
LINE
  5
8A2
330
22
100
AcDbEntity
  8
B.Cu
  6
CONTINUOUS
100
AcDbLine
 10
119.957546999999991
 20
-62.5424549999999968
 30
0
 11
119.9575439999999986
 21
-62.5424519999999973
 31
0
  0
LINE
  5
8A3
330
22
100
AcDbEntity
  8
B.Cu
  6
CONTINUOUS
100
AcDbLine
 10
119.9575439999999986
 20
-62.5424519999999973
 30
0
 11
119.8423349999999914
 21
-62.4562059999999946
 31
0
  0
LINE
  5
8A4
330
22
100
AcDbEntity
  8
B.Cu
  6
CONTINUOUS
100
AcDbLine
 10
119.8423349999999914
 20
-62.4562059999999946
 30
0
 11
119.8423279999999949
 21
-62.4562019999999976
 31
0
  0
LINE
  5
8A5
330
22
100
AcDbEntity
  8
B.Cu
  6
CONTINUOUS
100
AcDbLine
 10
119.8423279999999949
 20
-62.4562019999999976
 30
0
 11
119.7074819999999988
 21
-62.4059079999999966
 31
0
  0
LINE
  5
8A6
330
22
100
AcDbEntity
  8
B.Cu
  6
CONTINUOUS
100
AcDbLine
 10
119.7074819999999988
 20
-62.4059079999999966
 30
0
 11
119.7074829999999963
 21
-62.4059079999999966
 31
0
  0
LINE
  5
8A7
330
22
100
AcDbEntity
  8
B.Cu
  6
CONTINUOUS
100
AcDbLine
 10
119.7074829999999963
 20
-62.4059079999999966
 30
0
 11
119.6478829999999931
 21
-62.3995009999999937
 31
0
  0
LINE
  5
8A8
330
22
100
AcDbEntity
  8
B.Cu
  6
CONTINUOUS
100
AcDbLine
 10
119.6478829999999931
 20
-62.3995009999999937
 30
0
 11
119.6478809999999982
 21
-62.3994999999999962
 31
0
  0
LINE
  5
8A9
330
22
100
AcDbEntity
  8
B.Cu
  6
CONTINUOUS
100
AcDbLine
 10
119.6478809999999982
 20
-62.3994999999999962
 30
0
 11
119.6478729999999899
 21
-62.3994999999999962
 31
0
  0
LINE
  5
8AA
330
22
100
AcDbEntity
  8
B.Cu
  6
CONTINUOUS
100
AcDbLine
 10
119.6478729999999899
 20
-62.3994999999999962
 30
0
 11
119.6478639999999984
 21
-62.3994999999999962
 31
0
  0
LINE
  5
8AB
330
22
100
AcDbEntity
  8
B.Cu
  6
CONTINUOUS
100
AcDbLine
 10
119.6478639999999984
 20
-62.3994999999999962
 30
0
 11
116.3521289999999908
 21
-62.3994999999999962
 31
0
  0
LINE
  5
8AC
330
22
100
AcDbEntity
  8
B.Cu
  6
CONTINUOUS
100
AcDbLine
 10
116.3521289999999908
 20
-62.3994999999999962
 30
0
 11
116.3521229999999917
 21
-62.3995009999999937
 31
0
  0
LINE
  5
8AD
330
22
100
AcDbEntity
  8
B.Cu
  6
CONTINUOUS
100
AcDbLine
 10
116.3521229999999917
 20
-62.3995009999999937
 30
0
 11
116.292515999999992
 21
-62.4059079999999966
 31
0
  0
LINE
  5
8AE
330
22
100
AcDbEntity
  8
B.Cu
  6
CONTINUOUS
100
AcDbLine
 10
116.292515999999992
 20
-62.4059079999999966
 30
0
 11
116.1576709999999935
 21
-62.4562019999999976
 31
0
  0
LINE
  5
8AF
330
22
100
AcDbEntity
  8
B.Cu
  6
CONTINUOUS
100
AcDbLine
 10
116.1576709999999935
 20
-62.4562019999999976
 30
0
 11
116.1576639999999969
 21
-62.4562059999999946
 31
0
  0
LINE
  5
8B0
330
22
100
AcDbEntity
  8
B.Cu
  6
CONTINUOUS
100
AcDbLine
 10
116.1576639999999969
 20
-62.4562059999999946
 30
0
 11
116.0424549999999897
 21
-62.5424519999999973
 31
0
  0
LINE
  5
8B1
330
22
100
AcDbEntity
  8
B.Cu
  6
CONTINUOUS
100
AcDbLine
 10
116.0424549999999897
 20
-62.5424519999999973
 30
0
 11
116.0424519999999973
 21
-62.5424549999999968
 31
0
  0
LINE
  5
8B2
330
22
100
AcDbEntity
  8
B.Cu
  6
CONTINUOUS
100
AcDbLine
 10
116.0424519999999973
 20
-62.5424549999999968
 30
0
 11
115.9562059999999946
 21
-62.6576639999999969
 31
0
  0
LINE
  5
8B3
330
22
100
AcDbEntity
  8
B.Cu
  6
CONTINUOUS
100
AcDbLine
 10
115.9562059999999946
 20
-62.6576639999999969
 30
0
 11
115.9562019999999904
 21
-62.6576710000000006
 31
0
  0
LINE
  5
8B4
330
22
100
AcDbEntity
  8
B.Cu
  6
CONTINUOUS
100
AcDbLine
 10
115.9562019999999904
 20
-62.6576710000000006
 30
0
 11
115.9059079999999966
 21
-62.7925169999999966
 31
0
  0
LINE
  5
8B5
330
22
100
AcDbEntity
  8
B.Cu
  6
CONTINUOUS
100
AcDbLine
 10
115.9059079999999966
 20
-62.7925169999999966
 30
0
 11
115.8995010000000008
 21
-62.8521159999999952
 31
0
  0
LINE
  5
8B6
330
22
100
AcDbEntity
  8
B.Cu
  6
CONTINUOUS
100
AcDbLine
 10
115.8995010000000008
 20
-62.8521159999999952
 30
0
 11
115.8995010000000008
 21
-62.8521229999999989
 31
0
  0
LINE
  5
8B7
330
22
100
AcDbEntity
  8
B.Cu
  6
CONTINUOUS
100
AcDbLine
 10
115.8995010000000008
 20
-62.8521229999999989
 30
0
 11
115.8994999999999891
 21
-62.852134999999997
 31
0
  0
LINE
  5
8B8
330
22
100
AcDbEntity
  8
B.Cu
  6
CONTINUOUS
100
AcDbLine
 10
115.8994999999999891
 20
-62.852134999999997
 30
0
 11
115.8994999999999891
 21
-64.9478699999999947
 31
0
  0
LINE
  5
8B9
330
22
100
AcDbEntity
  8
B.Cu
  6
CONTINUOUS
100
AcDbLine
 10
143.7744999999999891
 20
-62.4862859999999998
 30
0
 11
143.8016439999999818
 21
-62.6576710000000006
 31
0
  0
LINE
  5
8BA
330
22
100
AcDbEntity
  8
B.Cu
  6
CONTINUOUS
100
AcDbLine
 10
143.8016439999999818
 20
-62.6576710000000006
 30
0
 11
143.8077539999999885
 21
-62.6962429999999955
 31
0
  0
LINE
  5
8BB
330
22
100
AcDbEntity
  8
B.Cu
  6
CONTINUOUS
100
AcDbLine
 10
143.8077539999999885
 20
-62.6962429999999955
 30
0
 11
143.8584040000000073
 21
-62.8521280000000004
 31
0
  0
LINE
  5
8BC
330
22
100
AcDbEntity
  8
B.Cu
  6
CONTINUOUS
100
AcDbLine
 10
143.8584040000000073
 20
-62.8521280000000004
 30
0
 11
143.8734440000000063
 21
-62.8984139999999954
 31
0
  0
LINE
  5
8BD
330
22
100
AcDbEntity
  8
B.Cu
  6
CONTINUOUS
100
AcDbLine
 10
143.8734440000000063
 20
-62.8984139999999954
 30
0
 11
143.9699509999999805
 21
-63.0878200000000007
 31
0
  0
LINE
  5
8BE
330
22
100
AcDbEntity
  8
B.Cu
  6
CONTINUOUS
100
AcDbLine
 10
143.9699509999999805
 20
-63.0878200000000007
 30
0
 11
144.0948899999999924
 21
-63.2597859999999983
 31
0
  0
LINE
  5
8BF
330
22
100
AcDbEntity
  8
B.Cu
  6
CONTINUOUS
100
AcDbLine
 10
144.0948899999999924
 20
-63.2597859999999983
 30
0
 11
144.2452130000000068
 21
-63.4101089999999985
 31
0
  0
LINE
  5
8C0
330
22
100
AcDbEntity
  8
B.Cu
  6
CONTINUOUS
100
AcDbLine
 10
144.2452130000000068
 20
-63.4101089999999985
 30
0
 11
144.4171790000000044
 21
-63.5350479999999962
 31
0
  0
LINE
  5
8C1
330
22
100
AcDbEntity
  8
B.Cu
  6
CONTINUOUS
100
AcDbLine
 10
144.4171790000000044
 20
-63.5350479999999962
 30
0
 11
144.4171809999999994
 21
-63.5350489999999937
 31
0
  0
LINE
  5
8C2
330
22
100
AcDbEntity
  8
B.Cu
  6
CONTINUOUS
100
AcDbLine
 10
144.4171809999999994
 20
-63.5350489999999937
 30
0
 11
144.4171839999999918
 21
-63.5350509999999957
 31
0
  0
LINE
  5
8C3
330
22
100
AcDbEntity
  8
B.Cu
  6
CONTINUOUS
100
AcDbLine
 10
144.4171839999999918
 20
-63.5350509999999957
 30
0
 11
144.6065879999999879
 21
-63.6315569999999937
 31
0
  0
LINE
  5
8C4
330
22
100
AcDbEntity
  8
B.Cu
  6
CONTINUOUS
100
AcDbLine
 10
144.6065879999999879
 20
-63.6315569999999937
 30
0
 11
144.8087569999999857
 21
-63.6972459999999998
 31
0
  0
LINE
  5
8C5
330
22
100
AcDbEntity
  8
B.Cu
  6
CONTINUOUS
100
AcDbLine
 10
144.8087569999999857
 20
-63.6972459999999998
 30
0
 11
145.0187129999999911
 21
-63.7304999999999993
 31
0
  0
LINE
  5
8C6
330
22
100
AcDbEntity
  8
B.Cu
  6
CONTINUOUS
100
AcDbLine
 10
145.0187129999999911
 20
-63.7304999999999993
 30
0
 11
145.0187139999999886
 21
-63.7304999999999993
 31
0
  0
LINE
  5
8C7
330
22
100
AcDbEntity
  8
B.Cu
  6
CONTINUOUS
100
AcDbLine
 10
145.0187139999999886
 20
-63.7304999999999993
 30
0
 11
147.231285999999983
 21
-63.7304999999999993
 31
0
  0
LINE
  5
8C8
330
22
100
AcDbEntity
  8
B.Cu
  6
CONTINUOUS
100
AcDbLine
 10
147.231285999999983
 20
-63.7304999999999993
 30
0
 11
147.2312869999999805
 21
-63.7304999999999993
 31
0
  0
LINE
  5
8C9
330
22
100
AcDbEntity
  8
B.Cu
  6
CONTINUOUS
100
AcDbLine
 10
147.2312869999999805
 20
-63.7304999999999993
 30
0
 11
147.4412429999999858
 21
-63.6972459999999998
 31
0
  0
LINE
  5
8CA
330
22
100
AcDbEntity
  8
B.Cu
  6
CONTINUOUS
100
AcDbLine
 10
147.4412429999999858
 20
-63.6972459999999998
 30
0
 11
147.6434119999999837
 21
-63.6315569999999937
 31
0
  0
LINE
  5
8CB
330
22
100
AcDbEntity
  8
B.Cu
  6
CONTINUOUS
100
AcDbLine
 10
147.6434119999999837
 20
-63.6315569999999937
 30
0
 11
147.8328159999999798
 21
-63.5350509999999957
 31
0
  0
LINE
  5
8CC
330
22
100
AcDbEntity
  8
B.Cu
  6
CONTINUOUS
100
AcDbLine
 10
147.8328159999999798
 20
-63.5350509999999957
 30
0
 11
147.9191380000000038
 21
-63.472334999999994
 31
0
  0
LINE
  5
8CD
330
22
100
AcDbEntity
  8
B.Cu
  6
CONTINUOUS
100
AcDbLine
 10
147.9191380000000038
 20
-63.472334999999994
 30
0
 11
148.0047859999999957
 21
-63.4101089999999985
 31
0
  0
LINE
  5
8CE
330
22
100
AcDbEntity
  8
B.Cu
  6
CONTINUOUS
100
AcDbLine
 10
148.0047859999999957
 20
-63.4101089999999985
 30
0
 11
148.0047879999999907
 21
-63.410105999999999
 31
0
  0
LINE
  5
8CF
330
22
100
AcDbEntity
  8
B.Cu
  6
CONTINUOUS
100
AcDbLine
 10
148.0047879999999907
 20
-63.410105999999999
 30
0
 11
148.0047919999999806
 21
-63.4101039999999969
 31
0
  0
LINE
  5
8D0
330
22
100
AcDbEntity
  8
B.Cu
  6
CONTINUOUS
100
AcDbLine
 10
148.0047919999999806
 20
-63.4101039999999969
 30
0
 11
148.1551039999999944
 21
-63.2597919999999974
 31
0
  0
LINE
  5
8D1
330
22
100
AcDbEntity
  8
B.Cu
  6
CONTINUOUS
100
AcDbLine
 10
148.1551039999999944
 20
-63.2597919999999974
 30
0
 11
148.1551059999999893
 21
-63.2597880000000004
 31
0
  0
LINE
  5
8D2
330
22
100
AcDbEntity
  8
B.Cu
  6
CONTINUOUS
100
AcDbLine
 10
148.1551059999999893
 20
-63.2597880000000004
 30
0
 11
148.1551089999999817
 21
-63.2597859999999983
 31
0
  0
LINE
  5
8D3
330
22
100
AcDbEntity
  8
B.Cu
  6
CONTINUOUS
100
AcDbLine
 10
148.1551089999999817
 20
-63.2597859999999983
 30
0
 11
148.2800479999999936
 21
-63.0878200000000007
 31
0
  0
LINE
  5
8D4
330
22
100
AcDbEntity
  8
B.Cu
  6
CONTINUOUS
100
AcDbLine
 10
148.2800479999999936
 20
-63.0878200000000007
 30
0
 11
148.2800469999999962
 21
-63.0878200000000007
 31
0
  0
LINE
  5
8D5
330
22
100
AcDbEntity
  8
B.Cu
  6
CONTINUOUS
100
AcDbLine
 10
148.2800469999999962
 20
-63.0878200000000007
 30
0
 11
148.2800509999999861
 21
-63.0878159999999966
 31
0
  0
LINE
  5
8D6
330
22
100
AcDbEntity
  8
B.Cu
  6
CONTINUOUS
100
AcDbLine
 10
148.2800509999999861
 20
-63.0878159999999966
 30
0
 11
148.3765569999999911
 21
-62.8984120000000004
 31
0
  0
LINE
  5
8D7
330
22
100
AcDbEntity
  8
B.Cu
  6
CONTINUOUS
100
AcDbLine
 10
148.3765569999999911
 20
-62.8984120000000004
 30
0
 11
148.442245999999983
 21
-62.6962429999999955
 31
0
  0
LINE
  5
8D8
330
22
100
AcDbEntity
  8
B.Cu
  6
CONTINUOUS
100
AcDbLine
 10
148.442245999999983
 20
-62.6962429999999955
 30
0
 11
148.4754999999999825
 21
-62.4862869999999972
 31
0
  0
LINE
  5
8D9
330
22
100
AcDbEntity
  8
B.Cu
  6
CONTINUOUS
100
AcDbLine
 10
148.4754999999999825
 20
-62.4862869999999972
 30
0
 11
148.4754999999999825
 21
-62.2737129999999937
 31
0
  0
LINE
  5
8DA
330
22
100
AcDbEntity
  8
B.Cu
  6
CONTINUOUS
100
AcDbLine
 10
148.4754999999999825
 20
-62.2737129999999937
 30
0
 11
148.442245999999983
 21
-62.0637569999999954
 31
0
  0
LINE
  5
8DB
330
22
100
AcDbEntity
  8
B.Cu
  6
CONTINUOUS
100
AcDbLine
 10
148.442245999999983
 20
-62.0637569999999954
 30
0
 11
148.3765569999999911
 21
-61.8615879999999976
 31
0
  0
LINE
  5
8DC
330
22
100
AcDbEntity
  8
B.Cu
  6
CONTINUOUS
100
AcDbLine
 10
148.3765569999999911
 20
-61.8615879999999976
 30
0
 11
148.2800509999999861
 21
-61.6721839999999943
 31
0
  0
LINE
  5
8DD
330
22
100
AcDbEntity
  8
B.Cu
  6
CONTINUOUS
100
AcDbLine
 10
148.2800509999999861
 20
-61.6721839999999943
 30
0
 11
148.2800489999999911
 21
-61.6721809999999948
 31
0
  0
LINE
  5
8DE
330
22
100
AcDbEntity
  8
B.Cu
  6
CONTINUOUS
100
AcDbLine
 10
148.2800489999999911
 20
-61.6721809999999948
 30
0
 11
148.2800479999999936
 21
-61.6721789999999999
 31
0
  0
LINE
  5
8DF
330
22
100
AcDbEntity
  8
B.Cu
  6
CONTINUOUS
100
AcDbLine
 10
148.2800479999999936
 20
-61.6721789999999999
 30
0
 11
148.1551089999999817
 21
-61.5002129999999951
 31
0
  0
LINE
  5
8E0
330
22
100
AcDbEntity
  8
B.Cu
  6
CONTINUOUS
100
AcDbLine
 10
148.1551089999999817
 20
-61.5002129999999951
 30
0
 11
148.0047859999999957
 21
-61.3498899999999949
 31
0
  0
LINE
  5
8E1
330
22
100
AcDbEntity
  8
B.Cu
  6
CONTINUOUS
100
AcDbLine
 10
148.0047859999999957
 20
-61.3498899999999949
 30
0
 11
147.8328199999999981
 21
-61.2249509999999972
 31
0
  0
LINE
  5
8E2
330
22
100
AcDbEntity
  8
B.Cu
  6
CONTINUOUS
100
AcDbLine
 10
147.8328199999999981
 20
-61.2249509999999972
 30
0
 11
147.643414000000007
 21
-61.1284439999999947
 31
0
  0
LINE
  5
8E3
330
22
100
AcDbEntity
  8
B.Cu
  6
CONTINUOUS
100
AcDbLine
 10
147.643414000000007
 20
-61.1284439999999947
 30
0
 11
147.6434129999999811
 21
-61.1284429999999972
 31
0
  0
LINE
  5
8E4
330
22
100
AcDbEntity
  8
B.Cu
  6
CONTINUOUS
100
AcDbLine
 10
147.6434129999999811
 20
-61.1284429999999972
 30
0
 11
147.6434119999999837
 21
-61.1284429999999972
 31
0
  0
LINE
  5
8E5
330
22
100
AcDbEntity
  8
B.Cu
  6
CONTINUOUS
100
AcDbLine
 10
147.6434119999999837
 20
-61.1284429999999972
 30
0
 11
147.4412429999999858
 21
-61.0627539999999982
 31
0
  0
LINE
  5
8E6
330
22
100
AcDbEntity
  8
B.Cu
  6
CONTINUOUS
100
AcDbLine
 10
147.4412429999999858
 20
-61.0627539999999982
 30
0
 11
147.4412409999999909
 21
-61.0627530000000007
 31
0
  0
LINE
  5
8E7
330
22
100
AcDbEntity
  8
B.Cu
  6
CONTINUOUS
100
AcDbLine
 10
147.4412409999999909
 20
-61.0627530000000007
 30
0
 11
147.4412399999999934
 21
-61.0627530000000007
 31
0
  0
LINE
  5
8E8
330
22
100
AcDbEntity
  8
B.Cu
  6
CONTINUOUS
100
AcDbLine
 10
147.4412399999999934
 20
-61.0627530000000007
 30
0
 11
147.279956999999996
 21
-61.0372079999999997
 31
0
  0
LINE
  5
8E9
330
22
100
AcDbEntity
  8
B.Cu
  6
CONTINUOUS
100
AcDbLine
 10
147.279956999999996
 20
-61.0372079999999997
 30
0
 11
147.2312869999999805
 21
-61.0294999999999987
 31
0
  0
LINE
  5
8EA
330
22
100
AcDbEntity
  8
B.Cu
  6
CONTINUOUS
100
AcDbLine
 10
147.2312869999999805
 20
-61.0294999999999987
 30
0
 11
145.0187129999999911
 21
-61.0294999999999987
 31
0
  0
LINE
  5
8EB
330
22
100
AcDbEntity
  8
B.Cu
  6
CONTINUOUS
100
AcDbLine
 10
145.0187129999999911
 20
-61.0294999999999987
 30
0
 11
144.9700420000000065
 21
-61.0372079999999997
 31
0
  0
LINE
  5
8EC
330
22
100
AcDbEntity
  8
B.Cu
  6
CONTINUOUS
100
AcDbLine
 10
144.9700420000000065
 20
-61.0372079999999997
 30
0
 11
144.8087600000000066
 21
-61.0627530000000007
 31
0
  0
LINE
  5
8ED
330
22
100
AcDbEntity
  8
B.Cu
  6
CONTINUOUS
100
AcDbLine
 10
144.8087600000000066
 20
-61.0627530000000007
 30
0
 11
144.6065849999999955
 21
-61.1284439999999947
 31
0
  0
LINE
  5
8EE
330
22
100
AcDbEntity
  8
B.Cu
  6
CONTINUOUS
100
AcDbLine
 10
144.6065849999999955
 20
-61.1284439999999947
 30
0
 11
144.4171790000000044
 21
-61.2249509999999972
 31
0
  0
LINE
  5
8EF
330
22
100
AcDbEntity
  8
B.Cu
  6
CONTINUOUS
100
AcDbLine
 10
144.4171790000000044
 20
-61.2249509999999972
 30
0
 11
144.2452130000000068
 21
-61.3498899999999949
 31
0
  0
LINE
  5
8F0
330
22
100
AcDbEntity
  8
B.Cu
  6
CONTINUOUS
100
AcDbLine
 10
144.2452130000000068
 20
-61.3498899999999949
 30
0
 11
144.0948899999999924
 21
-61.5002129999999951
 31
0
  0
LINE
  5
8F1
330
22
100
AcDbEntity
  8
B.Cu
  6
CONTINUOUS
100
AcDbLine
 10
144.0948899999999924
 20
-61.5002129999999951
 30
0
 11
143.9699509999999805
 21
-61.6721789999999999
 31
0
  0
LINE
  5
8F2
330
22
100
AcDbEntity
  8
B.Cu
  6
CONTINUOUS
100
AcDbLine
 10
143.9699509999999805
 20
-61.6721789999999999
 30
0
 11
143.8734440000000063
 21
-61.861584999999998
 31
0
  0
LINE
  5
8F3
330
22
100
AcDbEntity
  8
B.Cu
  6
CONTINUOUS
100
AcDbLine
 10
143.8734440000000063
 20
-61.861584999999998
 30
0
 11
143.8077529999999911
 21
-62.0637599999999949
 31
0
  0
LINE
  5
8F4
330
22
100
AcDbEntity
  8
B.Cu
  6
CONTINUOUS
100
AcDbLine
 10
143.8077529999999911
 20
-62.0637599999999949
 30
0
 11
143.7744999999999891
 21
-62.2737129999999937
 31
0
  0
LINE
  5
8F5
330
22
100
AcDbEntity
  8
B.Cu
  6
CONTINUOUS
100
AcDbLine
 10
143.7744999999999891
 20
-62.2737129999999937
 30
0
 11
143.7744999999999891
 21
-62.4862859999999998
 31
0
  0
LINE
  5
8F6
330
22
100
AcDbEntity
  8
B.Cu
  6
CONTINUOUS
100
AcDbLine
 10
92.2794999999999987
 20
-52.2166099999999958
 30
0
 11
92.2967220000000026
 21
-52.3253500000000003
 31
0
  0
LINE
  5
8F7
330
22
100
AcDbEntity
  8
B.Cu
  6
CONTINUOUS
100
AcDbLine
 10
92.2967220000000026
 20
-52.3253500000000003
 30
0
 11
92.3065979999999939
 21
-52.3877009999999999
 31
0
  0
LINE
  5
8F8
330
22
100
AcDbEntity
  8
B.Cu
  6
CONTINUOUS
100
AcDbLine
 10
92.3065979999999939
 20
-52.3877009999999999
 30
0
 11
92.3601269999999914
 21
-52.5524449999999987
 31
0
  0
LINE
  5
8F9
330
22
100
AcDbEntity
  8
B.Cu
  6
CONTINUOUS
100
AcDbLine
 10
92.3601269999999914
 20
-52.5524449999999987
 30
0
 11
92.4387679999999961
 21
-52.706787999999996
 31
0
  0
LINE
  5
8FA
330
22
100
AcDbEntity
  8
B.Cu
  6
CONTINUOUS
100
AcDbLine
 10
92.4387679999999961
 20
-52.706787999999996
 30
0
 11
92.5405859999999905
 21
-52.8469279999999983
 31
0
  0
LINE
  5
8FB
330
22
100
AcDbEntity
  8
B.Cu
  6
CONTINUOUS
100
AcDbLine
 10
92.5405859999999905
 20
-52.8469279999999983
 30
0
 11
92.6630719999999997
 21
-52.9694140000000004
 31
0
  0
LINE
  5
8FC
330
22
100
AcDbEntity
  8
B.Cu
  6
CONTINUOUS
100
AcDbLine
 10
92.6630719999999997
 20
-52.9694140000000004
 30
0
 11
92.803212000000002
 21
-53.0712319999999949
 31
0
  0
LINE
  5
8FD
330
22
100
AcDbEntity
  8
B.Cu
  6
CONTINUOUS
100
AcDbLine
 10
92.803212000000002
 20
-53.0712319999999949
 30
0
 11
92.9575549999999993
 21
-53.1498729999999995
 31
0
  0
LINE
  5
8FE
330
22
100
AcDbEntity
  8
B.Cu
  6
CONTINUOUS
100
AcDbLine
 10
92.9575549999999993
 20
-53.1498729999999995
 30
0
 11
93.1222989999999982
 21
-53.203401999999997
 31
0
  0
LINE
  5
8FF
330
22
100
AcDbEntity
  8
B.Cu
  6
CONTINUOUS
100
AcDbLine
 10
93.1222989999999982
 20
-53.203401999999997
 30
0
 11
93.2933889999999906
 21
-53.2304999999999993
 31
0
  0
LINE
  5
900
330
22
100
AcDbEntity
  8
B.Cu
  6
CONTINUOUS
100
AcDbLine
 10
93.2933889999999906
 20
-53.2304999999999993
 30
0
 11
93.2933900000000023
 21
-53.2304999999999993
 31
0
  0
LINE
  5
901
330
22
100
AcDbEntity
  8
B.Cu
  6
CONTINUOUS
100
AcDbLine
 10
93.2933900000000023
 20
-53.2304999999999993
 30
0
 11
93.4666100000000029
 21
-53.2304999999999993
 31
0
  0
LINE
  5
902
330
22
100
AcDbEntity
  8
B.Cu
  6
CONTINUOUS
100
AcDbLine
 10
93.4666100000000029
 20
-53.2304999999999993
 30
0
 11
93.4666110000000003
 21
-53.2304999999999993
 31
0
  0
LINE
  5
903
330
22
100
AcDbEntity
  8
B.Cu
  6
CONTINUOUS
100
AcDbLine
 10
93.4666110000000003
 20
-53.2304999999999993
 30
0
 11
93.6377009999999927
 21
-53.203401999999997
 31
0
  0
LINE
  5
904
330
22
100
AcDbEntity
  8
B.Cu
  6
CONTINUOUS
100
AcDbLine
 10
93.6377009999999927
 20
-53.203401999999997
 30
0
 11
93.8024449999999916
 21
-53.1498729999999995
 31
0
  0
LINE
  5
905
330
22
100
AcDbEntity
  8
B.Cu
  6
CONTINUOUS
100
AcDbLine
 10
93.8024449999999916
 20
-53.1498729999999995
 30
0
 11
93.9567879999999889
 21
-53.0712319999999949
 31
0
  0
LINE
  5
906
330
22
100
AcDbEntity
  8
B.Cu
  6
CONTINUOUS
100
AcDbLine
 10
93.9567879999999889
 20
-53.0712319999999949
 30
0
 11
94.0969279999999912
 21
-52.9694140000000004
 31
0
  0
LINE
  5
907
330
22
100
AcDbEntity
  8
B.Cu
  6
CONTINUOUS
100
AcDbLine
 10
94.0969279999999912
 20
-52.9694140000000004
 30
0
 11
94.2194140000000004
 21
-52.8469279999999983
 31
0
  0
LINE
  5
908
330
22
100
AcDbEntity
  8
B.Cu
  6
CONTINUOUS
100
AcDbLine
 10
94.2194140000000004
 20
-52.8469279999999983
 30
0
 11
94.3212319999999949
 21
-52.706787999999996
 31
0
  0
LINE
  5
909
330
22
100
AcDbEntity
  8
B.Cu
  6
CONTINUOUS
100
AcDbLine
 10
94.3212319999999949
 20
-52.706787999999996
 30
0
 11
94.3998729999999995
 21
-52.5524449999999987
 31
0
  0
LINE
  5
90A
330
22
100
AcDbEntity
  8
B.Cu
  6
CONTINUOUS
100
AcDbLine
 10
94.3998729999999995
 20
-52.5524449999999987
 30
0
 11
94.453401999999997
 21
-52.3877009999999999
 31
0
  0
LINE
  5
90B
330
22
100
AcDbEntity
  8
B.Cu
  6
CONTINUOUS
100
AcDbLine
 10
94.453401999999997
 20
-52.3877009999999999
 30
0
 11
94.4804999999999922
 21
-52.2166110000000003
 31
0
  0
LINE
  5
90C
330
22
100
AcDbEntity
  8
B.Cu
  6
CONTINUOUS
100
AcDbLine
 10
94.4804999999999922
 20
-52.2166110000000003
 30
0
 11
94.4804999999999922
 21
-52.0433889999999977
 31
0
  0
LINE
  5
90D
330
22
100
AcDbEntity
  8
B.Cu
  6
CONTINUOUS
100
AcDbLine
 10
94.4804999999999922
 20
-52.0433889999999977
 30
0
 11
94.4708540000000028
 21
-51.9824859999999944
 31
0
  0
LINE
  5
90E
330
22
100
AcDbEntity
  8
B.Cu
  6
CONTINUOUS
100
AcDbLine
 10
94.4708540000000028
 20
-51.9824859999999944
 30
0
 11
94.453401999999997
 21
-51.8722989999999982
 31
0
  0
LINE
  5
90F
330
22
100
AcDbEntity
  8
B.Cu
  6
CONTINUOUS
100
AcDbLine
 10
94.453401999999997
 20
-51.8722989999999982
 30
0
 11
94.3998729999999995
 21
-51.7075549999999993
 31
0
  0
LINE
  5
910
330
22
100
AcDbEntity
  8
B.Cu
  6
CONTINUOUS
100
AcDbLine
 10
94.3998729999999995
 20
-51.7075549999999993
 30
0
 11
94.3212319999999949
 21
-51.5532119999999949
 31
0
  0
LINE
  5
911
330
22
100
AcDbEntity
  8
B.Cu
  6
CONTINUOUS
100
AcDbLine
 10
94.3212319999999949
 20
-51.5532119999999949
 30
0
 11
94.2194140000000004
 21
-51.4130719999999997
 31
0
  0
LINE
  5
912
330
22
100
AcDbEntity
  8
B.Cu
  6
CONTINUOUS
100
AcDbLine
 10
94.2194140000000004
 20
-51.4130719999999997
 30
0
 11
94.1674819999999926
 21
-51.3611399999999989
 31
0
  0
LINE
  5
913
330
22
100
AcDbEntity
  8
B.Cu
  6
CONTINUOUS
100
AcDbLine
 10
94.1674819999999926
 20
-51.3611399999999989
 30
0
 11
94.1339969999999937
 21
-51.2998169999999973
 31
0
  0
LINE
  5
914
330
22
100
AcDbEntity
  8
B.Cu
  6
CONTINUOUS
100
AcDbLine
 10
94.1339969999999937
 20
-51.2998169999999973
 30
0
 11
94.1389810000000011
 21
-51.230125000000001
 31
0
  0
LINE
  5
915
330
22
100
AcDbEntity
  8
B.Cu
  6
CONTINUOUS
100
AcDbLine
 10
94.1389810000000011
 20
-51.230125000000001
 30
0
 11
94.180852999999999
 21
-51.1741919999999979
 31
0
  0
LINE
  5
916
330
22
100
AcDbEntity
  8
B.Cu
  6
CONTINUOUS
100
AcDbLine
 10
94.180852999999999
 20
-51.1741919999999979
 30
0
 11
94.2463169999999906
 21
-51.1497749999999982
 31
0
  0
LINE
  5
917
330
22
100
AcDbEntity
  8
B.Cu
  6
CONTINUOUS
100
AcDbLine
 10
94.2463169999999906
 20
-51.1497749999999982
 30
0
 11
94.2745609999999914
 21
-51.1509859999999961
 31
0
  0
LINE
  5
918
330
22
100
AcDbEntity
  8
B.Cu
  6
CONTINUOUS
100
AcDbLine
 10
94.2745609999999914
 20
-51.1509859999999961
 30
0
 11
94.2752119999999962
 21
-51.1510889999999989
 31
0
  0
LINE
  5
919
330
22
100
AcDbEntity
  8
B.Cu
  6
CONTINUOUS
100
AcDbLine
 10
94.2752119999999962
 20
-51.1510889999999989
 30
0
 11
94.2752149999999887
 21
-51.1510899999999964
 31
0
  0
LINE
  5
91A
330
22
100
AcDbEntity
  8
B.Cu
  6
CONTINUOUS
100
AcDbLine
 10
94.2752149999999887
 20
-51.1510899999999964
 30
0
 11
94.5240379999999902
 21
-51.1905000000000001
 31
0
  0
LINE
  5
91B
330
22
100
AcDbEntity
  8
B.Cu
  6
CONTINUOUS
100
AcDbLine
 10
94.5240379999999902
 20
-51.1905000000000001
 30
0
 11
94.5240390000000019
 21
-51.1905000000000001
 31
0
  0
LINE
  5
91C
330
22
100
AcDbEntity
  8
B.Cu
  6
CONTINUOUS
100
AcDbLine
 10
94.5240390000000019
 20
-51.1905000000000001
 30
0
 11
94.7759609999999952
 21
-51.1905000000000001
 31
0
  0
LINE
  5
91D
330
22
100
AcDbEntity
  8
B.Cu
  6
CONTINUOUS
100
AcDbLine
 10
94.7759609999999952
 20
-51.1905000000000001
 30
0
 11
94.7759619999999927
 21
-51.1905000000000001
 31
0
  0
LINE
  5
91E
330
22
100
AcDbEntity
  8
B.Cu
  6
CONTINUOUS
100
AcDbLine
 10
94.7759619999999927
 20
-51.1905000000000001
 30
0
 11
95.0247849999999943
 21
-51.1510899999999964
 31
0
  0
LINE
  5
91F
330
22
100
AcDbEntity
  8
B.Cu
  6
CONTINUOUS
100
AcDbLine
 10
95.0247849999999943
 20
-51.1510899999999964
 30
0
 11
95.264378999999991
 21
-51.0732409999999959
 31
0
  0
LINE
  5
920
330
22
100
AcDbEntity
  8
B.Cu
  6
CONTINUOUS
100
AcDbLine
 10
95.264378999999991
 20
-51.0732409999999959
 30
0
 11
95.4888449999999978
 21
-50.9588699999999974
 31
0
  0
LINE
  5
921
330
22
100
AcDbEntity
  8
B.Cu
  6
CONTINUOUS
100
AcDbLine
 10
95.4888449999999978
 20
-50.9588699999999974
 30
0
 11
95.6926559999999995
 21
-50.8107929999999968
 31
0
  0
LINE
  5
922
330
22
100
AcDbEntity
  8
B.Cu
  6
CONTINUOUS
100
AcDbLine
 10
95.6926559999999995
 20
-50.8107929999999968
 30
0
 11
95.8707929999999919
 21
-50.6326559999999972
 31
0
  0
LINE
  5
923
330
22
100
AcDbEntity
  8
B.Cu
  6
CONTINUOUS
100
AcDbLine
 10
95.8707929999999919
 20
-50.6326559999999972
 30
0
 11
96.0188699999999926
 21
-50.4288449999999955
 31
0
  0
LINE
  5
924
330
22
100
AcDbEntity
  8
B.Cu
  6
CONTINUOUS
100
AcDbLine
 10
96.0188699999999926
 20
-50.4288449999999955
 30
0
 11
96.1332409999999982
 21
-50.2043789999999959
 31
0
  0
LINE
  5
925
330
22
100
AcDbEntity
  8
B.Cu
  6
CONTINUOUS
100
AcDbLine
 10
96.1332409999999982
 20
-50.2043789999999959
 30
0
 11
96.2110899999999987
 21
-49.9647849999999991
 31
0
  0
LINE
  5
926
330
22
100
AcDbEntity
  8
B.Cu
  6
CONTINUOUS
100
AcDbLine
 10
96.2110899999999987
 20
-49.9647849999999991
 30
0
 11
96.2505000000000024
 21
-49.7159619999999975
 31
0
  0
LINE
  5
927
330
22
100
AcDbEntity
  8
B.Cu
  6
CONTINUOUS
100
AcDbLine
 10
96.2505000000000024
 20
-49.7159619999999975
 30
0
 11
96.2505000000000024
 21
-49.4640379999999951
 31
0
  0
LINE
  5
928
330
22
100
AcDbEntity
  8
B.Cu
  6
CONTINUOUS
100
AcDbLine
 10
96.2505000000000024
 20
-49.4640379999999951
 30
0
 11
96.2110899999999987
 21
-49.2152150000000006
 31
0
  0
LINE
  5
929
330
22
100
AcDbEntity
  8
B.Cu
  6
CONTINUOUS
100
AcDbLine
 10
96.2110899999999987
 20
-49.2152150000000006
 30
0
 11
96.1332409999999982
 21
-48.9756209999999967
 31
0
  0
LINE
  5
92A
330
22
100
AcDbEntity
  8
B.Cu
  6
CONTINUOUS
100
AcDbLine
 10
96.1332409999999982
 20
-48.9756209999999967
 30
0
 11
96.133238999999989
 21
-48.9756179999999972
 31
0
  0
LINE
  5
92B
330
22
100
AcDbEntity
  8
B.Cu
  6
CONTINUOUS
100
AcDbLine
 10
96.133238999999989
 20
-48.9756179999999972
 30
0
 11
96.133238999999989
 21
-48.9756159999999952
 31
0
  0
LINE
  5
92C
330
22
100
AcDbEntity
  8
B.Cu
  6
CONTINUOUS
100
AcDbLine
 10
96.133238999999989
 20
-48.9756159999999952
 30
0
 11
96.091746999999998
 21
-48.8941839999999956
 31
0
  0
LINE
  5
92D
330
22
100
AcDbEntity
  8
B.Cu
  6
CONTINUOUS
100
AcDbLine
 10
96.091746999999998
 20
-48.8941839999999956
 30
0
 11
96.0188699999999926
 21
-48.7511549999999971
 31
0
  0
LINE
  5
92E
330
22
100
AcDbEntity
  8
B.Cu
  6
CONTINUOUS
100
AcDbLine
 10
96.0188699999999926
 20
-48.7511549999999971
 30
0
 11
95.9524869999999908
 21
-48.6597859999999969
 31
0
  0
LINE
  5
92F
330
22
100
AcDbEntity
  8
B.Cu
  6
CONTINUOUS
100
AcDbLine
 10
95.9524869999999908
 20
-48.6597859999999969
 30
0
 11
95.8707979999999935
 21
-48.5473499999999945
 31
0
  0
LINE
  5
930
330
22
100
AcDbEntity
  8
B.Cu
  6
CONTINUOUS
100
AcDbLine
 10
95.8707979999999935
 20
-48.5473499999999945
 30
0
 11
95.8707939999999894
 21
-48.547345
 31
0
  0
LINE
  5
931
330
22
100
AcDbEntity
  8
B.Cu
  6
CONTINUOUS
100
AcDbLine
 10
95.8707939999999894
 20
-48.547345
 30
0
 11
95.6926539999999903
 21
-48.3692050000000009
 31
0
  0
LINE
  5
932
330
22
100
AcDbEntity
  8
B.Cu
  6
CONTINUOUS
100
AcDbLine
 10
95.6926539999999903
 20
-48.3692050000000009
 30
0
 11
95.6926489999999887
 21
-48.3692009999999968
 31
0
  0
LINE
  5
933
330
22
100
AcDbEntity
  8
B.Cu
  6
CONTINUOUS
100
AcDbLine
 10
95.6926489999999887
 20
-48.3692009999999968
 30
0
 11
95.4888479999999902
 21
-48.2211319999999972
 31
0
  0
LINE
  5
934
330
22
100
AcDbEntity
  8
B.Cu
  6
CONTINUOUS
100
AcDbLine
 10
95.4888479999999902
 20
-48.2211319999999972
 30
0
 11
95.4888469999999927
 21
-48.2211309999999997
 31
0
  0
LINE
  5
935
330
22
100
AcDbEntity
  8
B.Cu
  6
CONTINUOUS
100
AcDbLine
 10
95.4888469999999927
 20
-48.2211309999999997
 30
0
 11
95.4888449999999978
 21
-48.2211299999999952
 31
0
  0
LINE
  5
936
330
22
100
AcDbEntity
  8
B.Cu
  6
CONTINUOUS
100
AcDbLine
 10
95.4888449999999978
 20
-48.2211299999999952
 30
0
 11
95.4187469999999962
 21
-48.1854129999999969
 31
0
  0
LINE
  5
937
330
22
100
AcDbEntity
  8
B.Cu
  6
CONTINUOUS
100
AcDbLine
 10
95.4187469999999962
 20
-48.1854129999999969
 30
0
 11
95.2643829999999951
 21
-48.1067600000000013
 31
0
  0
LINE
  5
938
330
22
100
AcDbEntity
  8
B.Cu
  6
CONTINUOUS
100
AcDbLine
 10
95.2643829999999951
 20
-48.1067600000000013
 30
0
 11
95.0247849999999943
 21
-48.0289099999999962
 31
0
  0
LINE
  5
939
330
22
100
AcDbEntity
  8
B.Cu
  6
CONTINUOUS
100
AcDbLine
 10
95.0247849999999943
 20
-48.0289099999999962
 30
0
 11
94.7759619999999927
 21
-47.9894999999999996
 31
0
  0
LINE
  5
93A
330
22
100
AcDbEntity
  8
B.Cu
  6
CONTINUOUS
100
AcDbLine
 10
94.7759619999999927
 20
-47.9894999999999996
 30
0
 11
94.5240379999999902
 21
-47.9894999999999996
 31
0
  0
LINE
  5
93B
330
22
100
AcDbEntity
  8
B.Cu
  6
CONTINUOUS
100
AcDbLine
 10
94.5240379999999902
 20
-47.9894999999999996
 30
0
 11
94.3996259999999978
 21
-48.0092049999999944
 31
0
  0
LINE
  5
93C
330
22
100
AcDbEntity
  8
B.Cu
  6
CONTINUOUS
100
AcDbLine
 10
94.3996259999999978
 20
-48.0092049999999944
 30
0
 11
94.2752139999999912
 21
-48.0289099999999962
 31
0
  0
LINE
  5
93D
330
22
100
AcDbEntity
  8
B.Cu
  6
CONTINUOUS
100
AcDbLine
 10
94.2752139999999912
 20
-48.0289099999999962
 30
0
 11
94.0356159999999903
 21
-48.1067600000000013
 31
0
  0
LINE
  5
93E
330
22
100
AcDbEntity
  8
B.Cu
  6
CONTINUOUS
100
AcDbLine
 10
94.0356159999999903
 20
-48.1067600000000013
 30
0
 11
93.8111509999999953
 21
-48.2211319999999972
 31
0
  0
LINE
  5
93F
330
22
100
AcDbEntity
  8
B.Cu
  6
CONTINUOUS
100
AcDbLine
 10
93.8111509999999953
 20
-48.2211319999999972
 30
0
 11
93.6073499999999967
 21
-48.3692009999999968
 31
0
  0
LINE
  5
940
330
22
100
AcDbEntity
  8
B.Cu
  6
CONTINUOUS
100
AcDbLine
 10
93.6073499999999967
 20
-48.3692009999999968
 30
0
 11
93.6073449999999951
 21
-48.3692050000000009
 31
0
  0
LINE
  5
941
330
22
100
AcDbEntity
  8
B.Cu
  6
CONTINUOUS
100
AcDbLine
 10
93.6073449999999951
 20
-48.3692050000000009
 30
0
 11
93.4292049999999961
 21
-48.547345
 31
0
  0
LINE
  5
942
330
22
100
AcDbEntity
  8
B.Cu
  6
CONTINUOUS
100
AcDbLine
 10
93.4292049999999961
 20
-48.547345
 30
0
 11
93.429200999999992
 21
-48.5473499999999945
 31
0
  0
LINE
  5
943
330
22
100
AcDbEntity
  8
B.Cu
  6
CONTINUOUS
100
AcDbLine
 10
93.429200999999992
 20
-48.5473499999999945
 30
0
 11
93.2811319999999995
 21
-48.7511510000000001
 31
0
  0
LINE
  5
944
330
22
100
AcDbEntity
  8
B.Cu
  6
CONTINUOUS
100
AcDbLine
 10
93.2811319999999995
 20
-48.7511510000000001
 30
0
 11
93.1667599999999965
 21
-48.9756159999999952
 31
0
  0
LINE
  5
945
330
22
100
AcDbEntity
  8
B.Cu
  6
CONTINUOUS
100
AcDbLine
 10
93.1667599999999965
 20
-48.9756159999999952
 30
0
 11
93.0889099999999985
 21
-49.215213999999996
 31
0
  0
LINE
  5
946
330
22
100
AcDbEntity
  8
B.Cu
  6
CONTINUOUS
100
AcDbLine
 10
93.0889099999999985
 20
-49.215213999999996
 30
0
 11
93.0494999999999948
 21
-49.4640379999999951
 31
0
  0
LINE
  5
947
330
22
100
AcDbEntity
  8
B.Cu
  6
CONTINUOUS
100
AcDbLine
 10
93.0494999999999948
 20
-49.4640379999999951
 30
0
 11
93.0494999999999948
 21
-49.7159610000000001
 31
0
  0
LINE
  5
948
330
22
100
AcDbEntity
  8
B.Cu
  6
CONTINUOUS
100
AcDbLine
 10
93.0494999999999948
 20
-49.7159610000000001
 30
0
 11
93.0889099999999985
 21
-49.9647849999999991
 31
0
  0
LINE
  5
949
330
22
100
AcDbEntity
  8
B.Cu
  6
CONTINUOUS
100
AcDbLine
 10
93.0889099999999985
 20
-49.9647849999999991
 30
0
 11
93.1667599999999965
 21
-50.204383
 31
0
  0
LINE
  5
94A
330
22
100
AcDbEntity
  8
B.Cu
  6
CONTINUOUS
100
AcDbLine
 10
93.1667599999999965
 20
-50.204383
 30
0
 11
93.2811319999999995
 21
-50.428847999999995
 31
0
  0
LINE
  5
94B
330
22
100
AcDbEntity
  8
B.Cu
  6
CONTINUOUS
100
AcDbLine
 10
93.2811319999999995
 20
-50.428847999999995
 30
0
 11
93.429200999999992
 21
-50.6326490000000007
 31
0
  0
LINE
  5
94C
330
22
100
AcDbEntity
  8
B.Cu
  6
CONTINUOUS
100
AcDbLine
 10
93.429200999999992
 20
-50.6326490000000007
 30
0
 11
93.4292049999999961
 21
-50.6326539999999952
 31
0
  0
LINE
  5
94D
330
22
100
AcDbEntity
  8
B.Cu
  6
CONTINUOUS
100
AcDbLine
 10
93.4292049999999961
 20
-50.6326539999999952
 30
0
 11
93.429206999999991
 21
-50.6326559999999972
 31
0
  0
LINE
  5
94E
330
22
100
AcDbEntity
  8
B.Cu
  6
CONTINUOUS
100
AcDbLine
 10
93.429206999999991
 20
-50.6326559999999972
 30
0
 11
93.6073439999999977
 21
-50.8107929999999968
 31
0
  0
LINE
  5
94F
330
22
100
AcDbEntity
  8
B.Cu
  6
CONTINUOUS
100
AcDbLine
 10
93.6073439999999977
 20
-50.8107929999999968
 30
0
 11
93.6073449999999951
 21
-50.8107939999999942
 31
0
  0
LINE
  5
950
330
22
100
AcDbEntity
  8
B.Cu
  6
CONTINUOUS
100
AcDbLine
 10
93.6073449999999951
 20
-50.8107939999999942
 30
0
 11
93.6073439999999977
 21
-50.8107939999999942
 31
0
  0
LINE
  5
951
330
22
100
AcDbEntity
  8
B.Cu
  6
CONTINUOUS
100
AcDbLine
 10
93.6073439999999977
 20
-50.8107939999999942
 30
0
 11
93.6136609999999934
 21
-50.8153829999999971
 31
0
  0
LINE
  5
952
330
22
100
AcDbEntity
  8
B.Cu
  6
CONTINUOUS
100
AcDbLine
 10
93.6136609999999934
 20
-50.8153829999999971
 30
0
 11
93.6563269999999903
 21
-50.8707139999999995
 31
0
  0
LINE
  5
953
330
22
100
AcDbEntity
  8
B.Cu
  6
CONTINUOUS
100
AcDbLine
 10
93.6563269999999903
 20
-50.8707139999999995
 30
0
 11
93.6623049999999893
 21
-50.9403269999999964
 31
0
  0
LINE
  5
954
330
22
100
AcDbEntity
  8
B.Cu
  6
CONTINUOUS
100
AcDbLine
 10
93.6623049999999893
 20
-50.9403269999999964
 30
0
 11
93.6296990000000022
 21
-51.002122
 31
0
  0
LINE
  5
955
330
22
100
AcDbEntity
  8
B.Cu
  6
CONTINUOUS
100
AcDbLine
 10
93.6296990000000022
 20
-51.002122
 30
0
 11
93.5688600000000008
 21
-51.0364789999999999
 31
0
  0
LINE
  5
956
330
22
100
AcDbEntity
  8
B.Cu
  6
CONTINUOUS
100
AcDbLine
 10
93.5688600000000008
 20
-51.0364789999999999
 30
0
 11
93.5213779999999986
 21
-51.0381739999999979
 31
0
  0
LINE
  5
957
330
22
100
AcDbEntity
  8
B.Cu
  6
CONTINUOUS
100
AcDbLine
 10
93.5213779999999986
 20
-51.0381739999999979
 30
0
 11
93.4666110000000003
 21
-51.0294999999999987
 31
0
  0
LINE
  5
958
330
22
100
AcDbEntity
  8
B.Cu
  6
CONTINUOUS
100
AcDbLine
 10
93.4666110000000003
 20
-51.0294999999999987
 30
0
 11
93.2933889999999906
 21
-51.0294999999999987
 31
0
  0
LINE
  5
959
330
22
100
AcDbEntity
  8
B.Cu
  6
CONTINUOUS
100
AcDbLine
 10
93.2933889999999906
 20
-51.0294999999999987
 30
0
 11
93.2537279999999953
 21
-51.0357810000000001
 31
0
  0
LINE
  5
95A
330
22
100
AcDbEntity
  8
B.Cu
  6
CONTINUOUS
100
AcDbLine
 10
93.2537279999999953
 20
-51.0357810000000001
 30
0
 11
93.1223019999999906
 21
-51.0565969999999965
 31
0
  0
LINE
  5
95B
330
22
100
AcDbEntity
  8
B.Cu
  6
CONTINUOUS
100
AcDbLine
 10
93.1223019999999906
 20
-51.0565969999999965
 30
0
 11
92.9575519999999926
 21
-51.110127999999996
 31
0
  0
LINE
  5
95C
330
22
100
AcDbEntity
  8
B.Cu
  6
CONTINUOUS
100
AcDbLine
 10
92.9575519999999926
 20
-51.110127999999996
 30
0
 11
92.8032109999999903
 21
-51.1887679999999961
 31
0
  0
LINE
  5
95D
330
22
100
AcDbEntity
  8
B.Cu
  6
CONTINUOUS
100
AcDbLine
 10
92.8032109999999903
 20
-51.1887679999999961
 30
0
 11
92.7462889999999902
 21
-51.230125000000001
 31
0
  0
LINE
  5
95E
330
22
100
AcDbEntity
  8
B.Cu
  6
CONTINUOUS
100
AcDbLine
 10
92.7462889999999902
 20
-51.230125000000001
 30
0
 11
92.6630719999999997
 21
-51.2905859999999976
 31
0
  0
LINE
  5
95F
330
22
100
AcDbEntity
  8
B.Cu
  6
CONTINUOUS
100
AcDbLine
 10
92.6630719999999997
 20
-51.2905859999999976
 30
0
 11
92.6630699999999905
 21
-51.2905879999999996
 31
0
  0
LINE
  5
960
330
22
100
AcDbEntity
  8
B.Cu
  6
CONTINUOUS
100
AcDbLine
 10
92.6630699999999905
 20
-51.2905879999999996
 30
0
 11
92.663068999999993
 21
-51.2905879999999996
 31
0
  0
LINE
  5
961
330
22
100
AcDbEntity
  8
B.Cu
  6
CONTINUOUS
100
AcDbLine
 10
92.663068999999993
 20
-51.2905879999999996
 30
0
 11
92.5405879999999996
 21
-51.4130690000000001
 31
0
  0
LINE
  5
962
330
22
100
AcDbEntity
  8
B.Cu
  6
CONTINUOUS
100
AcDbLine
 10
92.5405879999999996
 20
-51.4130690000000001
 30
0
 11
92.5405879999999996
 21
-51.4130699999999976
 31
0
  0
LINE
  5
963
330
22
100
AcDbEntity
  8
B.Cu
  6
CONTINUOUS
100
AcDbLine
 10
92.5405879999999996
 20
-51.4130699999999976
 30
0
 11
92.5405859999999905
 21
-51.4130719999999997
 31
0
  0
LINE
  5
964
330
22
100
AcDbEntity
  8
B.Cu
  6
CONTINUOUS
100
AcDbLine
 10
92.5405859999999905
 20
-51.4130719999999997
 30
0
 11
92.4968590000000006
 21
-51.4732559999999992
 31
0
  0
LINE
  5
965
330
22
100
AcDbEntity
  8
B.Cu
  6
CONTINUOUS
100
AcDbLine
 10
92.4968590000000006
 20
-51.4732559999999992
 30
0
 11
92.4387679999999961
 21
-51.5532109999999975
 31
0
  0
LINE
  5
966
330
22
100
AcDbEntity
  8
B.Cu
  6
CONTINUOUS
100
AcDbLine
 10
92.4387679999999961
 20
-51.5532109999999975
 30
0
 11
92.3601279999999889
 21
-51.7075519999999997
 31
0
  0
LINE
  5
967
330
22
100
AcDbEntity
  8
B.Cu
  6
CONTINUOUS
100
AcDbLine
 10
92.3601279999999889
 20
-51.7075519999999997
 30
0
 11
92.3065969999999965
 21
-51.8723019999999977
 31
0
  0
LINE
  5
968
330
22
100
AcDbEntity
  8
B.Cu
  6
CONTINUOUS
100
AcDbLine
 10
92.3065969999999965
 20
-51.8723019999999977
 30
0
 11
92.2794999999999987
 21
-52.0433889999999977
 31
0
  0
LINE
  5
969
330
22
100
AcDbEntity
  8
B.Cu
  6
CONTINUOUS
100
AcDbLine
 10
92.2794999999999987
 20
-52.0433889999999977
 30
0
 11
92.2794999999999987
 21
-52.2166099999999958
 31
0
  0
LINE
  5
96A
330
22
100
AcDbEntity
  8
B.Cu
  6
CONTINUOUS
100
AcDbLine
 10
92.2794999999999987
 20
-33.1666109999999961
 30
0
 11
92.3065979999999939
 21
-33.3377009999999956
 31
0
  0
LINE
  5
96B
330
22
100
AcDbEntity
  8
B.Cu
  6
CONTINUOUS
100
AcDbLine
 10
92.3065979999999939
 20
-33.3377009999999956
 30
0
 11
92.3601269999999914
 21
-33.5024450000000016
 31
0
  0
LINE
  5
96C
330
22
100
AcDbEntity
  8
B.Cu
  6
CONTINUOUS
100
AcDbLine
 10
92.3601269999999914
 20
-33.5024450000000016
 30
0
 11
92.4387679999999961
 21
-33.6567879999999988
 31
0
  0
LINE
  5
96D
330
22
100
AcDbEntity
  8
B.Cu
  6
CONTINUOUS
100
AcDbLine
 10
92.4387679999999961
 20
-33.6567879999999988
 30
0
 11
92.5405859999999905
 21
-33.7969280000000012
 31
0
  0
LINE
  5
96E
330
22
100
AcDbEntity
  8
B.Cu
  6
CONTINUOUS
100
AcDbLine
 10
92.5405859999999905
 20
-33.7969280000000012
 30
0
 11
92.6630719999999997
 21
-33.9194139999999962
 31
0
  0
LINE
  5
96F
330
22
100
AcDbEntity
  8
B.Cu
  6
CONTINUOUS
100
AcDbLine
 10
92.6630719999999997
 20
-33.9194139999999962
 30
0
 11
92.803212000000002
 21
-34.0212319999999977
 31
0
  0
LINE
  5
970
330
22
100
AcDbEntity
  8
B.Cu
  6
CONTINUOUS
100
AcDbLine
 10
92.803212000000002
 20
-34.0212319999999977
 30
0
 11
92.9575549999999993
 21
-34.0998729999999952
 31
0
  0
LINE
  5
971
330
22
100
AcDbEntity
  8
B.Cu
  6
CONTINUOUS
100
AcDbLine
 10
92.9575549999999993
 20
-34.0998729999999952
 30
0
 11
93.1222989999999982
 21
-34.1534019999999998
 31
0
  0
LINE
  5
972
330
22
100
AcDbEntity
  8
B.Cu
  6
CONTINUOUS
100
AcDbLine
 10
93.1222989999999982
 20
-34.1534019999999998
 30
0
 11
93.2933889999999906
 21
-34.180499999999995
 31
0
  0
LINE
  5
973
330
22
100
AcDbEntity
  8
B.Cu
  6
CONTINUOUS
100
AcDbLine
 10
93.2933889999999906
 20
-34.180499999999995
 30
0
 11
93.2933900000000023
 21
-34.180499999999995
 31
0
  0
LINE
  5
974
330
22
100
AcDbEntity
  8
B.Cu
  6
CONTINUOUS
100
AcDbLine
 10
93.2933900000000023
 20
-34.180499999999995
 30
0
 11
93.4666100000000029
 21
-34.180499999999995
 31
0
  0
LINE
  5
975
330
22
100
AcDbEntity
  8
B.Cu
  6
CONTINUOUS
100
AcDbLine
 10
93.4666100000000029
 20
-34.180499999999995
 30
0
 11
93.4666110000000003
 21
-34.180499999999995
 31
0
  0
LINE
  5
976
330
22
100
AcDbEntity
  8
B.Cu
  6
CONTINUOUS
100
AcDbLine
 10
93.4666110000000003
 20
-34.180499999999995
 30
0
 11
93.6377009999999927
 21
-34.1534019999999998
 31
0
  0
LINE
  5
977
330
22
100
AcDbEntity
  8
B.Cu
  6
CONTINUOUS
100
AcDbLine
 10
93.6377009999999927
 20
-34.1534019999999998
 30
0
 11
93.8024449999999916
 21
-34.0998729999999952
 31
0
  0
LINE
  5
978
330
22
100
AcDbEntity
  8
B.Cu
  6
CONTINUOUS
100
AcDbLine
 10
93.8024449999999916
 20
-34.0998729999999952
 30
0
 11
93.9567879999999889
 21
-34.0212319999999977
 31
0
  0
LINE
  5
979
330
22
100
AcDbEntity
  8
B.Cu
  6
CONTINUOUS
100
AcDbLine
 10
93.9567879999999889
 20
-34.0212319999999977
 30
0
 11
94.0969279999999912
 21
-33.9194139999999962
 31
0
  0
LINE
  5
97A
330
22
100
AcDbEntity
  8
B.Cu
  6
CONTINUOUS
100
AcDbLine
 10
94.0969279999999912
 20
-33.9194139999999962
 30
0
 11
94.2194140000000004
 21
-33.7969280000000012
 31
0
  0
LINE
  5
97B
330
22
100
AcDbEntity
  8
B.Cu
  6
CONTINUOUS
100
AcDbLine
 10
94.2194140000000004
 20
-33.7969280000000012
 30
0
 11
94.3212319999999949
 21
-33.6567879999999988
 31
0
  0
LINE
  5
97C
330
22
100
AcDbEntity
  8
B.Cu
  6
CONTINUOUS
100
AcDbLine
 10
94.3212319999999949
 20
-33.6567879999999988
 30
0
 11
94.3998729999999995
 21
-33.5024450000000016
 31
0
  0
LINE
  5
97D
330
22
100
AcDbEntity
  8
B.Cu
  6
CONTINUOUS
100
AcDbLine
 10
94.3998729999999995
 20
-33.5024450000000016
 30
0
 11
94.453401999999997
 21
-33.3377009999999956
 31
0
  0
LINE
  5
97E
330
22
100
AcDbEntity
  8
B.Cu
  6
CONTINUOUS
100
AcDbLine
 10
94.453401999999997
 20
-33.3377009999999956
 30
0
 11
94.4804999999999922
 21
-33.1666109999999961
 31
0
  0
LINE
  5
97F
330
22
100
AcDbEntity
  8
B.Cu
  6
CONTINUOUS
100
AcDbLine
 10
94.4804999999999922
 20
-33.1666109999999961
 30
0
 11
94.4804999999999922
 21
-32.9933890000000005
 31
0
  0
LINE
  5
980
330
22
100
AcDbEntity
  8
B.Cu
  6
CONTINUOUS
100
AcDbLine
 10
94.4804999999999922
 20
-32.9933890000000005
 30
0
 11
94.4708540000000028
 21
-32.9324859999999973
 31
0
  0
LINE
  5
981
330
22
100
AcDbEntity
  8
B.Cu
  6
CONTINUOUS
100
AcDbLine
 10
94.4708540000000028
 20
-32.9324859999999973
 30
0
 11
94.453401999999997
 21
-32.822299000000001
 31
0
  0
LINE
  5
982
330
22
100
AcDbEntity
  8
B.Cu
  6
CONTINUOUS
100
AcDbLine
 10
94.453401999999997
 20
-32.822299000000001
 30
0
 11
94.3998729999999995
 21
-32.657554999999995
 31
0
  0
LINE
  5
983
330
22
100
AcDbEntity
  8
B.Cu
  6
CONTINUOUS
100
AcDbLine
 10
94.3998729999999995
 20
-32.657554999999995
 30
0
 11
94.3212319999999949
 21
-32.5032119999999978
 31
0
  0
LINE
  5
984
330
22
100
AcDbEntity
  8
B.Cu
  6
CONTINUOUS
100
AcDbLine
 10
94.3212319999999949
 20
-32.5032119999999978
 30
0
 11
94.2194140000000004
 21
-32.3630719999999954
 31
0
  0
LINE
  5
985
330
22
100
AcDbEntity
  8
B.Cu
  6
CONTINUOUS
100
AcDbLine
 10
94.2194140000000004
 20
-32.3630719999999954
 30
0
 11
94.1674819999999926
 21
-32.3111400000000017
 31
0
  0
LINE
  5
986
330
22
100
AcDbEntity
  8
B.Cu
  6
CONTINUOUS
100
AcDbLine
 10
94.1674819999999926
 20
-32.3111400000000017
 30
0
 11
94.1339969999999937
 21
-32.2498170000000002
 31
0
  0
LINE
  5
987
330
22
100
AcDbEntity
  8
B.Cu
  6
CONTINUOUS
100
AcDbLine
 10
94.1339969999999937
 20
-32.2498170000000002
 30
0
 11
94.1389810000000011
 21
-32.1801249999999968
 31
0
  0
LINE
  5
988
330
22
100
AcDbEntity
  8
B.Cu
  6
CONTINUOUS
100
AcDbLine
 10
94.1389810000000011
 20
-32.1801249999999968
 30
0
 11
94.180852999999999
 21
-32.1241920000000007
 31
0
  0
LINE
  5
989
330
22
100
AcDbEntity
  8
B.Cu
  6
CONTINUOUS
100
AcDbLine
 10
94.180852999999999
 20
-32.1241920000000007
 30
0
 11
94.2463169999999906
 21
-32.0997750000000011
 31
0
  0
LINE
  5
98A
330
22
100
AcDbEntity
  8
B.Cu
  6
CONTINUOUS
100
AcDbLine
 10
94.2463169999999906
 20
-32.0997750000000011
 30
0
 11
94.2745609999999914
 21
-32.1009859999999989
 31
0
  0
LINE
  5
98B
330
22
100
AcDbEntity
  8
B.Cu
  6
CONTINUOUS
100
AcDbLine
 10
94.2745609999999914
 20
-32.1009859999999989
 30
0
 11
94.2752119999999962
 21
-32.1010890000000018
 31
0
  0
LINE
  5
98C
330
22
100
AcDbEntity
  8
B.Cu
  6
CONTINUOUS
100
AcDbLine
 10
94.2752119999999962
 20
-32.1010890000000018
 30
0
 11
94.2752149999999887
 21
-32.1010899999999992
 31
0
  0
LINE
  5
98D
330
22
100
AcDbEntity
  8
B.Cu
  6
CONTINUOUS
100
AcDbLine
 10
94.2752149999999887
 20
-32.1010899999999992
 30
0
 11
94.5240379999999902
 21
-32.1404999999999959
 31
0
  0
LINE
  5
98E
330
22
100
AcDbEntity
  8
B.Cu
  6
CONTINUOUS
100
AcDbLine
 10
94.5240379999999902
 20
-32.1404999999999959
 30
0
 11
94.5240390000000019
 21
-32.1404999999999959
 31
0
  0
LINE
  5
98F
330
22
100
AcDbEntity
  8
B.Cu
  6
CONTINUOUS
100
AcDbLine
 10
94.5240390000000019
 20
-32.1404999999999959
 30
0
 11
94.7759609999999952
 21
-32.1404999999999959
 31
0
  0
LINE
  5
990
330
22
100
AcDbEntity
  8
B.Cu
  6
CONTINUOUS
100
AcDbLine
 10
94.7759609999999952
 20
-32.1404999999999959
 30
0
 11
94.7759619999999927
 21
-32.1404999999999959
 31
0
  0
LINE
  5
991
330
22
100
AcDbEntity
  8
B.Cu
  6
CONTINUOUS
100
AcDbLine
 10
94.7759619999999927
 20
-32.1404999999999959
 30
0
 11
95.0247849999999943
 21
-32.1010899999999992
 31
0
  0
LINE
  5
992
330
22
100
AcDbEntity
  8
B.Cu
  6
CONTINUOUS
100
AcDbLine
 10
95.0247849999999943
 20
-32.1010899999999992
 30
0
 11
95.264378999999991
 21
-32.0232409999999987
 31
0
  0
LINE
  5
993
330
22
100
AcDbEntity
  8
B.Cu
  6
CONTINUOUS
100
AcDbLine
 10
95.264378999999991
 20
-32.0232409999999987
 30
0
 11
95.4888449999999978
 21
-31.9088700000000003
 31
0
  0
LINE
  5
994
330
22
100
AcDbEntity
  8
B.Cu
  6
CONTINUOUS
100
AcDbLine
 10
95.4888449999999978
 20
-31.9088700000000003
 30
0
 11
95.6926559999999995
 21
-31.7607929999999996
 31
0
  0
LINE
  5
995
330
22
100
AcDbEntity
  8
B.Cu
  6
CONTINUOUS
100
AcDbLine
 10
95.6926559999999995
 20
-31.7607929999999996
 30
0
 11
95.8707929999999919
 21
-31.5826560000000001
 31
0
  0
LINE
  5
996
330
22
100
AcDbEntity
  8
B.Cu
  6
CONTINUOUS
100
AcDbLine
 10
95.8707929999999919
 20
-31.5826560000000001
 30
0
 11
96.0188699999999926
 21
-31.3788449999999983
 31
0
  0
LINE
  5
997
330
22
100
AcDbEntity
  8
B.Cu
  6
CONTINUOUS
100
AcDbLine
 10
96.0188699999999926
 20
-31.3788449999999983
 30
0
 11
96.1332409999999982
 21
-31.1543789999999987
 31
0
  0
LINE
  5
998
330
22
100
AcDbEntity
  8
B.Cu
  6
CONTINUOUS
100
AcDbLine
 10
96.1332409999999982
 20
-31.1543789999999987
 30
0
 11
96.2110899999999987
 21
-30.9147849999999984
 31
0
  0
LINE
  5
999
330
22
100
AcDbEntity
  8
B.Cu
  6
CONTINUOUS
100
AcDbLine
 10
96.2110899999999987
 20
-30.9147849999999984
 30
0
 11
96.2505000000000024
 21
-30.6659620000000004
 31
0
  0
LINE
  5
99A
330
22
100
AcDbEntity
  8
B.Cu
  6
CONTINUOUS
100
AcDbLine
 10
96.2505000000000024
 20
-30.6659620000000004
 30
0
 11
96.2505000000000024
 21
-30.4140379999999979
 31
0
  0
LINE
  5
99B
330
22
100
AcDbEntity
  8
B.Cu
  6
CONTINUOUS
100
AcDbLine
 10
96.2505000000000024
 20
-30.4140379999999979
 30
0
 11
96.2110899999999987
 21
-30.1652149999999999
 31
0
  0
LINE
  5
99C
330
22
100
AcDbEntity
  8
B.Cu
  6
CONTINUOUS
100
AcDbLine
 10
96.2110899999999987
 20
-30.1652149999999999
 30
0
 11
96.1332409999999982
 21
-29.9256209999999996
 31
0
  0
LINE
  5
99D
330
22
100
AcDbEntity
  8
B.Cu
  6
CONTINUOUS
100
AcDbLine
 10
96.1332409999999982
 20
-29.9256209999999996
 30
0
 11
96.133238999999989
 21
-29.9256180000000001
 31
0
  0
LINE
  5
99E
330
22
100
AcDbEntity
  8
B.Cu
  6
CONTINUOUS
100
AcDbLine
 10
96.133238999999989
 20
-29.9256180000000001
 30
0
 11
96.133238999999989
 21
-29.925615999999998
 31
0
  0
LINE
  5
99F
330
22
100
AcDbEntity
  8
B.Cu
  6
CONTINUOUS
100
AcDbLine
 10
96.133238999999989
 20
-29.925615999999998
 30
0
 11
96.091746999999998
 21
-29.8441839999999985
 31
0
  0
LINE
  5
9A0
330
22
100
AcDbEntity
  8
B.Cu
  6
CONTINUOUS
100
AcDbLine
 10
96.091746999999998
 20
-29.8441839999999985
 30
0
 11
96.0188699999999926
 21
-29.701155
 31
0
  0
LINE
  5
9A1
330
22
100
AcDbEntity
  8
B.Cu
  6
CONTINUOUS
100
AcDbLine
 10
96.0188699999999926
 20
-29.701155
 30
0
 11
95.9999519999999933
 21
-29.6751170000000002
 31
0
  0
LINE
  5
9A2
330
22
100
AcDbEntity
  8
B.Cu
  6
CONTINUOUS
100
AcDbLine
 10
95.9999519999999933
 20
-29.6751170000000002
 30
0
 11
95.8707979999999935
 21
-29.4973499999999973
 31
0
  0
LINE
  5
9A3
330
22
100
AcDbEntity
  8
B.Cu
  6
CONTINUOUS
100
AcDbLine
 10
95.8707979999999935
 20
-29.4973499999999973
 30
0
 11
95.8707939999999894
 21
-29.4973449999999993
 31
0
  0
LINE
  5
9A4
330
22
100
AcDbEntity
  8
B.Cu
  6
CONTINUOUS
100
AcDbLine
 10
95.8707939999999894
 20
-29.4973449999999993
 30
0
 11
95.6926539999999903
 21
-29.3192050000000002
 31
0
  0
LINE
  5
9A5
330
22
100
AcDbEntity
  8
B.Cu
  6
CONTINUOUS
100
AcDbLine
 10
95.6926539999999903
 20
-29.3192050000000002
 30
0
 11
95.6926489999999887
 21
-29.3192009999999996
 31
0
  0
LINE
  5
9A6
330
22
100
AcDbEntity
  8
B.Cu
  6
CONTINUOUS
100
AcDbLine
 10
95.6926489999999887
 20
-29.3192009999999996
 30
0
 11
95.4888479999999902
 21
-29.1711320000000001
 31
0
  0
LINE
  5
9A7
330
22
100
AcDbEntity
  8
B.Cu
  6
CONTINUOUS
100
AcDbLine
 10
95.4888479999999902
 20
-29.1711320000000001
 30
0
 11
95.4888469999999927
 21
-29.171130999999999
 31
0
  0
LINE
  5
9A8
330
22
100
AcDbEntity
  8
B.Cu
  6
CONTINUOUS
100
AcDbLine
 10
95.4888469999999927
 20
-29.171130999999999
 30
0
 11
95.4888449999999978
 21
-29.171129999999998
 31
0
  0
LINE
  5
9A9
330
22
100
AcDbEntity
  8
B.Cu
  6
CONTINUOUS
100
AcDbLine
 10
95.4888449999999978
 20
-29.171129999999998
 30
0
 11
95.4187469999999962
 21
-29.1354129999999998
 31
0
  0
LINE
  5
9AA
330
22
100
AcDbEntity
  8
B.Cu
  6
CONTINUOUS
100
AcDbLine
 10
95.4187469999999962
 20
-29.1354129999999998
 30
0
 11
95.2643829999999951
 21
-29.056759999999997
 31
0
  0
LINE
  5
9AB
330
22
100
AcDbEntity
  8
B.Cu
  6
CONTINUOUS
100
AcDbLine
 10
95.2643829999999951
 20
-29.056759999999997
 30
0
 11
95.0247849999999943
 21
-28.9789099999999991
 31
0
  0
LINE
  5
9AC
330
22
100
AcDbEntity
  8
B.Cu
  6
CONTINUOUS
100
AcDbLine
 10
95.0247849999999943
 20
-28.9789099999999991
 30
0
 11
94.7759619999999927
 21
-28.9394999999999989
 31
0
  0
LINE
  5
9AD
330
22
100
AcDbEntity
  8
B.Cu
  6
CONTINUOUS
100
AcDbLine
 10
94.7759619999999927
 20
-28.9394999999999989
 30
0
 11
94.5240379999999902
 21
-28.9394999999999989
 31
0
  0
LINE
  5
9AE
330
22
100
AcDbEntity
  8
B.Cu
  6
CONTINUOUS
100
AcDbLine
 10
94.5240379999999902
 20
-28.9394999999999989
 30
0
 11
94.3996259999999978
 21
-28.9592049999999972
 31
0
  0
LINE
  5
9AF
330
22
100
AcDbEntity
  8
B.Cu
  6
CONTINUOUS
100
AcDbLine
 10
94.3996259999999978
 20
-28.9592049999999972
 30
0
 11
94.2752139999999912
 21
-28.9789099999999991
 31
0
  0
LINE
  5
9B0
330
22
100
AcDbEntity
  8
B.Cu
  6
CONTINUOUS
100
AcDbLine
 10
94.2752139999999912
 20
-28.9789099999999991
 30
0
 11
94.0356159999999903
 21
-29.056759999999997
 31
0
  0
LINE
  5
9B1
330
22
100
AcDbEntity
  8
B.Cu
  6
CONTINUOUS
100
AcDbLine
 10
94.0356159999999903
 20
-29.056759999999997
 30
0
 11
93.8111509999999953
 21
-29.1711320000000001
 31
0
  0
LINE
  5
9B2
330
22
100
AcDbEntity
  8
B.Cu
  6
CONTINUOUS
100
AcDbLine
 10
93.8111509999999953
 20
-29.1711320000000001
 30
0
 11
93.6073499999999967
 21
-29.3192009999999996
 31
0
  0
LINE
  5
9B3
330
22
100
AcDbEntity
  8
B.Cu
  6
CONTINUOUS
100
AcDbLine
 10
93.6073499999999967
 20
-29.3192009999999996
 30
0
 11
93.6073449999999951
 21
-29.3192050000000002
 31
0
  0
LINE
  5
9B4
330
22
100
AcDbEntity
  8
B.Cu
  6
CONTINUOUS
100
AcDbLine
 10
93.6073449999999951
 20
-29.3192050000000002
 30
0
 11
93.4292049999999961
 21
-29.4973449999999993
 31
0
  0
LINE
  5
9B5
330
22
100
AcDbEntity
  8
B.Cu
  6
CONTINUOUS
100
AcDbLine
 10
93.4292049999999961
 20
-29.4973449999999993
 30
0
 11
93.429200999999992
 21
-29.4973499999999973
 31
0
  0
LINE
  5
9B6
330
22
100
AcDbEntity
  8
B.Cu
  6
CONTINUOUS
100
AcDbLine
 10
93.429200999999992
 20
-29.4973499999999973
 30
0
 11
93.2811319999999995
 21
-29.7011509999999994
 31
0
  0
LINE
  5
9B7
330
22
100
AcDbEntity
  8
B.Cu
  6
CONTINUOUS
100
AcDbLine
 10
93.2811319999999995
 20
-29.7011509999999994
 30
0
 11
93.1667599999999965
 21
-29.925615999999998
 31
0
  0
LINE
  5
9B8
330
22
100
AcDbEntity
  8
B.Cu
  6
CONTINUOUS
100
AcDbLine
 10
93.1667599999999965
 20
-29.925615999999998
 30
0
 11
93.0889099999999985
 21
-30.1652139999999989
 31
0
  0
LINE
  5
9B9
330
22
100
AcDbEntity
  8
B.Cu
  6
CONTINUOUS
100
AcDbLine
 10
93.0889099999999985
 20
-30.1652139999999989
 30
0
 11
93.0494999999999948
 21
-30.4140379999999979
 31
0
  0
LINE
  5
9BA
330
22
100
AcDbEntity
  8
B.Cu
  6
CONTINUOUS
100
AcDbLine
 10
93.0494999999999948
 20
-30.4140379999999979
 30
0
 11
93.0494999999999948
 21
-30.6659609999999994
 31
0
  0
LINE
  5
9BB
330
22
100
AcDbEntity
  8
B.Cu
  6
CONTINUOUS
100
AcDbLine
 10
93.0494999999999948
 20
-30.6659609999999994
 30
0
 11
93.0889099999999985
 21
-30.9147849999999984
 31
0
  0
LINE
  5
9BC
330
22
100
AcDbEntity
  8
B.Cu
  6
CONTINUOUS
100
AcDbLine
 10
93.0889099999999985
 20
-30.9147849999999984
 30
0
 11
93.1667599999999965
 21
-31.1543829999999993
 31
0
  0
LINE
  5
9BD
330
22
100
AcDbEntity
  8
B.Cu
  6
CONTINUOUS
100
AcDbLine
 10
93.1667599999999965
 20
-31.1543829999999993
 30
0
 11
93.2811319999999995
 21
-31.3788479999999979
 31
0
  0
LINE
  5
9BE
330
22
100
AcDbEntity
  8
B.Cu
  6
CONTINUOUS
100
AcDbLine
 10
93.2811319999999995
 20
-31.3788479999999979
 30
0
 11
93.429200999999992
 21
-31.582649
 31
0
  0
LINE
  5
9BF
330
22
100
AcDbEntity
  8
B.Cu
  6
CONTINUOUS
100
AcDbLine
 10
93.429200999999992
 20
-31.582649
 30
0
 11
93.4292049999999961
 21
-31.582653999999998
 31
0
  0
LINE
  5
9C0
330
22
100
AcDbEntity
  8
B.Cu
  6
CONTINUOUS
100
AcDbLine
 10
93.4292049999999961
 20
-31.582653999999998
 30
0
 11
93.429206999999991
 21
-31.5826560000000001
 31
0
  0
LINE
  5
9C1
330
22
100
AcDbEntity
  8
B.Cu
  6
CONTINUOUS
100
AcDbLine
 10
93.429206999999991
 20
-31.5826560000000001
 30
0
 11
93.6073439999999977
 21
-31.7607929999999996
 31
0
  0
LINE
  5
9C2
330
22
100
AcDbEntity
  8
B.Cu
  6
CONTINUOUS
100
AcDbLine
 10
93.6073439999999977
 20
-31.7607929999999996
 30
0
 11
93.6073449999999951
 21
-31.7607939999999971
 31
0
  0
LINE
  5
9C3
330
22
100
AcDbEntity
  8
B.Cu
  6
CONTINUOUS
100
AcDbLine
 10
93.6073449999999951
 20
-31.7607939999999971
 30
0
 11
93.6073439999999977
 21
-31.7607939999999971
 31
0
  0
LINE
  5
9C4
330
22
100
AcDbEntity
  8
B.Cu
  6
CONTINUOUS
100
AcDbLine
 10
93.6073439999999977
 20
-31.7607939999999971
 30
0
 11
93.6136609999999934
 21
-31.7653829999999999
 31
0
  0
LINE
  5
9C5
330
22
100
AcDbEntity
  8
B.Cu
  6
CONTINUOUS
100
AcDbLine
 10
93.6136609999999934
 20
-31.7653829999999999
 30
0
 11
93.6563269999999903
 21
-31.8207139999999988
 31
0
  0
LINE
  5
9C6
330
22
100
AcDbEntity
  8
B.Cu
  6
CONTINUOUS
100
AcDbLine
 10
93.6563269999999903
 20
-31.8207139999999988
 30
0
 11
93.6623049999999893
 21
-31.8903269999999992
 31
0
  0
LINE
  5
9C7
330
22
100
AcDbEntity
  8
B.Cu
  6
CONTINUOUS
100
AcDbLine
 10
93.6623049999999893
 20
-31.8903269999999992
 30
0
 11
93.6296990000000022
 21
-31.9521219999999992
 31
0
  0
LINE
  5
9C8
330
22
100
AcDbEntity
  8
B.Cu
  6
CONTINUOUS
100
AcDbLine
 10
93.6296990000000022
 20
-31.9521219999999992
 30
0
 11
93.5688600000000008
 21
-31.9864789999999992
 31
0
  0
LINE
  5
9C9
330
22
100
AcDbEntity
  8
B.Cu
  6
CONTINUOUS
100
AcDbLine
 10
93.5688600000000008
 20
-31.9864789999999992
 30
0
 11
93.5213779999999986
 21
-31.9881739999999972
 31
0
  0
LINE
  5
9CA
330
22
100
AcDbEntity
  8
B.Cu
  6
CONTINUOUS
100
AcDbLine
 10
93.5213779999999986
 20
-31.9881739999999972
 30
0
 11
93.4666110000000003
 21
-31.979499999999998
 31
0
  0
LINE
  5
9CB
330
22
100
AcDbEntity
  8
B.Cu
  6
CONTINUOUS
100
AcDbLine
 10
93.4666110000000003
 20
-31.979499999999998
 30
0
 11
93.2933889999999906
 21
-31.979499999999998
 31
0
  0
LINE
  5
9CC
330
22
100
AcDbEntity
  8
B.Cu
  6
CONTINUOUS
100
AcDbLine
 10
93.2933889999999906
 20
-31.979499999999998
 30
0
 11
93.2537279999999953
 21
-31.9857809999999994
 31
0
  0
LINE
  5
9CD
330
22
100
AcDbEntity
  8
B.Cu
  6
CONTINUOUS
100
AcDbLine
 10
93.2537279999999953
 20
-31.9857809999999994
 30
0
 11
93.1223019999999906
 21
-32.0065969999999993
 31
0
  0
LINE
  5
9CE
330
22
100
AcDbEntity
  8
B.Cu
  6
CONTINUOUS
100
AcDbLine
 10
93.1223019999999906
 20
-32.0065969999999993
 30
0
 11
92.9575519999999926
 21
-32.0601279999999988
 31
0
  0
LINE
  5
9CF
330
22
100
AcDbEntity
  8
B.Cu
  6
CONTINUOUS
100
AcDbLine
 10
92.9575519999999926
 20
-32.0601279999999988
 30
0
 11
92.8032109999999903
 21
-32.1387679999999989
 31
0
  0
LINE
  5
9D0
330
22
100
AcDbEntity
  8
B.Cu
  6
CONTINUOUS
100
AcDbLine
 10
92.8032109999999903
 20
-32.1387679999999989
 30
0
 11
92.7462889999999902
 21
-32.1801249999999968
 31
0
  0
LINE
  5
9D1
330
22
100
AcDbEntity
  8
B.Cu
  6
CONTINUOUS
100
AcDbLine
 10
92.7462889999999902
 20
-32.1801249999999968
 30
0
 11
92.6630719999999997
 21
-32.2405860000000004
 31
0
  0
LINE
  5
9D2
330
22
100
AcDbEntity
  8
B.Cu
  6
CONTINUOUS
100
AcDbLine
 10
92.6630719999999997
 20
-32.2405860000000004
 30
0
 11
92.6630699999999905
 21
-32.2405879999999954
 31
0
  0
LINE
  5
9D3
330
22
100
AcDbEntity
  8
B.Cu
  6
CONTINUOUS
100
AcDbLine
 10
92.6630699999999905
 20
-32.2405879999999954
 30
0
 11
92.663068999999993
 21
-32.2405879999999954
 31
0
  0
LINE
  5
9D4
330
22
100
AcDbEntity
  8
B.Cu
  6
CONTINUOUS
100
AcDbLine
 10
92.663068999999993
 20
-32.2405879999999954
 30
0
 11
92.5405879999999996
 21
-32.3630689999999959
 31
0
  0
LINE
  5
9D5
330
22
100
AcDbEntity
  8
B.Cu
  6
CONTINUOUS
100
AcDbLine
 10
92.5405879999999996
 20
-32.3630689999999959
 30
0
 11
92.5405879999999996
 21
-32.3630700000000004
 31
0
  0
LINE
  5
9D6
330
22
100
AcDbEntity
  8
B.Cu
  6
CONTINUOUS
100
AcDbLine
 10
92.5405879999999996
 20
-32.3630700000000004
 30
0
 11
92.5405859999999905
 21
-32.3630719999999954
 31
0
  0
LINE
  5
9D7
330
22
100
AcDbEntity
  8
B.Cu
  6
CONTINUOUS
100
AcDbLine
 10
92.5405859999999905
 20
-32.3630719999999954
 30
0
 11
92.4968590000000006
 21
-32.4232560000000021
 31
0
  0
LINE
  5
9D8
330
22
100
AcDbEntity
  8
B.Cu
  6
CONTINUOUS
100
AcDbLine
 10
92.4968590000000006
 20
-32.4232560000000021
 30
0
 11
92.4387679999999961
 21
-32.5032110000000003
 31
0
  0
LINE
  5
9D9
330
22
100
AcDbEntity
  8
B.Cu
  6
CONTINUOUS
100
AcDbLine
 10
92.4387679999999961
 20
-32.5032110000000003
 30
0
 11
92.3601279999999889
 21
-32.6575519999999955
 31
0
  0
LINE
  5
9DA
330
22
100
AcDbEntity
  8
B.Cu
  6
CONTINUOUS
100
AcDbLine
 10
92.3601279999999889
 20
-32.6575519999999955
 30
0
 11
92.3065969999999965
 21
-32.8223020000000005
 31
0
  0
LINE
  5
9DB
330
22
100
AcDbEntity
  8
B.Cu
  6
CONTINUOUS
100
AcDbLine
 10
92.3065969999999965
 20
-32.8223020000000005
 30
0
 11
92.2794999999999987
 21
-32.9933890000000005
 31
0
  0
LINE
  5
9DC
330
22
100
AcDbEntity
  8
B.Cu
  6
CONTINUOUS
100
AcDbLine
 10
92.2794999999999987
 20
-32.9933890000000005
 30
0
 11
92.2794999999999987
 21
-33.1666109999999961
 31
0
  0
LINE
  5
9DD
330
22
100
AcDbEntity
  8
B.Cu
  6
CONTINUOUS
100
AcDbLine
 10
147.6494999999999891
 20
-84.1212879999999927
 30
0
 11
147.681161000000003
 21
-84.3617849999999976
 31
0
  0
LINE
  5
9DE
330
22
100
AcDbEntity
  8
B.Cu
  6
CONTINUOUS
100
AcDbLine
 10
147.681161000000003
 20
-84.3617849999999976
 30
0
 11
147.7439469999999915
 21
-84.5961039999999969
 31
0
  0
LINE
  5
9DF
330
22
100
AcDbEntity
  8
B.Cu
  6
CONTINUOUS
100
AcDbLine
 10
147.7439469999999915
 20
-84.5961039999999969
 30
0
 11
147.7964000000000055
 21
-84.7227359999999976
 31
0
  0
LINE
  5
9E0
330
22
100
AcDbEntity
  8
B.Cu
  6
CONTINUOUS
100
AcDbLine
 10
147.7964000000000055
 20
-84.7227359999999976
 30
0
 11
147.8367759999999862
 21
-84.8202119999999979
 31
0
  0
LINE
  5
9E1
330
22
100
AcDbEntity
  8
B.Cu
  6
CONTINUOUS
100
AcDbLine
 10
147.8367759999999862
 20
-84.8202119999999979
 30
0
 11
147.9580640000000074
 21
-85.0302889999999962
 31
0
  0
LINE
  5
9E2
330
22
100
AcDbEntity
  8
B.Cu
  6
CONTINUOUS
100
AcDbLine
 10
147.9580640000000074
 20
-85.0302889999999962
 30
0
 11
147.9580660000000023
 21
-85.0302920000000029
 31
0
  0
LINE
  5
9E3
330
22
100
AcDbEntity
  8
B.Cu
  6
CONTINUOUS
100
AcDbLine
 10
147.9580660000000023
 20
-85.0302920000000029
 30
0
 11
147.9580669999999998
 21
-85.0302930000000003
 31
0
  0
LINE
  5
9E4
330
22
100
AcDbEntity
  8
B.Cu
  6
CONTINUOUS
100
AcDbLine
 10
147.9580669999999998
 20
-85.0302930000000003
 30
0
 11
148.1057329999999865
 21
-85.2227359999999976
 31
0
  0
LINE
  5
9E5
330
22
100
AcDbEntity
  8
B.Cu
  6
CONTINUOUS
100
AcDbLine
 10
148.1057329999999865
 20
-85.2227359999999976
 30
0
 11
148.1057389999999998
 21
-85.2227429999999941
 31
0
  0
LINE
  5
9E6
330
22
100
AcDbEntity
  8
B.Cu
  6
CONTINUOUS
100
AcDbLine
 10
148.1057389999999998
 20
-85.2227429999999941
 30
0
 11
148.2772559999999942
 21
-85.3942600000000027
 31
0
  0
LINE
  5
9E7
330
22
100
AcDbEntity
  8
B.Cu
  6
CONTINUOUS
100
AcDbLine
 10
148.2772559999999942
 20
-85.3942600000000027
 30
0
 11
148.2772620000000074
 21
-85.3942649999999901
 31
0
  0
LINE
  5
9E8
330
22
100
AcDbEntity
  8
B.Cu
  6
CONTINUOUS
100
AcDbLine
 10
148.2772620000000074
 20
-85.3942649999999901
 30
0
 11
148.4697109999999896
 21
-85.5419359999999926
 31
0
  0
LINE
  5
9E9
330
22
100
AcDbEntity
  8
B.Cu
  6
CONTINUOUS
100
AcDbLine
 10
148.4697109999999896
 20
-85.5419359999999926
 30
0
 11
148.6797880000000021
 21
-85.6632239999999996
 31
0
  0
LINE
  5
9EA
330
22
100
AcDbEntity
  8
B.Cu
  6
CONTINUOUS
100
AcDbLine
 10
148.6797880000000021
 20
-85.6632239999999996
 30
0
 11
148.903899999999993
 21
-85.7560539999999918
 31
0
  0
LINE
  5
9EB
330
22
100
AcDbEntity
  8
B.Cu
  6
CONTINUOUS
100
AcDbLine
 10
148.903899999999993
 20
-85.7560539999999918
 30
0
 11
149.1382109999999841
 21
-85.8188379999999995
 31
0
  0
LINE
  5
9EC
330
22
100
AcDbEntity
  8
B.Cu
  6
CONTINUOUS
100
AcDbLine
 10
149.1382109999999841
 20
-85.8188379999999995
 30
0
 11
149.3185859999999821
 21
-85.8425840000000022
 31
0
  0
LINE
  5
9ED
330
22
100
AcDbEntity
  8
B.Cu
  6
CONTINUOUS
100
AcDbLine
 10
149.3185859999999821
 20
-85.8425840000000022
 30
0
 11
149.3787109999999814
 21
-85.8504999999999967
 31
0
  0
LINE
  5
9EE
330
22
100
AcDbEntity
  8
B.Cu
  6
CONTINUOUS
100
AcDbLine
 10
149.3787109999999814
 20
-85.8504999999999967
 30
0
 11
149.3787120000000073
 21
-85.8504999999999967
 31
0
  0
LINE
  5
9EF
330
22
100
AcDbEntity
  8
B.Cu
  6
CONTINUOUS
100
AcDbLine
 10
149.3787120000000073
 20
-85.8504999999999967
 30
0
 11
149.6212889999999902
 21
-85.8504999999999967
 31
0
  0
LINE
  5
9F0
330
22
100
AcDbEntity
  8
B.Cu
  6
CONTINUOUS
100
AcDbLine
 10
149.6212889999999902
 20
-85.8504999999999967
 30
0
 11
149.6693879999999979
 21
-85.8441669999999988
 31
0
  0
LINE
  5
9F1
330
22
100
AcDbEntity
  8
B.Cu
  6
CONTINUOUS
100
AcDbLine
 10
149.6693879999999979
 20
-85.8441669999999988
 30
0
 11
149.8617889999999875
 21
-85.8188379999999995
 31
0
  0
LINE
  5
9F2
330
22
100
AcDbEntity
  8
B.Cu
  6
CONTINUOUS
100
AcDbLine
 10
149.8617889999999875
 20
-85.8188379999999995
 30
0
 11
150.096100000000007
 21
-85.7560539999999918
 31
0
  0
LINE
  5
9F3
330
22
100
AcDbEntity
  8
B.Cu
  6
CONTINUOUS
100
AcDbLine
 10
150.096100000000007
 20
-85.7560539999999918
 30
0
 11
150.3202119999999979
 21
-85.6632239999999996
 31
0
  0
LINE
  5
9F4
330
22
100
AcDbEntity
  8
B.Cu
  6
CONTINUOUS
100
AcDbLine
 10
150.3202119999999979
 20
-85.6632239999999996
 30
0
 11
150.530288999999982
 21
-85.5419359999999926
 31
0
  0
LINE
  5
9F5
330
22
100
AcDbEntity
  8
B.Cu
  6
CONTINUOUS
100
AcDbLine
 10
150.530288999999982
 20
-85.5419359999999926
 30
0
 11
150.7227379999999926
 21
-85.3942649999999901
 31
0
  0
LINE
  5
9F6
330
22
100
AcDbEntity
  8
B.Cu
  6
CONTINUOUS
100
AcDbLine
 10
150.7227379999999926
 20
-85.3942649999999901
 30
0
 11
150.8942649999999901
 21
-85.2227379999999926
 31
0
  0
LINE
  5
9F7
330
22
100
AcDbEntity
  8
B.Cu
  6
CONTINUOUS
100
AcDbLine
 10
150.8942649999999901
 20
-85.2227379999999926
 30
0
 11
151.0419359999999926
 21
-85.0302889999999962
 31
0
  0
LINE
  5
9F8
330
22
100
AcDbEntity
  8
B.Cu
  6
CONTINUOUS
100
AcDbLine
 10
151.0419359999999926
 20
-85.0302889999999962
 30
0
 11
151.1632239999999854
 21
-84.8202119999999979
 31
0
  0
LINE
  5
9F9
330
22
100
AcDbEntity
  8
B.Cu
  6
CONTINUOUS
100
AcDbLine
 10
151.1632239999999854
 20
-84.8202119999999979
 30
0
 11
151.256054000000006
 21
-84.5960999999999927
 31
0
  0
LINE
  5
9FA
330
22
100
AcDbEntity
  8
B.Cu
  6
CONTINUOUS
100
AcDbLine
 10
151.256054000000006
 20
-84.5960999999999927
 30
0
 11
151.3188379999999995
 21
-84.3617890000000017
 31
0
  0
LINE
  5
9FB
330
22
100
AcDbEntity
  8
B.Cu
  6
CONTINUOUS
100
AcDbLine
 10
151.3188379999999995
 20
-84.3617890000000017
 30
0
 11
151.3504999999999825
 21
-84.1212879999999927
 31
0
  0
LINE
  5
9FC
330
22
100
AcDbEntity
  8
B.Cu
  6
CONTINUOUS
100
AcDbLine
 10
151.3504999999999825
 20
-84.1212879999999927
 30
0
 11
151.3504999999999825
 21
-83.8787119999999931
 31
0
  0
LINE
  5
9FD
330
22
100
AcDbEntity
  8
B.Cu
  6
CONTINUOUS
100
AcDbLine
 10
151.3504999999999825
 20
-83.8787119999999931
 30
0
 11
151.3188379999999995
 21
-83.6382109999999983
 31
0
  0
LINE
  5
9FE
330
22
100
AcDbEntity
  8
B.Cu
  6
CONTINUOUS
100
AcDbLine
 10
151.3188379999999995
 20
-83.6382109999999983
 30
0
 11
151.256054000000006
 21
-83.403899999999993
 31
0
  0
LINE
  5
9FF
330
22
100
AcDbEntity
  8
B.Cu
  6
CONTINUOUS
100
AcDbLine
 10
151.256054000000006
 20
-83.403899999999993
 30
0
 11
151.1632239999999854
 21
-83.1797880000000021
 31
0
  0
LINE
  5
A00
330
22
100
AcDbEntity
  8
B.Cu
  6
CONTINUOUS
100
AcDbLine
 10
151.1632239999999854
 20
-83.1797880000000021
 30
0
 11
151.0419359999999926
 21
-82.9697109999999896
 31
0
  0
LINE
  5
A01
330
22
100
AcDbEntity
  8
B.Cu
  6
CONTINUOUS
100
AcDbLine
 10
151.0419359999999926
 20
-82.9697109999999896
 30
0
 11
150.8942649999999901
 21
-82.7772619999999932
 31
0
  0
LINE
  5
A02
330
22
100
AcDbEntity
  8
B.Cu
  6
CONTINUOUS
100
AcDbLine
 10
150.8942649999999901
 20
-82.7772619999999932
 30
0
 11
150.8942600000000027
 21
-82.7772559999999942
 31
0
  0
LINE
  5
A03
330
22
100
AcDbEntity
  8
B.Cu
  6
CONTINUOUS
100
AcDbLine
 10
150.8942600000000027
 20
-82.7772559999999942
 30
0
 11
150.7227429999999799
 21
-82.6057389999999998
 31
0
  0
LINE
  5
A04
330
22
100
AcDbEntity
  8
B.Cu
  6
CONTINUOUS
100
AcDbLine
 10
150.7227429999999799
 20
-82.6057389999999998
 30
0
 11
150.7227359999999976
 21
-82.6057330000000007
 31
0
  0
LINE
  5
A05
330
22
100
AcDbEntity
  8
B.Cu
  6
CONTINUOUS
100
AcDbLine
 10
150.7227359999999976
 20
-82.6057330000000007
 30
0
 11
150.5302930000000003
 21
-82.4580669999999998
 31
0
  0
LINE
  5
A06
330
22
100
AcDbEntity
  8
B.Cu
  6
CONTINUOUS
100
AcDbLine
 10
150.5302930000000003
 20
-82.4580669999999998
 30
0
 11
150.5302920000000029
 21
-82.4580660000000023
 31
0
  0
LINE
  5
A07
330
22
100
AcDbEntity
  8
B.Cu
  6
CONTINUOUS
100
AcDbLine
 10
150.5302920000000029
 20
-82.4580660000000023
 30
0
 11
150.530288999999982
 21
-82.4580639999999931
 31
0
  0
LINE
  5
A08
330
22
100
AcDbEntity
  8
B.Cu
  6
CONTINUOUS
100
AcDbLine
 10
150.530288999999982
 20
-82.4580639999999931
 30
0
 11
150.3202119999999979
 21
-82.3367760000000004
 31
0
  0
LINE
  5
A09
330
22
100
AcDbEntity
  8
B.Cu
  6
CONTINUOUS
100
AcDbLine
 10
150.3202119999999979
 20
-82.3367760000000004
 30
0
 11
150.3202049999999872
 21
-82.3367729999999938
 31
0
  0
LINE
  5
A0A
330
22
100
AcDbEntity
  8
B.Cu
  6
CONTINUOUS
100
AcDbLine
 10
150.3202049999999872
 20
-82.3367729999999938
 30
0
 11
150.0961039999999969
 21
-82.2439469999999915
 31
0
  0
LINE
  5
A0B
330
22
100
AcDbEntity
  8
B.Cu
  6
CONTINUOUS
100
AcDbLine
 10
150.0961039999999969
 20
-82.2439469999999915
 30
0
 11
149.8617849999999976
 21
-82.181161000000003
 31
0
  0
LINE
  5
A0C
330
22
100
AcDbEntity
  8
B.Cu
  6
CONTINUOUS
100
AcDbLine
 10
149.8617849999999976
 20
-82.181161000000003
 30
0
 11
149.6212889999999902
 21
-82.1495000000000033
 31
0
  0
LINE
  5
A0D
330
22
100
AcDbEntity
  8
B.Cu
  6
CONTINUOUS
100
AcDbLine
 10
149.6212889999999902
 20
-82.1495000000000033
 30
0
 11
149.6212879999999927
 21
-82.1495000000000033
 31
0
  0
LINE
  5
A0E
330
22
100
AcDbEntity
  8
B.Cu
  6
CONTINUOUS
100
AcDbLine
 10
149.6212879999999927
 20
-82.1495000000000033
 30
0
 11
149.3787120000000073
 21
-82.1495000000000033
 31
0
  0
LINE
  5
A0F
330
22
100
AcDbEntity
  8
B.Cu
  6
CONTINUOUS
100
AcDbLine
 10
149.3787120000000073
 20
-82.1495000000000033
 30
0
 11
149.3787109999999814
 21
-82.1495000000000033
 31
0
  0
LINE
  5
A10
330
22
100
AcDbEntity
  8
B.Cu
  6
CONTINUOUS
100
AcDbLine
 10
149.3787109999999814
 20
-82.1495000000000033
 30
0
 11
149.1382140000000049
 21
-82.181161000000003
 31
0
  0
LINE
  5
A11
330
22
100
AcDbEntity
  8
B.Cu
  6
CONTINUOUS
100
AcDbLine
 10
149.1382140000000049
 20
-82.181161000000003
 30
0
 11
148.9038950000000057
 21
-82.2439469999999915
 31
0
  0
LINE
  5
A12
330
22
100
AcDbEntity
  8
B.Cu
  6
CONTINUOUS
100
AcDbLine
 10
148.9038950000000057
 20
-82.2439469999999915
 30
0
 11
148.6797939999999869
 21
-82.3367729999999938
 31
0
  0
LINE
  5
A13
330
22
100
AcDbEntity
  8
B.Cu
  6
CONTINUOUS
100
AcDbLine
 10
148.6797939999999869
 20
-82.3367729999999938
 30
0
 11
148.6797849999999812
 21
-82.3367769999999979
 31
0
  0
LINE
  5
A14
330
22
100
AcDbEntity
  8
B.Cu
  6
CONTINUOUS
100
AcDbLine
 10
148.6797849999999812
 20
-82.3367769999999979
 30
0
 11
148.4697060000000022
 21
-82.4580669999999998
 31
0
  0
LINE
  5
A15
330
22
100
AcDbEntity
  8
B.Cu
  6
CONTINUOUS
100
AcDbLine
 10
148.4697060000000022
 20
-82.4580669999999998
 30
0
 11
148.2772630000000049
 21
-82.6057330000000007
 31
0
  0
LINE
  5
A16
330
22
100
AcDbEntity
  8
B.Cu
  6
CONTINUOUS
100
AcDbLine
 10
148.2772630000000049
 20
-82.6057330000000007
 30
0
 11
148.2772559999999942
 21
-82.6057389999999998
 31
0
  0
LINE
  5
A17
330
22
100
AcDbEntity
  8
B.Cu
  6
CONTINUOUS
100
AcDbLine
 10
148.2772559999999942
 20
-82.6057389999999998
 30
0
 11
148.1057389999999998
 21
-82.7772559999999942
 31
0
  0
LINE
  5
A18
330
22
100
AcDbEntity
  8
B.Cu
  6
CONTINUOUS
100
AcDbLine
 10
148.1057389999999998
 20
-82.7772559999999942
 30
0
 11
148.1057329999999865
 21
-82.7772629999999907
 31
0
  0
LINE
  5
A19
330
22
100
AcDbEntity
  8
B.Cu
  6
CONTINUOUS
100
AcDbLine
 10
148.1057329999999865
 20
-82.7772629999999907
 30
0
 11
147.9580669999999998
 21
-82.9697060000000022
 31
0
  0
LINE
  5
A1A
330
22
100
AcDbEntity
  8
B.Cu
  6
CONTINUOUS
100
AcDbLine
 10
147.9580669999999998
 20
-82.9697060000000022
 30
0
 11
147.8367769999999837
 21
-83.1797849999999954
 31
0
  0
LINE
  5
A1B
330
22
100
AcDbEntity
  8
B.Cu
  6
CONTINUOUS
100
AcDbLine
 10
147.8367769999999837
 20
-83.1797849999999954
 30
0
 11
147.8367729999999938
 21
-83.1797940000000011
 31
0
  0
LINE
  5
A1C
330
22
100
AcDbEntity
  8
B.Cu
  6
CONTINUOUS
100
AcDbLine
 10
147.8367729999999938
 20
-83.1797940000000011
 30
0
 11
147.7439469999999915
 21
-83.4038949999999915
 31
0
  0
LINE
  5
A1D
330
22
100
AcDbEntity
  8
B.Cu
  6
CONTINUOUS
100
AcDbLine
 10
147.7439469999999915
 20
-83.4038949999999915
 30
0
 11
147.681161000000003
 21
-83.6382139999999907
 31
0
  0
LINE
  5
A1E
330
22
100
AcDbEntity
  8
B.Cu
  6
CONTINUOUS
100
AcDbLine
 10
147.681161000000003
 20
-83.6382139999999907
 30
0
 11
147.6494999999999891
 21
-83.8787109999999956
 31
0
  0
LINE
  5
A1F
330
22
100
AcDbEntity
  8
B.Cu
  6
CONTINUOUS
100
AcDbLine
 10
147.6494999999999891
 20
-83.8787109999999956
 30
0
 11
147.6494999999999891
 21
-84.1212879999999927
 31
0
  0
LINE
  5
A20
330
22
100
AcDbEntity
  8
B.Cu
  6
CONTINUOUS
100
AcDbLine
 10
84.6494999999999891
 20
-83.6212879999999927
 30
0
 11
84.681161000000003
 21
-83.8617849999999976
 31
0
  0
LINE
  5
A21
330
22
100
AcDbEntity
  8
B.Cu
  6
CONTINUOUS
100
AcDbLine
 10
84.681161000000003
 20
-83.8617849999999976
 30
0
 11
84.7439469999999915
 21
-84.0961039999999969
 31
0
  0
LINE
  5
A22
330
22
100
AcDbEntity
  8
B.Cu
  6
CONTINUOUS
100
AcDbLine
 10
84.7439469999999915
 20
-84.0961039999999969
 30
0
 11
84.7543790000000001
 21
-84.1212879999999927
 31
0
  0
LINE
  5
A23
330
22
100
AcDbEntity
  8
B.Cu
  6
CONTINUOUS
100
AcDbLine
 10
84.7543790000000001
 20
-84.1212879999999927
 30
0
 11
84.8367760000000004
 21
-84.3202119999999979
 31
0
  0
LINE
  5
A24
330
22
100
AcDbEntity
  8
B.Cu
  6
CONTINUOUS
100
AcDbLine
 10
84.8367760000000004
 20
-84.3202119999999979
 30
0
 11
84.9580639999999931
 21
-84.5302889999999962
 31
0
  0
LINE
  5
A25
330
22
100
AcDbEntity
  8
B.Cu
  6
CONTINUOUS
100
AcDbLine
 10
84.9580639999999931
 20
-84.5302889999999962
 30
0
 11
84.9580660000000023
 21
-84.5302920000000029
 31
0
  0
LINE
  5
A26
330
22
100
AcDbEntity
  8
B.Cu
  6
CONTINUOUS
100
AcDbLine
 10
84.9580660000000023
 20
-84.5302920000000029
 30
0
 11
84.9580669999999998
 21
-84.5302930000000003
 31
0
  0
LINE
  5
A27
330
22
100
AcDbEntity
  8
B.Cu
  6
CONTINUOUS
100
AcDbLine
 10
84.9580669999999998
 20
-84.5302930000000003
 30
0
 11
85.1057330000000007
 21
-84.7227359999999976
 31
0
  0
LINE
  5
A28
330
22
100
AcDbEntity
  8
B.Cu
  6
CONTINUOUS
100
AcDbLine
 10
85.1057330000000007
 20
-84.7227359999999976
 30
0
 11
85.1057389999999998
 21
-84.7227429999999941
 31
0
  0
LINE
  5
A29
330
22
100
AcDbEntity
  8
B.Cu
  6
CONTINUOUS
100
AcDbLine
 10
85.1057389999999998
 20
-84.7227429999999941
 30
0
 11
85.2772559999999942
 21
-84.8942600000000027
 31
0
  0
LINE
  5
A2A
330
22
100
AcDbEntity
  8
B.Cu
  6
CONTINUOUS
100
AcDbLine
 10
85.2772559999999942
 20
-84.8942600000000027
 30
0
 11
85.2772619999999932
 21
-84.8942649999999901
 31
0
  0
LINE
  5
A2B
330
22
100
AcDbEntity
  8
B.Cu
  6
CONTINUOUS
100
AcDbLine
 10
85.2772619999999932
 20
-84.8942649999999901
 30
0
 11
85.4697109999999896
 21
-85.0419359999999926
 31
0
  0
LINE
  5
A2C
330
22
100
AcDbEntity
  8
B.Cu
  6
CONTINUOUS
100
AcDbLine
 10
85.4697109999999896
 20
-85.0419359999999926
 30
0
 11
85.6797880000000021
 21
-85.1632239999999996
 31
0
  0
LINE
  5
A2D
330
22
100
AcDbEntity
  8
B.Cu
  6
CONTINUOUS
100
AcDbLine
 10
85.6797880000000021
 20
-85.1632239999999996
 30
0
 11
85.903899999999993
 21
-85.2560539999999918
 31
0
  0
LINE
  5
A2E
330
22
100
AcDbEntity
  8
B.Cu
  6
CONTINUOUS
100
AcDbLine
 10
85.903899999999993
 20
-85.2560539999999918
 30
0
 11
86.1382109999999983
 21
-85.3188379999999995
 31
0
  0
LINE
  5
A2F
330
22
100
AcDbEntity
  8
B.Cu
  6
CONTINUOUS
100
AcDbLine
 10
86.1382109999999983
 20
-85.3188379999999995
 30
0
 11
86.3185859999999963
 21
-85.3425840000000022
 31
0
  0
LINE
  5
A30
330
22
100
AcDbEntity
  8
B.Cu
  6
CONTINUOUS
100
AcDbLine
 10
86.3185859999999963
 20
-85.3425840000000022
 30
0
 11
86.3787109999999956
 21
-85.3504999999999967
 31
0
  0
LINE
  5
A31
330
22
100
AcDbEntity
  8
B.Cu
  6
CONTINUOUS
100
AcDbLine
 10
86.3787109999999956
 20
-85.3504999999999967
 30
0
 11
86.3787119999999931
 21
-85.3504999999999967
 31
0
  0
LINE
  5
A32
330
22
100
AcDbEntity
  8
B.Cu
  6
CONTINUOUS
100
AcDbLine
 10
86.3787119999999931
 20
-85.3504999999999967
 30
0
 11
86.6212889999999902
 21
-85.3504999999999967
 31
0
  0
LINE
  5
A33
330
22
100
AcDbEntity
  8
B.Cu
  6
CONTINUOUS
100
AcDbLine
 10
86.6212889999999902
 20
-85.3504999999999967
 30
0
 11
86.6693879999999979
 21
-85.3441669999999988
 31
0
  0
LINE
  5
A34
330
22
100
AcDbEntity
  8
B.Cu
  6
CONTINUOUS
100
AcDbLine
 10
86.6693879999999979
 20
-85.3441669999999988
 30
0
 11
86.8617890000000017
 21
-85.3188379999999995
 31
0
  0
LINE
  5
A35
330
22
100
AcDbEntity
  8
B.Cu
  6
CONTINUOUS
100
AcDbLine
 10
86.8617890000000017
 20
-85.3188379999999995
 30
0
 11
87.0960999999999927
 21
-85.2560539999999918
 31
0
  0
LINE
  5
A36
330
22
100
AcDbEntity
  8
B.Cu
  6
CONTINUOUS
100
AcDbLine
 10
87.0960999999999927
 20
-85.2560539999999918
 30
0
 11
87.3202119999999979
 21
-85.1632239999999996
 31
0
  0
LINE
  5
A37
330
22
100
AcDbEntity
  8
B.Cu
  6
CONTINUOUS
100
AcDbLine
 10
87.3202119999999979
 20
-85.1632239999999996
 30
0
 11
87.5302889999999962
 21
-85.0419359999999926
 31
0
  0
LINE
  5
A38
330
22
100
AcDbEntity
  8
B.Cu
  6
CONTINUOUS
100
AcDbLine
 10
87.5302889999999962
 20
-85.0419359999999926
 30
0
 11
87.7227379999999926
 21
-84.8942649999999901
 31
0
  0
LINE
  5
A39
330
22
100
AcDbEntity
  8
B.Cu
  6
CONTINUOUS
100
AcDbLine
 10
87.7227379999999926
 20
-84.8942649999999901
 30
0
 11
87.8942649999999901
 21
-84.7227379999999926
 31
0
  0
LINE
  5
A3A
330
22
100
AcDbEntity
  8
B.Cu
  6
CONTINUOUS
100
AcDbLine
 10
87.8942649999999901
 20
-84.7227379999999926
 30
0
 11
88.0419359999999926
 21
-84.5302889999999962
 31
0
  0
LINE
  5
A3B
330
22
100
AcDbEntity
  8
B.Cu
  6
CONTINUOUS
100
AcDbLine
 10
88.0419359999999926
 20
-84.5302889999999962
 30
0
 11
88.1632239999999996
 21
-84.3202119999999979
 31
0
  0
LINE
  5
A3C
330
22
100
AcDbEntity
  8
B.Cu
  6
CONTINUOUS
100
AcDbLine
 10
88.1632239999999996
 20
-84.3202119999999979
 30
0
 11
88.2560539999999918
 21
-84.0960999999999927
 31
0
  0
LINE
  5
A3D
330
22
100
AcDbEntity
  8
B.Cu
  6
CONTINUOUS
100
AcDbLine
 10
88.2560539999999918
 20
-84.0960999999999927
 30
0
 11
88.3143039999999928
 21
-83.8787109999999956
 31
0
  0
LINE
  5
A3E
330
22
100
AcDbEntity
  8
B.Cu
  6
CONTINUOUS
100
AcDbLine
 10
88.3143039999999928
 20
-83.8787109999999956
 30
0
 11
88.3188379999999995
 21
-83.8617890000000017
 31
0
  0
LINE
  5
A3F
330
22
100
AcDbEntity
  8
B.Cu
  6
CONTINUOUS
100
AcDbLine
 10
88.3188379999999995
 20
-83.8617890000000017
 30
0
 11
88.3504999999999967
 21
-83.6212879999999927
 31
0
  0
LINE
  5
A40
330
22
100
AcDbEntity
  8
B.Cu
  6
CONTINUOUS
100
AcDbLine
 10
88.3504999999999967
 20
-83.6212879999999927
 30
0
 11
88.3504999999999967
 21
-83.3787119999999931
 31
0
  0
LINE
  5
A41
330
22
100
AcDbEntity
  8
B.Cu
  6
CONTINUOUS
100
AcDbLine
 10
88.3504999999999967
 20
-83.3787119999999931
 30
0
 11
88.3188379999999995
 21
-83.1382109999999983
 31
0
  0
LINE
  5
A42
330
22
100
AcDbEntity
  8
B.Cu
  6
CONTINUOUS
100
AcDbLine
 10
88.3188379999999995
 20
-83.1382109999999983
 30
0
 11
88.2560539999999918
 21
-82.903899999999993
 31
0
  0
LINE
  5
A43
330
22
100
AcDbEntity
  8
B.Cu
  6
CONTINUOUS
100
AcDbLine
 10
88.2560539999999918
 20
-82.903899999999993
 30
0
 11
88.1632239999999996
 21
-82.6797880000000021
 31
0
  0
LINE
  5
A44
330
22
100
AcDbEntity
  8
B.Cu
  6
CONTINUOUS
100
AcDbLine
 10
88.1632239999999996
 20
-82.6797880000000021
 30
0
 11
88.0419359999999926
 21
-82.4697109999999896
 31
0
  0
LINE
  5
A45
330
22
100
AcDbEntity
  8
B.Cu
  6
CONTINUOUS
100
AcDbLine
 10
88.0419359999999926
 20
-82.4697109999999896
 30
0
 11
87.8942649999999901
 21
-82.2772619999999932
 31
0
  0
LINE
  5
A46
330
22
100
AcDbEntity
  8
B.Cu
  6
CONTINUOUS
100
AcDbLine
 10
87.8942649999999901
 20
-82.2772619999999932
 30
0
 11
87.8942600000000027
 21
-82.2772559999999942
 31
0
  0
LINE
  5
A47
330
22
100
AcDbEntity
  8
B.Cu
  6
CONTINUOUS
100
AcDbLine
 10
87.8942600000000027
 20
-82.2772559999999942
 30
0
 11
87.7227429999999941
 21
-82.1057389999999998
 31
0
  0
LINE
  5
A48
330
22
100
AcDbEntity
  8
B.Cu
  6
CONTINUOUS
100
AcDbLine
 10
87.7227429999999941
 20
-82.1057389999999998
 30
0
 11
87.7227359999999976
 21
-82.1057330000000007
 31
0
  0
LINE
  5
A49
330
22
100
AcDbEntity
  8
B.Cu
  6
CONTINUOUS
100
AcDbLine
 10
87.7227359999999976
 20
-82.1057330000000007
 30
0
 11
87.5302930000000003
 21
-81.9580669999999998
 31
0
  0
LINE
  5
A4A
330
22
100
AcDbEntity
  8
B.Cu
  6
CONTINUOUS
100
AcDbLine
 10
87.5302930000000003
 20
-81.9580669999999998
 30
0
 11
87.5302920000000029
 21
-81.9580660000000023
 31
0
  0
LINE
  5
A4B
330
22
100
AcDbEntity
  8
B.Cu
  6
CONTINUOUS
100
AcDbLine
 10
87.5302920000000029
 20
-81.9580660000000023
 30
0
 11
87.5302889999999962
 21
-81.9580639999999931
 31
0
  0
LINE
  5
A4C
330
22
100
AcDbEntity
  8
B.Cu
  6
CONTINUOUS
100
AcDbLine
 10
87.5302889999999962
 20
-81.9580639999999931
 30
0
 11
87.3202119999999979
 21
-81.8367760000000004
 31
0
  0
LINE
  5
A4D
330
22
100
AcDbEntity
  8
B.Cu
  6
CONTINUOUS
100
AcDbLine
 10
87.3202119999999979
 20
-81.8367760000000004
 30
0
 11
87.3202050000000014
 21
-81.8367729999999938
 31
0
  0
LINE
  5
A4E
330
22
100
AcDbEntity
  8
B.Cu
  6
CONTINUOUS
100
AcDbLine
 10
87.3202050000000014
 20
-81.8367729999999938
 30
0
 11
87.0961039999999969
 21
-81.7439469999999915
 31
0
  0
LINE
  5
A4F
330
22
100
AcDbEntity
  8
B.Cu
  6
CONTINUOUS
100
AcDbLine
 10
87.0961039999999969
 20
-81.7439469999999915
 30
0
 11
86.8617849999999976
 21
-81.681161000000003
 31
0
  0
LINE
  5
A50
330
22
100
AcDbEntity
  8
B.Cu
  6
CONTINUOUS
100
AcDbLine
 10
86.8617849999999976
 20
-81.681161000000003
 30
0
 11
86.6212889999999902
 21
-81.6495000000000033
 31
0
  0
LINE
  5
A51
330
22
100
AcDbEntity
  8
B.Cu
  6
CONTINUOUS
100
AcDbLine
 10
86.6212889999999902
 20
-81.6495000000000033
 30
0
 11
86.6212879999999927
 21
-81.6495000000000033
 31
0
  0
LINE
  5
A52
330
22
100
AcDbEntity
  8
B.Cu
  6
CONTINUOUS
100
AcDbLine
 10
86.6212879999999927
 20
-81.6495000000000033
 30
0
 11
86.3787119999999931
 21
-81.6495000000000033
 31
0
  0
LINE
  5
A53
330
22
100
AcDbEntity
  8
B.Cu
  6
CONTINUOUS
100
AcDbLine
 10
86.3787119999999931
 20
-81.6495000000000033
 30
0
 11
86.3787109999999956
 21
-81.6495000000000033
 31
0
  0
LINE
  5
A54
330
22
100
AcDbEntity
  8
B.Cu
  6
CONTINUOUS
100
AcDbLine
 10
86.3787109999999956
 20
-81.6495000000000033
 30
0
 11
86.1382139999999907
 21
-81.681161000000003
 31
0
  0
LINE
  5
A55
330
22
100
AcDbEntity
  8
B.Cu
  6
CONTINUOUS
100
AcDbLine
 10
86.1382139999999907
 20
-81.681161000000003
 30
0
 11
85.9038949999999915
 21
-81.7439469999999915
 31
0
  0
LINE
  5
A56
330
22
100
AcDbEntity
  8
B.Cu
  6
CONTINUOUS
100
AcDbLine
 10
85.9038949999999915
 20
-81.7439469999999915
 30
0
 11
85.6797940000000011
 21
-81.8367729999999938
 31
0
  0
LINE
  5
A57
330
22
100
AcDbEntity
  8
B.Cu
  6
CONTINUOUS
100
AcDbLine
 10
85.6797940000000011
 20
-81.8367729999999938
 30
0
 11
85.6797849999999954
 21
-81.8367769999999979
 31
0
  0
LINE
  5
A58
330
22
100
AcDbEntity
  8
B.Cu
  6
CONTINUOUS
100
AcDbLine
 10
85.6797849999999954
 20
-81.8367769999999979
 30
0
 11
85.4697060000000022
 21
-81.9580669999999998
 31
0
  0
LINE
  5
A59
330
22
100
AcDbEntity
  8
B.Cu
  6
CONTINUOUS
100
AcDbLine
 10
85.4697060000000022
 20
-81.9580669999999998
 30
0
 11
85.2772629999999907
 21
-82.1057330000000007
 31
0
  0
LINE
  5
A5A
330
22
100
AcDbEntity
  8
B.Cu
  6
CONTINUOUS
100
AcDbLine
 10
85.2772629999999907
 20
-82.1057330000000007
 30
0
 11
85.2772559999999942
 21
-82.1057389999999998
 31
0
  0
LINE
  5
A5B
330
22
100
AcDbEntity
  8
B.Cu
  6
CONTINUOUS
100
AcDbLine
 10
85.2772559999999942
 20
-82.1057389999999998
 30
0
 11
85.1057389999999998
 21
-82.2772559999999942
 31
0
  0
LINE
  5
A5C
330
22
100
AcDbEntity
  8
B.Cu
  6
CONTINUOUS
100
AcDbLine
 10
85.1057389999999998
 20
-82.2772559999999942
 30
0
 11
85.1057330000000007
 21
-82.2772629999999907
 31
0
  0
LINE
  5
A5D
330
22
100
AcDbEntity
  8
B.Cu
  6
CONTINUOUS
100
AcDbLine
 10
85.1057330000000007
 20
-82.2772629999999907
 30
0
 11
84.9580669999999998
 21
-82.4697060000000022
 31
0
  0
LINE
  5
A5E
330
22
100
AcDbEntity
  8
B.Cu
  6
CONTINUOUS
100
AcDbLine
 10
84.9580669999999998
 20
-82.4697060000000022
 30
0
 11
84.8367769999999979
 21
-82.6797849999999954
 31
0
  0
LINE
  5
A5F
330
22
100
AcDbEntity
  8
B.Cu
  6
CONTINUOUS
100
AcDbLine
 10
84.8367769999999979
 20
-82.6797849999999954
 30
0
 11
84.8367729999999938
 21
-82.6797940000000011
 31
0
  0
LINE
  5
A60
330
22
100
AcDbEntity
  8
B.Cu
  6
CONTINUOUS
100
AcDbLine
 10
84.8367729999999938
 20
-82.6797940000000011
 30
0
 11
84.7439469999999915
 21
-82.9038949999999915
 31
0
  0
LINE
  5
A61
330
22
100
AcDbEntity
  8
B.Cu
  6
CONTINUOUS
100
AcDbLine
 10
84.7439469999999915
 20
-82.9038949999999915
 30
0
 11
84.681161000000003
 21
-83.1382139999999907
 31
0
  0
LINE
  5
A62
330
22
100
AcDbEntity
  8
B.Cu
  6
CONTINUOUS
100
AcDbLine
 10
84.681161000000003
 20
-83.1382139999999907
 30
0
 11
84.6494999999999891
 21
-83.3787109999999956
 31
0
  0
LINE
  5
A63
330
22
100
AcDbEntity
  8
B.Cu
  6
CONTINUOUS
100
AcDbLine
 10
84.6494999999999891
 20
-83.3787109999999956
 30
0
 11
84.6494999999999891
 21
-83.6212879999999927
 31
0
  0
LINE
  5
A64
330
22
100
AcDbEntity
  8
B.Cu
  6
CONTINUOUS
100
AcDbLine
 10
102.4394999999999953
 20
-71.2666109999999975
 30
0
 11
102.4665979999999905
 21
-71.4377009999999899
 31
0
  0
LINE
  5
A65
330
22
100
AcDbEntity
  8
B.Cu
  6
CONTINUOUS
100
AcDbLine
 10
102.4665979999999905
 20
-71.4377009999999899
 30
0
 11
102.5201270000000022
 21
-71.602445000000003
 31
0
  0
LINE
  5
A66
330
22
100
AcDbEntity
  8
B.Cu
  6
CONTINUOUS
100
AcDbLine
 10
102.5201270000000022
 20
-71.602445000000003
 30
0
 11
102.5987679999999926
 21
-71.7567880000000002
 31
0
  0
LINE
  5
A67
330
22
100
AcDbEntity
  8
B.Cu
  6
CONTINUOUS
100
AcDbLine
 10
102.5987679999999926
 20
-71.7567880000000002
 30
0
 11
102.7005860000000013
 21
-71.8969280000000026
 31
0
  0
LINE
  5
A68
330
22
100
AcDbEntity
  8
B.Cu
  6
CONTINUOUS
100
AcDbLine
 10
102.7005860000000013
 20
-71.8969280000000026
 30
0
 11
102.8230719999999963
 21
-72.0194139999999976
 31
0
  0
LINE
  5
A69
330
22
100
AcDbEntity
  8
B.Cu
  6
CONTINUOUS
100
AcDbLine
 10
102.8230719999999963
 20
-72.0194139999999976
 30
0
 11
102.9632119999999986
 21
-72.121231999999992
 31
0
  0
LINE
  5
A6A
330
22
100
AcDbEntity
  8
B.Cu
  6
CONTINUOUS
100
AcDbLine
 10
102.9632119999999986
 20
-72.121231999999992
 30
0
 11
103.1175549999999959
 21
-72.1998729999999966
 31
0
  0
LINE
  5
A6B
330
22
100
AcDbEntity
  8
B.Cu
  6
CONTINUOUS
100
AcDbLine
 10
103.1175549999999959
 20
-72.1998729999999966
 30
0
 11
103.2822989999999947
 21
-72.2534019999999941
 31
0
  0
LINE
  5
A6C
330
22
100
AcDbEntity
  8
B.Cu
  6
CONTINUOUS
100
AcDbLine
 10
103.2822989999999947
 20
-72.2534019999999941
 30
0
 11
103.4533890000000014
 21
-72.2805000000000035
 31
0
  0
LINE
  5
A6D
330
22
100
AcDbEntity
  8
B.Cu
  6
CONTINUOUS
100
AcDbLine
 10
103.4533890000000014
 20
-72.2805000000000035
 30
0
 11
103.4533899999999988
 21
-72.2805000000000035
 31
0
  0
LINE
  5
A6E
330
22
100
AcDbEntity
  8
B.Cu
  6
CONTINUOUS
100
AcDbLine
 10
103.4533899999999988
 20
-72.2805000000000035
 30
0
 11
103.6266099999999994
 21
-72.2805000000000035
 31
0
  0
LINE
  5
A6F
330
22
100
AcDbEntity
  8
B.Cu
  6
CONTINUOUS
100
AcDbLine
 10
103.6266099999999994
 20
-72.2805000000000035
 30
0
 11
103.6266109999999969
 21
-72.2805000000000035
 31
0
  0
LINE
  5
A70
330
22
100
AcDbEntity
  8
B.Cu
  6
CONTINUOUS
100
AcDbLine
 10
103.6266109999999969
 20
-72.2805000000000035
 30
0
 11
103.7977009999999893
 21
-72.2534019999999941
 31
0
  0
LINE
  5
A71
330
22
100
AcDbEntity
  8
B.Cu
  6
CONTINUOUS
100
AcDbLine
 10
103.7977009999999893
 20
-72.2534019999999941
 30
0
 11
103.9624449999999882
 21
-72.1998729999999966
 31
0
  0
LINE
  5
A72
330
22
100
AcDbEntity
  8
B.Cu
  6
CONTINUOUS
100
AcDbLine
 10
103.9624449999999882
 20
-72.1998729999999966
 30
0
 11
104.1167879999999997
 21
-72.121231999999992
 31
0
  0
LINE
  5
A73
330
22
100
AcDbEntity
  8
B.Cu
  6
CONTINUOUS
100
AcDbLine
 10
104.1167879999999997
 20
-72.121231999999992
 30
0
 11
104.256928000000002
 21
-72.0194139999999976
 31
0
  0
LINE
  5
A74
330
22
100
AcDbEntity
  8
B.Cu
  6
CONTINUOUS
100
AcDbLine
 10
104.256928000000002
 20
-72.0194139999999976
 30
0
 11
104.379413999999997
 21
-71.8969280000000026
 31
0
  0
LINE
  5
A75
330
22
100
AcDbEntity
  8
B.Cu
  6
CONTINUOUS
100
AcDbLine
 10
104.379413999999997
 20
-71.8969280000000026
 30
0
 11
104.3903309999999891
 21
-71.8819019999999966
 31
0
  0
LINE
  5
A76
330
22
100
AcDbEntity
  8
B.Cu
  6
CONTINUOUS
100
AcDbLine
 10
104.3903309999999891
 20
-71.8819019999999966
 30
0
 11
104.4812319999999914
 21
-71.7567880000000002
 31
0
  0
LINE
  5
A77
330
22
100
AcDbEntity
  8
B.Cu
  6
CONTINUOUS
100
AcDbLine
 10
104.4812319999999914
 20
-71.7567880000000002
 30
0
 11
104.5598729999999961
 21
-71.602445000000003
 31
0
  0
LINE
  5
A78
330
22
100
AcDbEntity
  8
B.Cu
  6
CONTINUOUS
100
AcDbLine
 10
104.5598729999999961
 20
-71.602445000000003
 30
0
 11
104.6134019999999936
 21
-71.4377009999999899
 31
0
  0
LINE
  5
A79
330
22
100
AcDbEntity
  8
B.Cu
  6
CONTINUOUS
100
AcDbLine
 10
104.6134019999999936
 20
-71.4377009999999899
 30
0
 11
104.6404999999999887
 21
-71.2666109999999975
 31
0
  0
LINE
  5
A7A
330
22
100
AcDbEntity
  8
B.Cu
  6
CONTINUOUS
100
AcDbLine
 10
104.6404999999999887
 20
-71.2666109999999975
 30
0
 11
104.6404999999999887
 21
-71.0933890000000019
 31
0
  0
LINE
  5
A7B
330
22
100
AcDbEntity
  8
B.Cu
  6
CONTINUOUS
100
AcDbLine
 10
104.6404999999999887
 20
-71.0933890000000019
 30
0
 11
104.6134019999999936
 21
-70.9222989999999953
 31
0
  0
LINE
  5
A7C
330
22
100
AcDbEntity
  8
B.Cu
  6
CONTINUOUS
100
AcDbLine
 10
104.6134019999999936
 20
-70.9222989999999953
 30
0
 11
104.5598729999999961
 21
-70.7575549999999964
 31
0
  0
LINE
  5
A7D
330
22
100
AcDbEntity
  8
B.Cu
  6
CONTINUOUS
100
AcDbLine
 10
104.5598729999999961
 20
-70.7575549999999964
 30
0
 11
104.4812319999999914
 21
-70.6032119999999992
 31
0
  0
LINE
  5
A7E
330
22
100
AcDbEntity
  8
B.Cu
  6
CONTINUOUS
100
AcDbLine
 10
104.4812319999999914
 20
-70.6032119999999992
 30
0
 11
104.379413999999997
 21
-70.4630719999999968
 31
0
  0
LINE
  5
A7F
330
22
100
AcDbEntity
  8
B.Cu
  6
CONTINUOUS
100
AcDbLine
 10
104.379413999999997
 20
-70.4630719999999968
 30
0
 11
104.256928000000002
 21
-70.3405860000000018
 31
0
  0
LINE
  5
A80
330
22
100
AcDbEntity
  8
B.Cu
  6
CONTINUOUS
100
AcDbLine
 10
104.256928000000002
 20
-70.3405860000000018
 30
0
 11
104.1167879999999997
 21
-70.2387679999999932
 31
0
  0
LINE
  5
A81
330
22
100
AcDbEntity
  8
B.Cu
  6
CONTINUOUS
100
AcDbLine
 10
104.1167879999999997
 20
-70.2387679999999932
 30
0
 11
103.9624449999999882
 21
-70.1601270000000028
 31
0
  0
LINE
  5
A82
330
22
100
AcDbEntity
  8
B.Cu
  6
CONTINUOUS
100
AcDbLine
 10
103.9624449999999882
 20
-70.1601270000000028
 30
0
 11
103.7977009999999893
 21
-70.1065979999999911
 31
0
  0
LINE
  5
A83
330
22
100
AcDbEntity
  8
B.Cu
  6
CONTINUOUS
100
AcDbLine
 10
103.7977009999999893
 20
-70.1065979999999911
 30
0
 11
103.7976989999999944
 21
-70.1065969999999936
 31
0
  0
LINE
  5
A84
330
22
100
AcDbEntity
  8
B.Cu
  6
CONTINUOUS
100
AcDbLine
 10
103.7976989999999944
 20
-70.1065969999999936
 30
0
 11
103.7976979999999969
 21
-70.1065969999999936
 31
0
  0
LINE
  5
A85
330
22
100
AcDbEntity
  8
B.Cu
  6
CONTINUOUS
100
AcDbLine
 10
103.7976979999999969
 20
-70.1065969999999936
 30
0
 11
103.6662709999999947
 21
-70.0857809999999972
 31
0
  0
LINE
  5
A86
330
22
100
AcDbEntity
  8
B.Cu
  6
CONTINUOUS
100
AcDbLine
 10
103.6662709999999947
 20
-70.0857809999999972
 30
0
 11
103.6266109999999969
 21
-70.0794999999999959
 31
0
  0
LINE
  5
A87
330
22
100
AcDbEntity
  8
B.Cu
  6
CONTINUOUS
100
AcDbLine
 10
103.6266109999999969
 20
-70.0794999999999959
 30
0
 11
103.4533890000000014
 21
-70.0794999999999959
 31
0
  0
LINE
  5
A88
330
22
100
AcDbEntity
  8
B.Cu
  6
CONTINUOUS
100
AcDbLine
 10
103.4533890000000014
 20
-70.0794999999999959
 30
0
 11
103.4137279999999919
 21
-70.0857809999999972
 31
0
  0
LINE
  5
A89
330
22
100
AcDbEntity
  8
B.Cu
  6
CONTINUOUS
100
AcDbLine
 10
103.4137279999999919
 20
-70.0857809999999972
 30
0
 11
103.2823020000000014
 21
-70.1065969999999936
 31
0
  0
LINE
  5
A8A
330
22
100
AcDbEntity
  8
B.Cu
  6
CONTINUOUS
100
AcDbLine
 10
103.2823020000000014
 20
-70.1065969999999936
 30
0
 11
103.1175519999999892
 21
-70.1601280000000003
 31
0
  0
LINE
  5
A8B
330
22
100
AcDbEntity
  8
B.Cu
  6
CONTINUOUS
100
AcDbLine
 10
103.1175519999999892
 20
-70.1601280000000003
 30
0
 11
102.9632110000000011
 21
-70.2387679999999932
 31
0
  0
LINE
  5
A8C
330
22
100
AcDbEntity
  8
B.Cu
  6
CONTINUOUS
100
AcDbLine
 10
102.9632110000000011
 20
-70.2387679999999932
 30
0
 11
102.906289000000001
 21
-70.2801249999999982
 31
0
  0
LINE
  5
A8D
330
22
100
AcDbEntity
  8
B.Cu
  6
CONTINUOUS
100
AcDbLine
 10
102.906289000000001
 20
-70.2801249999999982
 30
0
 11
102.8230719999999963
 21
-70.3405860000000018
 31
0
  0
LINE
  5
A8E
330
22
100
AcDbEntity
  8
B.Cu
  6
CONTINUOUS
100
AcDbLine
 10
102.8230719999999963
 20
-70.3405860000000018
 30
0
 11
102.8230700000000013
 21
-70.3405879999999968
 31
0
  0
LINE
  5
A8F
330
22
100
AcDbEntity
  8
B.Cu
  6
CONTINUOUS
100
AcDbLine
 10
102.8230700000000013
 20
-70.3405879999999968
 30
0
 11
102.8230689999999896
 21
-70.3405879999999968
 31
0
  0
LINE
  5
A90
330
22
100
AcDbEntity
  8
B.Cu
  6
CONTINUOUS
100
AcDbLine
 10
102.8230689999999896
 20
-70.3405879999999968
 30
0
 11
102.7005879999999962
 21
-70.4630689999999902
 31
0
  0
LINE
  5
A91
330
22
100
AcDbEntity
  8
B.Cu
  6
CONTINUOUS
100
AcDbLine
 10
102.7005879999999962
 20
-70.4630689999999902
 30
0
 11
102.7005879999999962
 21
-70.4630700000000019
 31
0
  0
LINE
  5
A92
330
22
100
AcDbEntity
  8
B.Cu
  6
CONTINUOUS
100
AcDbLine
 10
102.7005879999999962
 20
-70.4630700000000019
 30
0
 11
102.7005860000000013
 21
-70.4630719999999968
 31
0
  0
LINE
  5
A93
330
22
100
AcDbEntity
  8
B.Cu
  6
CONTINUOUS
100
AcDbLine
 10
102.7005860000000013
 20
-70.4630719999999968
 30
0
 11
102.6603789999999918
 21
-70.5184119999999979
 31
0
  0
LINE
  5
A94
330
22
100
AcDbEntity
  8
B.Cu
  6
CONTINUOUS
100
AcDbLine
 10
102.6603789999999918
 20
-70.5184119999999979
 30
0
 11
102.5987679999999926
 21
-70.6032110000000017
 31
0
  0
LINE
  5
A95
330
22
100
AcDbEntity
  8
B.Cu
  6
CONTINUOUS
100
AcDbLine
 10
102.5987679999999926
 20
-70.6032110000000017
 30
0
 11
102.5201279999999997
 21
-70.7575519999999898
 31
0
  0
LINE
  5
A96
330
22
100
AcDbEntity
  8
B.Cu
  6
CONTINUOUS
100
AcDbLine
 10
102.5201279999999997
 20
-70.7575519999999898
 30
0
 11
102.466596999999993
 21
-70.922302000000002
 31
0
  0
LINE
  5
A97
330
22
100
AcDbEntity
  8
B.Cu
  6
CONTINUOUS
100
AcDbLine
 10
102.466596999999993
 20
-70.922302000000002
 30
0
 11
102.4394999999999953
 21
-71.0933890000000019
 31
0
  0
LINE
  5
A98
330
22
100
AcDbEntity
  8
B.Cu
  6
CONTINUOUS
100
AcDbLine
 10
102.4394999999999953
 20
-71.0933890000000019
 30
0
 11
102.4394999999999953
 21
-71.2666109999999975
 31
0
  0
LINE
  5
A99
330
22
100
AcDbEntity
  8
B.Cu
  6
CONTINUOUS
100
AcDbLine
 10
96.2094999999999914
 20
-71.3275129999999962
 30
0
 11
96.2335119999999904
 21
-71.5098940000000027
 31
0
  0
LINE
  5
A9A
330
22
100
AcDbEntity
  8
B.Cu
  6
CONTINUOUS
100
AcDbLine
 10
96.2335119999999904
 20
-71.5098940000000027
 30
0
 11
96.2480070000000012
 21
-71.6199929999999938
 31
0
  0
LINE
  5
A9B
330
22
100
AcDbEntity
  8
B.Cu
  6
CONTINUOUS
100
AcDbLine
 10
96.2480070000000012
 20
-71.6199929999999938
 30
0
 11
96.3222119999999933
 21
-71.8969299999999976
 31
0
  0
LINE
  5
A9C
330
22
100
AcDbEntity
  8
B.Cu
  6
CONTINUOUS
100
AcDbLine
 10
96.3222119999999933
 20
-71.8969299999999976
 30
0
 11
96.3243609999999961
 21
-71.904950999999997
 31
0
  0
LINE
  5
A9D
330
22
100
AcDbEntity
  8
B.Cu
  6
CONTINUOUS
100
AcDbLine
 10
96.3243609999999961
 20
-71.904950999999997
 30
0
 11
96.3243639999999886
 21
-71.9049610000000001
 31
0
  0
LINE
  5
A9E
330
22
100
AcDbEntity
  8
B.Cu
  6
CONTINUOUS
100
AcDbLine
 10
96.3243639999999886
 20
-71.9049610000000001
 30
0
 11
96.4372539999999958
 21
-72.1774999999999949
 31
0
  0
LINE
  5
A9F
330
22
100
AcDbEntity
  8
B.Cu
  6
CONTINUOUS
100
AcDbLine
 10
96.4372539999999958
 20
-72.1774999999999949
 30
0
 11
96.4372579999999999
 21
-72.1775099999999981
 31
0
  0
LINE
  5
AA0
330
22
100
AcDbEntity
  8
B.Cu
  6
CONTINUOUS
100
AcDbLine
 10
96.4372579999999999
 20
-72.1775099999999981
 30
0
 11
96.5847610000000003
 21
-72.4329929999999962
 31
0
  0
LINE
  5
AA1
330
22
100
AcDbEntity
  8
B.Cu
  6
CONTINUOUS
100
AcDbLine
 10
96.5847610000000003
 20
-72.4329929999999962
 30
0
 11
96.7643520000000024
 21
-72.6670400000000001
 31
0
  0
LINE
  5
AA2
330
22
100
AcDbEntity
  8
B.Cu
  6
CONTINUOUS
100
AcDbLine
 10
96.7643520000000024
 20
-72.6670400000000001
 30
0
 11
96.7643580000000014
 21
-72.6670469999999966
 31
0
  0
LINE
  5
AA3
330
22
100
AcDbEntity
  8
B.Cu
  6
CONTINUOUS
100
AcDbLine
 10
96.7643580000000014
 20
-72.6670469999999966
 30
0
 11
96.9729519999999923
 21
-72.8756410000000017
 31
0
  0
LINE
  5
AA4
330
22
100
AcDbEntity
  8
B.Cu
  6
CONTINUOUS
100
AcDbLine
 10
96.9729519999999923
 20
-72.8756410000000017
 30
0
 11
96.9729589999999888
 21
-72.8756470000000007
 31
0
  0
LINE
  5
AA5
330
22
100
AcDbEntity
  8
B.Cu
  6
CONTINUOUS
100
AcDbLine
 10
96.9729589999999888
 20
-72.8756470000000007
 30
0
 11
97.2070059999999927
 21
-73.0552380000000028
 31
0
  0
LINE
  5
AA6
330
22
100
AcDbEntity
  8
B.Cu
  6
CONTINUOUS
100
AcDbLine
 10
97.2070059999999927
 20
-73.0552380000000028
 30
0
 11
97.4624889999999908
 21
-73.2027410000000032
 31
0
  0
LINE
  5
AA7
330
22
100
AcDbEntity
  8
B.Cu
  6
CONTINUOUS
100
AcDbLine
 10
97.4624889999999908
 20
-73.2027410000000032
 30
0
 11
97.4624900000000025
 21
-73.2027410000000032
 31
0
  0
LINE
  5
AA8
330
22
100
AcDbEntity
  8
B.Cu
  6
CONTINUOUS
100
AcDbLine
 10
97.4624900000000025
 20
-73.2027410000000032
 30
0
 11
97.4624929999999949
 21
-73.2027429999999981
 31
0
  0
LINE
  5
AA9
330
22
100
AcDbEntity
  8
B.Cu
  6
CONTINUOUS
100
AcDbLine
 10
97.4624929999999949
 20
-73.2027429999999981
 30
0
 11
97.7350479999999919
 21
-73.3156389999999902
 31
0
  0
LINE
  5
AAA
330
22
100
AcDbEntity
  8
B.Cu
  6
CONTINUOUS
100
AcDbLine
 10
97.7350479999999919
 20
-73.3156389999999902
 30
0
 11
98.0200069999999926
 21
-73.3919929999999994
 31
0
  0
LINE
  5
AAB
330
22
100
AcDbEntity
  8
B.Cu
  6
CONTINUOUS
100
AcDbLine
 10
98.0200069999999926
 20
-73.3919929999999994
 30
0
 11
98.3124940000000009
 21
-73.430499999999995
 31
0
  0
LINE
  5
AAC
330
22
100
AcDbEntity
  8
B.Cu
  6
CONTINUOUS
100
AcDbLine
 10
98.3124940000000009
 20
-73.430499999999995
 30
0
 11
98.3125009999999975
 21
-73.430499999999995
 31
0
  0
LINE
  5
AAD
330
22
100
AcDbEntity
  8
B.Cu
  6
CONTINUOUS
100
AcDbLine
 10
98.3125009999999975
 20
-73.430499999999995
 30
0
 11
98.60749899999999
 21
-73.430499999999995
 31
0
  0
LINE
  5
AAE
330
22
100
AcDbEntity
  8
B.Cu
  6
CONTINUOUS
100
AcDbLine
 10
98.60749899999999
 20
-73.430499999999995
 30
0
 11
98.6075060000000008
 21
-73.430499999999995
 31
0
  0
LINE
  5
AAF
330
22
100
AcDbEntity
  8
B.Cu
  6
CONTINUOUS
100
AcDbLine
 10
98.6075060000000008
 20
-73.430499999999995
 30
0
 11
98.8999929999999949
 21
-73.3919929999999994
 31
0
  0
LINE
  5
AB0
330
22
100
AcDbEntity
  8
B.Cu
  6
CONTINUOUS
100
AcDbLine
 10
98.8999929999999949
 20
-73.3919929999999994
 30
0
 11
99.1849519999999956
 21
-73.3156389999999902
 31
0
  0
LINE
  5
AB1
330
22
100
AcDbEntity
  8
B.Cu
  6
CONTINUOUS
100
AcDbLine
 10
99.1849519999999956
 20
-73.3156389999999902
 30
0
 11
99.4575069999999926
 21
-73.2027429999999981
 31
0
  0
LINE
  5
AB2
330
22
100
AcDbEntity
  8
B.Cu
  6
CONTINUOUS
100
AcDbLine
 10
99.4575069999999926
 20
-73.2027429999999981
 30
0
 11
99.7129939999999948
 21
-73.0552380000000028
 31
0
  0
LINE
  5
AB3
330
22
100
AcDbEntity
  8
B.Cu
  6
CONTINUOUS
100
AcDbLine
 10
99.7129939999999948
 20
-73.0552380000000028
 30
0
 11
99.9470419999999962
 21
-72.8756460000000033
 31
0
  0
LINE
  5
AB4
330
22
100
AcDbEntity
  8
B.Cu
  6
CONTINUOUS
100
AcDbLine
 10
99.9470419999999962
 20
-72.8756460000000033
 30
0
 11
100.1556459999999902
 21
-72.667041999999995
 31
0
  0
LINE
  5
AB5
330
22
100
AcDbEntity
  8
B.Cu
  6
CONTINUOUS
100
AcDbLine
 10
100.1556459999999902
 20
-72.667041999999995
 30
0
 11
100.3352379999999897
 21
-72.4329939999999937
 31
0
  0
LINE
  5
AB6
330
22
100
AcDbEntity
  8
B.Cu
  6
CONTINUOUS
100
AcDbLine
 10
100.3352379999999897
 20
-72.4329939999999937
 30
0
 11
100.4827429999999993
 21
-72.1775069999999914
 31
0
  0
LINE
  5
AB7
330
22
100
AcDbEntity
  8
B.Cu
  6
CONTINUOUS
100
AcDbLine
 10
100.4827429999999993
 20
-72.1775069999999914
 30
0
 11
100.5956389999999914
 21
-71.9049519999999944
 31
0
  0
LINE
  5
AB8
330
22
100
AcDbEntity
  8
B.Cu
  6
CONTINUOUS
100
AcDbLine
 10
100.5956389999999914
 20
-71.9049519999999944
 30
0
 11
100.6719930000000005
 21
-71.6199929999999938
 31
0
  0
LINE
  5
AB9
330
22
100
AcDbEntity
  8
B.Cu
  6
CONTINUOUS
100
AcDbLine
 10
100.6719930000000005
 20
-71.6199929999999938
 30
0
 11
100.7104999999999961
 21
-71.3275059999999996
 31
0
  0
LINE
  5
ABA
330
22
100
AcDbEntity
  8
B.Cu
  6
CONTINUOUS
100
AcDbLine
 10
100.7104999999999961
 20
-71.3275059999999996
 30
0
 11
100.7104999999999961
 21
-71.0933890000000019
 31
0
  0
LINE
  5
ABB
330
22
100
AcDbEntity
  8
B.Cu
  6
CONTINUOUS
100
AcDbLine
 10
100.7104999999999961
 20
-71.0933890000000019
 30
0
 11
100.7104999999999961
 21
-71.0324939999999998
 31
0
  0
LINE
  5
ABC
330
22
100
AcDbEntity
  8
B.Cu
  6
CONTINUOUS
100
AcDbLine
 10
100.7104999999999961
 20
-71.0324939999999998
 30
0
 11
100.6719930000000005
 21
-70.7400069999999914
 31
0
  0
LINE
  5
ABD
330
22
100
AcDbEntity
  8
B.Cu
  6
CONTINUOUS
100
AcDbLine
 10
100.6719930000000005
 20
-70.7400069999999914
 30
0
 11
100.5956389999999914
 21
-70.4550479999999908
 31
0
  0
LINE
  5
ABE
330
22
100
AcDbEntity
  8
B.Cu
  6
CONTINUOUS
100
AcDbLine
 10
100.5956389999999914
 20
-70.4550479999999908
 30
0
 11
100.4827429999999993
 21
-70.1824929999999938
 31
0
  0
LINE
  5
ABF
330
22
100
AcDbEntity
  8
B.Cu
  6
CONTINUOUS
100
AcDbLine
 10
100.4827429999999993
 20
-70.1824929999999938
 30
0
 11
100.4349699999999928
 21
-70.0997479999999911
 31
0
  0
LINE
  5
AC0
330
22
100
AcDbEntity
  8
B.Cu
  6
CONTINUOUS
100
AcDbLine
 10
100.4349699999999928
 20
-70.0997479999999911
 30
0
 11
100.3352379999999897
 21
-69.9270059999999916
 31
0
  0
LINE
  5
AC1
330
22
100
AcDbEntity
  8
B.Cu
  6
CONTINUOUS
100
AcDbLine
 10
100.3352379999999897
 20
-69.9270059999999916
 30
0
 11
100.1556470000000019
 21
-69.6929590000000019
 31
0
  0
LINE
  5
AC2
330
22
100
AcDbEntity
  8
B.Cu
  6
CONTINUOUS
100
AcDbLine
 10
100.1556470000000019
 20
-69.6929590000000019
 30
0
 11
100.1556409999999886
 21
-69.6929519999999911
 31
0
  0
LINE
  5
AC3
330
22
100
AcDbEntity
  8
B.Cu
  6
CONTINUOUS
100
AcDbLine
 10
100.1556409999999886
 20
-69.6929519999999911
 30
0
 11
99.9470469999999978
 21
-69.4843580000000003
 31
0
  0
LINE
  5
AC4
330
22
100
AcDbEntity
  8
B.Cu
  6
CONTINUOUS
100
AcDbLine
 10
99.9470469999999978
 20
-69.4843580000000003
 30
0
 11
99.9470400000000012
 21
-69.4843520000000012
 31
0
  0
LINE
  5
AC5
330
22
100
AcDbEntity
  8
B.Cu
  6
CONTINUOUS
100
AcDbLine
 10
99.9470400000000012
 20
-69.4843520000000012
 30
0
 11
99.7129929999999973
 21
-69.3047609999999992
 31
0
  0
LINE
  5
AC6
330
22
100
AcDbEntity
  8
B.Cu
  6
CONTINUOUS
100
AcDbLine
 10
99.7129929999999973
 20
-69.3047609999999992
 30
0
 11
99.4575099999999992
 21
-69.1572579999999988
 31
0
  0
LINE
  5
AC7
330
22
100
AcDbEntity
  8
B.Cu
  6
CONTINUOUS
100
AcDbLine
 10
99.4575099999999992
 20
-69.1572579999999988
 30
0
 11
99.457499999999996
 21
-69.1572539999999947
 31
0
  0
LINE
  5
AC8
330
22
100
AcDbEntity
  8
B.Cu
  6
CONTINUOUS
100
AcDbLine
 10
99.457499999999996
 20
-69.1572539999999947
 30
0
 11
99.1849610000000013
 21
-69.0443640000000016
 31
0
  0
LINE
  5
AC9
330
22
100
AcDbEntity
  8
B.Cu
  6
CONTINUOUS
100
AcDbLine
 10
99.1849610000000013
 20
-69.0443640000000016
 30
0
 11
99.1849539999999905
 21
-69.0443619999999925
 31
0
  0
LINE
  5
ACA
330
22
100
AcDbEntity
  8
B.Cu
  6
CONTINUOUS
100
AcDbLine
 10
99.1849539999999905
 20
-69.0443619999999925
 30
0
 11
99.1849519999999956
 21
-69.044360999999995
 31
0
  0
LINE
  5
ACB
330
22
100
AcDbEntity
  8
B.Cu
  6
CONTINUOUS
100
AcDbLine
 10
99.1849519999999956
 20
-69.044360999999995
 30
0
 11
98.8999929999999949
 21
-68.9680070000000001
 31
0
  0
LINE
  5
ACC
330
22
100
AcDbEntity
  8
B.Cu
  6
CONTINUOUS
100
AcDbLine
 10
98.8999929999999949
 20
-68.9680070000000001
 30
0
 11
98.851112999999998
 21
-68.9615709999999922
 31
0
  0
LINE
  5
ACD
330
22
100
AcDbEntity
  8
B.Cu
  6
CONTINUOUS
100
AcDbLine
 10
98.851112999999998
 20
-68.9615709999999922
 30
0
 11
98.6075129999999973
 21
-68.9294999999999902
 31
0
  0
LINE
  5
ACE
330
22
100
AcDbEntity
  8
B.Cu
  6
CONTINUOUS
100
AcDbLine
 10
98.6075129999999973
 20
-68.9294999999999902
 30
0
 11
98.6075060000000008
 21
-68.9294999999999902
 31
0
  0
LINE
  5
ACF
330
22
100
AcDbEntity
  8
B.Cu
  6
CONTINUOUS
100
AcDbLine
 10
98.6075060000000008
 20
-68.9294999999999902
 30
0
 11
98.3124940000000009
 21
-68.9294999999999902
 31
0
  0
LINE
  5
AD0
330
22
100
AcDbEntity
  8
B.Cu
  6
CONTINUOUS
100
AcDbLine
 10
98.3124940000000009
 20
-68.9294999999999902
 30
0
 11
98.3124859999999927
 21
-68.9294999999999902
 31
0
  0
LINE
  5
AD1
330
22
100
AcDbEntity
  8
B.Cu
  6
CONTINUOUS
100
AcDbLine
 10
98.3124859999999927
 20
-68.9294999999999902
 30
0
 11
98.0340849999999904
 21
-68.9661529999999914
 31
0
  0
LINE
  5
AD2
330
22
100
AcDbEntity
  8
B.Cu
  6
CONTINUOUS
100
AcDbLine
 10
98.0340849999999904
 20
-68.9661529999999914
 30
0
 11
98.0200069999999926
 21
-68.9680070000000001
 31
0
  0
LINE
  5
AD3
330
22
100
AcDbEntity
  8
B.Cu
  6
CONTINUOUS
100
AcDbLine
 10
98.0200069999999926
 20
-68.9680070000000001
 30
0
 11
97.8454279999999983
 21
-69.0147850000000034
 31
0
  0
LINE
  5
AD4
330
22
100
AcDbEntity
  8
B.Cu
  6
CONTINUOUS
100
AcDbLine
 10
97.8454279999999983
 20
-69.0147850000000034
 30
0
 11
97.7350479999999919
 21
-69.044360999999995
 31
0
  0
LINE
  5
AD5
330
22
100
AcDbEntity
  8
B.Cu
  6
CONTINUOUS
100
AcDbLine
 10
97.7350479999999919
 20
-69.044360999999995
 30
0
 11
97.7350379999999888
 21
-69.0443640000000016
 31
0
  0
LINE
  5
AD6
330
22
100
AcDbEntity
  8
B.Cu
  6
CONTINUOUS
100
AcDbLine
 10
97.7350379999999888
 20
-69.0443640000000016
 30
0
 11
97.462498999999994
 21
-69.1572539999999947
 31
0
  0
LINE
  5
AD7
330
22
100
AcDbEntity
  8
B.Cu
  6
CONTINUOUS
100
AcDbLine
 10
97.462498999999994
 20
-69.1572539999999947
 30
0
 11
97.4624889999999908
 21
-69.1572579999999988
 31
0
  0
LINE
  5
AD8
330
22
100
AcDbEntity
  8
B.Cu
  6
CONTINUOUS
100
AcDbLine
 10
97.4624889999999908
 20
-69.1572579999999988
 30
0
 11
97.2070059999999927
 21
-69.3047609999999992
 31
0
  0
LINE
  5
AD9
330
22
100
AcDbEntity
  8
B.Cu
  6
CONTINUOUS
100
AcDbLine
 10
97.2070059999999927
 20
-69.3047609999999992
 30
0
 11
96.9729589999999888
 21
-69.4843520000000012
 31
0
  0
LINE
  5
ADA
330
22
100
AcDbEntity
  8
B.Cu
  6
CONTINUOUS
100
AcDbLine
 10
96.9729589999999888
 20
-69.4843520000000012
 30
0
 11
96.9729519999999923
 21
-69.4843580000000003
 31
0
  0
LINE
  5
ADB
330
22
100
AcDbEntity
  8
B.Cu
  6
CONTINUOUS
100
AcDbLine
 10
96.9729519999999923
 20
-69.4843580000000003
 30
0
 11
96.7643580000000014
 21
-69.6929519999999911
 31
0
  0
LINE
  5
ADC
330
22
100
AcDbEntity
  8
B.Cu
  6
CONTINUOUS
100
AcDbLine
 10
96.7643580000000014
 20
-69.6929519999999911
 30
0
 11
96.7643520000000024
 21
-69.6929590000000019
 31
0
  0
LINE
  5
ADD
330
22
100
AcDbEntity
  8
B.Cu
  6
CONTINUOUS
100
AcDbLine
 10
96.7643520000000024
 20
-69.6929590000000019
 30
0
 11
96.5847610000000003
 21
-69.9270059999999916
 31
0
  0
LINE
  5
ADE
330
22
100
AcDbEntity
  8
B.Cu
  6
CONTINUOUS
100
AcDbLine
 10
96.5847610000000003
 20
-69.9270059999999916
 30
0
 11
96.4372579999999999
 21
-70.1824890000000039
 31
0
  0
LINE
  5
ADF
330
22
100
AcDbEntity
  8
B.Cu
  6
CONTINUOUS
100
AcDbLine
 10
96.4372579999999999
 20
-70.1824890000000039
 30
0
 11
96.4372539999999958
 21
-70.1824989999999929
 31
0
  0
LINE
  5
AE0
330
22
100
AcDbEntity
  8
B.Cu
  6
CONTINUOUS
100
AcDbLine
 10
96.4372539999999958
 20
-70.1824989999999929
 30
0
 11
96.3243639999999886
 21
-70.4550380000000018
 31
0
  0
LINE
  5
AE1
330
22
100
AcDbEntity
  8
B.Cu
  6
CONTINUOUS
100
AcDbLine
 10
96.3243639999999886
 20
-70.4550380000000018
 30
0
 11
96.3243609999999961
 21
-70.4550479999999908
 31
0
  0
LINE
  5
AE2
330
22
100
AcDbEntity
  8
B.Cu
  6
CONTINUOUS
100
AcDbLine
 10
96.3243609999999961
 20
-70.4550479999999908
 30
0
 11
96.2566319999999962
 21
-70.7078199999999981
 31
0
  0
LINE
  5
AE3
330
22
100
AcDbEntity
  8
B.Cu
  6
CONTINUOUS
100
AcDbLine
 10
96.2566319999999962
 20
-70.7078199999999981
 30
0
 11
96.2480079999999987
 21
-70.740003999999999
 31
0
  0
LINE
  5
AE4
330
22
100
AcDbEntity
  8
B.Cu
  6
CONTINUOUS
100
AcDbLine
 10
96.2480079999999987
 20
-70.740003999999999
 30
0
 11
96.2480059999999895
 21
-70.7400149999999996
 31
0
  0
LINE
  5
AE5
330
22
100
AcDbEntity
  8
B.Cu
  6
CONTINUOUS
100
AcDbLine
 10
96.2480059999999895
 20
-70.7400149999999996
 30
0
 11
96.2094999999999914
 21
-71.0324859999999916
 31
0
  0
LINE
  5
AE6
330
22
100
AcDbEntity
  8
B.Cu
  6
CONTINUOUS
100
AcDbLine
 10
96.2094999999999914
 20
-71.0324859999999916
 30
0
 11
96.2094999999999914
 21
-71.3275129999999962
 31
0
  0
LINE
  5
AE7
330
22
100
AcDbEntity
  8
B.Cu
  6
CONTINUOUS
100
AcDbLine
 10
110.4354999999999905
 20
-53.4939609999999988
 30
0
 11
110.4749099999999942
 21
-53.7427849999999978
 31
0
  0
LINE
  5
AE8
330
22
100
AcDbEntity
  8
B.Cu
  6
CONTINUOUS
100
AcDbLine
 10
110.4749099999999942
 20
-53.7427849999999978
 30
0
 11
110.5527599999999921
 21
-53.9823829999999987
 31
0
  0
LINE
  5
AE9
330
22
100
AcDbEntity
  8
B.Cu
  6
CONTINUOUS
100
AcDbLine
 10
110.5527599999999921
 20
-53.9823829999999987
 30
0
 11
110.6314129999999949
 21
-54.1367469999999997
 31
0
  0
LINE
  5
AEA
330
22
100
AcDbEntity
  8
B.Cu
  6
CONTINUOUS
100
AcDbLine
 10
110.6314129999999949
 20
-54.1367469999999997
 30
0
 11
110.6479769999999974
 21
-54.1692559999999972
 31
0
  0
LINE
  5
AEB
330
22
100
AcDbEntity
  8
B.Cu
  6
CONTINUOUS
100
AcDbLine
 10
110.6479769999999974
 20
-54.1692559999999972
 30
0
 11
110.6671319999999952
 21
-54.2068480000000008
 31
0
  0
LINE
  5
AEC
330
22
100
AcDbEntity
  8
B.Cu
  6
CONTINUOUS
100
AcDbLine
 10
110.6671319999999952
 20
-54.2068480000000008
 30
0
 11
110.8152010000000018
 21
-54.4106489999999994
 31
0
  0
LINE
  5
AED
330
22
100
AcDbEntity
  8
B.Cu
  6
CONTINUOUS
100
AcDbLine
 10
110.8152010000000018
 20
-54.4106489999999994
 30
0
 11
110.8152049999999917
 21
-54.410654000000001
 31
0
  0
LINE
  5
AEE
330
22
100
AcDbEntity
  8
B.Cu
  6
CONTINUOUS
100
AcDbLine
 10
110.8152049999999917
 20
-54.410654000000001
 30
0
 11
110.9933449999999908
 21
-54.588794
 31
0
  0
LINE
  5
AEF
330
22
100
AcDbEntity
  8
B.Cu
  6
CONTINUOUS
100
AcDbLine
 10
110.9933449999999908
 20
-54.588794
 30
0
 11
110.9933499999999924
 21
-54.588797999999997
 31
0
  0
LINE
  5
AF0
330
22
100
AcDbEntity
  8
B.Cu
  6
CONTINUOUS
100
AcDbLine
 10
110.9933499999999924
 20
-54.588797999999997
 30
0
 11
111.1711169999999953
 21
-54.7179519999999968
 31
0
  0
LINE
  5
AF1
330
22
100
AcDbEntity
  8
B.Cu
  6
CONTINUOUS
100
AcDbLine
 10
111.1711169999999953
 20
-54.7179519999999968
 30
0
 11
111.1971549999999951
 21
-54.7368699999999961
 31
0
  0
LINE
  5
AF2
330
22
100
AcDbEntity
  8
B.Cu
  6
CONTINUOUS
100
AcDbLine
 10
111.1971549999999951
 20
-54.7368699999999961
 30
0
 11
111.3401839999999936
 21
-54.8097469999999944
 31
0
  0
LINE
  5
AF3
330
22
100
AcDbEntity
  8
B.Cu
  6
CONTINUOUS
100
AcDbLine
 10
111.3401839999999936
 20
-54.8097469999999944
 30
0
 11
111.4216160000000002
 21
-54.8512389999999996
 31
0
  0
LINE
  5
AF4
330
22
100
AcDbEntity
  8
B.Cu
  6
CONTINUOUS
100
AcDbLine
 10
111.4216160000000002
 20
-54.8512389999999996
 30
0
 11
111.4216179999999952
 21
-54.8512389999999996
 31
0
  0
LINE
  5
AF5
330
22
100
AcDbEntity
  8
B.Cu
  6
CONTINUOUS
100
AcDbLine
 10
111.4216179999999952
 20
-54.8512389999999996
 30
0
 11
111.4216210000000018
 21
-54.8512409999999946
 31
0
  0
LINE
  5
AF6
330
22
100
AcDbEntity
  8
B.Cu
  6
CONTINUOUS
100
AcDbLine
 10
111.4216210000000018
 20
-54.8512409999999946
 30
0
 11
111.6612149999999986
 21
-54.9290899999999951
 31
0
  0
LINE
  5
AF7
330
22
100
AcDbEntity
  8
B.Cu
  6
CONTINUOUS
100
AcDbLine
 10
111.6612149999999986
 20
-54.9290899999999951
 30
0
 11
111.9100380000000001
 21
-54.9684999999999988
 31
0
  0
LINE
  5
AF8
330
22
100
AcDbEntity
  8
B.Cu
  6
CONTINUOUS
100
AcDbLine
 10
111.9100380000000001
 20
-54.9684999999999988
 30
0
 11
111.9100389999999976
 21
-54.9684999999999988
 31
0
  0
LINE
  5
AF9
330
22
100
AcDbEntity
  8
B.Cu
  6
CONTINUOUS
100
AcDbLine
 10
111.9100389999999976
 20
-54.9684999999999988
 30
0
 11
112.1619609999999909
 21
-54.9684999999999988
 31
0
  0
LINE
  5
AFA
330
22
100
AcDbEntity
  8
B.Cu
  6
CONTINUOUS
100
AcDbLine
 10
112.1619609999999909
 20
-54.9684999999999988
 30
0
 11
112.1619619999999884
 21
-54.9684999999999988
 31
0
  0
LINE
  5
AFB
330
22
100
AcDbEntity
  8
B.Cu
  6
CONTINUOUS
100
AcDbLine
 10
112.1619619999999884
 20
-54.9684999999999988
 30
0
 11
112.41078499999999
 21
-54.9290899999999951
 31
0
  0
LINE
  5
AFC
330
22
100
AcDbEntity
  8
B.Cu
  6
CONTINUOUS
100
AcDbLine
 10
112.41078499999999
 20
-54.9290899999999951
 30
0
 11
112.6503790000000009
 21
-54.8512409999999946
 31
0
  0
LINE
  5
AFD
330
22
100
AcDbEntity
  8
B.Cu
  6
CONTINUOUS
100
AcDbLine
 10
112.6503790000000009
 20
-54.8512409999999946
 30
0
 11
112.8748449999999934
 21
-54.7368699999999961
 31
0
  0
LINE
  5
AFE
330
22
100
AcDbEntity
  8
B.Cu
  6
CONTINUOUS
100
AcDbLine
 10
112.8748449999999934
 20
-54.7368699999999961
 30
0
 11
113.0786559999999952
 21
-54.5887929999999955
 31
0
  0
LINE
  5
AFF
330
22
100
AcDbEntity
  8
B.Cu
  6
CONTINUOUS
100
AcDbLine
 10
113.0786559999999952
 20
-54.5887929999999955
 30
0
 11
113.2567930000000018
 21
-54.4106559999999959
 31
0
  0
LINE
  5
B00
330
22
100
AcDbEntity
  8
B.Cu
  6
CONTINUOUS
100
AcDbLine
 10
113.2567930000000018
 20
-54.4106559999999959
 30
0
 11
113.4048699999999883
 21
-54.2068449999999942
 31
0
  0
LINE
  5
B01
330
22
100
AcDbEntity
  8
B.Cu
  6
CONTINUOUS
100
AcDbLine
 10
113.4048699999999883
 20
-54.2068449999999942
 30
0
 11
113.5192409999999938
 21
-53.9823789999999946
 31
0
  0
LINE
  5
B02
330
22
100
AcDbEntity
  8
B.Cu
  6
CONTINUOUS
100
AcDbLine
 10
113.5192409999999938
 20
-53.9823789999999946
 30
0
 11
113.5970899999999943
 21
-53.7427849999999978
 31
0
  0
LINE
  5
B03
330
22
100
AcDbEntity
  8
B.Cu
  6
CONTINUOUS
100
AcDbLine
 10
113.5970899999999943
 20
-53.7427849999999978
 30
0
 11
113.6364999999999981
 21
-53.4939619999999962
 31
0
  0
LINE
  5
B04
330
22
100
AcDbEntity
  8
B.Cu
  6
CONTINUOUS
100
AcDbLine
 10
113.6364999999999981
 20
-53.4939619999999962
 30
0
 11
113.6364999999999981
 21
-53.2420380000000009
 31
0
  0
LINE
  5
B05
330
22
100
AcDbEntity
  8
B.Cu
  6
CONTINUOUS
100
AcDbLine
 10
113.6364999999999981
 20
-53.2420380000000009
 30
0
 11
113.5970899999999943
 21
-52.9932149999999993
 31
0
  0
LINE
  5
B06
330
22
100
AcDbEntity
  8
B.Cu
  6
CONTINUOUS
100
AcDbLine
 10
113.5970899999999943
 20
-52.9932149999999993
 30
0
 11
113.5192409999999938
 21
-52.7536209999999954
 31
0
  0
LINE
  5
B07
330
22
100
AcDbEntity
  8
B.Cu
  6
CONTINUOUS
100
AcDbLine
 10
113.5192409999999938
 20
-52.7536209999999954
 30
0
 11
113.5192389999999989
 21
-52.7536179999999959
 31
0
  0
LINE
  5
B08
330
22
100
AcDbEntity
  8
B.Cu
  6
CONTINUOUS
100
AcDbLine
 10
113.5192389999999989
 20
-52.7536179999999959
 30
0
 11
113.5192389999999989
 21
-52.753616000000001
 31
0
  0
LINE
  5
B09
330
22
100
AcDbEntity
  8
B.Cu
  6
CONTINUOUS
100
AcDbLine
 10
113.5192389999999989
 20
-52.753616000000001
 30
0
 11
113.4777469999999937
 21
-52.6721839999999943
 31
0
  0
LINE
  5
B0A
330
22
100
AcDbEntity
  8
B.Cu
  6
CONTINUOUS
100
AcDbLine
 10
113.4777469999999937
 20
-52.6721839999999943
 30
0
 11
113.4048699999999883
 21
-52.5291549999999958
 31
0
  0
LINE
  5
B0B
330
22
100
AcDbEntity
  8
B.Cu
  6
CONTINUOUS
100
AcDbLine
 10
113.4048699999999883
 20
-52.5291549999999958
 30
0
 11
113.3020949999999942
 21
-52.3876969999999957
 31
0
  0
LINE
  5
B0C
330
22
100
AcDbEntity
  8
B.Cu
  6
CONTINUOUS
100
AcDbLine
 10
113.3020949999999942
 20
-52.3876969999999957
 30
0
 11
113.2567979999999892
 21
-52.3253500000000003
 31
0
  0
LINE
  5
B0D
330
22
100
AcDbEntity
  8
B.Cu
  6
CONTINUOUS
100
AcDbLine
 10
113.2567979999999892
 20
-52.3253500000000003
 30
0
 11
113.2567939999999993
 21
-52.3253449999999987
 31
0
  0
LINE
  5
B0E
330
22
100
AcDbEntity
  8
B.Cu
  6
CONTINUOUS
100
AcDbLine
 10
113.2567939999999993
 20
-52.3253449999999987
 30
0
 11
113.0786540000000002
 21
-52.1472049999999996
 31
0
  0
LINE
  5
B0F
330
22
100
AcDbEntity
  8
B.Cu
  6
CONTINUOUS
100
AcDbLine
 10
113.0786540000000002
 20
-52.1472049999999996
 30
0
 11
113.0786489999999986
 21
-52.1472009999999955
 31
0
  0
LINE
  5
B10
330
22
100
AcDbEntity
  8
B.Cu
  6
CONTINUOUS
100
AcDbLine
 10
113.0786489999999986
 20
-52.1472009999999955
 30
0
 11
112.8748480000000001
 21
-51.9991319999999959
 31
0
  0
LINE
  5
B11
330
22
100
AcDbEntity
  8
B.Cu
  6
CONTINUOUS
100
AcDbLine
 10
112.8748480000000001
 20
-51.9991319999999959
 30
0
 11
112.8748469999999884
 21
-51.9991309999999984
 31
0
  0
LINE
  5
B12
330
22
100
AcDbEntity
  8
B.Cu
  6
CONTINUOUS
100
AcDbLine
 10
112.8748469999999884
 20
-51.9991309999999984
 30
0
 11
112.8748449999999934
 21
-51.999130000000001
 31
0
  0
LINE
  5
B13
330
22
100
AcDbEntity
  8
B.Cu
  6
CONTINUOUS
100
AcDbLine
 10
112.8748449999999934
 20
-51.999130000000001
 30
0
 11
112.8047469999999919
 21
-51.9634129999999956
 31
0
  0
LINE
  5
B14
330
22
100
AcDbEntity
  8
B.Cu
  6
CONTINUOUS
100
AcDbLine
 10
112.8047469999999919
 20
-51.9634129999999956
 30
0
 11
112.6503829999999908
 21
-51.88476
 31
0
  0
LINE
  5
B15
330
22
100
AcDbEntity
  8
B.Cu
  6
CONTINUOUS
100
AcDbLine
 10
112.6503829999999908
 20
-51.88476
 30
0
 11
112.41078499999999
 21
-51.8069099999999949
 31
0
  0
LINE
  5
B16
330
22
100
AcDbEntity
  8
B.Cu
  6
CONTINUOUS
100
AcDbLine
 10
112.41078499999999
 20
-51.8069099999999949
 30
0
 11
112.1619619999999884
 21
-51.7674999999999983
 31
0
  0
LINE
  5
B17
330
22
100
AcDbEntity
  8
B.Cu
  6
CONTINUOUS
100
AcDbLine
 10
112.1619619999999884
 20
-51.7674999999999983
 30
0
 11
111.9100380000000001
 21
-51.7674999999999983
 31
0
  0
LINE
  5
B18
330
22
100
AcDbEntity
  8
B.Cu
  6
CONTINUOUS
100
AcDbLine
 10
111.9100380000000001
 20
-51.7674999999999983
 30
0
 11
111.7856259999999935
 21
-51.7872050000000002
 31
0
  0
LINE
  5
B19
330
22
100
AcDbEntity
  8
B.Cu
  6
CONTINUOUS
100
AcDbLine
 10
111.7856259999999935
 20
-51.7872050000000002
 30
0
 11
111.6612140000000011
 21
-51.8069099999999949
 31
0
  0
LINE
  5
B1A
330
22
100
AcDbEntity
  8
B.Cu
  6
CONTINUOUS
100
AcDbLine
 10
111.6612140000000011
 20
-51.8069099999999949
 30
0
 11
111.4216160000000002
 21
-51.88476
 31
0
  0
LINE
  5
B1B
330
22
100
AcDbEntity
  8
B.Cu
  6
CONTINUOUS
100
AcDbLine
 10
111.4216160000000002
 20
-51.88476
 30
0
 11
111.197150999999991
 21
-51.9991319999999959
 31
0
  0
LINE
  5
B1C
330
22
100
AcDbEntity
  8
B.Cu
  6
CONTINUOUS
100
AcDbLine
 10
111.197150999999991
 20
-51.9991319999999959
 30
0
 11
110.9933499999999924
 21
-52.1472009999999955
 31
0
  0
LINE
  5
B1D
330
22
100
AcDbEntity
  8
B.Cu
  6
CONTINUOUS
100
AcDbLine
 10
110.9933499999999924
 20
-52.1472009999999955
 30
0
 11
110.9933449999999908
 21
-52.1472049999999996
 31
0
  0
LINE
  5
B1E
330
22
100
AcDbEntity
  8
B.Cu
  6
CONTINUOUS
100
AcDbLine
 10
110.9933449999999908
 20
-52.1472049999999996
 30
0
 11
110.8152049999999917
 21
-52.3253449999999987
 31
0
  0
LINE
  5
B1F
330
22
100
AcDbEntity
  8
B.Cu
  6
CONTINUOUS
100
AcDbLine
 10
110.8152049999999917
 20
-52.3253449999999987
 30
0
 11
110.8152010000000018
 21
-52.3253500000000003
 31
0
  0
LINE
  5
B20
330
22
100
AcDbEntity
  8
B.Cu
  6
CONTINUOUS
100
AcDbLine
 10
110.8152010000000018
 20
-52.3253500000000003
 30
0
 11
110.6671319999999952
 21
-52.5291509999999988
 31
0
  0
LINE
  5
B21
330
22
100
AcDbEntity
  8
B.Cu
  6
CONTINUOUS
100
AcDbLine
 10
110.6671319999999952
 20
-52.5291509999999988
 30
0
 11
110.5527599999999921
 21
-52.753616000000001
 31
0
  0
LINE
  5
B22
330
22
100
AcDbEntity
  8
B.Cu
  6
CONTINUOUS
100
AcDbLine
 10
110.5527599999999921
 20
-52.753616000000001
 30
0
 11
110.4749099999999942
 21
-52.9932139999999947
 31
0
  0
LINE
  5
B23
330
22
100
AcDbEntity
  8
B.Cu
  6
CONTINUOUS
100
AcDbLine
 10
110.4749099999999942
 20
-52.9932139999999947
 30
0
 11
110.4354999999999905
 21
-53.2420380000000009
 31
0
  0
LINE
  5
B24
330
22
100
AcDbEntity
  8
B.Cu
  6
CONTINUOUS
100
AcDbLine
 10
110.4354999999999905
 20
-53.2420380000000009
 30
0
 11
110.4354999999999905
 21
-53.4939609999999988
 31
0
  0
LINE
  5
B25
330
22
100
AcDbEntity
  8
B.Cu
  6
CONTINUOUS
100
AcDbLine
 10
102.4394999999999953
 20
-52.2166099999999958
 30
0
 11
102.4567219999999992
 21
-52.3253500000000003
 31
0
  0
LINE
  5
B26
330
22
100
AcDbEntity
  8
B.Cu
  6
CONTINUOUS
100
AcDbLine
 10
102.4567219999999992
 20
-52.3253500000000003
 30
0
 11
102.4665979999999905
 21
-52.3877009999999999
 31
0
  0
LINE
  5
B27
330
22
100
AcDbEntity
  8
B.Cu
  6
CONTINUOUS
100
AcDbLine
 10
102.4665979999999905
 20
-52.3877009999999999
 30
0
 11
102.5201270000000022
 21
-52.5524449999999987
 31
0
  0
LINE
  5
B28
330
22
100
AcDbEntity
  8
B.Cu
  6
CONTINUOUS
100
AcDbLine
 10
102.5201270000000022
 20
-52.5524449999999987
 30
0
 11
102.5987679999999926
 21
-52.706787999999996
 31
0
  0
LINE
  5
B29
330
22
100
AcDbEntity
  8
B.Cu
  6
CONTINUOUS
100
AcDbLine
 10
102.5987679999999926
 20
-52.706787999999996
 30
0
 11
102.7005860000000013
 21
-52.8469279999999983
 31
0
  0
LINE
  5
B2A
330
22
100
AcDbEntity
  8
B.Cu
  6
CONTINUOUS
100
AcDbLine
 10
102.7005860000000013
 20
-52.8469279999999983
 30
0
 11
102.8230719999999963
 21
-52.9694140000000004
 31
0
  0
LINE
  5
B2B
330
22
100
AcDbEntity
  8
B.Cu
  6
CONTINUOUS
100
AcDbLine
 10
102.8230719999999963
 20
-52.9694140000000004
 30
0
 11
102.9632119999999986
 21
-53.0712319999999949
 31
0
  0
LINE
  5
B2C
330
22
100
AcDbEntity
  8
B.Cu
  6
CONTINUOUS
100
AcDbLine
 10
102.9632119999999986
 20
-53.0712319999999949
 30
0
 11
103.1175549999999959
 21
-53.1498729999999995
 31
0
  0
LINE
  5
B2D
330
22
100
AcDbEntity
  8
B.Cu
  6
CONTINUOUS
100
AcDbLine
 10
103.1175549999999959
 20
-53.1498729999999995
 30
0
 11
103.2822989999999947
 21
-53.203401999999997
 31
0
  0
LINE
  5
B2E
330
22
100
AcDbEntity
  8
B.Cu
  6
CONTINUOUS
100
AcDbLine
 10
103.2822989999999947
 20
-53.203401999999997
 30
0
 11
103.4533890000000014
 21
-53.2304999999999993
 31
0
  0
LINE
  5
B2F
330
22
100
AcDbEntity
  8
B.Cu
  6
CONTINUOUS
100
AcDbLine
 10
103.4533890000000014
 20
-53.2304999999999993
 30
0
 11
103.4533899999999988
 21
-53.2304999999999993
 31
0
  0
LINE
  5
B30
330
22
100
AcDbEntity
  8
B.Cu
  6
CONTINUOUS
100
AcDbLine
 10
103.4533899999999988
 20
-53.2304999999999993
 30
0
 11
103.6266099999999994
 21
-53.2304999999999993
 31
0
  0
LINE
  5
B31
330
22
100
AcDbEntity
  8
B.Cu
  6
CONTINUOUS
100
AcDbLine
 10
103.6266099999999994
 20
-53.2304999999999993
 30
0
 11
103.6266109999999969
 21
-53.2304999999999993
 31
0
  0
LINE
  5
B32
330
22
100
AcDbEntity
  8
B.Cu
  6
CONTINUOUS
100
AcDbLine
 10
103.6266109999999969
 20
-53.2304999999999993
 30
0
 11
103.7977009999999893
 21
-53.203401999999997
 31
0
  0
LINE
  5
B33
330
22
100
AcDbEntity
  8
B.Cu
  6
CONTINUOUS
100
AcDbLine
 10
103.7977009999999893
 20
-53.203401999999997
 30
0
 11
103.9624449999999882
 21
-53.1498729999999995
 31
0
  0
LINE
  5
B34
330
22
100
AcDbEntity
  8
B.Cu
  6
CONTINUOUS
100
AcDbLine
 10
103.9624449999999882
 20
-53.1498729999999995
 30
0
 11
104.1167879999999997
 21
-53.0712319999999949
 31
0
  0
LINE
  5
B35
330
22
100
AcDbEntity
  8
B.Cu
  6
CONTINUOUS
100
AcDbLine
 10
104.1167879999999997
 20
-53.0712319999999949
 30
0
 11
104.256928000000002
 21
-52.9694140000000004
 31
0
  0
LINE
  5
B36
330
22
100
AcDbEntity
  8
B.Cu
  6
CONTINUOUS
100
AcDbLine
 10
104.256928000000002
 20
-52.9694140000000004
 30
0
 11
104.379413999999997
 21
-52.8469279999999983
 31
0
  0
LINE
  5
B37
330
22
100
AcDbEntity
  8
B.Cu
  6
CONTINUOUS
100
AcDbLine
 10
104.379413999999997
 20
-52.8469279999999983
 30
0
 11
104.4812319999999914
 21
-52.706787999999996
 31
0
  0
LINE
  5
B38
330
22
100
AcDbEntity
  8
B.Cu
  6
CONTINUOUS
100
AcDbLine
 10
104.4812319999999914
 20
-52.706787999999996
 30
0
 11
104.5598729999999961
 21
-52.5524449999999987
 31
0
  0
LINE
  5
B39
330
22
100
AcDbEntity
  8
B.Cu
  6
CONTINUOUS
100
AcDbLine
 10
104.5598729999999961
 20
-52.5524449999999987
 30
0
 11
104.6134019999999936
 21
-52.3877009999999999
 31
0
  0
LINE
  5
B3A
330
22
100
AcDbEntity
  8
B.Cu
  6
CONTINUOUS
100
AcDbLine
 10
104.6134019999999936
 20
-52.3877009999999999
 30
0
 11
104.6404999999999887
 21
-52.2166110000000003
 31
0
  0
LINE
  5
B3B
330
22
100
AcDbEntity
  8
B.Cu
  6
CONTINUOUS
100
AcDbLine
 10
104.6404999999999887
 20
-52.2166110000000003
 30
0
 11
104.6404999999999887
 21
-52.0433889999999977
 31
0
  0
LINE
  5
B3C
330
22
100
AcDbEntity
  8
B.Cu
  6
CONTINUOUS
100
AcDbLine
 10
104.6404999999999887
 20
-52.0433889999999977
 30
0
 11
104.6134019999999936
 21
-51.8722989999999982
 31
0
  0
LINE
  5
B3D
330
22
100
AcDbEntity
  8
B.Cu
  6
CONTINUOUS
100
AcDbLine
 10
104.6134019999999936
 20
-51.8722989999999982
 30
0
 11
104.5598729999999961
 21
-51.7075549999999993
 31
0
  0
LINE
  5
B3E
330
22
100
AcDbEntity
  8
B.Cu
  6
CONTINUOUS
100
AcDbLine
 10
104.5598729999999961
 20
-51.7075549999999993
 30
0
 11
104.4812319999999914
 21
-51.5532119999999949
 31
0
  0
LINE
  5
B3F
330
22
100
AcDbEntity
  8
B.Cu
  6
CONTINUOUS
100
AcDbLine
 10
104.4812319999999914
 20
-51.5532119999999949
 30
0
 11
104.379413999999997
 21
-51.4130719999999997
 31
0
  0
LINE
  5
B40
330
22
100
AcDbEntity
  8
B.Cu
  6
CONTINUOUS
100
AcDbLine
 10
104.379413999999997
 20
-51.4130719999999997
 30
0
 11
104.256928000000002
 21
-51.2905859999999976
 31
0
  0
LINE
  5
B41
330
22
100
AcDbEntity
  8
B.Cu
  6
CONTINUOUS
100
AcDbLine
 10
104.256928000000002
 20
-51.2905859999999976
 30
0
 11
104.1167879999999997
 21
-51.1887679999999961
 31
0
  0
LINE
  5
B42
330
22
100
AcDbEntity
  8
B.Cu
  6
CONTINUOUS
100
AcDbLine
 10
104.1167879999999997
 20
-51.1887679999999961
 30
0
 11
103.9624449999999882
 21
-51.1101269999999985
 31
0
  0
LINE
  5
B43
330
22
100
AcDbEntity
  8
B.Cu
  6
CONTINUOUS
100
AcDbLine
 10
103.9624449999999882
 20
-51.1101269999999985
 30
0
 11
103.7977009999999893
 21
-51.056598000000001
 31
0
  0
LINE
  5
B44
330
22
100
AcDbEntity
  8
B.Cu
  6
CONTINUOUS
100
AcDbLine
 10
103.7977009999999893
 20
-51.056598000000001
 30
0
 11
103.7976989999999944
 21
-51.0565969999999965
 31
0
  0
LINE
  5
B45
330
22
100
AcDbEntity
  8
B.Cu
  6
CONTINUOUS
100
AcDbLine
 10
103.7976989999999944
 20
-51.0565969999999965
 30
0
 11
103.7976979999999969
 21
-51.0565969999999965
 31
0
  0
LINE
  5
B46
330
22
100
AcDbEntity
  8
B.Cu
  6
CONTINUOUS
100
AcDbLine
 10
103.7976979999999969
 20
-51.0565969999999965
 30
0
 11
103.6662709999999947
 21
-51.0357810000000001
 31
0
  0
LINE
  5
B47
330
22
100
AcDbEntity
  8
B.Cu
  6
CONTINUOUS
100
AcDbLine
 10
103.6662709999999947
 20
-51.0357810000000001
 30
0
 11
103.6266109999999969
 21
-51.0294999999999987
 31
0
  0
LINE
  5
B48
330
22
100
AcDbEntity
  8
B.Cu
  6
CONTINUOUS
100
AcDbLine
 10
103.6266109999999969
 20
-51.0294999999999987
 30
0
 11
103.4533890000000014
 21
-51.0294999999999987
 31
0
  0
LINE
  5
B49
330
22
100
AcDbEntity
  8
B.Cu
  6
CONTINUOUS
100
AcDbLine
 10
103.4533890000000014
 20
-51.0294999999999987
 30
0
 11
103.4137279999999919
 21
-51.0357810000000001
 31
0
  0
LINE
  5
B4A
330
22
100
AcDbEntity
  8
B.Cu
  6
CONTINUOUS
100
AcDbLine
 10
103.4137279999999919
 20
-51.0357810000000001
 30
0
 11
103.2823020000000014
 21
-51.0565969999999965
 31
0
  0
LINE
  5
B4B
330
22
100
AcDbEntity
  8
B.Cu
  6
CONTINUOUS
100
AcDbLine
 10
103.2823020000000014
 20
-51.0565969999999965
 30
0
 11
103.1175519999999892
 21
-51.110127999999996
 31
0
  0
LINE
  5
B4C
330
22
100
AcDbEntity
  8
B.Cu
  6
CONTINUOUS
100
AcDbLine
 10
103.1175519999999892
 20
-51.110127999999996
 30
0
 11
102.9632110000000011
 21
-51.1887679999999961
 31
0
  0
LINE
  5
B4D
330
22
100
AcDbEntity
  8
B.Cu
  6
CONTINUOUS
100
AcDbLine
 10
102.9632110000000011
 20
-51.1887679999999961
 30
0
 11
102.906289000000001
 21
-51.230125000000001
 31
0
  0
LINE
  5
B4E
330
22
100
AcDbEntity
  8
B.Cu
  6
CONTINUOUS
100
AcDbLine
 10
102.906289000000001
 20
-51.230125000000001
 30
0
 11
102.8230719999999963
 21
-51.2905859999999976
 31
0
  0
LINE
  5
B4F
330
22
100
AcDbEntity
  8
B.Cu
  6
CONTINUOUS
100
AcDbLine
 10
102.8230719999999963
 20
-51.2905859999999976
 30
0
 11
102.8230700000000013
 21
-51.2905879999999996
 31
0
  0
LINE
  5
B50
330
22
100
AcDbEntity
  8
B.Cu
  6
CONTINUOUS
100
AcDbLine
 10
102.8230700000000013
 20
-51.2905879999999996
 30
0
 11
102.8230689999999896
 21
-51.2905879999999996
 31
0
  0
LINE
  5
B51
330
22
100
AcDbEntity
  8
B.Cu
  6
CONTINUOUS
100
AcDbLine
 10
102.8230689999999896
 20
-51.2905879999999996
 30
0
 11
102.7005879999999962
 21
-51.4130690000000001
 31
0
  0
LINE
  5
B52
330
22
100
AcDbEntity
  8
B.Cu
  6
CONTINUOUS
100
AcDbLine
 10
102.7005879999999962
 20
-51.4130690000000001
 30
0
 11
102.7005879999999962
 21
-51.4130699999999976
 31
0
  0
LINE
  5
B53
330
22
100
AcDbEntity
  8
B.Cu
  6
CONTINUOUS
100
AcDbLine
 10
102.7005879999999962
 20
-51.4130699999999976
 30
0
 11
102.7005860000000013
 21
-51.4130719999999997
 31
0
  0
LINE
  5
B54
330
22
100
AcDbEntity
  8
B.Cu
  6
CONTINUOUS
100
AcDbLine
 10
102.7005860000000013
 20
-51.4130719999999997
 30
0
 11
102.6568589999999972
 21
-51.4732559999999992
 31
0
  0
LINE
  5
B55
330
22
100
AcDbEntity
  8
B.Cu
  6
CONTINUOUS
100
AcDbLine
 10
102.6568589999999972
 20
-51.4732559999999992
 30
0
 11
102.5987679999999926
 21
-51.5532109999999975
 31
0
  0
LINE
  5
B56
330
22
100
AcDbEntity
  8
B.Cu
  6
CONTINUOUS
100
AcDbLine
 10
102.5987679999999926
 20
-51.5532109999999975
 30
0
 11
102.5201279999999997
 21
-51.7075519999999997
 31
0
  0
LINE
  5
B57
330
22
100
AcDbEntity
  8
B.Cu
  6
CONTINUOUS
100
AcDbLine
 10
102.5201279999999997
 20
-51.7075519999999997
 30
0
 11
102.466596999999993
 21
-51.8723019999999977
 31
0
  0
LINE
  5
B58
330
22
100
AcDbEntity
  8
B.Cu
  6
CONTINUOUS
100
AcDbLine
 10
102.466596999999993
 20
-51.8723019999999977
 30
0
 11
102.4394999999999953
 21
-52.0433889999999977
 31
0
  0
LINE
  5
B59
330
22
100
AcDbEntity
  8
B.Cu
  6
CONTINUOUS
100
AcDbLine
 10
102.4394999999999953
 20
-52.0433889999999977
 30
0
 11
102.4394999999999953
 21
-52.2166099999999958
 31
0
  0
LINE
  5
B5A
330
22
100
AcDbEntity
  8
B.Cu
  6
CONTINUOUS
100
AcDbLine
 10
96.2094999999999914
 20
-52.277512999999999
 30
0
 11
96.232365999999999
 21
-52.4511919999999989
 31
0
  0
LINE
  5
B5B
330
22
100
AcDbEntity
  8
B.Cu
  6
CONTINUOUS
100
AcDbLine
 10
96.232365999999999
 20
-52.4511919999999989
 30
0
 11
96.2480070000000012
 21
-52.5699929999999966
 31
0
  0
LINE
  5
B5C
330
22
100
AcDbEntity
  8
B.Cu
  6
CONTINUOUS
100
AcDbLine
 10
96.2480070000000012
 20
-52.5699929999999966
 30
0
 11
96.3222119999999933
 21
-52.8469300000000004
 31
0
  0
LINE
  5
B5D
330
22
100
AcDbEntity
  8
B.Cu
  6
CONTINUOUS
100
AcDbLine
 10
96.3222119999999933
 20
-52.8469300000000004
 30
0
 11
96.3243609999999961
 21
-52.8549509999999998
 31
0
  0
LINE
  5
B5E
330
22
100
AcDbEntity
  8
B.Cu
  6
CONTINUOUS
100
AcDbLine
 10
96.3243609999999961
 20
-52.8549509999999998
 30
0
 11
96.3243639999999886
 21
-52.8549609999999959
 31
0
  0
LINE
  5
B5F
330
22
100
AcDbEntity
  8
B.Cu
  6
CONTINUOUS
100
AcDbLine
 10
96.3243639999999886
 20
-52.8549609999999959
 30
0
 11
96.4372539999999958
 21
-53.1274999999999977
 31
0
  0
LINE
  5
B60
330
22
100
AcDbEntity
  8
B.Cu
  6
CONTINUOUS
100
AcDbLine
 10
96.4372539999999958
 20
-53.1274999999999977
 30
0
 11
96.4372579999999999
 21
-53.1275100000000009
 31
0
  0
LINE
  5
B61
330
22
100
AcDbEntity
  8
B.Cu
  6
CONTINUOUS
100
AcDbLine
 10
96.4372579999999999
 20
-53.1275100000000009
 30
0
 11
96.5847610000000003
 21
-53.382992999999999
 31
0
  0
LINE
  5
B62
330
22
100
AcDbEntity
  8
B.Cu
  6
CONTINUOUS
100
AcDbLine
 10
96.5847610000000003
 20
-53.382992999999999
 30
0
 11
96.7643520000000024
 21
-53.6170399999999958
 31
0
  0
LINE
  5
B63
330
22
100
AcDbEntity
  8
B.Cu
  6
CONTINUOUS
100
AcDbLine
 10
96.7643520000000024
 20
-53.6170399999999958
 30
0
 11
96.7643580000000014
 21
-53.6170469999999995
 31
0
  0
LINE
  5
B64
330
22
100
AcDbEntity
  8
B.Cu
  6
CONTINUOUS
100
AcDbLine
 10
96.7643580000000014
 20
-53.6170469999999995
 30
0
 11
96.9729519999999923
 21
-53.8256409999999974
 31
0
  0
LINE
  5
B65
330
22
100
AcDbEntity
  8
B.Cu
  6
CONTINUOUS
100
AcDbLine
 10
96.9729519999999923
 20
-53.8256409999999974
 30
0
 11
96.9729589999999888
 21
-53.8256469999999965
 31
0
  0
LINE
  5
B66
330
22
100
AcDbEntity
  8
B.Cu
  6
CONTINUOUS
100
AcDbLine
 10
96.9729589999999888
 20
-53.8256469999999965
 30
0
 11
97.2070059999999927
 21
-54.0052379999999985
 31
0
  0
LINE
  5
B67
330
22
100
AcDbEntity
  8
B.Cu
  6
CONTINUOUS
100
AcDbLine
 10
97.2070059999999927
 20
-54.0052379999999985
 30
0
 11
97.4624889999999908
 21
-54.1527409999999989
 31
0
  0
LINE
  5
B68
330
22
100
AcDbEntity
  8
B.Cu
  6
CONTINUOUS
100
AcDbLine
 10
97.4624889999999908
 20
-54.1527409999999989
 30
0
 11
97.4624900000000025
 21
-54.1527409999999989
 31
0
  0
LINE
  5
B69
330
22
100
AcDbEntity
  8
B.Cu
  6
CONTINUOUS
100
AcDbLine
 10
97.4624900000000025
 20
-54.1527409999999989
 30
0
 11
97.4624929999999949
 21
-54.152743000000001
 31
0
  0
LINE
  5
B6A
330
22
100
AcDbEntity
  8
B.Cu
  6
CONTINUOUS
100
AcDbLine
 10
97.4624929999999949
 20
-54.152743000000001
 30
0
 11
97.7350479999999919
 21
-54.2656390000000002
 31
0
  0
LINE
  5
B6B
330
22
100
AcDbEntity
  8
B.Cu
  6
CONTINUOUS
100
AcDbLine
 10
97.7350479999999919
 20
-54.2656390000000002
 30
0
 11
98.0200069999999926
 21
-54.3419929999999951
 31
0
  0
LINE
  5
B6C
330
22
100
AcDbEntity
  8
B.Cu
  6
CONTINUOUS
100
AcDbLine
 10
98.0200069999999926
 20
-54.3419929999999951
 30
0
 11
98.3124940000000009
 21
-54.3804999999999978
 31
0
  0
LINE
  5
B6D
330
22
100
AcDbEntity
  8
B.Cu
  6
CONTINUOUS
100
AcDbLine
 10
98.3124940000000009
 20
-54.3804999999999978
 30
0
 11
98.3125009999999975
 21
-54.3804999999999978
 31
0
  0
LINE
  5
B6E
330
22
100
AcDbEntity
  8
B.Cu
  6
CONTINUOUS
100
AcDbLine
 10
98.3125009999999975
 20
-54.3804999999999978
 30
0
 11
98.60749899999999
 21
-54.3804999999999978
 31
0
  0
LINE
  5
B6F
330
22
100
AcDbEntity
  8
B.Cu
  6
CONTINUOUS
100
AcDbLine
 10
98.60749899999999
 20
-54.3804999999999978
 30
0
 11
98.6075060000000008
 21
-54.3804999999999978
 31
0
  0
LINE
  5
B70
330
22
100
AcDbEntity
  8
B.Cu
  6
CONTINUOUS
100
AcDbLine
 10
98.6075060000000008
 20
-54.3804999999999978
 30
0
 11
98.8999929999999949
 21
-54.3419929999999951
 31
0
  0
LINE
  5
B71
330
22
100
AcDbEntity
  8
B.Cu
  6
CONTINUOUS
100
AcDbLine
 10
98.8999929999999949
 20
-54.3419929999999951
 30
0
 11
99.1849519999999956
 21
-54.2656390000000002
 31
0
  0
LINE
  5
B72
330
22
100
AcDbEntity
  8
B.Cu
  6
CONTINUOUS
100
AcDbLine
 10
99.1849519999999956
 20
-54.2656390000000002
 30
0
 11
99.4575069999999926
 21
-54.152743000000001
 31
0
  0
LINE
  5
B73
330
22
100
AcDbEntity
  8
B.Cu
  6
CONTINUOUS
100
AcDbLine
 10
99.4575069999999926
 20
-54.152743000000001
 30
0
 11
99.7129939999999948
 21
-54.0052379999999985
 31
0
  0
LINE
  5
B74
330
22
100
AcDbEntity
  8
B.Cu
  6
CONTINUOUS
100
AcDbLine
 10
99.7129939999999948
 20
-54.0052379999999985
 30
0
 11
99.9470419999999962
 21
-53.825645999999999
 31
0
  0
LINE
  5
B75
330
22
100
AcDbEntity
  8
B.Cu
  6
CONTINUOUS
100
AcDbLine
 10
99.9470419999999962
 20
-53.825645999999999
 30
0
 11
100.1556459999999902
 21
-53.6170419999999979
 31
0
  0
LINE
  5
B76
330
22
100
AcDbEntity
  8
B.Cu
  6
CONTINUOUS
100
AcDbLine
 10
100.1556459999999902
 20
-53.6170419999999979
 30
0
 11
100.3352379999999897
 21
-53.3829939999999965
 31
0
  0
LINE
  5
B77
330
22
100
AcDbEntity
  8
B.Cu
  6
CONTINUOUS
100
AcDbLine
 10
100.3352379999999897
 20
-53.3829939999999965
 30
0
 11
100.4166189999999972
 21
-53.2420380000000009
 31
0
  0
LINE
  5
B78
330
22
100
AcDbEntity
  8
B.Cu
  6
CONTINUOUS
100
AcDbLine
 10
100.4166189999999972
 20
-53.2420380000000009
 30
0
 11
100.4827429999999993
 21
-53.1275069999999943
 31
0
  0
LINE
  5
B79
330
22
100
AcDbEntity
  8
B.Cu
  6
CONTINUOUS
100
AcDbLine
 10
100.4827429999999993
 20
-53.1275069999999943
 30
0
 11
100.5956389999999914
 21
-52.8549519999999973
 31
0
  0
LINE
  5
B7A
330
22
100
AcDbEntity
  8
B.Cu
  6
CONTINUOUS
100
AcDbLine
 10
100.5956389999999914
 20
-52.8549519999999973
 30
0
 11
100.6719930000000005
 21
-52.5699929999999966
 31
0
  0
LINE
  5
B7B
330
22
100
AcDbEntity
  8
B.Cu
  6
CONTINUOUS
100
AcDbLine
 10
100.6719930000000005
 20
-52.5699929999999966
 30
0
 11
100.7104999999999961
 21
-52.2775059999999954
 31
0
  0
LINE
  5
B7C
330
22
100
AcDbEntity
  8
B.Cu
  6
CONTINUOUS
100
AcDbLine
 10
100.7104999999999961
 20
-52.2775059999999954
 30
0
 11
100.7104999999999961
 21
-52.0433889999999977
 31
0
  0
LINE
  5
B7D
330
22
100
AcDbEntity
  8
B.Cu
  6
CONTINUOUS
100
AcDbLine
 10
100.7104999999999961
 20
-52.0433889999999977
 30
0
 11
100.7104999999999961
 21
-51.9824939999999955
 31
0
  0
LINE
  5
B7E
330
22
100
AcDbEntity
  8
B.Cu
  6
CONTINUOUS
100
AcDbLine
 10
100.7104999999999961
 20
-51.9824939999999955
 30
0
 11
100.6719930000000005
 21
-51.6900069999999943
 31
0
  0
LINE
  5
B7F
330
22
100
AcDbEntity
  8
B.Cu
  6
CONTINUOUS
100
AcDbLine
 10
100.6719930000000005
 20
-51.6900069999999943
 30
0
 11
100.5956389999999914
 21
-51.4050480000000007
 31
0
  0
LINE
  5
B80
330
22
100
AcDbEntity
  8
B.Cu
  6
CONTINUOUS
100
AcDbLine
 10
100.5956389999999914
 20
-51.4050480000000007
 30
0
 11
100.4827429999999993
 21
-51.1324929999999966
 31
0
  0
LINE
  5
B81
330
22
100
AcDbEntity
  8
B.Cu
  6
CONTINUOUS
100
AcDbLine
 10
100.4827429999999993
 20
-51.1324929999999966
 30
0
 11
100.4273089999999939
 21
-51.0364789999999999
 31
0
  0
LINE
  5
B82
330
22
100
AcDbEntity
  8
B.Cu
  6
CONTINUOUS
100
AcDbLine
 10
100.4273089999999939
 20
-51.0364789999999999
 30
0
 11
100.3352379999999897
 21
-50.8770059999999944
 31
0
  0
LINE
  5
B83
330
22
100
AcDbEntity
  8
B.Cu
  6
CONTINUOUS
100
AcDbLine
 10
100.3352379999999897
 20
-50.8770059999999944
 30
0
 11
100.1556470000000019
 21
-50.6429589999999976
 31
0
  0
LINE
  5
B84
330
22
100
AcDbEntity
  8
B.Cu
  6
CONTINUOUS
100
AcDbLine
 10
100.1556470000000019
 20
-50.6429589999999976
 30
0
 11
100.1556409999999886
 21
-50.6429520000000011
 31
0
  0
LINE
  5
B85
330
22
100
AcDbEntity
  8
B.Cu
  6
CONTINUOUS
100
AcDbLine
 10
100.1556409999999886
 20
-50.6429520000000011
 30
0
 11
99.9470469999999978
 21
-50.434357999999996
 31
0
  0
LINE
  5
B86
330
22
100
AcDbEntity
  8
B.Cu
  6
CONTINUOUS
100
AcDbLine
 10
99.9470469999999978
 20
-50.434357999999996
 30
0
 11
99.9470400000000012
 21
-50.434351999999997
 31
0
  0
LINE
  5
B87
330
22
100
AcDbEntity
  8
B.Cu
  6
CONTINUOUS
100
AcDbLine
 10
99.9470400000000012
 20
-50.434351999999997
 30
0
 11
99.7129929999999973
 21
-50.2547609999999949
 31
0
  0
LINE
  5
B88
330
22
100
AcDbEntity
  8
B.Cu
  6
CONTINUOUS
100
AcDbLine
 10
99.7129929999999973
 20
-50.2547609999999949
 30
0
 11
99.4575099999999992
 21
-50.1072579999999945
 31
0
  0
LINE
  5
B89
330
22
100
AcDbEntity
  8
B.Cu
  6
CONTINUOUS
100
AcDbLine
 10
99.4575099999999992
 20
-50.1072579999999945
 30
0
 11
99.457499999999996
 21
-50.1072539999999975
 31
0
  0
LINE
  5
B8A
330
22
100
AcDbEntity
  8
B.Cu
  6
CONTINUOUS
100
AcDbLine
 10
99.457499999999996
 20
-50.1072539999999975
 30
0
 11
99.1849610000000013
 21
-49.9943639999999974
 31
0
  0
LINE
  5
B8B
330
22
100
AcDbEntity
  8
B.Cu
  6
CONTINUOUS
100
AcDbLine
 10
99.1849610000000013
 20
-49.9943639999999974
 30
0
 11
99.1849539999999905
 21
-49.9943619999999953
 31
0
  0
LINE
  5
B8C
330
22
100
AcDbEntity
  8
B.Cu
  6
CONTINUOUS
100
AcDbLine
 10
99.1849539999999905
 20
-49.9943619999999953
 30
0
 11
99.1849519999999956
 21
-49.9943609999999978
 31
0
  0
LINE
  5
B8D
330
22
100
AcDbEntity
  8
B.Cu
  6
CONTINUOUS
100
AcDbLine
 10
99.1849519999999956
 20
-49.9943609999999978
 30
0
 11
98.8999929999999949
 21
-49.9180069999999958
 31
0
  0
LINE
  5
B8E
330
22
100
AcDbEntity
  8
B.Cu
  6
CONTINUOUS
100
AcDbLine
 10
98.8999929999999949
 20
-49.9180069999999958
 30
0
 11
98.851112999999998
 21
-49.911570999999995
 31
0
  0
LINE
  5
B8F
330
22
100
AcDbEntity
  8
B.Cu
  6
CONTINUOUS
100
AcDbLine
 10
98.851112999999998
 20
-49.911570999999995
 30
0
 11
98.6075129999999973
 21
-49.8795000000000002
 31
0
  0
LINE
  5
B90
330
22
100
AcDbEntity
  8
B.Cu
  6
CONTINUOUS
100
AcDbLine
 10
98.6075129999999973
 20
-49.8795000000000002
 30
0
 11
98.6075060000000008
 21
-49.8795000000000002
 31
0
  0
LINE
  5
B91
330
22
100
AcDbEntity
  8
B.Cu
  6
CONTINUOUS
100
AcDbLine
 10
98.6075060000000008
 20
-49.8795000000000002
 30
0
 11
98.3124940000000009
 21
-49.8795000000000002
 31
0
  0
LINE
  5
B92
330
22
100
AcDbEntity
  8
B.Cu
  6
CONTINUOUS
100
AcDbLine
 10
98.3124940000000009
 20
-49.8795000000000002
 30
0
 11
98.3124859999999927
 21
-49.8795000000000002
 31
0
  0
LINE
  5
B93
330
22
100
AcDbEntity
  8
B.Cu
  6
CONTINUOUS
100
AcDbLine
 10
98.3124859999999927
 20
-49.8795000000000002
 30
0
 11
98.0340849999999904
 21
-49.9161529999999942
 31
0
  0
LINE
  5
B94
330
22
100
AcDbEntity
  8
B.Cu
  6
CONTINUOUS
100
AcDbLine
 10
98.0340849999999904
 20
-49.9161529999999942
 30
0
 11
98.0200069999999926
 21
-49.9180069999999958
 31
0
  0
LINE
  5
B95
330
22
100
AcDbEntity
  8
B.Cu
  6
CONTINUOUS
100
AcDbLine
 10
98.0200069999999926
 20
-49.9180069999999958
 30
0
 11
97.8454279999999983
 21
-49.9647849999999991
 31
0
  0
LINE
  5
B96
330
22
100
AcDbEntity
  8
B.Cu
  6
CONTINUOUS
100
AcDbLine
 10
97.8454279999999983
 20
-49.9647849999999991
 30
0
 11
97.7350479999999919
 21
-49.9943609999999978
 31
0
  0
LINE
  5
B97
330
22
100
AcDbEntity
  8
B.Cu
  6
CONTINUOUS
100
AcDbLine
 10
97.7350479999999919
 20
-49.9943609999999978
 30
0
 11
97.7350379999999888
 21
-49.9943639999999974
 31
0
  0
LINE
  5
B98
330
22
100
AcDbEntity
  8
B.Cu
  6
CONTINUOUS
100
AcDbLine
 10
97.7350379999999888
 20
-49.9943639999999974
 30
0
 11
97.462498999999994
 21
-50.1072539999999975
 31
0
  0
LINE
  5
B99
330
22
100
AcDbEntity
  8
B.Cu
  6
CONTINUOUS
100
AcDbLine
 10
97.462498999999994
 20
-50.1072539999999975
 30
0
 11
97.4624889999999908
 21
-50.1072579999999945
 31
0
  0
LINE
  5
B9A
330
22
100
AcDbEntity
  8
B.Cu
  6
CONTINUOUS
100
AcDbLine
 10
97.4624889999999908
 20
-50.1072579999999945
 30
0
 11
97.2070059999999927
 21
-50.2547609999999949
 31
0
  0
LINE
  5
B9B
330
22
100
AcDbEntity
  8
B.Cu
  6
CONTINUOUS
100
AcDbLine
 10
97.2070059999999927
 20
-50.2547609999999949
 30
0
 11
96.9729589999999888
 21
-50.434351999999997
 31
0
  0
LINE
  5
B9C
330
22
100
AcDbEntity
  8
B.Cu
  6
CONTINUOUS
100
AcDbLine
 10
96.9729589999999888
 20
-50.434351999999997
 30
0
 11
96.9729519999999923
 21
-50.434357999999996
 31
0
  0
LINE
  5
B9D
330
22
100
AcDbEntity
  8
B.Cu
  6
CONTINUOUS
100
AcDbLine
 10
96.9729519999999923
 20
-50.434357999999996
 30
0
 11
96.7643580000000014
 21
-50.6429520000000011
 31
0
  0
LINE
  5
B9E
330
22
100
AcDbEntity
  8
B.Cu
  6
CONTINUOUS
100
AcDbLine
 10
96.7643580000000014
 20
-50.6429520000000011
 30
0
 11
96.7643520000000024
 21
-50.6429589999999976
 31
0
  0
LINE
  5
B9F
330
22
100
AcDbEntity
  8
B.Cu
  6
CONTINUOUS
100
AcDbLine
 10
96.7643520000000024
 20
-50.6429589999999976
 30
0
 11
96.5847610000000003
 21
-50.8770059999999944
 31
0
  0
LINE
  5
BA0
330
22
100
AcDbEntity
  8
B.Cu
  6
CONTINUOUS
100
AcDbLine
 10
96.5847610000000003
 20
-50.8770059999999944
 30
0
 11
96.4372579999999999
 21
-51.1324889999999996
 31
0
  0
LINE
  5
BA1
330
22
100
AcDbEntity
  8
B.Cu
  6
CONTINUOUS
100
AcDbLine
 10
96.4372579999999999
 20
-51.1324889999999996
 30
0
 11
96.4372539999999958
 21
-51.1324989999999957
 31
0
  0
LINE
  5
BA2
330
22
100
AcDbEntity
  8
B.Cu
  6
CONTINUOUS
100
AcDbLine
 10
96.4372539999999958
 20
-51.1324989999999957
 30
0
 11
96.3243639999999886
 21
-51.4050379999999976
 31
0
  0
LINE
  5
BA3
330
22
100
AcDbEntity
  8
B.Cu
  6
CONTINUOUS
100
AcDbLine
 10
96.3243639999999886
 20
-51.4050379999999976
 30
0
 11
96.3243609999999961
 21
-51.4050480000000007
 31
0
  0
LINE
  5
BA4
330
22
100
AcDbEntity
  8
B.Cu
  6
CONTINUOUS
100
AcDbLine
 10
96.3243609999999961
 20
-51.4050480000000007
 30
0
 11
96.2480079999999987
 21
-51.6900039999999947
 31
0
  0
LINE
  5
BA5
330
22
100
AcDbEntity
  8
B.Cu
  6
CONTINUOUS
100
AcDbLine
 10
96.2480079999999987
 20
-51.6900039999999947
 30
0
 11
96.2480059999999895
 21
-51.6900149999999954
 31
0
  0
LINE
  5
BA6
330
22
100
AcDbEntity
  8
B.Cu
  6
CONTINUOUS
100
AcDbLine
 10
96.2480059999999895
 20
-51.6900149999999954
 30
0
 11
96.2094999999999914
 21
-51.9824859999999944
 31
0
  0
LINE
  5
BA7
330
22
100
AcDbEntity
  8
B.Cu
  6
CONTINUOUS
100
AcDbLine
 10
96.2094999999999914
 20
-51.9824859999999944
 30
0
 11
96.2094999999999914
 21
-52.277512999999999
 31
0
  0
LINE
  5
BA8
330
22
100
AcDbEntity
  8
B.Cu
  6
CONTINUOUS
100
AcDbLine
 10
102.4394999999999953
 20
-33.1666109999999961
 30
0
 11
102.4665979999999905
 21
-33.3377009999999956
 31
0
  0
LINE
  5
BA9
330
22
100
AcDbEntity
  8
B.Cu
  6
CONTINUOUS
100
AcDbLine
 10
102.4665979999999905
 20
-33.3377009999999956
 30
0
 11
102.5201270000000022
 21
-33.5024450000000016
 31
0
  0
LINE
  5
BAA
330
22
100
AcDbEntity
  8
B.Cu
  6
CONTINUOUS
100
AcDbLine
 10
102.5201270000000022
 20
-33.5024450000000016
 30
0
 11
102.5987679999999926
 21
-33.6567879999999988
 31
0
  0
LINE
  5
BAB
330
22
100
AcDbEntity
  8
B.Cu
  6
CONTINUOUS
100
AcDbLine
 10
102.5987679999999926
 20
-33.6567879999999988
 30
0
 11
102.7005860000000013
 21
-33.7969280000000012
 31
0
  0
LINE
  5
BAC
330
22
100
AcDbEntity
  8
B.Cu
  6
CONTINUOUS
100
AcDbLine
 10
102.7005860000000013
 20
-33.7969280000000012
 30
0
 11
102.8230719999999963
 21
-33.9194139999999962
 31
0
  0
LINE
  5
BAD
330
22
100
AcDbEntity
  8
B.Cu
  6
CONTINUOUS
100
AcDbLine
 10
102.8230719999999963
 20
-33.9194139999999962
 30
0
 11
102.9632119999999986
 21
-34.0212319999999977
 31
0
  0
LINE
  5
BAE
330
22
100
AcDbEntity
  8
B.Cu
  6
CONTINUOUS
100
AcDbLine
 10
102.9632119999999986
 20
-34.0212319999999977
 30
0
 11
103.1175549999999959
 21
-34.0998729999999952
 31
0
  0
LINE
  5
BAF
330
22
100
AcDbEntity
  8
B.Cu
  6
CONTINUOUS
100
AcDbLine
 10
103.1175549999999959
 20
-34.0998729999999952
 30
0
 11
103.2822989999999947
 21
-34.1534019999999998
 31
0
  0
LINE
  5
BB0
330
22
100
AcDbEntity
  8
B.Cu
  6
CONTINUOUS
100
AcDbLine
 10
103.2822989999999947
 20
-34.1534019999999998
 30
0
 11
103.4533890000000014
 21
-34.180499999999995
 31
0
  0
LINE
  5
BB1
330
22
100
AcDbEntity
  8
B.Cu
  6
CONTINUOUS
100
AcDbLine
 10
103.4533890000000014
 20
-34.180499999999995
 30
0
 11
103.4533899999999988
 21
-34.180499999999995
 31
0
  0
LINE
  5
BB2
330
22
100
AcDbEntity
  8
B.Cu
  6
CONTINUOUS
100
AcDbLine
 10
103.4533899999999988
 20
-34.180499999999995
 30
0
 11
103.6266099999999994
 21
-34.180499999999995
 31
0
  0
LINE
  5
BB3
330
22
100
AcDbEntity
  8
B.Cu
  6
CONTINUOUS
100
AcDbLine
 10
103.6266099999999994
 20
-34.180499999999995
 30
0
 11
103.6266109999999969
 21
-34.180499999999995
 31
0
  0
LINE
  5
BB4
330
22
100
AcDbEntity
  8
B.Cu
  6
CONTINUOUS
100
AcDbLine
 10
103.6266109999999969
 20
-34.180499999999995
 30
0
 11
103.7977009999999893
 21
-34.1534019999999998
 31
0
  0
LINE
  5
BB5
330
22
100
AcDbEntity
  8
B.Cu
  6
CONTINUOUS
100
AcDbLine
 10
103.7977009999999893
 20
-34.1534019999999998
 30
0
 11
103.9624449999999882
 21
-34.0998729999999952
 31
0
  0
LINE
  5
BB6
330
22
100
AcDbEntity
  8
B.Cu
  6
CONTINUOUS
100
AcDbLine
 10
103.9624449999999882
 20
-34.0998729999999952
 30
0
 11
104.1167879999999997
 21
-34.0212319999999977
 31
0
  0
LINE
  5
BB7
330
22
100
AcDbEntity
  8
B.Cu
  6
CONTINUOUS
100
AcDbLine
 10
104.1167879999999997
 20
-34.0212319999999977
 30
0
 11
104.256928000000002
 21
-33.9194139999999962
 31
0
  0
LINE
  5
BB8
330
22
100
AcDbEntity
  8
B.Cu
  6
CONTINUOUS
100
AcDbLine
 10
104.256928000000002
 20
-33.9194139999999962
 30
0
 11
104.379413999999997
 21
-33.7969280000000012
 31
0
  0
LINE
  5
BB9
330
22
100
AcDbEntity
  8
B.Cu
  6
CONTINUOUS
100
AcDbLine
 10
104.379413999999997
 20
-33.7969280000000012
 30
0
 11
104.4812319999999914
 21
-33.6567879999999988
 31
0
  0
LINE
  5
BBA
330
22
100
AcDbEntity
  8
B.Cu
  6
CONTINUOUS
100
AcDbLine
 10
104.4812319999999914
 20
-33.6567879999999988
 30
0
 11
104.5598729999999961
 21
-33.5024450000000016
 31
0
  0
LINE
  5
BBB
330
22
100
AcDbEntity
  8
B.Cu
  6
CONTINUOUS
100
AcDbLine
 10
104.5598729999999961
 20
-33.5024450000000016
 30
0
 11
104.6134019999999936
 21
-33.3377009999999956
 31
0
  0
LINE
  5
BBC
330
22
100
AcDbEntity
  8
B.Cu
  6
CONTINUOUS
100
AcDbLine
 10
104.6134019999999936
 20
-33.3377009999999956
 30
0
 11
104.6404999999999887
 21
-33.1666109999999961
 31
0
  0
LINE
  5
BBD
330
22
100
AcDbEntity
  8
B.Cu
  6
CONTINUOUS
100
AcDbLine
 10
104.6404999999999887
 20
-33.1666109999999961
 30
0
 11
104.6404999999999887
 21
-32.9933890000000005
 31
0
  0
LINE
  5
BBE
330
22
100
AcDbEntity
  8
B.Cu
  6
CONTINUOUS
100
AcDbLine
 10
104.6404999999999887
 20
-32.9933890000000005
 30
0
 11
104.6134019999999936
 21
-32.822299000000001
 31
0
  0
LINE
  5
BBF
330
22
100
AcDbEntity
  8
B.Cu
  6
CONTINUOUS
100
AcDbLine
 10
104.6134019999999936
 20
-32.822299000000001
 30
0
 11
104.5598729999999961
 21
-32.657554999999995
 31
0
  0
LINE
  5
BC0
330
22
100
AcDbEntity
  8
B.Cu
  6
CONTINUOUS
100
AcDbLine
 10
104.5598729999999961
 20
-32.657554999999995
 30
0
 11
104.4812319999999914
 21
-32.5032119999999978
 31
0
  0
LINE
  5
BC1
330
22
100
AcDbEntity
  8
B.Cu
  6
CONTINUOUS
100
AcDbLine
 10
104.4812319999999914
 20
-32.5032119999999978
 30
0
 11
104.379413999999997
 21
-32.3630719999999954
 31
0
  0
LINE
  5
BC2
330
22
100
AcDbEntity
  8
B.Cu
  6
CONTINUOUS
100
AcDbLine
 10
104.379413999999997
 20
-32.3630719999999954
 30
0
 11
104.256928000000002
 21
-32.2405860000000004
 31
0
  0
LINE
  5
BC3
330
22
100
AcDbEntity
  8
B.Cu
  6
CONTINUOUS
100
AcDbLine
 10
104.256928000000002
 20
-32.2405860000000004
 30
0
 11
104.1167879999999997
 21
-32.1387679999999989
 31
0
  0
LINE
  5
BC4
330
22
100
AcDbEntity
  8
B.Cu
  6
CONTINUOUS
100
AcDbLine
 10
104.1167879999999997
 20
-32.1387679999999989
 30
0
 11
103.9624449999999882
 21
-32.0601270000000014
 31
0
  0
LINE
  5
BC5
330
22
100
AcDbEntity
  8
B.Cu
  6
CONTINUOUS
100
AcDbLine
 10
103.9624449999999882
 20
-32.0601270000000014
 30
0
 11
103.7977009999999893
 21
-32.0065979999999968
 31
0
  0
LINE
  5
BC6
330
22
100
AcDbEntity
  8
B.Cu
  6
CONTINUOUS
100
AcDbLine
 10
103.7977009999999893
 20
-32.0065979999999968
 30
0
 11
103.7976989999999944
 21
-32.0065969999999993
 31
0
  0
LINE
  5
BC7
330
22
100
AcDbEntity
  8
B.Cu
  6
CONTINUOUS
100
AcDbLine
 10
103.7976989999999944
 20
-32.0065969999999993
 30
0
 11
103.7976979999999969
 21
-32.0065969999999993
 31
0
  0
LINE
  5
BC8
330
22
100
AcDbEntity
  8
B.Cu
  6
CONTINUOUS
100
AcDbLine
 10
103.7976979999999969
 20
-32.0065969999999993
 30
0
 11
103.6662709999999947
 21
-31.9857809999999994
 31
0
  0
LINE
  5
BC9
330
22
100
AcDbEntity
  8
B.Cu
  6
CONTINUOUS
100
AcDbLine
 10
103.6662709999999947
 20
-31.9857809999999994
 30
0
 11
103.6266109999999969
 21
-31.979499999999998
 31
0
  0
LINE
  5
BCA
330
22
100
AcDbEntity
  8
B.Cu
  6
CONTINUOUS
100
AcDbLine
 10
103.6266109999999969
 20
-31.979499999999998
 30
0
 11
103.4533890000000014
 21
-31.979499999999998
 31
0
  0
LINE
  5
BCB
330
22
100
AcDbEntity
  8
B.Cu
  6
CONTINUOUS
100
AcDbLine
 10
103.4533890000000014
 20
-31.979499999999998
 30
0
 11
103.4137279999999919
 21
-31.9857809999999994
 31
0
  0
LINE
  5
BCC
330
22
100
AcDbEntity
  8
B.Cu
  6
CONTINUOUS
100
AcDbLine
 10
103.4137279999999919
 20
-31.9857809999999994
 30
0
 11
103.2823020000000014
 21
-32.0065969999999993
 31
0
  0
LINE
  5
BCD
330
22
100
AcDbEntity
  8
B.Cu
  6
CONTINUOUS
100
AcDbLine
 10
103.2823020000000014
 20
-32.0065969999999993
 30
0
 11
103.1175519999999892
 21
-32.0601279999999988
 31
0
  0
LINE
  5
BCE
330
22
100
AcDbEntity
  8
B.Cu
  6
CONTINUOUS
100
AcDbLine
 10
103.1175519999999892
 20
-32.0601279999999988
 30
0
 11
102.9632110000000011
 21
-32.1387679999999989
 31
0
  0
LINE
  5
BCF
330
22
100
AcDbEntity
  8
B.Cu
  6
CONTINUOUS
100
AcDbLine
 10
102.9632110000000011
 20
-32.1387679999999989
 30
0
 11
102.906289000000001
 21
-32.1801249999999968
 31
0
  0
LINE
  5
BD0
330
22
100
AcDbEntity
  8
B.Cu
  6
CONTINUOUS
100
AcDbLine
 10
102.906289000000001
 20
-32.1801249999999968
 30
0
 11
102.8230719999999963
 21
-32.2405860000000004
 31
0
  0
LINE
  5
BD1
330
22
100
AcDbEntity
  8
B.Cu
  6
CONTINUOUS
100
AcDbLine
 10
102.8230719999999963
 20
-32.2405860000000004
 30
0
 11
102.8230700000000013
 21
-32.2405879999999954
 31
0
  0
LINE
  5
BD2
330
22
100
AcDbEntity
  8
B.Cu
  6
CONTINUOUS
100
AcDbLine
 10
102.8230700000000013
 20
-32.2405879999999954
 30
0
 11
102.8230689999999896
 21
-32.2405879999999954
 31
0
  0
LINE
  5
BD3
330
22
100
AcDbEntity
  8
B.Cu
  6
CONTINUOUS
100
AcDbLine
 10
102.8230689999999896
 20
-32.2405879999999954
 30
0
 11
102.7005879999999962
 21
-32.3630689999999959
 31
0
  0
LINE
  5
BD4
330
22
100
AcDbEntity
  8
B.Cu
  6
CONTINUOUS
100
AcDbLine
 10
102.7005879999999962
 20
-32.3630689999999959
 30
0
 11
102.7005879999999962
 21
-32.3630700000000004
 31
0
  0
LINE
  5
BD5
330
22
100
AcDbEntity
  8
B.Cu
  6
CONTINUOUS
100
AcDbLine
 10
102.7005879999999962
 20
-32.3630700000000004
 30
0
 11
102.7005860000000013
 21
-32.3630719999999954
 31
0
  0
LINE
  5
BD6
330
22
100
AcDbEntity
  8
B.Cu
  6
CONTINUOUS
100
AcDbLine
 10
102.7005860000000013
 20
-32.3630719999999954
 30
0
 11
102.6568589999999972
 21
-32.4232560000000021
 31
0
  0
LINE
  5
BD7
330
22
100
AcDbEntity
  8
B.Cu
  6
CONTINUOUS
100
AcDbLine
 10
102.6568589999999972
 20
-32.4232560000000021
 30
0
 11
102.5987679999999926
 21
-32.5032110000000003
 31
0
  0
LINE
  5
BD8
330
22
100
AcDbEntity
  8
B.Cu
  6
CONTINUOUS
100
AcDbLine
 10
102.5987679999999926
 20
-32.5032110000000003
 30
0
 11
102.5201279999999997
 21
-32.6575519999999955
 31
0
  0
LINE
  5
BD9
330
22
100
AcDbEntity
  8
B.Cu
  6
CONTINUOUS
100
AcDbLine
 10
102.5201279999999997
 20
-32.6575519999999955
 30
0
 11
102.466596999999993
 21
-32.8223020000000005
 31
0
  0
LINE
  5
BDA
330
22
100
AcDbEntity
  8
B.Cu
  6
CONTINUOUS
100
AcDbLine
 10
102.466596999999993
 20
-32.8223020000000005
 30
0
 11
102.4394999999999953
 21
-32.9933890000000005
 31
0
  0
LINE
  5
BDB
330
22
100
AcDbEntity
  8
B.Cu
  6
CONTINUOUS
100
AcDbLine
 10
102.4394999999999953
 20
-32.9933890000000005
 30
0
 11
102.4394999999999953
 21
-33.1666109999999961
 31
0
  0
LINE
  5
BDC
330
22
100
AcDbEntity
  8
B.Cu
  6
CONTINUOUS
100
AcDbLine
 10
96.2094999999999914
 20
-33.2275130000000019
 30
0
 11
96.2348140000000001
 21
-33.419786000000002
 31
0
  0
LINE
  5
BDD
330
22
100
AcDbEntity
  8
B.Cu
  6
CONTINUOUS
100
AcDbLine
 10
96.2348140000000001
 20
-33.419786000000002
 30
0
 11
96.2480070000000012
 21
-33.5199929999999995
 31
0
  0
LINE
  5
BDE
330
22
100
AcDbEntity
  8
B.Cu
  6
CONTINUOUS
100
AcDbLine
 10
96.2480070000000012
 20
-33.5199929999999995
 30
0
 11
96.3243609999999961
 21
-33.8049509999999955
 31
0
  0
LINE
  5
BDF
330
22
100
AcDbEntity
  8
B.Cu
  6
CONTINUOUS
100
AcDbLine
 10
96.3243609999999961
 20
-33.8049509999999955
 30
0
 11
96.3243639999999886
 21
-33.8049609999999987
 31
0
  0
LINE
  5
BE0
330
22
100
AcDbEntity
  8
B.Cu
  6
CONTINUOUS
100
AcDbLine
 10
96.3243639999999886
 20
-33.8049609999999987
 30
0
 11
96.4372539999999958
 21
-34.0775000000000006
 31
0
  0
LINE
  5
BE1
330
22
100
AcDbEntity
  8
B.Cu
  6
CONTINUOUS
100
AcDbLine
 10
96.4372539999999958
 20
-34.0775000000000006
 30
0
 11
96.4372579999999999
 21
-34.0775099999999966
 31
0
  0
LINE
  5
BE2
330
22
100
AcDbEntity
  8
B.Cu
  6
CONTINUOUS
100
AcDbLine
 10
96.4372579999999999
 20
-34.0775099999999966
 30
0
 11
96.5847610000000003
 21
-34.3329930000000019
 31
0
  0
LINE
  5
BE3
330
22
100
AcDbEntity
  8
B.Cu
  6
CONTINUOUS
100
AcDbLine
 10
96.5847610000000003
 20
-34.3329930000000019
 30
0
 11
96.7643520000000024
 21
-34.5670399999999987
 31
0
  0
LINE
  5
BE4
330
22
100
AcDbEntity
  8
B.Cu
  6
CONTINUOUS
100
AcDbLine
 10
96.7643520000000024
 20
-34.5670399999999987
 30
0
 11
96.7643580000000014
 21
-34.5670469999999952
 31
0
  0
LINE
  5
BE5
330
22
100
AcDbEntity
  8
B.Cu
  6
CONTINUOUS
100
AcDbLine
 10
96.7643580000000014
 20
-34.5670469999999952
 30
0
 11
96.9729519999999923
 21
-34.7756410000000002
 31
0
  0
LINE
  5
BE6
330
22
100
AcDbEntity
  8
B.Cu
  6
CONTINUOUS
100
AcDbLine
 10
96.9729519999999923
 20
-34.7756410000000002
 30
0
 11
96.9729589999999888
 21
-34.7756469999999993
 31
0
  0
LINE
  5
BE7
330
22
100
AcDbEntity
  8
B.Cu
  6
CONTINUOUS
100
AcDbLine
 10
96.9729589999999888
 20
-34.7756469999999993
 30
0
 11
97.2070059999999927
 21
-34.9552380000000014
 31
0
  0
LINE
  5
BE8
330
22
100
AcDbEntity
  8
B.Cu
  6
CONTINUOUS
100
AcDbLine
 10
97.2070059999999927
 20
-34.9552380000000014
 30
0
 11
97.4624889999999908
 21
-35.1027410000000017
 31
0
  0
LINE
  5
BE9
330
22
100
AcDbEntity
  8
B.Cu
  6
CONTINUOUS
100
AcDbLine
 10
97.4624889999999908
 20
-35.1027410000000017
 30
0
 11
97.4624900000000025
 21
-35.1027410000000017
 31
0
  0
LINE
  5
BEA
330
22
100
AcDbEntity
  8
B.Cu
  6
CONTINUOUS
100
AcDbLine
 10
97.4624900000000025
 20
-35.1027410000000017
 30
0
 11
97.4624929999999949
 21
-35.1027429999999967
 31
0
  0
LINE
  5
BEB
330
22
100
AcDbEntity
  8
B.Cu
  6
CONTINUOUS
100
AcDbLine
 10
97.4624929999999949
 20
-35.1027429999999967
 30
0
 11
97.7350479999999919
 21
-35.2156389999999959
 31
0
  0
LINE
  5
BEC
330
22
100
AcDbEntity
  8
B.Cu
  6
CONTINUOUS
100
AcDbLine
 10
97.7350479999999919
 20
-35.2156389999999959
 30
0
 11
98.0200069999999926
 21
-35.2919929999999979
 31
0
  0
LINE
  5
BED
330
22
100
AcDbEntity
  8
B.Cu
  6
CONTINUOUS
100
AcDbLine
 10
98.0200069999999926
 20
-35.2919929999999979
 30
0
 11
98.3124940000000009
 21
-35.3305000000000007
 31
0
  0
LINE
  5
BEE
330
22
100
AcDbEntity
  8
B.Cu
  6
CONTINUOUS
100
AcDbLine
 10
98.3124940000000009
 20
-35.3305000000000007
 30
0
 11
98.3125009999999975
 21
-35.3305000000000007
 31
0
  0
LINE
  5
BEF
330
22
100
AcDbEntity
  8
B.Cu
  6
CONTINUOUS
100
AcDbLine
 10
98.3125009999999975
 20
-35.3305000000000007
 30
0
 11
98.60749899999999
 21
-35.3305000000000007
 31
0
  0
LINE
  5
BF0
330
22
100
AcDbEntity
  8
B.Cu
  6
CONTINUOUS
100
AcDbLine
 10
98.60749899999999
 20
-35.3305000000000007
 30
0
 11
98.6075060000000008
 21
-35.3305000000000007
 31
0
  0
LINE
  5
BF1
330
22
100
AcDbEntity
  8
B.Cu
  6
CONTINUOUS
100
AcDbLine
 10
98.6075060000000008
 20
-35.3305000000000007
 30
0
 11
98.8999929999999949
 21
-35.2919929999999979
 31
0
  0
LINE
  5
BF2
330
22
100
AcDbEntity
  8
B.Cu
  6
CONTINUOUS
100
AcDbLine
 10
98.8999929999999949
 20
-35.2919929999999979
 30
0
 11
99.1849519999999956
 21
-35.2156389999999959
 31
0
  0
LINE
  5
BF3
330
22
100
AcDbEntity
  8
B.Cu
  6
CONTINUOUS
100
AcDbLine
 10
99.1849519999999956
 20
-35.2156389999999959
 30
0
 11
99.4575069999999926
 21
-35.1027429999999967
 31
0
  0
LINE
  5
BF4
330
22
100
AcDbEntity
  8
B.Cu
  6
CONTINUOUS
100
AcDbLine
 10
99.4575069999999926
 20
-35.1027429999999967
 30
0
 11
99.7129939999999948
 21
-34.9552380000000014
 31
0
  0
LINE
  5
BF5
330
22
100
AcDbEntity
  8
B.Cu
  6
CONTINUOUS
100
AcDbLine
 10
99.7129939999999948
 20
-34.9552380000000014
 30
0
 11
99.9470419999999962
 21
-34.7756460000000018
 31
0
  0
LINE
  5
BF6
330
22
100
AcDbEntity
  8
B.Cu
  6
CONTINUOUS
100
AcDbLine
 10
99.9470419999999962
 20
-34.7756460000000018
 30
0
 11
100.1556459999999902
 21
-34.5670420000000007
 31
0
  0
LINE
  5
BF7
330
22
100
AcDbEntity
  8
B.Cu
  6
CONTINUOUS
100
AcDbLine
 10
100.1556459999999902
 20
-34.5670420000000007
 30
0
 11
100.3352379999999897
 21
-34.3329939999999993
 31
0
  0
LINE
  5
BF8
330
22
100
AcDbEntity
  8
B.Cu
  6
CONTINUOUS
100
AcDbLine
 10
100.3352379999999897
 20
-34.3329939999999993
 30
0
 11
100.4827429999999993
 21
-34.0775069999999971
 31
0
  0
LINE
  5
BF9
330
22
100
AcDbEntity
  8
B.Cu
  6
CONTINUOUS
100
AcDbLine
 10
100.4827429999999993
 20
-34.0775069999999971
 30
0
 11
100.5956389999999914
 21
-33.8049520000000001
 31
0
  0
LINE
  5
BFA
330
22
100
AcDbEntity
  8
B.Cu
  6
CONTINUOUS
100
AcDbLine
 10
100.5956389999999914
 20
-33.8049520000000001
 30
0
 11
100.6719930000000005
 21
-33.5199929999999995
 31
0
  0
LINE
  5
BFB
330
22
100
AcDbEntity
  8
B.Cu
  6
CONTINUOUS
100
AcDbLine
 10
100.6719930000000005
 20
-33.5199929999999995
 30
0
 11
100.7104999999999961
 21
-33.2275059999999982
 31
0
  0
LINE
  5
BFC
330
22
100
AcDbEntity
  8
B.Cu
  6
CONTINUOUS
100
AcDbLine
 10
100.7104999999999961
 20
-33.2275059999999982
 30
0
 11
100.7104999999999961
 21
-32.9933890000000005
 31
0
  0
LINE
  5
BFD
330
22
100
AcDbEntity
  8
B.Cu
  6
CONTINUOUS
100
AcDbLine
 10
100.7104999999999961
 20
-32.9933890000000005
 30
0
 11
100.7104999999999961
 21
-32.9324939999999984
 31
0
  0
LINE
  5
BFE
330
22
100
AcDbEntity
  8
B.Cu
  6
CONTINUOUS
100
AcDbLine
 10
100.7104999999999961
 20
-32.9324939999999984
 30
0
 11
100.6719930000000005
 21
-32.6400069999999971
 31
0
  0
LINE
  5
BFF
330
22
100
AcDbEntity
  8
B.Cu
  6
CONTINUOUS
100
AcDbLine
 10
100.6719930000000005
 20
-32.6400069999999971
 30
0
 11
100.5956389999999914
 21
-32.3550479999999965
 31
0
  0
LINE
  5
C00
330
22
100
AcDbEntity
  8
B.Cu
  6
CONTINUOUS
100
AcDbLine
 10
100.5956389999999914
 20
-32.3550479999999965
 30
0
 11
100.4827429999999993
 21
-32.0824929999999995
 31
0
  0
LINE
  5
C01
330
22
100
AcDbEntity
  8
B.Cu
  6
CONTINUOUS
100
AcDbLine
 10
100.4827429999999993
 20
-32.0824929999999995
 30
0
 11
100.4273089999999939
 21
-31.9864789999999992
 31
0
  0
LINE
  5
C02
330
22
100
AcDbEntity
  8
B.Cu
  6
CONTINUOUS
100
AcDbLine
 10
100.4273089999999939
 20
-31.9864789999999992
 30
0
 11
100.3352379999999897
 21
-31.8270059999999972
 31
0
  0
LINE
  5
C03
330
22
100
AcDbEntity
  8
B.Cu
  6
CONTINUOUS
100
AcDbLine
 10
100.3352379999999897
 20
-31.8270059999999972
 30
0
 11
100.1556470000000019
 21
-31.5929589999999969
 31
0
  0
LINE
  5
C04
330
22
100
AcDbEntity
  8
B.Cu
  6
CONTINUOUS
100
AcDbLine
 10
100.1556470000000019
 20
-31.5929589999999969
 30
0
 11
100.1556409999999886
 21
-31.5929519999999968
 31
0
  0
LINE
  5
C05
330
22
100
AcDbEntity
  8
B.Cu
  6
CONTINUOUS
100
AcDbLine
 10
100.1556409999999886
 20
-31.5929519999999968
 30
0
 11
99.9470469999999978
 21
-31.3843579999999989
 31
0
  0
LINE
  5
C06
330
22
100
AcDbEntity
  8
B.Cu
  6
CONTINUOUS
100
AcDbLine
 10
99.9470469999999978
 20
-31.3843579999999989
 30
0
 11
99.9470400000000012
 21
-31.3843519999999998
 31
0
  0
LINE
  5
C07
330
22
100
AcDbEntity
  8
B.Cu
  6
CONTINUOUS
100
AcDbLine
 10
99.9470400000000012
 20
-31.3843519999999998
 30
0
 11
99.7129929999999973
 21
-31.2047609999999978
 31
0
  0
LINE
  5
C08
330
22
100
AcDbEntity
  8
B.Cu
  6
CONTINUOUS
100
AcDbLine
 10
99.7129929999999973
 20
-31.2047609999999978
 30
0
 11
99.4575099999999992
 21
-31.0572579999999974
 31
0
  0
LINE
  5
C09
330
22
100
AcDbEntity
  8
B.Cu
  6
CONTINUOUS
100
AcDbLine
 10
99.4575099999999992
 20
-31.0572579999999974
 30
0
 11
99.457499999999996
 21
-31.0572540000000004
 31
0
  0
LINE
  5
C0A
330
22
100
AcDbEntity
  8
B.Cu
  6
CONTINUOUS
100
AcDbLine
 10
99.457499999999996
 20
-31.0572540000000004
 30
0
 11
99.1849610000000013
 21
-30.9443640000000002
 31
0
  0
LINE
  5
C0B
330
22
100
AcDbEntity
  8
B.Cu
  6
CONTINUOUS
100
AcDbLine
 10
99.1849610000000013
 20
-30.9443640000000002
 30
0
 11
99.1849539999999905
 21
-30.9443619999999981
 31
0
  0
LINE
  5
C0C
330
22
100
AcDbEntity
  8
B.Cu
  6
CONTINUOUS
100
AcDbLine
 10
99.1849539999999905
 20
-30.9443619999999981
 30
0
 11
99.1849519999999956
 21
-30.9443609999999971
 31
0
  0
LINE
  5
C0D
330
22
100
AcDbEntity
  8
B.Cu
  6
CONTINUOUS
100
AcDbLine
 10
99.1849519999999956
 20
-30.9443609999999971
 30
0
 11
98.8999929999999949
 21
-30.8680069999999986
 31
0
  0
LINE
  5
C0E
330
22
100
AcDbEntity
  8
B.Cu
  6
CONTINUOUS
100
AcDbLine
 10
98.8999929999999949
 20
-30.8680069999999986
 30
0
 11
98.851112999999998
 21
-30.8615709999999979
 31
0
  0
LINE
  5
C0F
330
22
100
AcDbEntity
  8
B.Cu
  6
CONTINUOUS
100
AcDbLine
 10
98.851112999999998
 20
-30.8615709999999979
 30
0
 11
98.6075129999999973
 21
-30.8294999999999995
 31
0
  0
LINE
  5
C10
330
22
100
AcDbEntity
  8
B.Cu
  6
CONTINUOUS
100
AcDbLine
 10
98.6075129999999973
 20
-30.8294999999999995
 30
0
 11
98.6075060000000008
 21
-30.8294999999999995
 31
0
  0
LINE
  5
C11
330
22
100
AcDbEntity
  8
B.Cu
  6
CONTINUOUS
100
AcDbLine
 10
98.6075060000000008
 20
-30.8294999999999995
 30
0
 11
98.3124940000000009
 21
-30.8294999999999995
 31
0
  0
LINE
  5
C12
330
22
100
AcDbEntity
  8
B.Cu
  6
CONTINUOUS
100
AcDbLine
 10
98.3124940000000009
 20
-30.8294999999999995
 30
0
 11
98.3124859999999927
 21
-30.8294999999999995
 31
0
  0
LINE
  5
C13
330
22
100
AcDbEntity
  8
B.Cu
  6
CONTINUOUS
100
AcDbLine
 10
98.3124859999999927
 20
-30.8294999999999995
 30
0
 11
98.0340849999999904
 21
-30.8661529999999971
 31
0
  0
LINE
  5
C14
330
22
100
AcDbEntity
  8
B.Cu
  6
CONTINUOUS
100
AcDbLine
 10
98.0340849999999904
 20
-30.8661529999999971
 30
0
 11
98.0200069999999926
 21
-30.8680069999999986
 31
0
  0
LINE
  5
C15
330
22
100
AcDbEntity
  8
B.Cu
  6
CONTINUOUS
100
AcDbLine
 10
98.0200069999999926
 20
-30.8680069999999986
 30
0
 11
97.8454279999999983
 21
-30.9147849999999984
 31
0
  0
LINE
  5
C16
330
22
100
AcDbEntity
  8
B.Cu
  6
CONTINUOUS
100
AcDbLine
 10
97.8454279999999983
 20
-30.9147849999999984
 30
0
 11
97.7350479999999919
 21
-30.9443609999999971
 31
0
  0
LINE
  5
C17
330
22
100
AcDbEntity
  8
B.Cu
  6
CONTINUOUS
100
AcDbLine
 10
97.7350479999999919
 20
-30.9443609999999971
 30
0
 11
97.7350379999999888
 21
-30.9443640000000002
 31
0
  0
LINE
  5
C18
330
22
100
AcDbEntity
  8
B.Cu
  6
CONTINUOUS
100
AcDbLine
 10
97.7350379999999888
 20
-30.9443640000000002
 30
0
 11
97.462498999999994
 21
-31.0572540000000004
 31
0
  0
LINE
  5
C19
330
22
100
AcDbEntity
  8
B.Cu
  6
CONTINUOUS
100
AcDbLine
 10
97.462498999999994
 20
-31.0572540000000004
 30
0
 11
97.4624889999999908
 21
-31.0572579999999974
 31
0
  0
LINE
  5
C1A
330
22
100
AcDbEntity
  8
B.Cu
  6
CONTINUOUS
100
AcDbLine
 10
97.4624889999999908
 20
-31.0572579999999974
 30
0
 11
97.2070059999999927
 21
-31.2047609999999978
 31
0
  0
LINE
  5
C1B
330
22
100
AcDbEntity
  8
B.Cu
  6
CONTINUOUS
100
AcDbLine
 10
97.2070059999999927
 20
-31.2047609999999978
 30
0
 11
96.9729589999999888
 21
-31.3843519999999998
 31
0
  0
LINE
  5
C1C
330
22
100
AcDbEntity
  8
B.Cu
  6
CONTINUOUS
100
AcDbLine
 10
96.9729589999999888
 20
-31.3843519999999998
 30
0
 11
96.9729519999999923
 21
-31.3843579999999989
 31
0
  0
LINE
  5
C1D
330
22
100
AcDbEntity
  8
B.Cu
  6
CONTINUOUS
100
AcDbLine
 10
96.9729519999999923
 20
-31.3843579999999989
 30
0
 11
96.7643580000000014
 21
-31.5929519999999968
 31
0
  0
LINE
  5
C1E
330
22
100
AcDbEntity
  8
B.Cu
  6
CONTINUOUS
100
AcDbLine
 10
96.7643580000000014
 20
-31.5929519999999968
 30
0
 11
96.7643520000000024
 21
-31.5929589999999969
 31
0
  0
LINE
  5
C1F
330
22
100
AcDbEntity
  8
B.Cu
  6
CONTINUOUS
100
AcDbLine
 10
96.7643520000000024
 20
-31.5929589999999969
 30
0
 11
96.5847610000000003
 21
-31.8270059999999972
 31
0
  0
LINE
  5
C20
330
22
100
AcDbEntity
  8
B.Cu
  6
CONTINUOUS
100
AcDbLine
 10
96.5847610000000003
 20
-31.8270059999999972
 30
0
 11
96.4372579999999999
 21
-32.0824889999999954
 31
0
  0
LINE
  5
C21
330
22
100
AcDbEntity
  8
B.Cu
  6
CONTINUOUS
100
AcDbLine
 10
96.4372579999999999
 20
-32.0824889999999954
 30
0
 11
96.4372539999999958
 21
-32.0824989999999985
 31
0
  0
LINE
  5
C22
330
22
100
AcDbEntity
  8
B.Cu
  6
CONTINUOUS
100
AcDbLine
 10
96.4372539999999958
 20
-32.0824989999999985
 30
0
 11
96.3243639999999886
 21
-32.3550380000000004
 31
0
  0
LINE
  5
C23
330
22
100
AcDbEntity
  8
B.Cu
  6
CONTINUOUS
100
AcDbLine
 10
96.3243639999999886
 20
-32.3550380000000004
 30
0
 11
96.3243609999999961
 21
-32.3550479999999965
 31
0
  0
LINE
  5
C24
330
22
100
AcDbEntity
  8
B.Cu
  6
CONTINUOUS
100
AcDbLine
 10
96.3243609999999961
 20
-32.3550479999999965
 30
0
 11
96.2480079999999987
 21
-32.6400039999999976
 31
0
  0
LINE
  5
C25
330
22
100
AcDbEntity
  8
B.Cu
  6
CONTINUOUS
100
AcDbLine
 10
96.2480079999999987
 20
-32.6400039999999976
 30
0
 11
96.2480059999999895
 21
-32.6400149999999982
 31
0
  0
LINE
  5
C26
330
22
100
AcDbEntity
  8
B.Cu
  6
CONTINUOUS
100
AcDbLine
 10
96.2480059999999895
 20
-32.6400149999999982
 30
0
 11
96.2094999999999914
 21
-32.9324859999999973
 31
0
  0
LINE
  5
C27
330
22
100
AcDbEntity
  8
B.Cu
  6
CONTINUOUS
100
AcDbLine
 10
96.2094999999999914
 20
-32.9324859999999973
 30
0
 11
96.2094999999999914
 21
-33.2275130000000019
 31
0
  0
LINE
  5
C28
330
22
100
AcDbEntity
  8
B.Cu
  6
CONTINUOUS
100
AcDbLine
 10
110.4354999999999905
 20
-24.5379609999999992
 30
0
 11
110.4749099999999942
 21
-24.7867849999999983
 31
0
  0
LINE
  5
C29
330
22
100
AcDbEntity
  8
B.Cu
  6
CONTINUOUS
100
AcDbLine
 10
110.4749099999999942
 20
-24.7867849999999983
 30
0
 11
110.5527599999999921
 21
-25.0263829999999992
 31
0
  0
LINE
  5
C2A
330
22
100
AcDbEntity
  8
B.Cu
  6
CONTINUOUS
100
AcDbLine
 10
110.5527599999999921
 20
-25.0263829999999992
 30
0
 11
110.6671319999999952
 21
-25.2508479999999977
 31
0
  0
LINE
  5
C2B
330
22
100
AcDbEntity
  8
B.Cu
  6
CONTINUOUS
100
AcDbLine
 10
110.6671319999999952
 20
-25.2508479999999977
 30
0
 11
110.8152010000000018
 21
-25.4546489999999999
 31
0
  0
LINE
  5
C2C
330
22
100
AcDbEntity
  8
B.Cu
  6
CONTINUOUS
100
AcDbLine
 10
110.8152010000000018
 20
-25.4546489999999999
 30
0
 11
110.8152049999999917
 21
-25.4546539999999979
 31
0
  0
LINE
  5
C2D
330
22
100
AcDbEntity
  8
B.Cu
  6
CONTINUOUS
100
AcDbLine
 10
110.8152049999999917
 20
-25.4546539999999979
 30
0
 11
110.9933449999999908
 21
-25.6327940000000005
 31
0
  0
LINE
  5
C2E
330
22
100
AcDbEntity
  8
B.Cu
  6
CONTINUOUS
100
AcDbLine
 10
110.9933449999999908
 20
-25.6327940000000005
 30
0
 11
110.9933499999999924
 21
-25.6327979999999975
 31
0
  0
LINE
  5
C2F
330
22
100
AcDbEntity
  8
B.Cu
  6
CONTINUOUS
100
AcDbLine
 10
110.9933499999999924
 20
-25.6327979999999975
 30
0
 11
111.1711169999999953
 21
-25.7619519999999973
 31
0
  0
LINE
  5
C30
330
22
100
AcDbEntity
  8
B.Cu
  6
CONTINUOUS
100
AcDbLine
 10
111.1711169999999953
 20
-25.7619519999999973
 30
0
 11
111.1971549999999951
 21
-25.7808700000000002
 31
0
  0
LINE
  5
C31
330
22
100
AcDbEntity
  8
B.Cu
  6
CONTINUOUS
100
AcDbLine
 10
111.1971549999999951
 20
-25.7808700000000002
 30
0
 11
111.3401839999999936
 21
-25.8537469999999985
 31
0
  0
LINE
  5
C32
330
22
100
AcDbEntity
  8
B.Cu
  6
CONTINUOUS
100
AcDbLine
 10
111.3401839999999936
 20
-25.8537469999999985
 30
0
 11
111.4216160000000002
 21
-25.8952390000000001
 31
0
  0
LINE
  5
C33
330
22
100
AcDbEntity
  8
B.Cu
  6
CONTINUOUS
100
AcDbLine
 10
111.4216160000000002
 20
-25.8952390000000001
 30
0
 11
111.4216179999999952
 21
-25.8952390000000001
 31
0
  0
LINE
  5
C34
330
22
100
AcDbEntity
  8
B.Cu
  6
CONTINUOUS
100
AcDbLine
 10
111.4216179999999952
 20
-25.8952390000000001
 30
0
 11
111.4216210000000018
 21
-25.8952409999999986
 31
0
  0
LINE
  5
C35
330
22
100
AcDbEntity
  8
B.Cu
  6
CONTINUOUS
100
AcDbLine
 10
111.4216210000000018
 20
-25.8952409999999986
 30
0
 11
111.6612149999999986
 21
-25.9730899999999991
 31
0
  0
LINE
  5
C36
330
22
100
AcDbEntity
  8
B.Cu
  6
CONTINUOUS
100
AcDbLine
 10
111.6612149999999986
 20
-25.9730899999999991
 30
0
 11
111.9100380000000001
 21
-26.0124999999999993
 31
0
  0
LINE
  5
C37
330
22
100
AcDbEntity
  8
B.Cu
  6
CONTINUOUS
100
AcDbLine
 10
111.9100380000000001
 20
-26.0124999999999993
 30
0
 11
111.9100389999999976
 21
-26.0124999999999993
 31
0
  0
LINE
  5
C38
330
22
100
AcDbEntity
  8
B.Cu
  6
CONTINUOUS
100
AcDbLine
 10
111.9100389999999976
 20
-26.0124999999999993
 30
0
 11
112.1619609999999909
 21
-26.0124999999999993
 31
0
  0
LINE
  5
C39
330
22
100
AcDbEntity
  8
B.Cu
  6
CONTINUOUS
100
AcDbLine
 10
112.1619609999999909
 20
-26.0124999999999993
 30
0
 11
112.1619619999999884
 21
-26.0124999999999993
 31
0
  0
LINE
  5
C3A
330
22
100
AcDbEntity
  8
B.Cu
  6
CONTINUOUS
100
AcDbLine
 10
112.1619619999999884
 20
-26.0124999999999993
 30
0
 11
112.41078499999999
 21
-25.9730899999999991
 31
0
  0
LINE
  5
C3B
330
22
100
AcDbEntity
  8
B.Cu
  6
CONTINUOUS
100
AcDbLine
 10
112.41078499999999
 20
-25.9730899999999991
 30
0
 11
112.6503790000000009
 21
-25.8952409999999986
 31
0
  0
LINE
  5
C3C
330
22
100
AcDbEntity
  8
B.Cu
  6
CONTINUOUS
100
AcDbLine
 10
112.6503790000000009
 20
-25.8952409999999986
 30
0
 11
112.8748449999999934
 21
-25.7808700000000002
 31
0
  0
LINE
  5
C3D
330
22
100
AcDbEntity
  8
B.Cu
  6
CONTINUOUS
100
AcDbLine
 10
112.8748449999999934
 20
-25.7808700000000002
 30
0
 11
113.0786559999999952
 21
-25.6327929999999995
 31
0
  0
LINE
  5
C3E
330
22
100
AcDbEntity
  8
B.Cu
  6
CONTINUOUS
100
AcDbLine
 10
113.0786559999999952
 20
-25.6327929999999995
 30
0
 11
113.2567930000000018
 21
-25.4546559999999999
 31
0
  0
LINE
  5
C3F
330
22
100
AcDbEntity
  8
B.Cu
  6
CONTINUOUS
100
AcDbLine
 10
113.2567930000000018
 20
-25.4546559999999999
 30
0
 11
113.4048699999999883
 21
-25.2508449999999982
 31
0
  0
LINE
  5
C40
330
22
100
AcDbEntity
  8
B.Cu
  6
CONTINUOUS
100
AcDbLine
 10
113.4048699999999883
 20
-25.2508449999999982
 30
0
 11
113.5192409999999938
 21
-25.0263789999999986
 31
0
  0
LINE
  5
C41
330
22
100
AcDbEntity
  8
B.Cu
  6
CONTINUOUS
100
AcDbLine
 10
113.5192409999999938
 20
-25.0263789999999986
 30
0
 11
113.5970899999999943
 21
-24.7867849999999983
 31
0
  0
LINE
  5
C42
330
22
100
AcDbEntity
  8
B.Cu
  6
CONTINUOUS
100
AcDbLine
 10
113.5970899999999943
 20
-24.7867849999999983
 30
0
 11
113.6364999999999981
 21
-24.5379620000000003
 31
0
  0
LINE
  5
C43
330
22
100
AcDbEntity
  8
B.Cu
  6
CONTINUOUS
100
AcDbLine
 10
113.6364999999999981
 20
-24.5379620000000003
 30
0
 11
113.6364999999999981
 21
-24.2860379999999978
 31
0
  0
LINE
  5
C44
330
22
100
AcDbEntity
  8
B.Cu
  6
CONTINUOUS
100
AcDbLine
 10
113.6364999999999981
 20
-24.2860379999999978
 30
0
 11
113.5970899999999943
 21
-24.0372149999999998
 31
0
  0
LINE
  5
C45
330
22
100
AcDbEntity
  8
B.Cu
  6
CONTINUOUS
100
AcDbLine
 10
113.5970899999999943
 20
-24.0372149999999998
 30
0
 11
113.5192409999999938
 21
-23.7976209999999995
 31
0
  0
LINE
  5
C46
330
22
100
AcDbEntity
  8
B.Cu
  6
CONTINUOUS
100
AcDbLine
 10
113.5192409999999938
 20
-23.7976209999999995
 30
0
 11
113.5192389999999989
 21
-23.7976179999999999
 31
0
  0
LINE
  5
C47
330
22
100
AcDbEntity
  8
B.Cu
  6
CONTINUOUS
100
AcDbLine
 10
113.5192389999999989
 20
-23.7976179999999999
 30
0
 11
113.5192389999999989
 21
-23.7976159999999979
 31
0
  0
LINE
  5
C48
330
22
100
AcDbEntity
  8
B.Cu
  6
CONTINUOUS
100
AcDbLine
 10
113.5192389999999989
 20
-23.7976159999999979
 30
0
 11
113.4777469999999937
 21
-23.7161839999999984
 31
0
  0
LINE
  5
C49
330
22
100
AcDbEntity
  8
B.Cu
  6
CONTINUOUS
100
AcDbLine
 10
113.4777469999999937
 20
-23.7161839999999984
 30
0
 11
113.4048699999999883
 21
-23.5731549999999999
 31
0
  0
LINE
  5
C4A
330
22
100
AcDbEntity
  8
B.Cu
  6
CONTINUOUS
100
AcDbLine
 10
113.4048699999999883
 20
-23.5731549999999999
 30
0
 11
113.385951999999989
 21
-23.5471170000000001
 31
0
  0
LINE
  5
C4B
330
22
100
AcDbEntity
  8
B.Cu
  6
CONTINUOUS
100
AcDbLine
 10
113.385951999999989
 20
-23.5471170000000001
 30
0
 11
113.2567979999999892
 21
-23.3693499999999972
 31
0
  0
LINE
  5
C4C
330
22
100
AcDbEntity
  8
B.Cu
  6
CONTINUOUS
100
AcDbLine
 10
113.2567979999999892
 20
-23.3693499999999972
 30
0
 11
113.2567939999999993
 21
-23.3693449999999991
 31
0
  0
LINE
  5
C4D
330
22
100
AcDbEntity
  8
B.Cu
  6
CONTINUOUS
100
AcDbLine
 10
113.2567939999999993
 20
-23.3693449999999991
 30
0
 11
113.0786540000000002
 21
-23.1912050000000001
 31
0
  0
LINE
  5
C4E
330
22
100
AcDbEntity
  8
B.Cu
  6
CONTINUOUS
100
AcDbLine
 10
113.0786540000000002
 20
-23.1912050000000001
 30
0
 11
113.0786489999999986
 21
-23.1912009999999995
 31
0
  0
LINE
  5
C4F
330
22
100
AcDbEntity
  8
B.Cu
  6
CONTINUOUS
100
AcDbLine
 10
113.0786489999999986
 20
-23.1912009999999995
 30
0
 11
112.8748480000000001
 21
-23.0431319999999999
 31
0
  0
LINE
  5
C50
330
22
100
AcDbEntity
  8
B.Cu
  6
CONTINUOUS
100
AcDbLine
 10
112.8748480000000001
 20
-23.0431319999999999
 30
0
 11
112.8748469999999884
 21
-23.0431309999999989
 31
0
  0
LINE
  5
C51
330
22
100
AcDbEntity
  8
B.Cu
  6
CONTINUOUS
100
AcDbLine
 10
112.8748469999999884
 20
-23.0431309999999989
 30
0
 11
112.8748449999999934
 21
-23.0431299999999979
 31
0
  0
LINE
  5
C52
330
22
100
AcDbEntity
  8
B.Cu
  6
CONTINUOUS
100
AcDbLine
 10
112.8748449999999934
 20
-23.0431299999999979
 30
0
 11
112.8047469999999919
 21
-23.0074129999999997
 31
0
  0
LINE
  5
C53
330
22
100
AcDbEntity
  8
B.Cu
  6
CONTINUOUS
100
AcDbLine
 10
112.8047469999999919
 20
-23.0074129999999997
 30
0
 11
112.6503829999999908
 21
-22.9287600000000005
 31
0
  0
LINE
  5
C54
330
22
100
AcDbEntity
  8
B.Cu
  6
CONTINUOUS
100
AcDbLine
 10
112.6503829999999908
 20
-22.9287600000000005
 30
0
 11
112.41078499999999
 21
-22.8509099999999989
 31
0
  0
LINE
  5
C55
330
22
100
AcDbEntity
  8
B.Cu
  6
CONTINUOUS
100
AcDbLine
 10
112.41078499999999
 20
-22.8509099999999989
 30
0
 11
112.1619619999999884
 21
-22.8114999999999988
 31
0
  0
LINE
  5
C56
330
22
100
AcDbEntity
  8
B.Cu
  6
CONTINUOUS
100
AcDbLine
 10
112.1619619999999884
 20
-22.8114999999999988
 30
0
 11
111.9100380000000001
 21
-22.8114999999999988
 31
0
  0
LINE
  5
C57
330
22
100
AcDbEntity
  8
B.Cu
  6
CONTINUOUS
100
AcDbLine
 10
111.9100380000000001
 20
-22.8114999999999988
 30
0
 11
111.7856259999999935
 21
-22.8312050000000006
 31
0
  0
LINE
  5
C58
330
22
100
AcDbEntity
  8
B.Cu
  6
CONTINUOUS
100
AcDbLine
 10
111.7856259999999935
 20
-22.8312050000000006
 30
0
 11
111.6612140000000011
 21
-22.8509099999999989
 31
0
  0
LINE
  5
C59
330
22
100
AcDbEntity
  8
B.Cu
  6
CONTINUOUS
100
AcDbLine
 10
111.6612140000000011
 20
-22.8509099999999989
 30
0
 11
111.4216160000000002
 21
-22.9287600000000005
 31
0
  0
LINE
  5
C5A
330
22
100
AcDbEntity
  8
B.Cu
  6
CONTINUOUS
100
AcDbLine
 10
111.4216160000000002
 20
-22.9287600000000005
 30
0
 11
111.197150999999991
 21
-23.0431319999999999
 31
0
  0
LINE
  5
C5B
330
22
100
AcDbEntity
  8
B.Cu
  6
CONTINUOUS
100
AcDbLine
 10
111.197150999999991
 20
-23.0431319999999999
 30
0
 11
110.9933499999999924
 21
-23.1912009999999995
 31
0
  0
LINE
  5
C5C
330
22
100
AcDbEntity
  8
B.Cu
  6
CONTINUOUS
100
AcDbLine
 10
110.9933499999999924
 20
-23.1912009999999995
 30
0
 11
110.9933449999999908
 21
-23.1912050000000001
 31
0
  0
LINE
  5
C5D
330
22
100
AcDbEntity
  8
B.Cu
  6
CONTINUOUS
100
AcDbLine
 10
110.9933449999999908
 20
-23.1912050000000001
 30
0
 11
110.8152049999999917
 21
-23.3693449999999991
 31
0
  0
LINE
  5
C5E
330
22
100
AcDbEntity
  8
B.Cu
  6
CONTINUOUS
100
AcDbLine
 10
110.8152049999999917
 20
-23.3693449999999991
 30
0
 11
110.8152010000000018
 21
-23.3693499999999972
 31
0
  0
LINE
  5
C5F
330
22
100
AcDbEntity
  8
B.Cu
  6
CONTINUOUS
100
AcDbLine
 10
110.8152010000000018
 20
-23.3693499999999972
 30
0
 11
110.6671319999999952
 21
-23.5731509999999993
 31
0
  0
LINE
  5
C60
330
22
100
AcDbEntity
  8
B.Cu
  6
CONTINUOUS
100
AcDbLine
 10
110.6671319999999952
 20
-23.5731509999999993
 30
0
 11
110.5527599999999921
 21
-23.7976159999999979
 31
0
  0
LINE
  5
C61
330
22
100
AcDbEntity
  8
B.Cu
  6
CONTINUOUS
100
AcDbLine
 10
110.5527599999999921
 20
-23.7976159999999979
 30
0
 11
110.4749099999999942
 21
-24.0372139999999987
 31
0
  0
LINE
  5
C62
330
22
100
AcDbEntity
  8
B.Cu
  6
CONTINUOUS
100
AcDbLine
 10
110.4749099999999942
 20
-24.0372139999999987
 30
0
 11
110.4354999999999905
 21
-24.2860379999999978
 31
0
  0
LINE
  5
C63
330
22
100
AcDbEntity
  8
B.Cu
  6
CONTINUOUS
100
AcDbLine
 10
110.4354999999999905
 20
-24.2860379999999978
 30
0
 11
110.4354999999999905
 21
-24.5379609999999992
 31
0
  0
LINE
  5
C64
330
22
100
AcDbEntity
  8
B.Cu
  6
CONTINUOUS
100
AcDbLine
 10
139.8994999999999891
 20
-24.5379609999999992
 30
0
 11
139.9389099999999928
 21
-24.7867849999999983
 31
0
  0
LINE
  5
C65
330
22
100
AcDbEntity
  8
B.Cu
  6
CONTINUOUS
100
AcDbLine
 10
139.9389099999999928
 20
-24.7867849999999983
 30
0
 11
140.016760000000005
 21
-25.0263829999999992
 31
0
  0
LINE
  5
C66
330
22
100
AcDbEntity
  8
B.Cu
  6
CONTINUOUS
100
AcDbLine
 10
140.016760000000005
 20
-25.0263829999999992
 30
0
 11
140.1311319999999796
 21
-25.2508479999999977
 31
0
  0
LINE
  5
C67
330
22
100
AcDbEntity
  8
B.Cu
  6
CONTINUOUS
100
AcDbLine
 10
140.1311319999999796
 20
-25.2508479999999977
 30
0
 11
140.2792010000000005
 21
-25.4546489999999999
 31
0
  0
LINE
  5
C68
330
22
100
AcDbEntity
  8
B.Cu
  6
CONTINUOUS
100
AcDbLine
 10
140.2792010000000005
 20
-25.4546489999999999
 30
0
 11
140.2792049999999904
 21
-25.4546539999999979
 31
0
  0
LINE
  5
C69
330
22
100
AcDbEntity
  8
B.Cu
  6
CONTINUOUS
100
AcDbLine
 10
140.2792049999999904
 20
-25.4546539999999979
 30
0
 11
140.4573450000000037
 21
-25.6327940000000005
 31
0
  0
LINE
  5
C6A
330
22
100
AcDbEntity
  8
B.Cu
  6
CONTINUOUS
100
AcDbLine
 10
140.4573450000000037
 20
-25.6327940000000005
 30
0
 11
140.457349999999991
 21
-25.6327979999999975
 31
0
  0
LINE
  5
C6B
330
22
100
AcDbEntity
  8
B.Cu
  6
CONTINUOUS
100
AcDbLine
 10
140.457349999999991
 20
-25.6327979999999975
 30
0
 11
140.6351169999999797
 21
-25.7619519999999973
 31
0
  0
LINE
  5
C6C
330
22
100
AcDbEntity
  8
B.Cu
  6
CONTINUOUS
100
AcDbLine
 10
140.6351169999999797
 20
-25.7619519999999973
 30
0
 11
140.6611549999999795
 21
-25.7808700000000002
 31
0
  0
LINE
  5
C6D
330
22
100
AcDbEntity
  8
B.Cu
  6
CONTINUOUS
100
AcDbLine
 10
140.6611549999999795
 20
-25.7808700000000002
 30
0
 11
140.8041839999999922
 21
-25.8537469999999985
 31
0
  0
LINE
  5
C6E
330
22
100
AcDbEntity
  8
B.Cu
  6
CONTINUOUS
100
AcDbLine
 10
140.8041839999999922
 20
-25.8537469999999985
 30
0
 11
140.8856159999999988
 21
-25.8952390000000001
 31
0
  0
LINE
  5
C6F
330
22
100
AcDbEntity
  8
B.Cu
  6
CONTINUOUS
100
AcDbLine
 10
140.8856159999999988
 20
-25.8952390000000001
 30
0
 11
140.8856179999999938
 21
-25.8952390000000001
 31
0
  0
LINE
  5
C70
330
22
100
AcDbEntity
  8
B.Cu
  6
CONTINUOUS
100
AcDbLine
 10
140.8856179999999938
 20
-25.8952390000000001
 30
0
 11
140.8856209999999862
 21
-25.8952409999999986
 31
0
  0
LINE
  5
C71
330
22
100
AcDbEntity
  8
B.Cu
  6
CONTINUOUS
100
AcDbLine
 10
140.8856209999999862
 20
-25.8952409999999986
 30
0
 11
141.1252149999999972
 21
-25.9730899999999991
 31
0
  0
LINE
  5
C72
330
22
100
AcDbEntity
  8
B.Cu
  6
CONTINUOUS
100
AcDbLine
 10
141.1252149999999972
 20
-25.9730899999999991
 30
0
 11
141.3740379999999845
 21
-26.0124999999999993
 31
0
  0
LINE
  5
C73
330
22
100
AcDbEntity
  8
B.Cu
  6
CONTINUOUS
100
AcDbLine
 10
141.3740379999999845
 20
-26.0124999999999993
 30
0
 11
141.374038999999982
 21
-26.0124999999999993
 31
0
  0
LINE
  5
C74
330
22
100
AcDbEntity
  8
B.Cu
  6
CONTINUOUS
100
AcDbLine
 10
141.374038999999982
 20
-26.0124999999999993
 30
0
 11
141.6259609999999896
 21
-26.0124999999999993
 31
0
  0
LINE
  5
C75
330
22
100
AcDbEntity
  8
B.Cu
  6
CONTINUOUS
100
AcDbLine
 10
141.6259609999999896
 20
-26.0124999999999993
 30
0
 11
141.625961999999987
 21
-26.0124999999999993
 31
0
  0
LINE
  5
C76
330
22
100
AcDbEntity
  8
B.Cu
  6
CONTINUOUS
100
AcDbLine
 10
141.625961999999987
 20
-26.0124999999999993
 30
0
 11
141.8747850000000028
 21
-25.9730899999999991
 31
0
  0
LINE
  5
C77
330
22
100
AcDbEntity
  8
B.Cu
  6
CONTINUOUS
100
AcDbLine
 10
141.8747850000000028
 20
-25.9730899999999991
 30
0
 11
142.1143789999999854
 21
-25.8952409999999986
 31
0
  0
LINE
  5
C78
330
22
100
AcDbEntity
  8
B.Cu
  6
CONTINUOUS
100
AcDbLine
 10
142.1143789999999854
 20
-25.8952409999999986
 30
0
 11
142.3388449999999921
 21
-25.7808700000000002
 31
0
  0
LINE
  5
C79
330
22
100
AcDbEntity
  8
B.Cu
  6
CONTINUOUS
100
AcDbLine
 10
142.3388449999999921
 20
-25.7808700000000002
 30
0
 11
142.5426559999999938
 21
-25.6327929999999995
 31
0
  0
LINE
  5
C7A
330
22
100
AcDbEntity
  8
B.Cu
  6
CONTINUOUS
100
AcDbLine
 10
142.5426559999999938
 20
-25.6327929999999995
 30
0
 11
142.7207929999999863
 21
-25.4546559999999999
 31
0
  0
LINE
  5
C7B
330
22
100
AcDbEntity
  8
B.Cu
  6
CONTINUOUS
100
AcDbLine
 10
142.7207929999999863
 20
-25.4546559999999999
 30
0
 11
142.8688699999999869
 21
-25.2508449999999982
 31
0
  0
LINE
  5
C7C
330
22
100
AcDbEntity
  8
B.Cu
  6
CONTINUOUS
100
AcDbLine
 10
142.8688699999999869
 20
-25.2508449999999982
 30
0
 11
142.9832409999999925
 21
-25.0263789999999986
 31
0
  0
LINE
  5
C7D
330
22
100
AcDbEntity
  8
B.Cu
  6
CONTINUOUS
100
AcDbLine
 10
142.9832409999999925
 20
-25.0263789999999986
 30
0
 11
143.0610900000000072
 21
-24.7867849999999983
 31
0
  0
LINE
  5
C7E
330
22
100
AcDbEntity
  8
B.Cu
  6
CONTINUOUS
100
AcDbLine
 10
143.0610900000000072
 20
-24.7867849999999983
 30
0
 11
143.1004999999999825
 21
-24.5379620000000003
 31
0
  0
LINE
  5
C7F
330
22
100
AcDbEntity
  8
B.Cu
  6
CONTINUOUS
100
AcDbLine
 10
143.1004999999999825
 20
-24.5379620000000003
 30
0
 11
143.1004999999999825
 21
-24.2860379999999978
 31
0
  0
LINE
  5
C80
330
22
100
AcDbEntity
  8
B.Cu
  6
CONTINUOUS
100
AcDbLine
 10
143.1004999999999825
 20
-24.2860379999999978
 30
0
 11
143.0610900000000072
 21
-24.0372149999999998
 31
0
  0
LINE
  5
C81
330
22
100
AcDbEntity
  8
B.Cu
  6
CONTINUOUS
100
AcDbLine
 10
143.0610900000000072
 20
-24.0372149999999998
 30
0
 11
142.9832409999999925
 21
-23.7976209999999995
 31
0
  0
LINE
  5
C82
330
22
100
AcDbEntity
  8
B.Cu
  6
CONTINUOUS
100
AcDbLine
 10
142.9832409999999925
 20
-23.7976209999999995
 30
0
 11
142.9832389999999975
 21
-23.7976179999999999
 31
0
  0
LINE
  5
C83
330
22
100
AcDbEntity
  8
B.Cu
  6
CONTINUOUS
100
AcDbLine
 10
142.9832389999999975
 20
-23.7976179999999999
 30
0
 11
142.9832389999999975
 21
-23.7976159999999979
 31
0
  0
LINE
  5
C84
330
22
100
AcDbEntity
  8
B.Cu
  6
CONTINUOUS
100
AcDbLine
 10
142.9832389999999975
 20
-23.7976159999999979
 30
0
 11
142.9417469999999923
 21
-23.7161839999999984
 31
0
  0
LINE
  5
C85
330
22
100
AcDbEntity
  8
B.Cu
  6
CONTINUOUS
100
AcDbLine
 10
142.9417469999999923
 20
-23.7161839999999984
 30
0
 11
142.8688699999999869
 21
-23.5731549999999999
 31
0
  0
LINE
  5
C86
330
22
100
AcDbEntity
  8
B.Cu
  6
CONTINUOUS
100
AcDbLine
 10
142.8688699999999869
 20
-23.5731549999999999
 30
0
 11
142.8499520000000018
 21
-23.5471170000000001
 31
0
  0
LINE
  5
C87
330
22
100
AcDbEntity
  8
B.Cu
  6
CONTINUOUS
100
AcDbLine
 10
142.8499520000000018
 20
-23.5471170000000001
 30
0
 11
142.720798000000002
 21
-23.3693499999999972
 31
0
  0
LINE
  5
C88
330
22
100
AcDbEntity
  8
B.Cu
  6
CONTINUOUS
100
AcDbLine
 10
142.720798000000002
 20
-23.3693499999999972
 30
0
 11
142.7207939999999837
 21
-23.3693449999999991
 31
0
  0
LINE
  5
C89
330
22
100
AcDbEntity
  8
B.Cu
  6
CONTINUOUS
100
AcDbLine
 10
142.7207939999999837
 20
-23.3693449999999991
 30
0
 11
142.5426539999999989
 21
-23.1912050000000001
 31
0
  0
LINE
  5
C8A
330
22
100
AcDbEntity
  8
B.Cu
  6
CONTINUOUS
100
AcDbLine
 10
142.5426539999999989
 20
-23.1912050000000001
 30
0
 11
142.5426489999999831
 21
-23.1912009999999995
 31
0
  0
LINE
  5
C8B
330
22
100
AcDbEntity
  8
B.Cu
  6
CONTINUOUS
100
AcDbLine
 10
142.5426489999999831
 20
-23.1912009999999995
 30
0
 11
142.3388479999999845
 21
-23.0431319999999999
 31
0
  0
LINE
  5
C8C
330
22
100
AcDbEntity
  8
B.Cu
  6
CONTINUOUS
100
AcDbLine
 10
142.3388479999999845
 20
-23.0431319999999999
 30
0
 11
142.338846999999987
 21
-23.0431309999999989
 31
0
  0
LINE
  5
C8D
330
22
100
AcDbEntity
  8
B.Cu
  6
CONTINUOUS
100
AcDbLine
 10
142.338846999999987
 20
-23.0431309999999989
 30
0
 11
142.3388449999999921
 21
-23.0431299999999979
 31
0
  0
LINE
  5
C8E
330
22
100
AcDbEntity
  8
B.Cu
  6
CONTINUOUS
100
AcDbLine
 10
142.3388449999999921
 20
-23.0431299999999979
 30
0
 11
142.2687469999999905
 21
-23.0074129999999997
 31
0
  0
LINE
  5
C8F
330
22
100
AcDbEntity
  8
B.Cu
  6
CONTINUOUS
100
AcDbLine
 10
142.2687469999999905
 20
-23.0074129999999997
 30
0
 11
142.1143830000000037
 21
-22.9287600000000005
 31
0
  0
LINE
  5
C90
330
22
100
AcDbEntity
  8
B.Cu
  6
CONTINUOUS
100
AcDbLine
 10
142.1143830000000037
 20
-22.9287600000000005
 30
0
 11
141.8747850000000028
 21
-22.8509099999999989
 31
0
  0
LINE
  5
C91
330
22
100
AcDbEntity
  8
B.Cu
  6
CONTINUOUS
100
AcDbLine
 10
141.8747850000000028
 20
-22.8509099999999989
 30
0
 11
141.625961999999987
 21
-22.8114999999999988
 31
0
  0
LINE
  5
C92
330
22
100
AcDbEntity
  8
B.Cu
  6
CONTINUOUS
100
AcDbLine
 10
141.625961999999987
 20
-22.8114999999999988
 30
0
 11
141.3740379999999845
 21
-22.8114999999999988
 31
0
  0
LINE
  5
C93
330
22
100
AcDbEntity
  8
B.Cu
  6
CONTINUOUS
100
AcDbLine
 10
141.3740379999999845
 20
-22.8114999999999988
 30
0
 11
141.2496260000000063
 21
-22.8312050000000006
 31
0
  0
LINE
  5
C94
330
22
100
AcDbEntity
  8
B.Cu
  6
CONTINUOUS
100
AcDbLine
 10
141.2496260000000063
 20
-22.8312050000000006
 30
0
 11
141.1252139999999997
 21
-22.8509099999999989
 31
0
  0
LINE
  5
C95
330
22
100
AcDbEntity
  8
B.Cu
  6
CONTINUOUS
100
AcDbLine
 10
141.1252139999999997
 20
-22.8509099999999989
 30
0
 11
140.8856159999999988
 21
-22.9287600000000005
 31
0
  0
LINE
  5
C96
330
22
100
AcDbEntity
  8
B.Cu
  6
CONTINUOUS
100
AcDbLine
 10
140.8856159999999988
 20
-22.9287600000000005
 30
0
 11
140.6611509999999896
 21
-23.0431319999999999
 31
0
  0
LINE
  5
C97
330
22
100
AcDbEntity
  8
B.Cu
  6
CONTINUOUS
100
AcDbLine
 10
140.6611509999999896
 20
-23.0431319999999999
 30
0
 11
140.457349999999991
 21
-23.1912009999999995
 31
0
  0
LINE
  5
C98
330
22
100
AcDbEntity
  8
B.Cu
  6
CONTINUOUS
100
AcDbLine
 10
140.457349999999991
 20
-23.1912009999999995
 30
0
 11
140.4573450000000037
 21
-23.1912050000000001
 31
0
  0
LINE
  5
C99
330
22
100
AcDbEntity
  8
B.Cu
  6
CONTINUOUS
100
AcDbLine
 10
140.4573450000000037
 20
-23.1912050000000001
 30
0
 11
140.2792049999999904
 21
-23.3693449999999991
 31
0
  0
LINE
  5
C9A
330
22
100
AcDbEntity
  8
B.Cu
  6
CONTINUOUS
100
AcDbLine
 10
140.2792049999999904
 20
-23.3693449999999991
 30
0
 11
140.2792010000000005
 21
-23.3693499999999972
 31
0
  0
LINE
  5
C9B
330
22
100
AcDbEntity
  8
B.Cu
  6
CONTINUOUS
100
AcDbLine
 10
140.2792010000000005
 20
-23.3693499999999972
 30
0
 11
140.1311319999999796
 21
-23.5731509999999993
 31
0
  0
LINE
  5
C9C
330
22
100
AcDbEntity
  8
B.Cu
  6
CONTINUOUS
100
AcDbLine
 10
140.1311319999999796
 20
-23.5731509999999993
 30
0
 11
140.016760000000005
 21
-23.7976159999999979
 31
0
  0
LINE
  5
C9D
330
22
100
AcDbEntity
  8
B.Cu
  6
CONTINUOUS
100
AcDbLine
 10
140.016760000000005
 20
-23.7976159999999979
 30
0
 11
139.9389099999999928
 21
-24.0372139999999987
 31
0
  0
LINE
  5
C9E
330
22
100
AcDbEntity
  8
B.Cu
  6
CONTINUOUS
100
AcDbLine
 10
139.9389099999999928
 20
-24.0372139999999987
 30
0
 11
139.8994999999999891
 21
-24.2860379999999978
 31
0
  0
LINE
  5
C9F
330
22
100
AcDbEntity
  8
B.Cu
  6
CONTINUOUS
100
AcDbLine
 10
139.8994999999999891
 20
-24.2860379999999978
 30
0
 11
139.8994999999999891
 21
-24.5379609999999992
 31
0
  0
LINE
  5
CA0
330
22
100
AcDbEntity
  8
B.Cu
  6
CONTINUOUS
100
AcDbLine
 10
147.6494999999999891
 20
-20.1212879999999998
 30
0
 11
147.681161000000003
 21
-20.3617849999999976
 31
0
  0
LINE
  5
CA1
330
22
100
AcDbEntity
  8
B.Cu
  6
CONTINUOUS
100
AcDbLine
 10
147.681161000000003
 20
-20.3617849999999976
 30
0
 11
147.7439469999999915
 21
-20.5961040000000004
 31
0
  0
LINE
  5
CA2
330
22
100
AcDbEntity
  8
B.Cu
  6
CONTINUOUS
100
AcDbLine
 10
147.7439469999999915
 20
-20.5961040000000004
 30
0
 11
147.7964000000000055
 21
-20.7227359999999976
 31
0
  0
LINE
  5
CA3
330
22
100
AcDbEntity
  8
B.Cu
  6
CONTINUOUS
100
AcDbLine
 10
147.7964000000000055
 20
-20.7227359999999976
 30
0
 11
147.8367759999999862
 21
-20.8202119999999979
 31
0
  0
LINE
  5
CA4
330
22
100
AcDbEntity
  8
B.Cu
  6
CONTINUOUS
100
AcDbLine
 10
147.8367759999999862
 20
-20.8202119999999979
 30
0
 11
147.9580640000000074
 21
-21.0302889999999998
 31
0
  0
LINE
  5
CA5
330
22
100
AcDbEntity
  8
B.Cu
  6
CONTINUOUS
100
AcDbLine
 10
147.9580640000000074
 20
-21.0302889999999998
 30
0
 11
147.9580660000000023
 21
-21.0302919999999993
 31
0
  0
LINE
  5
CA6
330
22
100
AcDbEntity
  8
B.Cu
  6
CONTINUOUS
100
AcDbLine
 10
147.9580660000000023
 20
-21.0302919999999993
 30
0
 11
147.9580669999999998
 21
-21.0302930000000003
 31
0
  0
LINE
  5
CA7
330
22
100
AcDbEntity
  8
B.Cu
  6
CONTINUOUS
100
AcDbLine
 10
147.9580669999999998
 20
-21.0302930000000003
 30
0
 11
148.1057329999999865
 21
-21.2227359999999976
 31
0
  0
LINE
  5
CA8
330
22
100
AcDbEntity
  8
B.Cu
  6
CONTINUOUS
100
AcDbLine
 10
148.1057329999999865
 20
-21.2227359999999976
 30
0
 11
148.1057389999999998
 21
-21.2227429999999977
 31
0
  0
LINE
  5
CA9
330
22
100
AcDbEntity
  8
B.Cu
  6
CONTINUOUS
100
AcDbLine
 10
148.1057389999999998
 20
-21.2227429999999977
 30
0
 11
148.2772559999999942
 21
-21.3942599999999992
 31
0
  0
LINE
  5
CAA
330
22
100
AcDbEntity
  8
B.Cu
  6
CONTINUOUS
100
AcDbLine
 10
148.2772559999999942
 20
-21.3942599999999992
 30
0
 11
148.2772620000000074
 21
-21.3942650000000008
 31
0
  0
LINE
  5
CAB
330
22
100
AcDbEntity
  8
B.Cu
  6
CONTINUOUS
100
AcDbLine
 10
148.2772620000000074
 20
-21.3942650000000008
 30
0
 11
148.4697109999999896
 21
-21.5419359999999998
 31
0
  0
LINE
  5
CAC
330
22
100
AcDbEntity
  8
B.Cu
  6
CONTINUOUS
100
AcDbLine
 10
148.4697109999999896
 20
-21.5419359999999998
 30
0
 11
148.6797880000000021
 21
-21.6632239999999996
 31
0
  0
LINE
  5
CAD
330
22
100
AcDbEntity
  8
B.Cu
  6
CONTINUOUS
100
AcDbLine
 10
148.6797880000000021
 20
-21.6632239999999996
 30
0
 11
148.903899999999993
 21
-21.7560539999999989
 31
0
  0
LINE
  5
CAE
330
22
100
AcDbEntity
  8
B.Cu
  6
CONTINUOUS
100
AcDbLine
 10
148.903899999999993
 20
-21.7560539999999989
 30
0
 11
149.1382109999999841
 21
-21.8188379999999995
 31
0
  0
LINE
  5
CAF
330
22
100
AcDbEntity
  8
B.Cu
  6
CONTINUOUS
100
AcDbLine
 10
149.1382109999999841
 20
-21.8188379999999995
 30
0
 11
149.3185859999999821
 21
-21.8425839999999987
 31
0
  0
LINE
  5
CB0
330
22
100
AcDbEntity
  8
B.Cu
  6
CONTINUOUS
100
AcDbLine
 10
149.3185859999999821
 20
-21.8425839999999987
 30
0
 11
149.3787109999999814
 21
-21.8505000000000003
 31
0
  0
LINE
  5
CB1
330
22
100
AcDbEntity
  8
B.Cu
  6
CONTINUOUS
100
AcDbLine
 10
149.3787109999999814
 20
-21.8505000000000003
 30
0
 11
149.3787120000000073
 21
-21.8505000000000003
 31
0
  0
LINE
  5
CB2
330
22
100
AcDbEntity
  8
B.Cu
  6
CONTINUOUS
100
AcDbLine
 10
149.3787120000000073
 20
-21.8505000000000003
 30
0
 11
149.6212889999999902
 21
-21.8505000000000003
 31
0
  0
LINE
  5
CB3
330
22
100
AcDbEntity
  8
B.Cu
  6
CONTINUOUS
100
AcDbLine
 10
149.6212889999999902
 20
-21.8505000000000003
 30
0
 11
149.6693879999999979
 21
-21.8441669999999988
 31
0
  0
LINE
  5
CB4
330
22
100
AcDbEntity
  8
B.Cu
  6
CONTINUOUS
100
AcDbLine
 10
149.6693879999999979
 20
-21.8441669999999988
 30
0
 11
149.8617889999999875
 21
-21.8188379999999995
 31
0
  0
LINE
  5
CB5
330
22
100
AcDbEntity
  8
B.Cu
  6
CONTINUOUS
100
AcDbLine
 10
149.8617889999999875
 20
-21.8188379999999995
 30
0
 11
150.096100000000007
 21
-21.7560539999999989
 31
0
  0
LINE
  5
CB6
330
22
100
AcDbEntity
  8
B.Cu
  6
CONTINUOUS
100
AcDbLine
 10
150.096100000000007
 20
-21.7560539999999989
 30
0
 11
150.3202119999999979
 21
-21.6632239999999996
 31
0
  0
LINE
  5
CB7
330
22
100
AcDbEntity
  8
B.Cu
  6
CONTINUOUS
100
AcDbLine
 10
150.3202119999999979
 20
-21.6632239999999996
 30
0
 11
150.530288999999982
 21
-21.5419359999999998
 31
0
  0
LINE
  5
CB8
330
22
100
AcDbEntity
  8
B.Cu
  6
CONTINUOUS
100
AcDbLine
 10
150.530288999999982
 20
-21.5419359999999998
 30
0
 11
150.7227379999999926
 21
-21.3942650000000008
 31
0
  0
LINE
  5
CB9
330
22
100
AcDbEntity
  8
B.Cu
  6
CONTINUOUS
100
AcDbLine
 10
150.7227379999999926
 20
-21.3942650000000008
 30
0
 11
150.8942649999999901
 21
-21.2227379999999997
 31
0
  0
LINE
  5
CBA
330
22
100
AcDbEntity
  8
B.Cu
  6
CONTINUOUS
100
AcDbLine
 10
150.8942649999999901
 20
-21.2227379999999997
 30
0
 11
151.0419359999999926
 21
-21.0302889999999998
 31
0
  0
LINE
  5
CBB
330
22
100
AcDbEntity
  8
B.Cu
  6
CONTINUOUS
100
AcDbLine
 10
151.0419359999999926
 20
-21.0302889999999998
 30
0
 11
151.1632239999999854
 21
-20.8202119999999979
 31
0
  0
LINE
  5
CBC
330
22
100
AcDbEntity
  8
B.Cu
  6
CONTINUOUS
100
AcDbLine
 10
151.1632239999999854
 20
-20.8202119999999979
 30
0
 11
151.256054000000006
 21
-20.5960999999999999
 31
0
  0
LINE
  5
CBD
330
22
100
AcDbEntity
  8
B.Cu
  6
CONTINUOUS
100
AcDbLine
 10
151.256054000000006
 20
-20.5960999999999999
 30
0
 11
151.3188379999999995
 21
-20.3617889999999981
 31
0
  0
LINE
  5
CBE
330
22
100
AcDbEntity
  8
B.Cu
  6
CONTINUOUS
100
AcDbLine
 10
151.3188379999999995
 20
-20.3617889999999981
 30
0
 11
151.3504999999999825
 21
-20.1212879999999998
 31
0
  0
LINE
  5
CBF
330
22
100
AcDbEntity
  8
B.Cu
  6
CONTINUOUS
100
AcDbLine
 10
151.3504999999999825
 20
-20.1212879999999998
 30
0
 11
151.3504999999999825
 21
-19.8787120000000002
 31
0
  0
LINE
  5
CC0
330
22
100
AcDbEntity
  8
B.Cu
  6
CONTINUOUS
100
AcDbLine
 10
151.3504999999999825
 20
-19.8787120000000002
 30
0
 11
151.3188379999999995
 21
-19.6382109999999983
 31
0
  0
LINE
  5
CC1
330
22
100
AcDbEntity
  8
B.Cu
  6
CONTINUOUS
100
AcDbLine
 10
151.3188379999999995
 20
-19.6382109999999983
 30
0
 11
151.256054000000006
 21
-19.4039000000000001
 31
0
  0
LINE
  5
CC2
330
22
100
AcDbEntity
  8
B.Cu
  6
CONTINUOUS
100
AcDbLine
 10
151.256054000000006
 20
-19.4039000000000001
 30
0
 11
151.1632239999999854
 21
-19.1797879999999985
 31
0
  0
LINE
  5
CC3
330
22
100
AcDbEntity
  8
B.Cu
  6
CONTINUOUS
100
AcDbLine
 10
151.1632239999999854
 20
-19.1797879999999985
 30
0
 11
151.0419359999999926
 21
-18.9697110000000002
 31
0
  0
LINE
  5
CC4
330
22
100
AcDbEntity
  8
B.Cu
  6
CONTINUOUS
100
AcDbLine
 10
151.0419359999999926
 20
-18.9697110000000002
 30
0
 11
150.8942649999999901
 21
-18.7772620000000003
 31
0
  0
LINE
  5
CC5
330
22
100
AcDbEntity
  8
B.Cu
  6
CONTINUOUS
100
AcDbLine
 10
150.8942649999999901
 20
-18.7772620000000003
 30
0
 11
150.8942600000000027
 21
-18.7772559999999977
 31
0
  0
LINE
  5
CC6
330
22
100
AcDbEntity
  8
B.Cu
  6
CONTINUOUS
100
AcDbLine
 10
150.8942600000000027
 20
-18.7772559999999977
 30
0
 11
150.7227429999999799
 21
-18.6057389999999998
 31
0
  0
LINE
  5
CC7
330
22
100
AcDbEntity
  8
B.Cu
  6
CONTINUOUS
100
AcDbLine
 10
150.7227429999999799
 20
-18.6057389999999998
 30
0
 11
150.7227359999999976
 21
-18.6057330000000007
 31
0
  0
LINE
  5
CC8
330
22
100
AcDbEntity
  8
B.Cu
  6
CONTINUOUS
100
AcDbLine
 10
150.7227359999999976
 20
-18.6057330000000007
 30
0
 11
150.5302930000000003
 21
-18.4580669999999998
 31
0
  0
LINE
  5
CC9
330
22
100
AcDbEntity
  8
B.Cu
  6
CONTINUOUS
100
AcDbLine
 10
150.5302930000000003
 20
-18.4580669999999998
 30
0
 11
150.5302920000000029
 21
-18.4580659999999988
 31
0
  0
LINE
  5
CCA
330
22
100
AcDbEntity
  8
B.Cu
  6
CONTINUOUS
100
AcDbLine
 10
150.5302920000000029
 20
-18.4580659999999988
 30
0
 11
150.530288999999982
 21
-18.4580640000000002
 31
0
  0
LINE
  5
CCB
330
22
100
AcDbEntity
  8
B.Cu
  6
CONTINUOUS
100
AcDbLine
 10
150.530288999999982
 20
-18.4580640000000002
 30
0
 11
150.3202119999999979
 21
-18.3367760000000004
 31
0
  0
LINE
  5
CCC
330
22
100
AcDbEntity
  8
B.Cu
  6
CONTINUOUS
100
AcDbLine
 10
150.3202119999999979
 20
-18.3367760000000004
 30
0
 11
150.3202049999999872
 21
-18.3367730000000009
 31
0
  0
LINE
  5
CCD
330
22
100
AcDbEntity
  8
B.Cu
  6
CONTINUOUS
100
AcDbLine
 10
150.3202049999999872
 20
-18.3367730000000009
 30
0
 11
150.0961039999999969
 21
-18.2439469999999986
 31
0
  0
LINE
  5
CCE
330
22
100
AcDbEntity
  8
B.Cu
  6
CONTINUOUS
100
AcDbLine
 10
150.0961039999999969
 20
-18.2439469999999986
 30
0
 11
149.8617849999999976
 21
-18.1811609999999995
 31
0
  0
LINE
  5
CCF
330
22
100
AcDbEntity
  8
B.Cu
  6
CONTINUOUS
100
AcDbLine
 10
149.8617849999999976
 20
-18.1811609999999995
 30
0
 11
149.6212889999999902
 21
-18.1494999999999997
 31
0
  0
LINE
  5
CD0
330
22
100
AcDbEntity
  8
B.Cu
  6
CONTINUOUS
100
AcDbLine
 10
149.6212889999999902
 20
-18.1494999999999997
 30
0
 11
149.6212879999999927
 21
-18.1494999999999997
 31
0
  0
LINE
  5
CD1
330
22
100
AcDbEntity
  8
B.Cu
  6
CONTINUOUS
100
AcDbLine
 10
149.6212879999999927
 20
-18.1494999999999997
 30
0
 11
149.3787120000000073
 21
-18.1494999999999997
 31
0
  0
LINE
  5
CD2
330
22
100
AcDbEntity
  8
B.Cu
  6
CONTINUOUS
100
AcDbLine
 10
149.3787120000000073
 20
-18.1494999999999997
 30
0
 11
149.3787109999999814
 21
-18.1494999999999997
 31
0
  0
LINE
  5
CD3
330
22
100
AcDbEntity
  8
B.Cu
  6
CONTINUOUS
100
AcDbLine
 10
149.3787109999999814
 20
-18.1494999999999997
 30
0
 11
149.1382140000000049
 21
-18.1811609999999995
 31
0
  0
LINE
  5
CD4
330
22
100
AcDbEntity
  8
B.Cu
  6
CONTINUOUS
100
AcDbLine
 10
149.1382140000000049
 20
-18.1811609999999995
 30
0
 11
148.9038950000000057
 21
-18.2439469999999986
 31
0
  0
LINE
  5
CD5
330
22
100
AcDbEntity
  8
B.Cu
  6
CONTINUOUS
100
AcDbLine
 10
148.9038950000000057
 20
-18.2439469999999986
 30
0
 11
148.6797939999999869
 21
-18.3367730000000009
 31
0
  0
LINE
  5
CD6
330
22
100
AcDbEntity
  8
B.Cu
  6
CONTINUOUS
100
AcDbLine
 10
148.6797939999999869
 20
-18.3367730000000009
 30
0
 11
148.6797849999999812
 21
-18.3367769999999979
 31
0
  0
LINE
  5
CD7
330
22
100
AcDbEntity
  8
B.Cu
  6
CONTINUOUS
100
AcDbLine
 10
148.6797849999999812
 20
-18.3367769999999979
 30
0
 11
148.4697060000000022
 21
-18.4580669999999998
 31
0
  0
LINE
  5
CD8
330
22
100
AcDbEntity
  8
B.Cu
  6
CONTINUOUS
100
AcDbLine
 10
148.4697060000000022
 20
-18.4580669999999998
 30
0
 11
148.2772630000000049
 21
-18.6057330000000007
 31
0
  0
LINE
  5
CD9
330
22
100
AcDbEntity
  8
B.Cu
  6
CONTINUOUS
100
AcDbLine
 10
148.2772630000000049
 20
-18.6057330000000007
 30
0
 11
148.2772559999999942
 21
-18.6057389999999998
 31
0
  0
LINE
  5
CDA
330
22
100
AcDbEntity
  8
B.Cu
  6
CONTINUOUS
100
AcDbLine
 10
148.2772559999999942
 20
-18.6057389999999998
 30
0
 11
148.1057389999999998
 21
-18.7772559999999977
 31
0
  0
LINE
  5
CDB
330
22
100
AcDbEntity
  8
B.Cu
  6
CONTINUOUS
100
AcDbLine
 10
148.1057389999999998
 20
-18.7772559999999977
 30
0
 11
148.1057329999999865
 21
-18.7772629999999978
 31
0
  0
LINE
  5
CDC
330
22
100
AcDbEntity
  8
B.Cu
  6
CONTINUOUS
100
AcDbLine
 10
148.1057329999999865
 20
-18.7772629999999978
 30
0
 11
147.9580669999999998
 21
-18.9697059999999986
 31
0
  0
LINE
  5
CDD
330
22
100
AcDbEntity
  8
B.Cu
  6
CONTINUOUS
100
AcDbLine
 10
147.9580669999999998
 20
-18.9697059999999986
 30
0
 11
147.8367769999999837
 21
-19.179784999999999
 31
0
  0
LINE
  5
CDE
330
22
100
AcDbEntity
  8
B.Cu
  6
CONTINUOUS
100
AcDbLine
 10
147.8367769999999837
 20
-19.179784999999999
 30
0
 11
147.8367729999999938
 21
-19.1797939999999976
 31
0
  0
LINE
  5
CDF
330
22
100
AcDbEntity
  8
B.Cu
  6
CONTINUOUS
100
AcDbLine
 10
147.8367729999999938
 20
-19.1797939999999976
 30
0
 11
147.7439469999999915
 21
-19.4038949999999986
 31
0
  0
LINE
  5
CE0
330
22
100
AcDbEntity
  8
B.Cu
  6
CONTINUOUS
100
AcDbLine
 10
147.7439469999999915
 20
-19.4038949999999986
 30
0
 11
147.681161000000003
 21
-19.6382139999999978
 31
0
  0
LINE
  5
CE1
330
22
100
AcDbEntity
  8
B.Cu
  6
CONTINUOUS
100
AcDbLine
 10
147.681161000000003
 20
-19.6382139999999978
 30
0
 11
147.6494999999999891
 21
-19.8787109999999991
 31
0
  0
LINE
  5
CE2
330
22
100
AcDbEntity
  8
B.Cu
  6
CONTINUOUS
100
AcDbLine
 10
147.6494999999999891
 20
-19.8787109999999991
 30
0
 11
147.6494999999999891
 21
-20.1212879999999998
 31
0
  0
LINE
  5
CE3
330
22
100
AcDbEntity
  8
B.Cu
  6
CONTINUOUS
100
AcDbLine
 10
84.6494999999999891
 20
-19.6212879999999998
 30
0
 11
84.681161000000003
 21
-19.8617849999999976
 31
0
  0
LINE
  5
CE4
330
22
100
AcDbEntity
  8
B.Cu
  6
CONTINUOUS
100
AcDbLine
 10
84.681161000000003
 20
-19.8617849999999976
 30
0
 11
84.7439469999999915
 21
-20.0961040000000004
 31
0
  0
LINE
  5
CE5
330
22
100
AcDbEntity
  8
B.Cu
  6
CONTINUOUS
100
AcDbLine
 10
84.7439469999999915
 20
-20.0961040000000004
 30
0
 11
84.7543790000000001
 21
-20.1212879999999998
 31
0
  0
LINE
  5
CE6
330
22
100
AcDbEntity
  8
B.Cu
  6
CONTINUOUS
100
AcDbLine
 10
84.7543790000000001
 20
-20.1212879999999998
 30
0
 11
84.8367760000000004
 21
-20.3202119999999979
 31
0
  0
LINE
  5
CE7
330
22
100
AcDbEntity
  8
B.Cu
  6
CONTINUOUS
100
AcDbLine
 10
84.8367760000000004
 20
-20.3202119999999979
 30
0
 11
84.9580639999999931
 21
-20.5302889999999998
 31
0
  0
LINE
  5
CE8
330
22
100
AcDbEntity
  8
B.Cu
  6
CONTINUOUS
100
AcDbLine
 10
84.9580639999999931
 20
-20.5302889999999998
 30
0
 11
84.9580660000000023
 21
-20.5302919999999993
 31
0
  0
LINE
  5
CE9
330
22
100
AcDbEntity
  8
B.Cu
  6
CONTINUOUS
100
AcDbLine
 10
84.9580660000000023
 20
-20.5302919999999993
 30
0
 11
84.9580669999999998
 21
-20.5302930000000003
 31
0
  0
LINE
  5
CEA
330
22
100
AcDbEntity
  8
B.Cu
  6
CONTINUOUS
100
AcDbLine
 10
84.9580669999999998
 20
-20.5302930000000003
 30
0
 11
85.1057330000000007
 21
-20.7227359999999976
 31
0
  0
LINE
  5
CEB
330
22
100
AcDbEntity
  8
B.Cu
  6
CONTINUOUS
100
AcDbLine
 10
85.1057330000000007
 20
-20.7227359999999976
 30
0
 11
85.1057389999999998
 21
-20.7227429999999977
 31
0
  0
LINE
  5
CEC
330
22
100
AcDbEntity
  8
B.Cu
  6
CONTINUOUS
100
AcDbLine
 10
85.1057389999999998
 20
-20.7227429999999977
 30
0
 11
85.2772559999999942
 21
-20.8942599999999992
 31
0
  0
LINE
  5
CED
330
22
100
AcDbEntity
  8
B.Cu
  6
CONTINUOUS
100
AcDbLine
 10
85.2772559999999942
 20
-20.8942599999999992
 30
0
 11
85.2772619999999932
 21
-20.8942650000000008
 31
0
  0
LINE
  5
CEE
330
22
100
AcDbEntity
  8
B.Cu
  6
CONTINUOUS
100
AcDbLine
 10
85.2772619999999932
 20
-20.8942650000000008
 30
0
 11
85.4697109999999896
 21
-21.0419359999999998
 31
0
  0
LINE
  5
CEF
330
22
100
AcDbEntity
  8
B.Cu
  6
CONTINUOUS
100
AcDbLine
 10
85.4697109999999896
 20
-21.0419359999999998
 30
0
 11
85.6797880000000021
 21
-21.1632239999999996
 31
0
  0
LINE
  5
CF0
330
22
100
AcDbEntity
  8
B.Cu
  6
CONTINUOUS
100
AcDbLine
 10
85.6797880000000021
 20
-21.1632239999999996
 30
0
 11
85.903899999999993
 21
-21.2560539999999989
 31
0
  0
LINE
  5
CF1
330
22
100
AcDbEntity
  8
B.Cu
  6
CONTINUOUS
100
AcDbLine
 10
85.903899999999993
 20
-21.2560539999999989
 30
0
 11
86.1382109999999983
 21
-21.3188379999999995
 31
0
  0
LINE
  5
CF2
330
22
100
AcDbEntity
  8
B.Cu
  6
CONTINUOUS
100
AcDbLine
 10
86.1382109999999983
 20
-21.3188379999999995
 30
0
 11
86.3185859999999963
 21
-21.3425839999999987
 31
0
  0
LINE
  5
CF3
330
22
100
AcDbEntity
  8
B.Cu
  6
CONTINUOUS
100
AcDbLine
 10
86.3185859999999963
 20
-21.3425839999999987
 30
0
 11
86.3787109999999956
 21
-21.3505000000000003
 31
0
  0
LINE
  5
CF4
330
22
100
AcDbEntity
  8
B.Cu
  6
CONTINUOUS
100
AcDbLine
 10
86.3787109999999956
 20
-21.3505000000000003
 30
0
 11
86.3787119999999931
 21
-21.3505000000000003
 31
0
  0
LINE
  5
CF5
330
22
100
AcDbEntity
  8
B.Cu
  6
CONTINUOUS
100
AcDbLine
 10
86.3787119999999931
 20
-21.3505000000000003
 30
0
 11
86.6212889999999902
 21
-21.3505000000000003
 31
0
  0
LINE
  5
CF6
330
22
100
AcDbEntity
  8
B.Cu
  6
CONTINUOUS
100
AcDbLine
 10
86.6212889999999902
 20
-21.3505000000000003
 30
0
 11
86.6693879999999979
 21
-21.3441669999999988
 31
0
  0
LINE
  5
CF7
330
22
100
AcDbEntity
  8
B.Cu
  6
CONTINUOUS
100
AcDbLine
 10
86.6693879999999979
 20
-21.3441669999999988
 30
0
 11
86.8617890000000017
 21
-21.3188379999999995
 31
0
  0
LINE
  5
CF8
330
22
100
AcDbEntity
  8
B.Cu
  6
CONTINUOUS
100
AcDbLine
 10
86.8617890000000017
 20
-21.3188379999999995
 30
0
 11
87.0960999999999927
 21
-21.2560539999999989
 31
0
  0
LINE
  5
CF9
330
22
100
AcDbEntity
  8
B.Cu
  6
CONTINUOUS
100
AcDbLine
 10
87.0960999999999927
 20
-21.2560539999999989
 30
0
 11
87.3202119999999979
 21
-21.1632239999999996
 31
0
  0
LINE
  5
CFA
330
22
100
AcDbEntity
  8
B.Cu
  6
CONTINUOUS
100
AcDbLine
 10
87.3202119999999979
 20
-21.1632239999999996
 30
0
 11
87.5302889999999962
 21
-21.0419359999999998
 31
0
  0
LINE
  5
CFB
330
22
100
AcDbEntity
  8
B.Cu
  6
CONTINUOUS
100
AcDbLine
 10
87.5302889999999962
 20
-21.0419359999999998
 30
0
 11
87.7227379999999926
 21
-20.8942650000000008
 31
0
  0
LINE
  5
CFC
330
22
100
AcDbEntity
  8
B.Cu
  6
CONTINUOUS
100
AcDbLine
 10
87.7227379999999926
 20
-20.8942650000000008
 30
0
 11
87.8942649999999901
 21
-20.7227379999999997
 31
0
  0
LINE
  5
CFD
330
22
100
AcDbEntity
  8
B.Cu
  6
CONTINUOUS
100
AcDbLine
 10
87.8942649999999901
 20
-20.7227379999999997
 30
0
 11
88.0419359999999926
 21
-20.5302889999999998
 31
0
  0
LINE
  5
CFE
330
22
100
AcDbEntity
  8
B.Cu
  6
CONTINUOUS
100
AcDbLine
 10
88.0419359999999926
 20
-20.5302889999999998
 30
0
 11
88.1632239999999996
 21
-20.3202119999999979
 31
0
  0
LINE
  5
CFF
330
22
100
AcDbEntity
  8
B.Cu
  6
CONTINUOUS
100
AcDbLine
 10
88.1632239999999996
 20
-20.3202119999999979
 30
0
 11
88.2560539999999918
 21
-20.0960999999999999
 31
0
  0
LINE
  5
D00
330
22
100
AcDbEntity
  8
B.Cu
  6
CONTINUOUS
100
AcDbLine
 10
88.2560539999999918
 20
-20.0960999999999999
 30
0
 11
88.3143039999999928
 21
-19.8787109999999991
 31
0
  0
LINE
  5
D01
330
22
100
AcDbEntity
  8
B.Cu
  6
CONTINUOUS
100
AcDbLine
 10
88.3143039999999928
 20
-19.8787109999999991
 30
0
 11
88.3188379999999995
 21
-19.8617889999999981
 31
0
  0
LINE
  5
D02
330
22
100
AcDbEntity
  8
B.Cu
  6
CONTINUOUS
100
AcDbLine
 10
88.3188379999999995
 20
-19.8617889999999981
 30
0
 11
88.3504999999999967
 21
-19.6212879999999998
 31
0
  0
LINE
  5
D03
330
22
100
AcDbEntity
  8
B.Cu
  6
CONTINUOUS
100
AcDbLine
 10
88.3504999999999967
 20
-19.6212879999999998
 30
0
 11
88.3504999999999967
 21
-19.3787120000000002
 31
0
  0
LINE
  5
D04
330
22
100
AcDbEntity
  8
B.Cu
  6
CONTINUOUS
100
AcDbLine
 10
88.3504999999999967
 20
-19.3787120000000002
 30
0
 11
88.3188379999999995
 21
-19.1382109999999983
 31
0
  0
LINE
  5
D05
330
22
100
AcDbEntity
  8
B.Cu
  6
CONTINUOUS
100
AcDbLine
 10
88.3188379999999995
 20
-19.1382109999999983
 30
0
 11
88.2560539999999918
 21
-18.9039000000000001
 31
0
  0
LINE
  5
D06
330
22
100
AcDbEntity
  8
B.Cu
  6
CONTINUOUS
100
AcDbLine
 10
88.2560539999999918
 20
-18.9039000000000001
 30
0
 11
88.1632239999999996
 21
-18.6797879999999985
 31
0
  0
LINE
  5
D07
330
22
100
AcDbEntity
  8
B.Cu
  6
CONTINUOUS
100
AcDbLine
 10
88.1632239999999996
 20
-18.6797879999999985
 30
0
 11
88.0419359999999926
 21
-18.4697110000000002
 31
0
  0
LINE
  5
D08
330
22
100
AcDbEntity
  8
B.Cu
  6
CONTINUOUS
100
AcDbLine
 10
88.0419359999999926
 20
-18.4697110000000002
 30
0
 11
87.8942649999999901
 21
-18.2772620000000003
 31
0
  0
LINE
  5
D09
330
22
100
AcDbEntity
  8
B.Cu
  6
CONTINUOUS
100
AcDbLine
 10
87.8942649999999901
 20
-18.2772620000000003
 30
0
 11
87.8942600000000027
 21
-18.2772559999999977
 31
0
  0
LINE
  5
D0A
330
22
100
AcDbEntity
  8
B.Cu
  6
CONTINUOUS
100
AcDbLine
 10
87.8942600000000027
 20
-18.2772559999999977
 30
0
 11
87.7227429999999941
 21
-18.1057389999999998
 31
0
  0
LINE
  5
D0B
330
22
100
AcDbEntity
  8
B.Cu
  6
CONTINUOUS
100
AcDbLine
 10
87.7227429999999941
 20
-18.1057389999999998
 30
0
 11
87.7227359999999976
 21
-18.1057330000000007
 31
0
  0
LINE
  5
D0C
330
22
100
AcDbEntity
  8
B.Cu
  6
CONTINUOUS
100
AcDbLine
 10
87.7227359999999976
 20
-18.1057330000000007
 30
0
 11
87.5302930000000003
 21
-17.9580669999999998
 31
0
  0
LINE
  5
D0D
330
22
100
AcDbEntity
  8
B.Cu
  6
CONTINUOUS
100
AcDbLine
 10
87.5302930000000003
 20
-17.9580669999999998
 30
0
 11
87.5302920000000029
 21
-17.9580659999999988
 31
0
  0
LINE
  5
D0E
330
22
100
AcDbEntity
  8
B.Cu
  6
CONTINUOUS
100
AcDbLine
 10
87.5302920000000029
 20
-17.9580659999999988
 30
0
 11
87.5302889999999962
 21
-17.9580640000000002
 31
0
  0
LINE
  5
D0F
330
22
100
AcDbEntity
  8
B.Cu
  6
CONTINUOUS
100
AcDbLine
 10
87.5302889999999962
 20
-17.9580640000000002
 30
0
 11
87.3202119999999979
 21
-17.8367760000000004
 31
0
  0
LINE
  5
D10
330
22
100
AcDbEntity
  8
B.Cu
  6
CONTINUOUS
100
AcDbLine
 10
87.3202119999999979
 20
-17.8367760000000004
 30
0
 11
87.3202050000000014
 21
-17.8367730000000009
 31
0
  0
LINE
  5
D11
330
22
100
AcDbEntity
  8
B.Cu
  6
CONTINUOUS
100
AcDbLine
 10
87.3202050000000014
 20
-17.8367730000000009
 30
0
 11
87.0961039999999969
 21
-17.7439469999999986
 31
0
  0
LINE
  5
D12
330
22
100
AcDbEntity
  8
B.Cu
  6
CONTINUOUS
100
AcDbLine
 10
87.0961039999999969
 20
-17.7439469999999986
 30
0
 11
86.8617849999999976
 21
-17.6811609999999995
 31
0
  0
LINE
  5
D13
330
22
100
AcDbEntity
  8
B.Cu
  6
CONTINUOUS
100
AcDbLine
 10
86.8617849999999976
 20
-17.6811609999999995
 30
0
 11
86.6212889999999902
 21
-17.6494999999999997
 31
0
  0
LINE
  5
D14
330
22
100
AcDbEntity
  8
B.Cu
  6
CONTINUOUS
100
AcDbLine
 10
86.6212889999999902
 20
-17.6494999999999997
 30
0
 11
86.6212879999999927
 21
-17.6494999999999997
 31
0
  0
LINE
  5
D15
330
22
100
AcDbEntity
  8
B.Cu
  6
CONTINUOUS
100
AcDbLine
 10
86.6212879999999927
 20
-17.6494999999999997
 30
0
 11
86.3787119999999931
 21
-17.6494999999999997
 31
0
  0
LINE
  5
D16
330
22
100
AcDbEntity
  8
B.Cu
  6
CONTINUOUS
100
AcDbLine
 10
86.3787119999999931
 20
-17.6494999999999997
 30
0
 11
86.3787109999999956
 21
-17.6494999999999997
 31
0
  0
LINE
  5
D17
330
22
100
AcDbEntity
  8
B.Cu
  6
CONTINUOUS
100
AcDbLine
 10
86.3787109999999956
 20
-17.6494999999999997
 30
0
 11
86.1382139999999907
 21
-17.6811609999999995
 31
0
  0
LINE
  5
D18
330
22
100
AcDbEntity
  8
B.Cu
  6
CONTINUOUS
100
AcDbLine
 10
86.1382139999999907
 20
-17.6811609999999995
 30
0
 11
85.9038949999999915
 21
-17.7439469999999986
 31
0
  0
LINE
  5
D19
330
22
100
AcDbEntity
  8
B.Cu
  6
CONTINUOUS
100
AcDbLine
 10
85.9038949999999915
 20
-17.7439469999999986
 30
0
 11
85.6797940000000011
 21
-17.8367730000000009
 31
0
  0
LINE
  5
D1A
330
22
100
AcDbEntity
  8
B.Cu
  6
CONTINUOUS
100
AcDbLine
 10
85.6797940000000011
 20
-17.8367730000000009
 30
0
 11
85.6797849999999954
 21
-17.8367769999999979
 31
0
  0
LINE
  5
D1B
330
22
100
AcDbEntity
  8
B.Cu
  6
CONTINUOUS
100
AcDbLine
 10
85.6797849999999954
 20
-17.8367769999999979
 30
0
 11
85.4697060000000022
 21
-17.9580669999999998
 31
0
  0
LINE
  5
D1C
330
22
100
AcDbEntity
  8
B.Cu
  6
CONTINUOUS
100
AcDbLine
 10
85.4697060000000022
 20
-17.9580669999999998
 30
0
 11
85.2772629999999907
 21
-18.1057330000000007
 31
0
  0
LINE
  5
D1D
330
22
100
AcDbEntity
  8
B.Cu
  6
CONTINUOUS
100
AcDbLine
 10
85.2772629999999907
 20
-18.1057330000000007
 30
0
 11
85.2772559999999942
 21
-18.1057389999999998
 31
0
  0
LINE
  5
D1E
330
22
100
AcDbEntity
  8
B.Cu
  6
CONTINUOUS
100
AcDbLine
 10
85.2772559999999942
 20
-18.1057389999999998
 30
0
 11
85.1057389999999998
 21
-18.2772559999999977
 31
0
  0
LINE
  5
D1F
330
22
100
AcDbEntity
  8
B.Cu
  6
CONTINUOUS
100
AcDbLine
 10
85.1057389999999998
 20
-18.2772559999999977
 30
0
 11
85.1057330000000007
 21
-18.2772629999999978
 31
0
  0
LINE
  5
D20
330
22
100
AcDbEntity
  8
B.Cu
  6
CONTINUOUS
100
AcDbLine
 10
85.1057330000000007
 20
-18.2772629999999978
 30
0
 11
84.9580669999999998
 21
-18.4697059999999986
 31
0
  0
LINE
  5
D21
330
22
100
AcDbEntity
  8
B.Cu
  6
CONTINUOUS
100
AcDbLine
 10
84.9580669999999998
 20
-18.4697059999999986
 30
0
 11
84.8367769999999979
 21
-18.679784999999999
 31
0
  0
LINE
  5
D22
330
22
100
AcDbEntity
  8
B.Cu
  6
CONTINUOUS
100
AcDbLine
 10
84.8367769999999979
 20
-18.679784999999999
 30
0
 11
84.8367729999999938
 21
-18.6797939999999976
 31
0
  0
LINE
  5
D23
330
22
100
AcDbEntity
  8
B.Cu
  6
CONTINUOUS
100
AcDbLine
 10
84.8367729999999938
 20
-18.6797939999999976
 30
0
 11
84.7439469999999915
 21
-18.9038949999999986
 31
0
  0
LINE
  5
D24
330
22
100
AcDbEntity
  8
B.Cu
  6
CONTINUOUS
100
AcDbLine
 10
84.7439469999999915
 20
-18.9038949999999986
 30
0
 11
84.681161000000003
 21
-19.1382139999999978
 31
0
  0
LINE
  5
D25
330
22
100
AcDbEntity
  8
B.Cu
  6
CONTINUOUS
100
AcDbLine
 10
84.681161000000003
 20
-19.1382139999999978
 30
0
 11
84.6494999999999891
 21
-19.3787109999999991
 31
0
  0
LINE
  5
D26
330
22
100
AcDbEntity
  8
B.Cu
  6
CONTINUOUS
100
AcDbLine
 10
84.6494999999999891
 20
-19.3787109999999991
 30
0
 11
84.6494999999999891
 21
-19.6212879999999998
 31
0
  0
ENDSEC
  0
SECTION
  2
OBJECTS
  0
DICTIONARY
  5
28
330
0
100
AcDbDictionary
281
1
  3
ACAD_GROUP
350
D27
  3
ACAD_LAYOUT
350
29
  3
ACAD_PLOTSTYLENAME
350
11
  0
DICTIONARY
  5
D27
330
28
100
AcDbDictionary
281
1
  0
ACDBDICTIONARYWDFLT
  5
11
330
28
100
AcDbDictionary
281
1
  3
Normal
350
10
100
AcDbDictionaryWithDefault
340
10
  0
ACDBPLACEHOLDER
  5
10
330
11
  0
DICTIONARY
  5
29
330
28
100
AcDbDictionary
281
1
  3
Model
350
25
  3
Layout1
350
26
  3
Layout2
350
27
  0
LAYOUT
  5
25
330
29
100
AcDbPlotSettings
  1

  2
none_device
  4
A3
  6

 40
0.0
 41
0.0
 42
0.0
 43
0.0
 44
420.0
 45
297.0
 46
0.0
 47
0.0
 48
0.0
 49
0.0
140
0.0
141
0.0
142
1.0
143
1.0
 70
1024
 72
1
 73
0
 74
5
  7

 75
16
 76
0
 77
2
 78
300
147
1.0
148
0.0
149
0.0
100
AcDbLayout
  1
Model
 70
1
 71
0
 10
0.0
 20
0.0
 11
420.0
 21
297.0
 12
0.0
 22
0.0
 32
0.0
 14
1e+20
 24
1e+20
 34
1e+20
 15
-1e+20
 25
-1e+20
 35
-1e+20
146
0.0
 13
0.0
 23
0.0
 33
0.0
 16
1.0
 26
0.0
 36
0.0
 17
0.0
 27
1.0
 37
0.0
 76
0
330
22
  0
LAYOUT
  5
26
330
29
100
AcDbPlotSettings
  1

  2
none_device
  4
A3
  6

 40
0.0
 41
0.0
 42
0.0
 43
0.0
 44
420.0
 45
297.0
 46
0.0
 47
0.0
 48
0.0
 49
0.0
140
0.0
141
0.0
142
1.0
143
1.0
 70
0
 72
1
 73
0
 74
5
  7

 75
16
 76
0
 77
2
 78
300
147
1.0
148
0.0
149
0.0
100
AcDbLayout
  1
Layout1
 70
1
 71
1
 10
0.0
 20
0.0
 11
420.0
 21
297.0
 12
0.0
 22
0.0
 32
0.0
 14
1e+20
 24
1e+20
 34
1e+20
 15
-1e+20
 25
-1e+20
 35
-1e+20
146
0.0
 13
0.0
 23
0.0
 33
0.0
 16
1.0
 26
0.0
 36
0.0
 17
0.0
 27
1.0
 37
0.0
 76
0
330
23
  0
LAYOUT
  5
27
330
29
100
AcDbPlotSettings
  1

  2
none_device
  4
A3
  6

 40
0.0
 41
0.0
 42
0.0
 43
0.0
 44
420.0
 45
297.0
 46
0.0
 47
0.0
 48
0.0
 49
0.0
140
0.0
141
0.0
142
1.0
143
1.0
 70
0
 72
1
 73
0
 74
5
  7

 75
16
 76
0
 77
2
 78
300
147
1.0
148
0.0
149
0.0
100
AcDbLayout
  1
Layout2
 70
1
 71
2
 10
0.0
 20
0.0
 11
420.0
 21
297.0
 12
0.0
 22
0.0
 32
0.0
 14
1e+20
 24
1e+20
 34
1e+20
 15
-1e+20
 25
-1e+20
 35
-1e+20
146
0.0
 13
0.0
 23
0.0
 33
0.0
 16
1.0
 26
0.0
 36
0.0
 17
0.0
 27
1.0
 37
0.0
 76
0
330
24
  0
ENDSEC
  0
EOF
